[2026-07-14T03:10:28.195+0000] {manager.py:470} INFO - Processing files using up to 2 processes at a time 
[2026-07-14T03:10:28.198+0000] {manager.py:471} INFO - Process each file at most once every 30 seconds
[2026-07-14T03:10:28.201+0000] {manager.py:472} INFO - Checking for new files in /opt/airflow/dags every 300 seconds
[2026-07-14T03:10:28.210+0000] {manager.py:737} INFO - Searching for files in /opt/airflow/dags
[2026-07-14T03:10:28.232+0000] {manager.py:740} INFO - There are 0 files in /opt/airflow/dags
[2026-07-14T03:15:28.472+0000] {manager.py:737} INFO - Searching for files in /opt/airflow/dags
[2026-07-14T03:15:28.483+0000] {manager.py:740} INFO - There are 0 files in /opt/airflow/dags
[2026-07-14T03:20:28.635+0000] {manager.py:737} INFO - Searching for files in /opt/airflow/dags
[2026-07-14T03:20:28.642+0000] {manager.py:740} INFO - There are 0 files in /opt/airflow/dags
[2026-07-14T03:25:28.854+0000] {manager.py:737} INFO - Searching for files in /opt/airflow/dags
[2026-07-14T03:25:28.862+0000] {manager.py:740} INFO - There are 0 files in /opt/airflow/dags
[2026-07-14T03:30:29.123+0000] {manager.py:737} INFO - Searching for files in /opt/airflow/dags
[2026-07-14T03:30:29.131+0000] {manager.py:740} INFO - There are 0 files in /opt/airflow/dags
[2026-07-14T03:35:29.885+0000] {manager.py:737} INFO - Searching for files in /opt/airflow/dags
[2026-07-14T03:35:29.894+0000] {manager.py:740} INFO - There are 0 files in /opt/airflow/dags
[2026-07-14T03:38:39.430+0000] {manager.py:452} INFO - Exiting gracefully upon receiving signal 15
[2026-07-15T11:38:13.842+0000] {manager.py:470} INFO - Processing files using up to 2 processes at a time 
[2026-07-15T11:38:13.896+0000] {manager.py:471} INFO - Process each file at most once every 30 seconds
[2026-07-15T11:38:13.934+0000] {manager.py:472} INFO - Checking for new files in /opt/airflow/dags every 300 seconds
[2026-07-15T11:38:13.959+0000] {manager.py:737} INFO - Searching for files in /opt/airflow/dags
[2026-07-15T11:38:14.113+0000] {manager.py:740} INFO - There are 0 files in /opt/airflow/dags
[2026-07-15T11:43:13.985+0000] {manager.py:737} INFO - Searching for files in /opt/airflow/dags
[2026-07-15T11:43:13.997+0000] {manager.py:740} INFO - There are 0 files in /opt/airflow/dags
[2026-07-15T11:48:14.699+0000] {manager.py:737} INFO - Searching for files in /opt/airflow/dags
[2026-07-15T11:48:14.709+0000] {manager.py:740} INFO - There are 0 files in /opt/airflow/dags
[2026-07-15T11:53:15.444+0000] {manager.py:737} INFO - Searching for files in /opt/airflow/dags
[2026-07-15T11:53:15.462+0000] {manager.py:740} INFO - There are 0 files in /opt/airflow/dags
[2026-07-15T11:58:16.191+0000] {manager.py:737} INFO - Searching for files in /opt/airflow/dags
[2026-07-15T11:58:16.200+0000] {manager.py:740} INFO - There are 0 files in /opt/airflow/dags
[2026-07-15T12:03:16.772+0000] {manager.py:737} INFO - Searching for files in /opt/airflow/dags
[2026-07-15T12:03:16.794+0000] {manager.py:740} INFO - There are 0 files in /opt/airflow/dags
[2026-07-15T12:08:17.380+0000] {manager.py:737} INFO - Searching for files in /opt/airflow/dags
[2026-07-15T12:08:17.388+0000] {manager.py:740} INFO - There are 0 files in /opt/airflow/dags
[2026-07-15T12:13:17.480+0000] {manager.py:737} INFO - Searching for files in /opt/airflow/dags
[2026-07-15T12:13:17.535+0000] {manager.py:740} INFO - There are 0 files in /opt/airflow/dags
[2026-07-15T12:18:17.682+0000] {manager.py:737} INFO - Searching for files in /opt/airflow/dags
[2026-07-15T12:18:17.826+0000] {manager.py:740} INFO - There are 0 files in /opt/airflow/dags
[2026-07-15T12:23:17.739+0000] {manager.py:737} INFO - Searching for files in /opt/airflow/dags
[2026-07-15T12:23:17.748+0000] {manager.py:740} INFO - There are 0 files in /opt/airflow/dags
[2026-07-15T12:28:17.898+0000] {manager.py:737} INFO - Searching for files in /opt/airflow/dags
[2026-07-15T12:28:17.906+0000] {manager.py:740} INFO - There are 0 files in /opt/airflow/dags
[2026-07-15T12:33:18.078+0000] {manager.py:737} INFO - Searching for files in /opt/airflow/dags
[2026-07-15T12:33:18.084+0000] {manager.py:740} INFO - There are 0 files in /opt/airflow/dags
[2026-07-15T12:38:18.239+0000] {manager.py:737} INFO - Searching for files in /opt/airflow/dags
[2026-07-15T12:38:18.243+0000] {manager.py:740} INFO - There are 0 files in /opt/airflow/dags
[2026-07-15T12:43:18.390+0000] {manager.py:737} INFO - Searching for files in /opt/airflow/dags
[2026-07-15T12:43:18.397+0000] {manager.py:740} INFO - There are 0 files in /opt/airflow/dags
[2026-07-15T12:48:18.609+0000] {manager.py:737} INFO - Searching for files in /opt/airflow/dags
[2026-07-15T12:48:18.615+0000] {manager.py:740} INFO - There are 0 files in /opt/airflow/dags
[2026-07-15T12:49:18.240+0000] {manager.py:452} INFO - Exiting gracefully upon receiving signal 15
[2026-07-15T12:51:56.155+0000] {manager.py:470} INFO - Processing files using up to 2 processes at a time 
[2026-07-15T12:51:56.176+0000] {manager.py:471} INFO - Process each file at most once every 30 seconds
[2026-07-15T12:51:56.184+0000] {manager.py:472} INFO - Checking for new files in /opt/airflow/dags every 300 seconds
[2026-07-15T12:51:56.188+0000] {manager.py:737} INFO - Searching for files in /opt/airflow/dags
[2026-07-15T12:51:56.208+0000] {manager.py:740} INFO - There are 0 files in /opt/airflow/dags
[2026-07-15T12:56:56.537+0000] {manager.py:737} INFO - Searching for files in /opt/airflow/dags
[2026-07-15T12:56:56.583+0000] {manager.py:740} INFO - There are 0 files in /opt/airflow/dags
[2026-07-15T12:57:38.538+0000] {manager.py:452} INFO - Exiting gracefully upon receiving signal 15
[2026-07-15T13:00:25.350+0000] {manager.py:470} INFO - Processing files using up to 2 processes at a time 
[2026-07-15T13:00:25.362+0000] {manager.py:471} INFO - Process each file at most once every 30 seconds
[2026-07-15T13:00:25.364+0000] {manager.py:472} INFO - Checking for new files in /opt/airflow/dags every 300 seconds
[2026-07-15T13:00:25.366+0000] {manager.py:737} INFO - Searching for files in /opt/airflow/dags
[2026-07-15T13:00:25.371+0000] {manager.py:740} INFO - There are 0 files in /opt/airflow/dags
[2026-07-15T13:05:25.805+0000] {manager.py:737} INFO - Searching for files in /opt/airflow/dags
[2026-07-15T13:05:25.827+0000] {manager.py:740} INFO - There are 0 files in /opt/airflow/dags
[2026-07-15T13:10:26.064+0000] {manager.py:737} INFO - Searching for files in /opt/airflow/dags
[2026-07-15T13:10:26.076+0000] {manager.py:740} INFO - There are 0 files in /opt/airflow/dags
[2026-07-15T13:10:34.463+0000] {manager.py:452} INFO - Exiting gracefully upon receiving signal 15
[2026-07-15T13:12:13.053+0000] {manager.py:470} INFO - Processing files using up to 2 processes at a time 
[2026-07-15T13:12:13.058+0000] {manager.py:471} INFO - Process each file at most once every 30 seconds
[2026-07-15T13:12:13.060+0000] {manager.py:472} INFO - Checking for new files in /opt/airflow/dags every 300 seconds
[2026-07-15T13:12:13.063+0000] {manager.py:737} INFO - Searching for files in /opt/airflow/dags
[2026-07-15T13:12:13.072+0000] {manager.py:740} INFO - There are 0 files in /opt/airflow/dags
[2026-07-15T13:13:30.977+0000] {manager.py:452} INFO - Exiting gracefully upon receiving signal 15
[2026-07-15T13:15:43.675+0000] {manager.py:470} INFO - Processing files using up to 2 processes at a time 
[2026-07-15T13:15:43.686+0000] {manager.py:471} INFO - Process each file at most once every 30 seconds
[2026-07-15T13:15:43.689+0000] {manager.py:472} INFO - Checking for new files in /opt/airflow/dags every 300 seconds
[2026-07-15T13:15:43.692+0000] {manager.py:737} INFO - Searching for files in /opt/airflow/dags
[2026-07-15T13:15:43.711+0000] {manager.py:740} INFO - There are 0 files in /opt/airflow/dags
[2026-07-15T13:20:44.166+0000] {manager.py:737} INFO - Searching for files in /opt/airflow/dags
[2026-07-15T13:20:44.176+0000] {manager.py:740} INFO - There are 0 files in /opt/airflow/dags
[2026-07-15T13:25:44.842+0000] {manager.py:737} INFO - Searching for files in /opt/airflow/dags
[2026-07-15T13:25:44.850+0000] {manager.py:740} INFO - There are 0 files in /opt/airflow/dags
[2026-07-15T13:30:45.495+0000] {manager.py:737} INFO - Searching for files in /opt/airflow/dags
[2026-07-15T13:30:45.504+0000] {manager.py:740} INFO - There are 0 files in /opt/airflow/dags
[2026-07-15T13:35:46.414+0000] {manager.py:737} INFO - Searching for files in /opt/airflow/dags
[2026-07-15T13:35:46.450+0000] {manager.py:740} INFO - There are 0 files in /opt/airflow/dags
[2026-07-15T13:40:47.295+0000] {manager.py:737} INFO - Searching for files in /opt/airflow/dags
[2026-07-15T13:40:47.311+0000] {manager.py:740} INFO - There are 0 files in /opt/airflow/dags
[2026-07-15T13:45:48.120+0000] {manager.py:737} INFO - Searching for files in /opt/airflow/dags
[2026-07-15T13:45:48.132+0000] {manager.py:740} INFO - There are 0 files in /opt/airflow/dags
[2026-07-15T13:50:48.907+0000] {manager.py:737} INFO - Searching for files in /opt/airflow/dags
[2026-07-15T13:50:48.916+0000] {manager.py:740} INFO - There are 0 files in /opt/airflow/dags
[2026-07-15T13:55:49.425+0000] {manager.py:737} INFO - Searching for files in /opt/airflow/dags
[2026-07-15T13:55:49.433+0000] {manager.py:740} INFO - There are 0 files in /opt/airflow/dags
[2026-07-15T14:00:49.944+0000] {manager.py:737} INFO - Searching for files in /opt/airflow/dags
[2026-07-15T14:00:49.954+0000] {manager.py:740} INFO - There are 0 files in /opt/airflow/dags
[2026-07-15T14:05:50.443+0000] {manager.py:737} INFO - Searching for files in /opt/airflow/dags
[2026-07-15T14:05:50.449+0000] {manager.py:740} INFO - There are 0 files in /opt/airflow/dags
[2026-07-15T14:10:50.930+0000] {manager.py:737} INFO - Searching for files in /opt/airflow/dags
[2026-07-15T14:10:50.941+0000] {manager.py:740} INFO - There are 0 files in /opt/airflow/dags
[2026-07-15T14:15:51.450+0000] {manager.py:737} INFO - Searching for files in /opt/airflow/dags
[2026-07-15T14:15:51.458+0000] {manager.py:740} INFO - There are 0 files in /opt/airflow/dags
[2026-07-15T14:20:52.199+0000] {manager.py:737} INFO - Searching for files in /opt/airflow/dags
[2026-07-15T14:20:52.217+0000] {manager.py:740} INFO - There are 0 files in /opt/airflow/dags
[2026-07-15T16:26:48.299+0000] {manager.py:737} INFO - Searching for files in /opt/airflow/dags
[2026-07-15T16:26:49.475+0000] {manager.py:740} INFO - There are 0 files in /opt/airflow/dags
[2026-07-15T16:31:49.260+0000] {manager.py:737} INFO - Searching for files in /opt/airflow/dags
[2026-07-15T16:31:49.324+0000] {manager.py:740} INFO - There are 0 files in /opt/airflow/dags
[2026-07-15T16:36:49.653+0000] {manager.py:737} INFO - Searching for files in /opt/airflow/dags
[2026-07-15T16:36:49.714+0000] {manager.py:740} INFO - There are 0 files in /opt/airflow/dags
[2026-07-15T16:41:50.178+0000] {manager.py:737} INFO - Searching for files in /opt/airflow/dags
[2026-07-15T16:41:50.197+0000] {manager.py:740} INFO - There are 0 files in /opt/airflow/dags
[2026-07-15T16:43:56.479+0000] {manager.py:452} INFO - Exiting gracefully upon receiving signal 15
[2026-07-20T10:46:01.561+0000] {manager.py:470} INFO - Processing files using up to 2 processes at a time 
[2026-07-20T10:46:01.572+0000] {manager.py:471} INFO - Process each file at most once every 30 seconds
[2026-07-20T10:46:01.576+0000] {manager.py:472} INFO - Checking for new files in /opt/airflow/dags every 300 seconds
[2026-07-20T10:46:01.579+0000] {manager.py:737} INFO - Searching for files in /opt/airflow/dags
[2026-07-20T10:46:01.592+0000] {manager.py:740} INFO - There are 0 files in /opt/airflow/dags
[2026-07-20T10:47:37.771+0000] {manager.py:452} INFO - Exiting gracefully upon receiving signal 15
[2026-07-20T11:42:34.048+0000] {manager.py:470} INFO - Processing files using up to 2 processes at a time 
[2026-07-20T11:42:34.062+0000] {manager.py:471} INFO - Process each file at most once every 30 seconds
[2026-07-20T11:42:34.075+0000] {manager.py:472} INFO - Checking for new files in /opt/airflow/dags every 300 seconds
[2026-07-20T11:42:34.077+0000] {manager.py:737} INFO - Searching for files in /opt/airflow/dags
[2026-07-20T11:42:34.084+0000] {manager.py:740} INFO - There are 0 files in /opt/airflow/dags
[2026-07-20T11:47:35.262+0000] {manager.py:737} INFO - Searching for files in /opt/airflow/dags
[2026-07-20T11:47:36.960+0000] {manager.py:740} INFO - There are 0 files in /opt/airflow/dags
[2026-07-20T11:52:35.444+0000] {manager.py:737} INFO - Searching for files in /opt/airflow/dags
[2026-07-20T11:52:35.451+0000] {manager.py:740} INFO - There are 0 files in /opt/airflow/dags
[2026-07-20T11:57:35.967+0000] {manager.py:737} INFO - Searching for files in /opt/airflow/dags
[2026-07-20T11:57:36.020+0000] {manager.py:740} INFO - There are 0 files in /opt/airflow/dags
[2026-07-20T12:02:36.245+0000] {manager.py:737} INFO - Searching for files in /opt/airflow/dags
[2026-07-20T12:02:36.290+0000] {manager.py:740} INFO - There are 0 files in /opt/airflow/dags
[2026-07-20T12:07:36.593+0000] {manager.py:737} INFO - Searching for files in /opt/airflow/dags
[2026-07-20T12:07:36.665+0000] {manager.py:740} INFO - There are 0 files in /opt/airflow/dags
[2026-07-20T12:12:37.944+0000] {manager.py:737} INFO - Searching for files in /opt/airflow/dags
[2026-07-20T12:12:37.950+0000] {manager.py:740} INFO - There are 0 files in /opt/airflow/dags
[2026-07-20T12:15:54.092+0000] {manager.py:452} INFO - Exiting gracefully upon receiving signal 15
[2026-07-20T15:08:52.490+0000] {manager.py:470} INFO - Processing files using up to 2 processes at a time 
[2026-07-20T15:08:52.495+0000] {manager.py:471} INFO - Process each file at most once every 30 seconds
[2026-07-20T15:08:52.498+0000] {manager.py:472} INFO - Checking for new files in /opt/airflow/dags every 300 seconds
[2026-07-20T15:08:52.502+0000] {manager.py:737} INFO - Searching for files in /opt/airflow/dags
[2026-07-20T15:08:52.517+0000] {manager.py:740} INFO - There are 0 files in /opt/airflow/dags
[2026-07-20T15:10:16.926+0000] {manager.py:452} INFO - Exiting gracefully upon receiving signal 15
[2026-07-20T17:08:06.863+0000] {manager.py:470} INFO - Processing files using up to 2 processes at a time 
[2026-07-20T17:08:06.866+0000] {manager.py:471} INFO - Process each file at most once every 30 seconds
[2026-07-20T17:08:06.868+0000] {manager.py:472} INFO - Checking for new files in /opt/airflow/dags every 300 seconds
[2026-07-20T17:08:06.871+0000] {manager.py:737} INFO - Searching for files in /opt/airflow/dags
[2026-07-20T17:08:06.880+0000] {manager.py:740} INFO - There are 0 files in /opt/airflow/dags
[2026-07-20T17:13:07.461+0000] {manager.py:737} INFO - Searching for files in /opt/airflow/dags
[2026-07-20T17:13:07.489+0000] {manager.py:740} INFO - There are 0 files in /opt/airflow/dags
[2026-07-20T17:18:07.666+0000] {manager.py:737} INFO - Searching for files in /opt/airflow/dags
[2026-07-20T17:18:07.671+0000] {manager.py:740} INFO - There are 0 files in /opt/airflow/dags
[2026-07-20T17:22:26.958+0000] {manager.py:452} INFO - Exiting gracefully upon receiving signal 15
[2026-08-05T05:27:43.984+0000] {manager.py:470} INFO - Processing files using up to 2 processes at a time 
[2026-08-05T05:27:44.069+0000] {manager.py:471} INFO - Process each file at most once every 30 seconds
[2026-08-05T05:27:44.072+0000] {manager.py:472} INFO - Checking for new files in /opt/airflow/dags every 300 seconds
[2026-08-05T05:27:44.074+0000] {manager.py:737} INFO - Searching for files in /opt/airflow/dags
[2026-08-05T05:27:44.101+0000] {manager.py:740} INFO - There are 1 files in /opt/airflow/dags
[2026-08-05T05:27:50.158+0000] {manager.py:878} INFO - 
================================================================================
DAG File Processing Stats

File Path                                      PID  Runtime      # DAGs    # Errors  Last Runtime    Last Run
-------------------------------------------  -----  ---------  --------  ----------  --------------  ----------
/opt/airflow/dags/minio_to_snowflake_dag.py     25  3.62s             0           0
================================================================================
[2026-08-05T05:28:20.905+0000] {manager.py:878} INFO - 
================================================================================
DAG File Processing Stats

File Path                                      PID  Runtime      # DAGs    # Errors  Last Runtime    Last Run
-------------------------------------------  -----  ---------  --------  ----------  --------------  ----------
/opt/airflow/dags/minio_to_snowflake_dag.py     25  34.79s            0           0
================================================================================
[2026-08-05T05:28:28.480+0000] {manager.py:452} INFO - Exiting gracefully upon receiving signal 15
[2026-08-05T05:28:28.481+0000] {manager.py:452} INFO - Exiting gracefully upon receiving signal 15
[2026-08-05T05:28:29.195+0000] {manager.py:452} INFO - Exiting gracefully upon receiving signal 15
[2026-08-05T05:28:34.479+0000] {manager.py:452} INFO - Exiting gracefully upon receiving signal 15
[2026-08-05T05:31:29.813+0000] {manager.py:470} INFO - Processing files using up to 2 processes at a time 
[2026-08-05T05:31:29.911+0000] {manager.py:471} INFO - Process each file at most once every 30 seconds
[2026-08-05T05:31:29.913+0000] {manager.py:472} INFO - Checking for new files in /opt/airflow/dags every 300 seconds
[2026-08-05T05:31:29.915+0000] {manager.py:737} INFO - Searching for files in /opt/airflow/dags
[2026-08-05T05:31:30.091+0000] {manager.py:740} INFO - There are 1 files in /opt/airflow/dags
[2026-08-05T05:32:03.210+0000] {manager.py:878} INFO - 
================================================================================
DAG File Processing Stats

File Path                                      PID  Runtime      # DAGs    # Errors  Last Runtime    Last Run
-------------------------------------------  -----  ---------  --------  ----------  --------------  ----------
/opt/airflow/dags/minio_to_snowflake_dag.py     25  24.51s            0           0
================================================================================
[2026-08-05T05:32:25.692+0000] {manager.py:1016} ERROR - Processor for /opt/airflow/dags/minio_to_snowflake_dag.py exited with return code 1.
[2026-08-05T05:32:34.323+0000] {manager.py:878} INFO - 
================================================================================
DAG File Processing Stats

File Path                                    PID    Runtime      # DAGs    # Errors  Last Runtime    Last Run
-------------------------------------------  -----  ---------  --------  ----------  --------------  -------------------
/opt/airflow/dags/minio_to_snowflake_dag.py                           0          -1  47.20s          2026-08-05T05:32:25
================================================================================
[2026-08-05T05:33:04.593+0000] {manager.py:878} INFO - 
================================================================================
DAG File Processing Stats

File Path                                      PID  Runtime      # DAGs    # Errors  Last Runtime    Last Run
-------------------------------------------  -----  ---------  --------  ----------  --------------  -------------------
/opt/airflow/dags/minio_to_snowflake_dag.py     26  8.38s             0          -1  47.20s          2026-08-05T05:32:25
================================================================================
[2026-08-05T05:33:35.269+0000] {manager.py:878} INFO - 
================================================================================
DAG File Processing Stats

File Path                                    PID    Runtime      # DAGs    # Errors  Last Runtime    Last Run
-------------------------------------------  -----  ---------  --------  ----------  --------------  -------------------
/opt/airflow/dags/minio_to_snowflake_dag.py                           1           0  28.95s          2026-08-05T05:33:25
================================================================================
[2026-08-05T05:34:05.750+0000] {manager.py:878} INFO - 
================================================================================
DAG File Processing Stats

File Path                                      PID  Runtime      # DAGs    # Errors  Last Runtime    Last Run
-------------------------------------------  -----  ---------  --------  ----------  --------------  -------------------
/opt/airflow/dags/minio_to_snowflake_dag.py     30  9.87s             1           0  28.95s          2026-08-05T05:33:25
================================================================================
[2026-08-05T05:34:35.908+0000] {manager.py:878} INFO - 
================================================================================
DAG File Processing Stats

File Path                                    PID    Runtime      # DAGs    # Errors  Last Runtime    Last Run
-------------------------------------------  -----  ---------  --------  ----------  --------------  -------------------
/opt/airflow/dags/minio_to_snowflake_dag.py                           1           0  32.07s          2026-08-05T05:34:27
================================================================================
[2026-08-05T05:35:06.191+0000] {manager.py:878} INFO - 
================================================================================
DAG File Processing Stats

File Path                                      PID  Runtime      # DAGs    # Errors  Last Runtime    Last Run
-------------------------------------------  -----  ---------  --------  ----------  --------------  -------------------
/opt/airflow/dags/minio_to_snowflake_dag.py     34  7.99s             1           0  32.07s          2026-08-05T05:34:27
================================================================================
[2026-08-05T05:35:37.118+0000] {manager.py:878} INFO - 
================================================================================
DAG File Processing Stats

File Path                                    PID    Runtime      # DAGs    # Errors  Last Runtime    Last Run
-------------------------------------------  -----  ---------  --------  ----------  --------------  -------------------
/opt/airflow/dags/minio_to_snowflake_dag.py                           1           0  19.92s          2026-08-05T05:35:18
================================================================================
[2026-08-05T05:36:07.754+0000] {manager.py:878} INFO - 
================================================================================
DAG File Processing Stats

File Path                                    PID    Runtime      # DAGs    # Errors  Last Runtime    Last Run
-------------------------------------------  -----  ---------  --------  ----------  --------------  -------------------
/opt/airflow/dags/minio_to_snowflake_dag.py                           1           0  9.68s           2026-08-05T05:35:57
================================================================================
[2026-08-05T05:36:29.928+0000] {manager.py:737} INFO - Searching for files in /opt/airflow/dags
[2026-08-05T05:36:29.968+0000] {manager.py:740} INFO - There are 1 files in /opt/airflow/dags
[2026-08-05T05:36:38.783+0000] {manager.py:878} INFO - 
================================================================================
DAG File Processing Stats

File Path                                      PID  Runtime      # DAGs    # Errors  Last Runtime    Last Run
-------------------------------------------  -----  ---------  --------  ----------  --------------  -------------------
/opt/airflow/dags/minio_to_snowflake_dag.py     42  10.33s            1           0  9.68s           2026-08-05T05:35:57
================================================================================
[2026-08-05T05:37:08.808+0000] {manager.py:878} INFO - 
================================================================================
DAG File Processing Stats

File Path                                    PID    Runtime      # DAGs    # Errors  Last Runtime    Last Run
-------------------------------------------  -----  ---------  --------  ----------  --------------  -------------------
/opt/airflow/dags/minio_to_snowflake_dag.py                           1           0  24.31s          2026-08-05T05:36:52
================================================================================
[2026-08-05T05:37:38.806+0000] {manager.py:878} INFO - 
================================================================================
DAG File Processing Stats

File Path                                    PID    Runtime      # DAGs    # Errors  Last Runtime    Last Run
-------------------------------------------  -----  ---------  --------  ----------  --------------  -------------------
/opt/airflow/dags/minio_to_snowflake_dag.py                           1           0  8.35s           2026-08-05T05:37:31
================================================================================
[2026-08-05T05:38:09.329+0000] {manager.py:878} INFO - 
================================================================================
DAG File Processing Stats

File Path                                    PID    Runtime      # DAGs    # Errors  Last Runtime    Last Run
-------------------------------------------  -----  ---------  --------  ----------  --------------  -------------------
/opt/airflow/dags/minio_to_snowflake_dag.py                           1           0  3.82s           2026-08-05T05:38:06
================================================================================
[2026-08-05T05:38:39.576+0000] {manager.py:878} INFO - 
================================================================================
DAG File Processing Stats

File Path                                    PID    Runtime      # DAGs    # Errors  Last Runtime    Last Run
-------------------------------------------  -----  ---------  --------  ----------  --------------  -------------------
/opt/airflow/dags/minio_to_snowflake_dag.py                           1           0  2.21s           2026-08-05T05:38:38
================================================================================
[2026-08-05T05:39:09.791+0000] {manager.py:878} INFO - 
================================================================================
DAG File Processing Stats

File Path                                      PID  Runtime      # DAGs    # Errors  Last Runtime    Last Run
-------------------------------------------  -----  ---------  --------  ----------  --------------  -------------------
/opt/airflow/dags/minio_to_snowflake_dag.py     58  1.02s             1           0  2.21s           2026-08-05T05:38:38
================================================================================
[2026-08-05T05:39:40.157+0000] {manager.py:878} INFO - 
================================================================================
DAG File Processing Stats

File Path                                    PID    Runtime      # DAGs    # Errors  Last Runtime    Last Run
-------------------------------------------  -----  ---------  --------  ----------  --------------  -------------------
/opt/airflow/dags/minio_to_snowflake_dag.py                           1           0  1.40s           2026-08-05T05:39:10
================================================================================
[2026-08-05T05:40:10.587+0000] {manager.py:878} INFO - 
================================================================================
DAG File Processing Stats

File Path                                    PID    Runtime      # DAGs    # Errors  Last Runtime    Last Run
-------------------------------------------  -----  ---------  --------  ----------  --------------  -------------------
/opt/airflow/dags/minio_to_snowflake_dag.py                           1           0  1.46s           2026-08-05T05:39:41
================================================================================
[2026-08-05T05:40:40.901+0000] {manager.py:878} INFO - 
================================================================================
DAG File Processing Stats

File Path                                    PID    Runtime      # DAGs    # Errors  Last Runtime    Last Run
-------------------------------------------  -----  ---------  --------  ----------  --------------  -------------------
/opt/airflow/dags/minio_to_snowflake_dag.py                           1           0  1.58s           2026-08-05T05:40:13
================================================================================
[2026-08-05T05:41:11.110+0000] {manager.py:878} INFO - 
================================================================================
DAG File Processing Stats

File Path                                    PID    Runtime      # DAGs    # Errors  Last Runtime    Last Run
-------------------------------------------  -----  ---------  --------  ----------  --------------  -------------------
/opt/airflow/dags/minio_to_snowflake_dag.py                           1           0  0.86s           2026-08-05T05:40:44
================================================================================
[2026-08-05T05:41:30.083+0000] {manager.py:737} INFO - Searching for files in /opt/airflow/dags
[2026-08-05T05:41:30.104+0000] {manager.py:740} INFO - There are 1 files in /opt/airflow/dags
[2026-08-05T05:41:41.170+0000] {manager.py:878} INFO - 
================================================================================
DAG File Processing Stats

File Path                                    PID    Runtime      # DAGs    # Errors  Last Runtime    Last Run
-------------------------------------------  -----  ---------  --------  ----------  --------------  -------------------
/opt/airflow/dags/minio_to_snowflake_dag.py                           1           0  0.88s           2026-08-05T05:41:16
================================================================================
[2026-08-05T05:42:11.469+0000] {manager.py:878} INFO - 
================================================================================
DAG File Processing Stats

File Path                                    PID    Runtime      # DAGs    # Errors  Last Runtime    Last Run
-------------------------------------------  -----  ---------  --------  ----------  --------------  -------------------
/opt/airflow/dags/minio_to_snowflake_dag.py                           1           0  1.13s           2026-08-05T05:41:47
================================================================================
[2026-08-05T05:42:41.594+0000] {manager.py:878} INFO - 
================================================================================
DAG File Processing Stats

File Path                                    PID    Runtime      # DAGs    # Errors  Last Runtime    Last Run
-------------------------------------------  -----  ---------  --------  ----------  --------------  -------------------
/opt/airflow/dags/minio_to_snowflake_dag.py                           1           0  0.81s           2026-08-05T05:42:18
================================================================================
[2026-08-05T05:43:11.750+0000] {manager.py:878} INFO - 
================================================================================
DAG File Processing Stats

File Path                                    PID    Runtime      # DAGs    # Errors  Last Runtime    Last Run
-------------------------------------------  -----  ---------  --------  ----------  --------------  -------------------
/opt/airflow/dags/minio_to_snowflake_dag.py                           1           0  2.01s           2026-08-05T05:42:50
================================================================================
[2026-08-05T05:43:41.895+0000] {manager.py:878} INFO - 
================================================================================
DAG File Processing Stats

File Path                                    PID    Runtime      # DAGs    # Errors  Last Runtime    Last Run
-------------------------------------------  -----  ---------  --------  ----------  --------------  -------------------
/opt/airflow/dags/minio_to_snowflake_dag.py                           1           0  0.75s           2026-08-05T05:43:21
================================================================================
[2026-08-05T05:44:11.902+0000] {manager.py:878} INFO - 
================================================================================
DAG File Processing Stats

File Path                                    PID    Runtime      # DAGs    # Errors  Last Runtime    Last Run
-------------------------------------------  -----  ---------  --------  ----------  --------------  -------------------
/opt/airflow/dags/minio_to_snowflake_dag.py                           1           0  1.07s           2026-08-05T05:43:52
================================================================================
[2026-08-05T05:44:42.114+0000] {manager.py:878} INFO - 
================================================================================
DAG File Processing Stats

File Path                                    PID    Runtime      # DAGs    # Errors  Last Runtime    Last Run
-------------------------------------------  -----  ---------  --------  ----------  --------------  -------------------
/opt/airflow/dags/minio_to_snowflake_dag.py                           1           0  0.84s           2026-08-05T05:44:23
================================================================================
[2026-08-05T05:45:12.266+0000] {manager.py:878} INFO - 
================================================================================
DAG File Processing Stats

File Path                                    PID    Runtime      # DAGs    # Errors  Last Runtime    Last Run
-------------------------------------------  -----  ---------  --------  ----------  --------------  -------------------
/opt/airflow/dags/minio_to_snowflake_dag.py                           1           0  0.89s           2026-08-05T05:44:54
================================================================================
[2026-08-05T05:45:42.399+0000] {manager.py:878} INFO - 
================================================================================
DAG File Processing Stats

File Path                                    PID    Runtime      # DAGs    # Errors  Last Runtime    Last Run
-------------------------------------------  -----  ---------  --------  ----------  --------------  -------------------
/opt/airflow/dags/minio_to_snowflake_dag.py                           1           0  0.75s           2026-08-05T05:45:25
================================================================================
[2026-08-05T05:46:12.539+0000] {manager.py:878} INFO - 
================================================================================
DAG File Processing Stats

File Path                                    PID    Runtime      # DAGs    # Errors  Last Runtime    Last Run
-------------------------------------------  -----  ---------  --------  ----------  --------------  -------------------
/opt/airflow/dags/minio_to_snowflake_dag.py                           1           0  0.81s           2026-08-05T05:45:56
================================================================================
[2026-08-05T05:46:30.541+0000] {manager.py:737} INFO - Searching for files in /opt/airflow/dags
[2026-08-05T05:46:30.562+0000] {manager.py:740} INFO - There are 1 files in /opt/airflow/dags
[2026-08-05T05:46:42.631+0000] {manager.py:878} INFO - 
================================================================================
DAG File Processing Stats

File Path                                    PID    Runtime      # DAGs    # Errors  Last Runtime    Last Run
-------------------------------------------  -----  ---------  --------  ----------  --------------  -------------------
/opt/airflow/dags/minio_to_snowflake_dag.py                           1           0  0.72s           2026-08-05T05:46:27
================================================================================
[2026-08-05T05:47:13.028+0000] {manager.py:878} INFO - 
================================================================================
DAG File Processing Stats

File Path                                    PID    Runtime      # DAGs    # Errors  Last Runtime    Last Run
-------------------------------------------  -----  ---------  --------  ----------  --------------  -------------------
/opt/airflow/dags/minio_to_snowflake_dag.py                           1           0  0.75s           2026-08-05T05:46:58
================================================================================
[2026-08-05T05:47:43.315+0000] {manager.py:878} INFO - 
================================================================================
DAG File Processing Stats

File Path                                    PID    Runtime      # DAGs    # Errors  Last Runtime    Last Run
-------------------------------------------  -----  ---------  --------  ----------  --------------  -------------------
/opt/airflow/dags/minio_to_snowflake_dag.py                           1           0  0.95s           2026-08-05T05:47:29
================================================================================
[2026-08-05T05:48:13.516+0000] {manager.py:878} INFO - 
================================================================================
DAG File Processing Stats

File Path                                    PID    Runtime      # DAGs    # Errors  Last Runtime    Last Run
-------------------------------------------  -----  ---------  --------  ----------  --------------  -------------------
/opt/airflow/dags/minio_to_snowflake_dag.py                           1           0  0.76s           2026-08-05T05:48:00
================================================================================
[2026-08-05T05:48:43.530+0000] {manager.py:878} INFO - 
================================================================================
DAG File Processing Stats

File Path                                    PID    Runtime      # DAGs    # Errors  Last Runtime    Last Run
-------------------------------------------  -----  ---------  --------  ----------  --------------  -------------------
/opt/airflow/dags/minio_to_snowflake_dag.py                           1           0  0.87s           2026-08-05T05:48:31
================================================================================
[2026-08-05T05:49:13.788+0000] {manager.py:878} INFO - 
================================================================================
DAG File Processing Stats

File Path                                    PID    Runtime      # DAGs    # Errors  Last Runtime    Last Run
-------------------------------------------  -----  ---------  --------  ----------  --------------  -------------------
/opt/airflow/dags/minio_to_snowflake_dag.py                           1           0  0.79s           2026-08-05T05:49:02
================================================================================
[2026-08-05T05:49:43.918+0000] {manager.py:878} INFO - 
================================================================================
DAG File Processing Stats

File Path                                    PID    Runtime      # DAGs    # Errors  Last Runtime    Last Run
-------------------------------------------  -----  ---------  --------  ----------  --------------  -------------------
/opt/airflow/dags/minio_to_snowflake_dag.py                           1           0  0.78s           2026-08-05T05:49:33
================================================================================
[2026-08-05T05:50:14.056+0000] {manager.py:878} INFO - 
================================================================================
DAG File Processing Stats

File Path                                    PID    Runtime      # DAGs    # Errors  Last Runtime    Last Run
-------------------------------------------  -----  ---------  --------  ----------  --------------  -------------------
/opt/airflow/dags/minio_to_snowflake_dag.py                           1           0  0.72s           2026-08-05T05:50:04
================================================================================
[2026-08-05T05:50:44.088+0000] {manager.py:878} INFO - 
================================================================================
DAG File Processing Stats

File Path                                    PID    Runtime      # DAGs    # Errors  Last Runtime    Last Run
-------------------------------------------  -----  ---------  --------  ----------  --------------  -------------------
/opt/airflow/dags/minio_to_snowflake_dag.py                           1           0  0.71s           2026-08-05T05:50:35
================================================================================
[2026-08-05T05:51:14.501+0000] {manager.py:878} INFO - 
================================================================================
DAG File Processing Stats

File Path                                    PID    Runtime      # DAGs    # Errors  Last Runtime    Last Run
-------------------------------------------  -----  ---------  --------  ----------  --------------  -------------------
/opt/airflow/dags/minio_to_snowflake_dag.py                           1           0  0.72s           2026-08-05T05:51:05
================================================================================
[2026-08-05T05:51:30.573+0000] {manager.py:737} INFO - Searching for files in /opt/airflow/dags
[2026-08-05T05:51:30.593+0000] {manager.py:740} INFO - There are 1 files in /opt/airflow/dags
[2026-08-05T05:51:44.669+0000] {manager.py:878} INFO - 
================================================================================
DAG File Processing Stats

File Path                                    PID    Runtime      # DAGs    # Errors  Last Runtime    Last Run
-------------------------------------------  -----  ---------  --------  ----------  --------------  -------------------
/opt/airflow/dags/minio_to_snowflake_dag.py                           1           0  0.88s           2026-08-05T05:51:36
================================================================================
[2026-08-05T05:52:14.801+0000] {manager.py:878} INFO - 
================================================================================
DAG File Processing Stats

File Path                                    PID    Runtime      # DAGs    # Errors  Last Runtime    Last Run
-------------------------------------------  -----  ---------  --------  ----------  --------------  -------------------
/opt/airflow/dags/minio_to_snowflake_dag.py                           1           0  0.71s           2026-08-05T05:52:07
================================================================================
[2026-08-05T05:52:44.969+0000] {manager.py:878} INFO - 
================================================================================
DAG File Processing Stats

File Path                                    PID    Runtime      # DAGs    # Errors  Last Runtime    Last Run
-------------------------------------------  -----  ---------  --------  ----------  --------------  -------------------
/opt/airflow/dags/minio_to_snowflake_dag.py                           1           0  0.77s           2026-08-05T05:52:38
================================================================================
[2026-08-05T05:53:15.088+0000] {manager.py:878} INFO - 
================================================================================
DAG File Processing Stats

File Path                                    PID    Runtime      # DAGs    # Errors  Last Runtime    Last Run
-------------------------------------------  -----  ---------  --------  ----------  --------------  -------------------
/opt/airflow/dags/minio_to_snowflake_dag.py                           1           0  0.75s           2026-08-05T05:53:09
================================================================================
[2026-08-05T05:53:45.227+0000] {manager.py:878} INFO - 
================================================================================
DAG File Processing Stats

File Path                                    PID    Runtime      # DAGs    # Errors  Last Runtime    Last Run
-------------------------------------------  -----  ---------  --------  ----------  --------------  -------------------
/opt/airflow/dags/minio_to_snowflake_dag.py                           1           0  0.73s           2026-08-05T05:53:40
================================================================================
[2026-08-05T05:54:15.365+0000] {manager.py:878} INFO - 
================================================================================
DAG File Processing Stats

File Path                                    PID    Runtime      # DAGs    # Errors  Last Runtime    Last Run
-------------------------------------------  -----  ---------  --------  ----------  --------------  -------------------
/opt/airflow/dags/minio_to_snowflake_dag.py                           1           0  0.76s           2026-08-05T05:54:11
================================================================================
[2026-08-05T05:54:45.527+0000] {manager.py:878} INFO - 
================================================================================
DAG File Processing Stats

File Path                                    PID    Runtime      # DAGs    # Errors  Last Runtime    Last Run
-------------------------------------------  -----  ---------  --------  ----------  --------------  -------------------
/opt/airflow/dags/minio_to_snowflake_dag.py                           1           0  0.73s           2026-08-05T05:54:42
================================================================================
[2026-08-05T05:55:15.657+0000] {manager.py:878} INFO - 
================================================================================
DAG File Processing Stats

File Path                                    PID    Runtime      # DAGs    # Errors  Last Runtime    Last Run
-------------------------------------------  -----  ---------  --------  ----------  --------------  -------------------
/opt/airflow/dags/minio_to_snowflake_dag.py                           1           0  0.80s           2026-08-05T05:55:13
================================================================================
[2026-08-05T05:55:45.798+0000] {manager.py:878} INFO - 
================================================================================
DAG File Processing Stats

File Path                                    PID    Runtime      # DAGs    # Errors  Last Runtime    Last Run
-------------------------------------------  -----  ---------  --------  ----------  --------------  -------------------
/opt/airflow/dags/minio_to_snowflake_dag.py                           1           0  0.87s           2026-08-05T05:55:44
================================================================================
[2026-08-05T05:56:15.951+0000] {manager.py:878} INFO - 
================================================================================
DAG File Processing Stats

File Path                                    PID    Runtime      # DAGs    # Errors  Last Runtime    Last Run
-------------------------------------------  -----  ---------  --------  ----------  --------------  -------------------
/opt/airflow/dags/minio_to_snowflake_dag.py                           1           0  0.76s           2026-08-05T05:56:15
================================================================================
[2026-08-05T05:56:31.021+0000] {manager.py:737} INFO - Searching for files in /opt/airflow/dags
[2026-08-05T05:56:31.052+0000] {manager.py:740} INFO - There are 1 files in /opt/airflow/dags
[2026-08-05T05:56:46.204+0000] {manager.py:878} INFO - 
================================================================================
DAG File Processing Stats

File Path                                    PID    Runtime      # DAGs    # Errors  Last Runtime    Last Run
-------------------------------------------  -----  ---------  --------  ----------  --------------  -------------------
/opt/airflow/dags/minio_to_snowflake_dag.py                           1           0  0.71s           2026-08-05T05:56:45
================================================================================
[2026-08-05T05:57:16.331+0000] {manager.py:878} INFO - 
================================================================================
DAG File Processing Stats

File Path                                      PID  Runtime      # DAGs    # Errors  Last Runtime    Last Run
-------------------------------------------  -----  ---------  --------  ----------  --------------  -------------------
/opt/airflow/dags/minio_to_snowflake_dag.py    198  0.34s             1           0  0.71s           2026-08-05T05:56:45
================================================================================
[2026-08-05T05:57:46.483+0000] {manager.py:878} INFO - 
================================================================================
DAG File Processing Stats

File Path                                    PID    Runtime      # DAGs    # Errors  Last Runtime    Last Run
-------------------------------------------  -----  ---------  --------  ----------  --------------  -------------------
/opt/airflow/dags/minio_to_snowflake_dag.py                           1           0  0.72s           2026-08-05T05:57:16
================================================================================
[2026-08-05T05:58:16.629+0000] {manager.py:878} INFO - 
================================================================================
DAG File Processing Stats

File Path                                    PID    Runtime      # DAGs    # Errors  Last Runtime    Last Run
-------------------------------------------  -----  ---------  --------  ----------  --------------  -------------------
/opt/airflow/dags/minio_to_snowflake_dag.py                           1           0  0.73s           2026-08-05T05:57:47
================================================================================
[2026-08-05T05:58:46.800+0000] {manager.py:878} INFO - 
================================================================================
DAG File Processing Stats

File Path                                    PID    Runtime      # DAGs    # Errors  Last Runtime    Last Run
-------------------------------------------  -----  ---------  --------  ----------  --------------  -------------------
/opt/airflow/dags/minio_to_snowflake_dag.py                           1           0  0.74s           2026-08-05T05:58:18
================================================================================
[2026-08-05T05:59:16.934+0000] {manager.py:878} INFO - 
================================================================================
DAG File Processing Stats

File Path                                    PID    Runtime      # DAGs    # Errors  Last Runtime    Last Run
-------------------------------------------  -----  ---------  --------  ----------  --------------  -------------------
/opt/airflow/dags/minio_to_snowflake_dag.py                           1           0  0.78s           2026-08-05T05:58:49
================================================================================
[2026-08-05T05:59:47.068+0000] {manager.py:878} INFO - 
================================================================================
DAG File Processing Stats

File Path                                    PID    Runtime      # DAGs    # Errors  Last Runtime    Last Run
-------------------------------------------  -----  ---------  --------  ----------  --------------  -------------------
/opt/airflow/dags/minio_to_snowflake_dag.py                           1           0  0.70s           2026-08-05T05:59:20
================================================================================
[2026-08-05T06:00:17.131+0000] {manager.py:878} INFO - 
================================================================================
DAG File Processing Stats

File Path                                    PID    Runtime      # DAGs    # Errors  Last Runtime    Last Run
-------------------------------------------  -----  ---------  --------  ----------  --------------  -------------------
/opt/airflow/dags/minio_to_snowflake_dag.py                           1           0  0.74s           2026-08-05T05:59:51
================================================================================
[2026-08-05T06:00:47.516+0000] {manager.py:878} INFO - 
================================================================================
DAG File Processing Stats

File Path                                    PID    Runtime      # DAGs    # Errors  Last Runtime    Last Run
-------------------------------------------  -----  ---------  --------  ----------  --------------  -------------------
/opt/airflow/dags/minio_to_snowflake_dag.py                           1           0  0.71s           2026-08-05T06:00:21
================================================================================
[2026-08-05T06:01:17.642+0000] {manager.py:878} INFO - 
================================================================================
DAG File Processing Stats

File Path                                    PID    Runtime      # DAGs    # Errors  Last Runtime    Last Run
-------------------------------------------  -----  ---------  --------  ----------  --------------  -------------------
/opt/airflow/dags/minio_to_snowflake_dag.py                           1           0  0.85s           2026-08-05T06:00:52
================================================================================
[2026-08-05T06:01:31.714+0000] {manager.py:737} INFO - Searching for files in /opt/airflow/dags
[2026-08-05T06:01:31.740+0000] {manager.py:740} INFO - There are 1 files in /opt/airflow/dags
[2026-08-05T06:01:47.821+0000] {manager.py:878} INFO - 
================================================================================
DAG File Processing Stats

File Path                                    PID    Runtime      # DAGs    # Errors  Last Runtime    Last Run
-------------------------------------------  -----  ---------  --------  ----------  --------------  -------------------
/opt/airflow/dags/minio_to_snowflake_dag.py                           1           0  0.80s           2026-08-05T06:01:23
================================================================================
[2026-08-05T06:02:17.984+0000] {manager.py:878} INFO - 
================================================================================
DAG File Processing Stats

File Path                                    PID    Runtime      # DAGs    # Errors  Last Runtime    Last Run
-------------------------------------------  -----  ---------  --------  ----------  --------------  -------------------
/opt/airflow/dags/minio_to_snowflake_dag.py                           1           0  0.75s           2026-08-05T06:01:54
================================================================================
[2026-08-05T06:02:48.105+0000] {manager.py:878} INFO - 
================================================================================
DAG File Processing Stats

File Path                                    PID    Runtime      # DAGs    # Errors  Last Runtime    Last Run
-------------------------------------------  -----  ---------  --------  ----------  --------------  -------------------
/opt/airflow/dags/minio_to_snowflake_dag.py                           1           0  0.76s           2026-08-05T06:02:25
================================================================================
[2026-08-05T06:03:18.226+0000] {manager.py:878} INFO - 
================================================================================
DAG File Processing Stats

File Path                                    PID    Runtime      # DAGs    # Errors  Last Runtime    Last Run
-------------------------------------------  -----  ---------  --------  ----------  --------------  -------------------
/opt/airflow/dags/minio_to_snowflake_dag.py                           1           0  0.81s           2026-08-05T06:02:56
================================================================================
[2026-08-05T06:03:48.359+0000] {manager.py:878} INFO - 
================================================================================
DAG File Processing Stats

File Path                                    PID    Runtime      # DAGs    # Errors  Last Runtime    Last Run
-------------------------------------------  -----  ---------  --------  ----------  --------------  -------------------
/opt/airflow/dags/minio_to_snowflake_dag.py                           1           0  0.77s           2026-08-05T06:03:27
================================================================================
[2026-08-05T06:04:18.540+0000] {manager.py:878} INFO - 
================================================================================
DAG File Processing Stats

File Path                                    PID    Runtime      # DAGs    # Errors  Last Runtime    Last Run
-------------------------------------------  -----  ---------  --------  ----------  --------------  -------------------
/opt/airflow/dags/minio_to_snowflake_dag.py                           1           0  0.74s           2026-08-05T06:03:58
================================================================================
[2026-08-05T06:04:48.685+0000] {manager.py:878} INFO - 
================================================================================
DAG File Processing Stats

File Path                                    PID    Runtime      # DAGs    # Errors  Last Runtime    Last Run
-------------------------------------------  -----  ---------  --------  ----------  --------------  -------------------
/opt/airflow/dags/minio_to_snowflake_dag.py                           1           0  0.91s           2026-08-05T06:04:29
================================================================================
[2026-08-05T06:05:18.818+0000] {manager.py:878} INFO - 
================================================================================
DAG File Processing Stats

File Path                                    PID    Runtime      # DAGs    # Errors  Last Runtime    Last Run
-------------------------------------------  -----  ---------  --------  ----------  --------------  -------------------
/opt/airflow/dags/minio_to_snowflake_dag.py                           1           0  0.89s           2026-08-05T06:05:00
================================================================================
[2026-08-05T06:05:48.949+0000] {manager.py:878} INFO - 
================================================================================
DAG File Processing Stats

File Path                                    PID    Runtime      # DAGs    # Errors  Last Runtime    Last Run
-------------------------------------------  -----  ---------  --------  ----------  --------------  -------------------
/opt/airflow/dags/minio_to_snowflake_dag.py                           1           0  0.81s           2026-08-05T06:05:31
================================================================================
[2026-08-05T06:06:19.101+0000] {manager.py:878} INFO - 
================================================================================
DAG File Processing Stats

File Path                                    PID    Runtime      # DAGs    # Errors  Last Runtime    Last Run
-------------------------------------------  -----  ---------  --------  ----------  --------------  -------------------
/opt/airflow/dags/minio_to_snowflake_dag.py                           1           0  0.79s           2026-08-05T06:06:02
================================================================================
[2026-08-05T06:06:32.203+0000] {manager.py:737} INFO - Searching for files in /opt/airflow/dags
[2026-08-05T06:06:32.252+0000] {manager.py:740} INFO - There are 1 files in /opt/airflow/dags
[2026-08-05T06:06:49.257+0000] {manager.py:878} INFO - 
================================================================================
DAG File Processing Stats

File Path                                      PID  Runtime      # DAGs    # Errors  Last Runtime    Last Run
-------------------------------------------  -----  ---------  --------  ----------  --------------  -------------------
/opt/airflow/dags/minio_to_snowflake_dag.py    270  16.98s            1           0  0.79s           2026-08-05T06:06:02
================================================================================
[2026-08-05T06:07:20.074+0000] {manager.py:878} INFO - 
================================================================================
DAG File Processing Stats

File Path                                      PID  Runtime      # DAGs    # Errors  Last Runtime    Last Run
-------------------------------------------  -----  ---------  --------  ----------  --------------  -------------------
/opt/airflow/dags/minio_to_snowflake_dag.py    270  47.80s            1           0  0.79s           2026-08-05T06:06:02
================================================================================
[2026-08-05T06:07:22.280+0000] {manager.py:1016} ERROR - Processor for /opt/airflow/dags/minio_to_snowflake_dag.py exited with return code 1.
[2026-08-05T06:07:50.862+0000] {manager.py:878} INFO - 
================================================================================
DAG File Processing Stats

File Path                                    PID    Runtime      # DAGs    # Errors  Last Runtime    Last Run
-------------------------------------------  -----  ---------  --------  ----------  --------------  -------------------
/opt/airflow/dags/minio_to_snowflake_dag.py                           0          -1  50.01s          2026-08-05T06:07:22
================================================================================
[2026-08-05T06:08:23.080+0000] {manager.py:878} INFO - 
================================================================================
DAG File Processing Stats

File Path                                      PID  Runtime      # DAGs    # Errors  Last Runtime    Last Run
-------------------------------------------  -----  ---------  --------  ----------  --------------  -------------------
/opt/airflow/dags/minio_to_snowflake_dag.py    273  29.04s            0          -1  50.01s          2026-08-05T06:07:22
================================================================================
[2026-08-05T06:08:43.659+0000] {manager.py:1203} ERROR - Processor for /opt/airflow/dags/minio_to_snowflake_dag.py with PID 273 started at 2026-08-05T06:07:52.883688+00:00 has timed out, killing it.
[2026-08-05T06:08:53.555+0000] {manager.py:878} INFO - 
================================================================================
DAG File Processing Stats

File Path                                    PID    Runtime      # DAGs    # Errors  Last Runtime    Last Run
-------------------------------------------  -----  ---------  --------  ----------  --------------  -------------------
/opt/airflow/dags/minio_to_snowflake_dag.py                           0           1  50.78s          2026-08-05T06:08:43
================================================================================
[2026-08-05T06:09:24.209+0000] {manager.py:878} INFO - 
================================================================================
DAG File Processing Stats

File Path                                      PID  Runtime      # DAGs    # Errors  Last Runtime    Last Run
-------------------------------------------  -----  ---------  --------  ----------  --------------  -------------------
/opt/airflow/dags/minio_to_snowflake_dag.py    276  10.50s            0           1  50.78s          2026-08-05T06:08:43
================================================================================
[2026-08-05T06:09:54.782+0000] {manager.py:878} INFO - 
================================================================================
DAG File Processing Stats

File Path                                      PID  Runtime      # DAGs    # Errors  Last Runtime    Last Run
-------------------------------------------  -----  ---------  --------  ----------  --------------  -------------------
/opt/airflow/dags/minio_to_snowflake_dag.py    276  41.07s            0           1  50.78s          2026-08-05T06:08:43
================================================================================
[2026-08-05T06:10:04.004+0000] {manager.py:1203} ERROR - Processor for /opt/airflow/dags/minio_to_snowflake_dag.py with PID 276 started at 2026-08-05T06:09:13.711827+00:00 has timed out, killing it.
[2026-08-05T06:10:25.633+0000] {manager.py:878} INFO - 
================================================================================
DAG File Processing Stats

File Path                                    PID    Runtime      # DAGs    # Errors  Last Runtime    Last Run
-------------------------------------------  -----  ---------  --------  ----------  --------------  -------------------
/opt/airflow/dags/minio_to_snowflake_dag.py                           0           1  50.29s          2026-08-05T06:10:04
================================================================================
[2026-08-05T06:10:57.175+0000] {manager.py:878} INFO - 
================================================================================
DAG File Processing Stats

File Path                                      PID  Runtime      # DAGs    # Errors  Last Runtime    Last Run
-------------------------------------------  -----  ---------  --------  ----------  --------------  -------------------
/opt/airflow/dags/minio_to_snowflake_dag.py    279  22.76s            0           1  50.29s          2026-08-05T06:10:04
================================================================================
[2026-08-05T06:11:23.964+0000] {manager.py:1016} ERROR - Processor for /opt/airflow/dags/minio_to_snowflake_dag.py exited with return code 1.
[2026-08-05T06:11:27.540+0000] {manager.py:878} INFO - 
================================================================================
DAG File Processing Stats

File Path                                    PID    Runtime      # DAGs    # Errors  Last Runtime    Last Run
-------------------------------------------  -----  ---------  --------  ----------  --------------  -------------------
/opt/airflow/dags/minio_to_snowflake_dag.py                           0          -1  49.70s          2026-08-05T06:11:23
================================================================================
[2026-08-05T06:11:33.108+0000] {manager.py:737} INFO - Searching for files in /opt/airflow/dags
[2026-08-05T06:11:42.569+0000] {manager.py:740} INFO - There are 1 files in /opt/airflow/dags
[2026-08-05T06:12:06.495+0000] {manager.py:878} INFO - 
================================================================================
DAG File Processing Stats

File Path                                      PID  Runtime      # DAGs    # Errors  Last Runtime    Last Run
-------------------------------------------  -----  ---------  --------  ----------  --------------  -------------------
/opt/airflow/dags/minio_to_snowflake_dag.py    282  2.05s             0          -1  49.70s          2026-08-05T06:11:23
================================================================================
[2026-08-05T06:12:37.058+0000] {manager.py:878} INFO - 
================================================================================
DAG File Processing Stats

File Path                                      PID  Runtime      # DAGs    # Errors  Last Runtime    Last Run
-------------------------------------------  -----  ---------  --------  ----------  --------------  -------------------
/opt/airflow/dags/minio_to_snowflake_dag.py    282  32.80s            0          -1  49.70s          2026-08-05T06:11:23
================================================================================
[2026-08-05T06:12:54.556+0000] {manager.py:1203} ERROR - Processor for /opt/airflow/dags/minio_to_snowflake_dag.py with PID 282 started at 2026-08-05T06:12:04.261163+00:00 has timed out, killing it.
[2026-08-05T06:13:07.413+0000] {manager.py:878} INFO - 
================================================================================
DAG File Processing Stats

File Path                                    PID    Runtime      # DAGs    # Errors  Last Runtime    Last Run
-------------------------------------------  -----  ---------  --------  ----------  --------------  -------------------
/opt/airflow/dags/minio_to_snowflake_dag.py                           0           1  50.30s          2026-08-05T06:12:54
================================================================================
[2026-08-05T06:13:38.788+0000] {manager.py:878} INFO - 
================================================================================
DAG File Processing Stats

File Path                                      PID  Runtime      # DAGs    # Errors  Last Runtime    Last Run
-------------------------------------------  -----  ---------  --------  ----------  --------------  -------------------
/opt/airflow/dags/minio_to_snowflake_dag.py    285  10.30s            0           1  50.30s          2026-08-05T06:12:54
================================================================================
[2026-08-05T06:14:10.419+0000] {manager.py:878} INFO - 
================================================================================
DAG File Processing Stats

File Path                                      PID  Runtime      # DAGs    # Errors  Last Runtime    Last Run
-------------------------------------------  -----  ---------  --------  ----------  --------------  -------------------
/opt/airflow/dags/minio_to_snowflake_dag.py    285  42.06s            0           1  50.30s          2026-08-05T06:12:54
================================================================================
[2026-08-05T06:14:19.249+0000] {manager.py:1203} ERROR - Processor for /opt/airflow/dags/minio_to_snowflake_dag.py with PID 285 started at 2026-08-05T06:13:28.359555+00:00 has timed out, killing it.
[2026-08-05T06:14:40.473+0000] {manager.py:878} INFO - 
================================================================================
DAG File Processing Stats

File Path                                    PID    Runtime      # DAGs    # Errors  Last Runtime    Last Run
-------------------------------------------  -----  ---------  --------  ----------  --------------  -------------------
/opt/airflow/dags/minio_to_snowflake_dag.py                           0           1  50.89s          2026-08-05T06:14:19
================================================================================
[2026-08-05T06:15:11.844+0000] {manager.py:878} INFO - 
================================================================================
DAG File Processing Stats

File Path                                      PID  Runtime      # DAGs    # Errors  Last Runtime    Last Run
-------------------------------------------  -----  ---------  --------  ----------  --------------  -------------------
/opt/airflow/dags/minio_to_snowflake_dag.py    287  19.30s            0           1  50.89s          2026-08-05T06:14:19
================================================================================
[2026-08-05T06:15:36.090+0000] {manager.py:1016} ERROR - Processor for /opt/airflow/dags/minio_to_snowflake_dag.py exited with return code 1.
[2026-08-05T06:15:45.569+0000] {manager.py:878} INFO - 
================================================================================
DAG File Processing Stats

File Path                                    PID    Runtime      # DAGs    # Errors  Last Runtime    Last Run
-------------------------------------------  -----  ---------  --------  ----------  --------------  -------------------
/opt/airflow/dags/minio_to_snowflake_dag.py                           0          -1  43.91s          2026-08-05T06:15:36
================================================================================
[2026-08-05T06:16:15.630+0000] {manager.py:878} INFO - 
================================================================================
DAG File Processing Stats

File Path                                      PID  Runtime      # DAGs    # Errors  Last Runtime    Last Run
-------------------------------------------  -----  ---------  --------  ----------  --------------  -------------------
/opt/airflow/dags/minio_to_snowflake_dag.py    290  8.85s             0          -1  43.91s          2026-08-05T06:15:36
================================================================================
[2026-08-05T06:16:33.704+0000] {manager.py:737} INFO - Searching for files in /opt/airflow/dags
[2026-08-05T06:16:36.985+0000] {manager.py:740} INFO - There are 1 files in /opt/airflow/dags
[2026-08-05T06:16:46.105+0000] {manager.py:878} INFO - 
================================================================================
DAG File Processing Stats

File Path                                      PID  Runtime      # DAGs    # Errors  Last Runtime    Last Run
-------------------------------------------  -----  ---------  --------  ----------  --------------  -------------------
/opt/airflow/dags/minio_to_snowflake_dag.py    290  39.32s            0          -1  43.91s          2026-08-05T06:15:36
================================================================================
[2026-08-05T06:16:48.792+0000] {manager.py:1016} ERROR - Processor for /opt/airflow/dags/minio_to_snowflake_dag.py exited with return code 1.
[2026-08-05T06:17:16.869+0000] {manager.py:878} INFO - 
================================================================================
DAG File Processing Stats

File Path                                    PID    Runtime      # DAGs    # Errors  Last Runtime    Last Run
-------------------------------------------  -----  ---------  --------  ----------  --------------  -------------------
/opt/airflow/dags/minio_to_snowflake_dag.py                           0          -1  42.01s          2026-08-05T06:16:48
================================================================================
[2026-08-05T06:17:47.843+0000] {manager.py:878} INFO - 
================================================================================
DAG File Processing Stats

File Path                                      PID  Runtime      # DAGs    # Errors  Last Runtime    Last Run
-------------------------------------------  -----  ---------  --------  ----------  --------------  -------------------
/opt/airflow/dags/minio_to_snowflake_dag.py    292  28.00s            0          -1  42.01s          2026-08-05T06:16:48
================================================================================
[2026-08-05T06:18:06.269+0000] {manager.py:1016} ERROR - Processor for /opt/airflow/dags/minio_to_snowflake_dag.py exited with return code 1.
[2026-08-05T06:18:20.758+0000] {manager.py:878} INFO - 
================================================================================
DAG File Processing Stats

File Path                                    PID    Runtime      # DAGs    # Errors  Last Runtime    Last Run
-------------------------------------------  -----  ---------  --------  ----------  --------------  -------------------
/opt/airflow/dags/minio_to_snowflake_dag.py                           0          -1  46.59s          2026-08-05T06:18:06
================================================================================
[2026-08-05T06:18:53.391+0000] {manager.py:878} INFO - 
================================================================================
DAG File Processing Stats

File Path                                      PID  Runtime      # DAGs    # Errors  Last Runtime    Last Run
-------------------------------------------  -----  ---------  --------  ----------  --------------  -------------------
/opt/airflow/dags/minio_to_snowflake_dag.py    295  14.05s            0          -1  46.59s          2026-08-05T06:18:06
================================================================================
[2026-08-05T06:19:24.418+0000] {manager.py:878} INFO - 
================================================================================
DAG File Processing Stats

File Path                                      PID  Runtime      # DAGs    # Errors  Last Runtime    Last Run
-------------------------------------------  -----  ---------  --------  ----------  --------------  -------------------
/opt/airflow/dags/minio_to_snowflake_dag.py    295  45.66s            0          -1  46.59s          2026-08-05T06:18:06
================================================================================
[2026-08-05T06:19:28.760+0000] {manager.py:1203} ERROR - Processor for /opt/airflow/dags/minio_to_snowflake_dag.py with PID 295 started at 2026-08-05T06:18:38.754506+00:00 has timed out, killing it.
[2026-08-05T06:19:54.589+0000] {manager.py:878} INFO - 
================================================================================
DAG File Processing Stats

File Path                                    PID    Runtime      # DAGs    # Errors  Last Runtime    Last Run
-------------------------------------------  -----  ---------  --------  ----------  --------------  -------------------
/opt/airflow/dags/minio_to_snowflake_dag.py                           0           1  50.01s          2026-08-05T06:19:28
================================================================================
[2026-08-05T06:20:24.732+0000] {manager.py:878} INFO - 
================================================================================
DAG File Processing Stats

File Path                                      PID  Runtime      # DAGs    # Errors  Last Runtime    Last Run
-------------------------------------------  -----  ---------  --------  ----------  --------------  -------------------
/opt/airflow/dags/minio_to_snowflake_dag.py    296  25.48s            0           1  50.01s          2026-08-05T06:19:28
================================================================================
[2026-08-05T06:20:51.679+0000] {manager.py:1203} ERROR - Processor for /opt/airflow/dags/minio_to_snowflake_dag.py with PID 296 started at 2026-08-05T06:19:59.249561+00:00 has timed out, killing it.
[2026-08-05T06:20:54.752+0000] {manager.py:878} INFO - 
================================================================================
DAG File Processing Stats

File Path                                    PID    Runtime      # DAGs    # Errors  Last Runtime    Last Run
-------------------------------------------  -----  ---------  --------  ----------  --------------  -------------------
/opt/airflow/dags/minio_to_snowflake_dag.py                           0           1  52.43s          2026-08-05T06:20:51
================================================================================
[2026-08-05T06:21:25.590+0000] {manager.py:878} INFO - 
================================================================================
DAG File Processing Stats

File Path                                      PID  Runtime      # DAGs    # Errors  Last Runtime    Last Run
-------------------------------------------  -----  ---------  --------  ----------  --------------  -------------------
/opt/airflow/dags/minio_to_snowflake_dag.py    299  2.94s             0           1  52.43s          2026-08-05T06:20:51
================================================================================
[2026-08-05T06:21:34.239+0000] {manager.py:737} INFO - Searching for files in /opt/airflow/dags
[2026-08-05T06:21:34.809+0000] {manager.py:740} INFO - There are 1 files in /opt/airflow/dags
[2026-08-05T06:21:55.742+0000] {manager.py:878} INFO - 
================================================================================
DAG File Processing Stats

File Path                                      PID  Runtime      # DAGs    # Errors  Last Runtime    Last Run
-------------------------------------------  -----  ---------  --------  ----------  --------------  -------------------
/opt/airflow/dags/minio_to_snowflake_dag.py    299  33.09s            0           1  52.43s          2026-08-05T06:20:51
================================================================================
[2026-08-05T06:22:01.561+0000] {manager.py:1016} ERROR - Processor for /opt/airflow/dags/minio_to_snowflake_dag.py exited with return code 1.
[2026-08-05T06:22:27.039+0000] {manager.py:878} INFO - 
================================================================================
DAG File Processing Stats

File Path                                    PID    Runtime      # DAGs    # Errors  Last Runtime    Last Run
-------------------------------------------  -----  ---------  --------  ----------  --------------  -------------------
/opt/airflow/dags/minio_to_snowflake_dag.py                           0          -1  38.87s          2026-08-05T06:22:01
================================================================================
[2026-08-05T06:22:57.419+0000] {manager.py:878} INFO - 
================================================================================
DAG File Processing Stats

File Path                                      PID  Runtime      # DAGs    # Errors  Last Runtime    Last Run
-------------------------------------------  -----  ---------  --------  ----------  --------------  -------------------
/opt/airflow/dags/minio_to_snowflake_dag.py    300  20.06s            0          -1  38.87s          2026-08-05T06:22:01
================================================================================
[2026-08-05T06:23:10.554+0000] {manager.py:1016} ERROR - Processor for /opt/airflow/dags/minio_to_snowflake_dag.py exited with return code 1.
[2026-08-05T06:23:27.621+0000] {manager.py:878} INFO - 
================================================================================
DAG File Processing Stats

File Path                                    PID    Runtime      # DAGs    # Errors  Last Runtime    Last Run
-------------------------------------------  -----  ---------  --------  ----------  --------------  -------------------
/opt/airflow/dags/minio_to_snowflake_dag.py                           0          -1  33.45s          2026-08-05T06:23:10
================================================================================
[2026-08-05T06:23:58.533+0000] {manager.py:878} INFO - 
================================================================================
DAG File Processing Stats

File Path                                      PID  Runtime      # DAGs    # Errors  Last Runtime    Last Run
-------------------------------------------  -----  ---------  --------  ----------  --------------  -------------------
/opt/airflow/dags/minio_to_snowflake_dag.py    303  17.76s            0          -1  33.45s          2026-08-05T06:23:10
================================================================================
[2026-08-05T06:24:29.442+0000] {manager.py:878} INFO - 
================================================================================
DAG File Processing Stats

File Path                                      PID  Runtime      # DAGs    # Errors  Last Runtime    Last Run
-------------------------------------------  -----  ---------  --------  ----------  --------------  -------------------
/opt/airflow/dags/minio_to_snowflake_dag.py    303  48.67s            0          -1  33.45s          2026-08-05T06:23:10
================================================================================
[2026-08-05T06:24:31.451+0000] {manager.py:1203} ERROR - Processor for /opt/airflow/dags/minio_to_snowflake_dag.py with PID 303 started at 2026-08-05T06:23:40.769544+00:00 has timed out, killing it.
[2026-08-05T06:25:00.399+0000] {manager.py:878} INFO - 
================================================================================
DAG File Processing Stats

File Path                                    PID    Runtime      # DAGs    # Errors  Last Runtime    Last Run
-------------------------------------------  -----  ---------  --------  ----------  --------------  -------------------
/opt/airflow/dags/minio_to_snowflake_dag.py                           0           1  50.68s          2026-08-05T06:24:31
================================================================================
[2026-08-05T06:25:30.913+0000] {manager.py:878} INFO - 
================================================================================
DAG File Processing Stats

File Path                                      PID  Runtime      # DAGs    # Errors  Last Runtime    Last Run
-------------------------------------------  -----  ---------  --------  ----------  --------------  -------------------
/opt/airflow/dags/minio_to_snowflake_dag.py    306  28.45s            0           1  50.68s          2026-08-05T06:24:31
================================================================================
[2026-08-05T06:25:54.022+0000] {manager.py:1203} ERROR - Processor for /opt/airflow/dags/minio_to_snowflake_dag.py with PID 306 started at 2026-08-05T06:25:02.461415+00:00 has timed out, killing it.
[2026-08-05T06:26:01.291+0000] {manager.py:878} INFO - 
================================================================================
DAG File Processing Stats

File Path                                    PID    Runtime      # DAGs    # Errors  Last Runtime    Last Run
-------------------------------------------  -----  ---------  --------  ----------  --------------  -------------------
/opt/airflow/dags/minio_to_snowflake_dag.py                           0           1  51.56s          2026-08-05T06:25:54
================================================================================
[2026-08-05T06:26:36.774+0000] {manager.py:878} INFO - 
================================================================================
DAG File Processing Stats

File Path                                      PID  Runtime      # DAGs    # Errors  Last Runtime    Last Run
-------------------------------------------  -----  ---------  --------  ----------  --------------  -------------------
/opt/airflow/dags/minio_to_snowflake_dag.py    309  11.41s            0           1  51.56s          2026-08-05T06:25:54
================================================================================
[2026-08-05T06:26:36.821+0000] {manager.py:737} INFO - Searching for files in /opt/airflow/dags
[2026-08-05T06:26:37.686+0000] {manager.py:740} INFO - There are 1 files in /opt/airflow/dags
[2026-08-05T06:41:10.612+0000] {manager.py:470} INFO - Processing files using up to 2 processes at a time 
[2026-08-05T06:41:10.631+0000] {manager.py:471} INFO - Process each file at most once every 30 seconds
[2026-08-05T06:41:10.633+0000] {manager.py:472} INFO - Checking for new files in /opt/airflow/dags every 300 seconds
[2026-08-05T06:41:10.636+0000] {manager.py:737} INFO - Searching for files in /opt/airflow/dags
[2026-08-05T06:41:10.687+0000] {manager.py:740} INFO - There are 1 files in /opt/airflow/dags
[2026-08-05T06:41:10.882+0000] {manager.py:878} INFO - 
================================================================================
DAG File Processing Stats

File Path                                      PID  Runtime      # DAGs    # Errors  Last Runtime    Last Run
-------------------------------------------  -----  ---------  --------  ----------  --------------  ----------
/opt/airflow/dags/minio_to_snowflake_dag.py     25  0.09s             0           0
================================================================================
[2026-08-05T06:41:41.467+0000] {manager.py:878} INFO - 
================================================================================
DAG File Processing Stats

File Path                                    PID    Runtime      # DAGs    # Errors  Last Runtime    Last Run
-------------------------------------------  -----  ---------  --------  ----------  --------------  -------------------
/opt/airflow/dags/minio_to_snowflake_dag.py                           1           0  4.94s           2026-08-05T06:41:15
================================================================================
[2026-08-05T06:42:12.305+0000] {manager.py:878} INFO - 
================================================================================
DAG File Processing Stats

File Path                                      PID  Runtime      # DAGs    # Errors  Last Runtime    Last Run
-------------------------------------------  -----  ---------  --------  ----------  --------------  -------------------
/opt/airflow/dags/minio_to_snowflake_dag.py     29  24.79s            1           0  4.94s           2026-08-05T06:41:15
================================================================================
[2026-08-05T06:42:37.467+0000] {manager.py:1203} ERROR - Processor for /opt/airflow/dags/minio_to_snowflake_dag.py with PID 29 started at 2026-08-05T06:41:47.310759+00:00 has timed out, killing it.
[2026-08-05T06:42:42.510+0000] {manager.py:878} INFO - 
================================================================================
DAG File Processing Stats

File Path                                    PID    Runtime      # DAGs    # Errors  Last Runtime    Last Run
-------------------------------------------  -----  ---------  --------  ----------  --------------  -------------------
/opt/airflow/dags/minio_to_snowflake_dag.py                           0           1  50.16s          2026-08-05T06:42:37
================================================================================
[2026-08-05T06:43:18.091+0000] {manager.py:878} INFO - 
================================================================================
DAG File Processing Stats

File Path                                      PID  Runtime      # DAGs    # Errors  Last Runtime    Last Run
-------------------------------------------  -----  ---------  --------  ----------  --------------  -------------------
/opt/airflow/dags/minio_to_snowflake_dag.py     32  5.45s             0           1  50.16s          2026-08-05T06:42:37
================================================================================
[2026-08-05T06:43:49.557+0000] {manager.py:878} INFO - 
================================================================================
DAG File Processing Stats

File Path                                      PID  Runtime      # DAGs    # Errors  Last Runtime    Last Run
-------------------------------------------  -----  ---------  --------  ----------  --------------  -------------------
/opt/airflow/dags/minio_to_snowflake_dag.py     32  38.43s            0           1  50.16s          2026-08-05T06:42:37
================================================================================
[2026-08-05T06:44:02.105+0000] {manager.py:1203} ERROR - Processor for /opt/airflow/dags/minio_to_snowflake_dag.py with PID 32 started at 2026-08-05T06:43:11.128753+00:00 has timed out, killing it.
[2026-08-05T06:44:20.460+0000] {manager.py:878} INFO - 
================================================================================
DAG File Processing Stats

File Path                                    PID    Runtime      # DAGs    # Errors  Last Runtime    Last Run
-------------------------------------------  -----  ---------  --------  ----------  --------------  -------------------
/opt/airflow/dags/minio_to_snowflake_dag.py                           0           1  50.98s          2026-08-05T06:44:02
================================================================================
[2026-08-05T06:44:50.530+0000] {manager.py:878} INFO - 
================================================================================
DAG File Processing Stats

File Path                                      PID  Runtime      # DAGs    # Errors  Last Runtime    Last Run
-------------------------------------------  -----  ---------  --------  ----------  --------------  -------------------
/opt/airflow/dags/minio_to_snowflake_dag.py     35  18.30s            0           1  50.98s          2026-08-05T06:44:02
================================================================================
[2026-08-05T06:45:21.045+0000] {manager.py:878} INFO - 
================================================================================
DAG File Processing Stats

File Path                                      PID  Runtime      # DAGs    # Errors  Last Runtime    Last Run
-------------------------------------------  -----  ---------  --------  ----------  --------------  -------------------
/opt/airflow/dags/minio_to_snowflake_dag.py     35  48.82s            0           1  50.98s          2026-08-05T06:44:02
================================================================================
[2026-08-05T06:45:22.051+0000] {manager.py:452} INFO - Exiting gracefully upon receiving signal 15
[2026-08-05T06:48:15.732+0000] {manager.py:470} INFO - Processing files using up to 2 processes at a time 
[2026-08-05T06:48:15.735+0000] {manager.py:471} INFO - Process each file at most once every 30 seconds
[2026-08-05T06:48:15.738+0000] {manager.py:472} INFO - Checking for new files in /opt/airflow/dags every 300 seconds
[2026-08-05T06:48:15.742+0000] {manager.py:737} INFO - Searching for files in /opt/airflow/dags
[2026-08-05T06:48:15.876+0000] {manager.py:740} INFO - There are 1 files in /opt/airflow/dags
[2026-08-05T06:48:20.374+0000] {manager.py:878} INFO - 
================================================================================
DAG File Processing Stats

File Path                                      PID  Runtime      # DAGs    # Errors  Last Runtime    Last Run
-------------------------------------------  -----  ---------  --------  ----------  --------------  ----------
/opt/airflow/dags/minio_to_snowflake_dag.py     26  2.07s             0           0
================================================================================
[2026-08-05T06:48:51.727+0000] {manager.py:878} INFO - 
================================================================================
DAG File Processing Stats

File Path                                    PID    Runtime      # DAGs    # Errors  Last Runtime    Last Run
-------------------------------------------  -----  ---------  --------  ----------  --------------  -------------------
/opt/airflow/dags/minio_to_snowflake_dag.py                           1           0  29.23s          2026-08-05T06:48:47
================================================================================
[2026-08-05T06:49:22.838+0000] {manager.py:878} INFO - 
================================================================================
DAG File Processing Stats

File Path                                      PID  Runtime      # DAGs    # Errors  Last Runtime    Last Run
-------------------------------------------  -----  ---------  --------  ----------  --------------  -------------------
/opt/airflow/dags/minio_to_snowflake_dag.py     30  4.44s             1           0  29.23s          2026-08-05T06:48:47
================================================================================
[2026-08-05T06:49:52.992+0000] {manager.py:878} INFO - 
================================================================================
DAG File Processing Stats

File Path                                    PID    Runtime      # DAGs    # Errors  Last Runtime    Last Run
-------------------------------------------  -----  ---------  --------  ----------  --------------  -------------------
/opt/airflow/dags/minio_to_snowflake_dag.py                           1           0  21.10s          2026-08-05T06:49:39
================================================================================
[2026-08-05T06:50:24.520+0000] {manager.py:878} INFO - 
================================================================================
DAG File Processing Stats

File Path                                      PID  Runtime      # DAGs    # Errors  Last Runtime    Last Run
-------------------------------------------  -----  ---------  --------  ----------  --------------  -------------------
/opt/airflow/dags/minio_to_snowflake_dag.py     34  14.32s            1           0  21.10s          2026-08-05T06:49:39
================================================================================
[2026-08-05T06:50:54.980+0000] {manager.py:878} INFO - 
================================================================================
DAG File Processing Stats

File Path                                    PID    Runtime      # DAGs    # Errors  Last Runtime    Last Run
-------------------------------------------  -----  ---------  --------  ----------  --------------  -------------------
/opt/airflow/dags/minio_to_snowflake_dag.py                           1           0  40.66s          2026-08-05T06:50:50
================================================================================
[2026-08-05T06:51:25.723+0000] {manager.py:878} INFO - 
================================================================================
DAG File Processing Stats

File Path                                    PID    Runtime      # DAGs    # Errors  Last Runtime    Last Run
-------------------------------------------  -----  ---------  --------  ----------  --------------  -------------------
/opt/airflow/dags/minio_to_snowflake_dag.py                           1           0  2.33s           2026-08-05T06:51:22
================================================================================
[2026-08-05T06:51:56.064+0000] {manager.py:878} INFO - 
================================================================================
DAG File Processing Stats

File Path                                    PID    Runtime      # DAGs    # Errors  Last Runtime    Last Run
-------------------------------------------  -----  ---------  --------  ----------  --------------  -------------------
/opt/airflow/dags/minio_to_snowflake_dag.py                           1           0  1.56s           2026-08-05T06:51:54
================================================================================
[2026-08-05T06:52:26.123+0000] {manager.py:878} INFO - 
================================================================================
DAG File Processing Stats

File Path                                    PID    Runtime      # DAGs    # Errors  Last Runtime    Last Run
-------------------------------------------  -----  ---------  --------  ----------  --------------  -------------------
/opt/airflow/dags/minio_to_snowflake_dag.py                           1           0  1.43s           2026-08-05T06:52:26
================================================================================
[2026-08-05T06:52:56.654+0000] {manager.py:878} INFO - 
================================================================================
DAG File Processing Stats

File Path                                      PID  Runtime      # DAGs    # Errors  Last Runtime    Last Run
-------------------------------------------  -----  ---------  --------  ----------  --------------  -------------------
/opt/airflow/dags/minio_to_snowflake_dag.py     50  0.19s             1           0  1.43s           2026-08-05T06:52:26
================================================================================
[2026-08-05T06:53:16.065+0000] {manager.py:737} INFO - Searching for files in /opt/airflow/dags
[2026-08-05T06:53:16.108+0000] {manager.py:740} INFO - There are 1 files in /opt/airflow/dags
[2026-08-05T06:53:26.663+0000] {manager.py:878} INFO - 
================================================================================
DAG File Processing Stats

File Path                                    PID    Runtime      # DAGs    # Errors  Last Runtime    Last Run
-------------------------------------------  -----  ---------  --------  ----------  --------------  -------------------
/opt/airflow/dags/minio_to_snowflake_dag.py                           1           0  2.17s           2026-08-05T06:52:58
================================================================================
[2026-08-05T06:53:57.309+0000] {manager.py:878} INFO - 
================================================================================
DAG File Processing Stats

File Path                                    PID    Runtime      # DAGs    # Errors  Last Runtime    Last Run
-------------------------------------------  -----  ---------  --------  ----------  --------------  -------------------
/opt/airflow/dags/minio_to_snowflake_dag.py                           1           0  1.62s           2026-08-05T06:53:30
================================================================================
[2026-08-05T06:54:28.135+0000] {manager.py:878} INFO - 
================================================================================
DAG File Processing Stats

File Path                                      PID  Runtime      # DAGs    # Errors  Last Runtime    Last Run
-------------------------------------------  -----  ---------  --------  ----------  --------------  -------------------
/opt/airflow/dags/minio_to_snowflake_dag.py     58  27.66s            1           0  1.62s           2026-08-05T06:53:30
================================================================================
[2026-08-05T06:54:41.279+0000] {manager.py:1016} ERROR - Processor for /opt/airflow/dags/minio_to_snowflake_dag.py exited with return code 1.
[2026-08-05T06:54:58.388+0000] {manager.py:878} INFO - 
================================================================================
DAG File Processing Stats

File Path                                    PID    Runtime      # DAGs    # Errors  Last Runtime    Last Run
-------------------------------------------  -----  ---------  --------  ----------  --------------  -------------------
/opt/airflow/dags/minio_to_snowflake_dag.py                           0          -1  40.80s          2026-08-05T06:54:41
================================================================================
[2026-08-05T06:55:28.711+0000] {manager.py:878} INFO - 
================================================================================
DAG File Processing Stats

File Path                                      PID  Runtime      # DAGs    # Errors  Last Runtime    Last Run
-------------------------------------------  -----  ---------  --------  ----------  --------------  -------------------
/opt/airflow/dags/minio_to_snowflake_dag.py     61  17.08s            0          -1  40.80s          2026-08-05T06:54:41
================================================================================
[2026-08-05T06:55:58.859+0000] {manager.py:878} INFO - 
================================================================================
DAG File Processing Stats

File Path                                    PID    Runtime      # DAGs    # Errors  Last Runtime    Last Run
-------------------------------------------  -----  ---------  --------  ----------  --------------  -------------------
/opt/airflow/dags/minio_to_snowflake_dag.py                           1           0  42.94s          2026-08-05T06:55:54
================================================================================
[2026-08-05T06:56:29.324+0000] {manager.py:878} INFO - 
================================================================================
DAG File Processing Stats

File Path                                    PID    Runtime      # DAGs    # Errors  Last Runtime    Last Run
-------------------------------------------  -----  ---------  --------  ----------  --------------  -------------------
/opt/airflow/dags/minio_to_snowflake_dag.py                           1           0  2.91s           2026-08-05T06:56:28
================================================================================
[2026-08-05T06:57:00.065+0000] {manager.py:878} INFO - 
================================================================================
DAG File Processing Stats

File Path                                      PID  Runtime      # DAGs    # Errors  Last Runtime    Last Run
-------------------------------------------  -----  ---------  --------  ----------  --------------  -------------------
/opt/airflow/dags/minio_to_snowflake_dag.py     69  1.49s             1           0  2.91s           2026-08-05T06:56:28
================================================================================
[2026-08-05T06:57:30.626+0000] {manager.py:878} INFO - 
================================================================================
DAG File Processing Stats

File Path                                    PID    Runtime      # DAGs    # Errors  Last Runtime    Last Run
-------------------------------------------  -----  ---------  --------  ----------  --------------  -------------------
/opt/airflow/dags/minio_to_snowflake_dag.py                           1           0  2.63s           2026-08-05T06:57:01
================================================================================
[2026-08-05T06:58:01.726+0000] {manager.py:878} INFO - 
================================================================================
DAG File Processing Stats

File Path                                    PID    Runtime      # DAGs    # Errors  Last Runtime    Last Run
-------------------------------------------  -----  ---------  --------  ----------  --------------  -------------------
/opt/airflow/dags/minio_to_snowflake_dag.py                           1           0  10.53s          2026-08-05T06:57:42
================================================================================
[2026-08-05T06:58:16.075+0000] {manager.py:737} INFO - Searching for files in /opt/airflow/dags
[2026-08-05T06:58:16.120+0000] {manager.py:740} INFO - There are 1 files in /opt/airflow/dags
[2026-08-05T06:58:32.029+0000] {manager.py:878} INFO - 
================================================================================
DAG File Processing Stats

File Path                                    PID    Runtime      # DAGs    # Errors  Last Runtime    Last Run
-------------------------------------------  -----  ---------  --------  ----------  --------------  -------------------
/opt/airflow/dags/minio_to_snowflake_dag.py                           1           0  2.21s           2026-08-05T06:58:15
================================================================================
[2026-08-05T06:59:02.405+0000] {manager.py:878} INFO - 
================================================================================
DAG File Processing Stats

File Path                                    PID    Runtime      # DAGs    # Errors  Last Runtime    Last Run
-------------------------------------------  -----  ---------  --------  ----------  --------------  -------------------
/opt/airflow/dags/minio_to_snowflake_dag.py                           1           0  2.16s           2026-08-05T06:58:47
================================================================================
[2026-08-05T06:59:32.698+0000] {manager.py:878} INFO - 
================================================================================
DAG File Processing Stats

File Path                                    PID    Runtime      # DAGs    # Errors  Last Runtime    Last Run
-------------------------------------------  -----  ---------  --------  ----------  --------------  -------------------
/opt/airflow/dags/minio_to_snowflake_dag.py                           1           0  2.08s           2026-08-05T06:59:19
================================================================================
[2026-08-05T07:00:02.929+0000] {manager.py:878} INFO - 
================================================================================
DAG File Processing Stats

File Path                                    PID    Runtime      # DAGs    # Errors  Last Runtime    Last Run
-------------------------------------------  -----  ---------  --------  ----------  --------------  -------------------
/opt/airflow/dags/minio_to_snowflake_dag.py                           1           0  2.11s           2026-08-05T06:59:51
================================================================================
[2026-08-05T07:00:33.455+0000] {manager.py:878} INFO - 
================================================================================
DAG File Processing Stats

File Path                                    PID    Runtime      # DAGs    # Errors  Last Runtime    Last Run
-------------------------------------------  -----  ---------  --------  ----------  --------------  -------------------
/opt/airflow/dags/minio_to_snowflake_dag.py                           1           0  1.74s           2026-08-05T07:00:23
================================================================================
[2026-08-05T07:01:03.762+0000] {manager.py:878} INFO - 
================================================================================
DAG File Processing Stats

File Path                                    PID    Runtime      # DAGs    # Errors  Last Runtime    Last Run
-------------------------------------------  -----  ---------  --------  ----------  --------------  -------------------
/opt/airflow/dags/minio_to_snowflake_dag.py                           1           0  1.67s           2026-08-05T07:00:55
================================================================================
[2026-08-05T07:01:33.992+0000] {manager.py:878} INFO - 
================================================================================
DAG File Processing Stats

File Path                                    PID    Runtime      # DAGs    # Errors  Last Runtime    Last Run
-------------------------------------------  -----  ---------  --------  ----------  --------------  -------------------
/opt/airflow/dags/minio_to_snowflake_dag.py                           1           0  1.46s           2026-08-05T07:01:27
================================================================================
[2026-08-05T07:02:04.184+0000] {manager.py:878} INFO - 
================================================================================
DAG File Processing Stats

File Path                                    PID    Runtime      # DAGs    # Errors  Last Runtime    Last Run
-------------------------------------------  -----  ---------  --------  ----------  --------------  -------------------
/opt/airflow/dags/minio_to_snowflake_dag.py                           1           0  1.68s           2026-08-05T07:01:59
================================================================================
[2026-08-05T07:02:34.485+0000] {manager.py:878} INFO - 
================================================================================
DAG File Processing Stats

File Path                                    PID    Runtime      # DAGs    # Errors  Last Runtime    Last Run
-------------------------------------------  -----  ---------  --------  ----------  --------------  -------------------
/opt/airflow/dags/minio_to_snowflake_dag.py                           1           0  1.35s           2026-08-05T07:02:30
================================================================================
[2026-08-05T07:03:04.943+0000] {manager.py:878} INFO - 
================================================================================
DAG File Processing Stats

File Path                                    PID    Runtime      # DAGs    # Errors  Last Runtime    Last Run
-------------------------------------------  -----  ---------  --------  ----------  --------------  -------------------
/opt/airflow/dags/minio_to_snowflake_dag.py                           1           0  1.26s           2026-08-05T07:03:02
================================================================================
[2026-08-05T07:03:16.252+0000] {manager.py:737} INFO - Searching for files in /opt/airflow/dags
[2026-08-05T07:03:16.337+0000] {manager.py:740} INFO - There are 1 files in /opt/airflow/dags
[2026-08-05T07:03:35.502+0000] {manager.py:878} INFO - 
================================================================================
DAG File Processing Stats

File Path                                    PID    Runtime      # DAGs    # Errors  Last Runtime    Last Run
-------------------------------------------  -----  ---------  --------  ----------  --------------  -------------------
/opt/airflow/dags/minio_to_snowflake_dag.py                           1           0  1.27s           2026-08-05T07:03:33
================================================================================
[2026-08-05T07:04:05.967+0000] {manager.py:878} INFO - 
================================================================================
DAG File Processing Stats

File Path                                    PID    Runtime      # DAGs    # Errors  Last Runtime    Last Run
-------------------------------------------  -----  ---------  --------  ----------  --------------  -------------------
/opt/airflow/dags/minio_to_snowflake_dag.py                           1           0  1.37s           2026-08-05T07:04:05
================================================================================
[2026-08-05T07:04:36.159+0000] {manager.py:878} INFO - 
================================================================================
DAG File Processing Stats

File Path                                      PID  Runtime      # DAGs    # Errors  Last Runtime    Last Run
-------------------------------------------  -----  ---------  --------  ----------  --------------  -------------------
/opt/airflow/dags/minio_to_snowflake_dag.py    125  0.64s             1           0  1.37s           2026-08-05T07:04:05
================================================================================
[2026-08-05T07:05:06.736+0000] {manager.py:878} INFO - 
================================================================================
DAG File Processing Stats

File Path                                    PID    Runtime      # DAGs    # Errors  Last Runtime    Last Run
-------------------------------------------  -----  ---------  --------  ----------  --------------  -------------------
/opt/airflow/dags/minio_to_snowflake_dag.py                           1           0  2.04s           2026-08-05T07:04:37
================================================================================
[2026-08-05T07:05:37.239+0000] {manager.py:878} INFO - 
================================================================================
DAG File Processing Stats

File Path                                    PID    Runtime      # DAGs    # Errors  Last Runtime    Last Run
-------------------------------------------  -----  ---------  --------  ----------  --------------  -------------------
/opt/airflow/dags/minio_to_snowflake_dag.py                           1           0  1.47s           2026-08-05T07:05:09
================================================================================
[2026-08-05T07:06:07.599+0000] {manager.py:878} INFO - 
================================================================================
DAG File Processing Stats

File Path                                    PID    Runtime      # DAGs    # Errors  Last Runtime    Last Run
-------------------------------------------  -----  ---------  --------  ----------  --------------  -------------------
/opt/airflow/dags/minio_to_snowflake_dag.py                           1           0  1.29s           2026-08-05T07:05:40
================================================================================
[2026-08-05T07:06:37.595+0000] {manager.py:878} INFO - 
================================================================================
DAG File Processing Stats

File Path                                    PID    Runtime      # DAGs    # Errors  Last Runtime    Last Run
-------------------------------------------  -----  ---------  --------  ----------  --------------  -------------------
/opt/airflow/dags/minio_to_snowflake_dag.py                           1           0  1.29s           2026-08-05T07:06:11
================================================================================
[2026-08-05T07:07:08.136+0000] {manager.py:878} INFO - 
================================================================================
DAG File Processing Stats

File Path                                    PID    Runtime      # DAGs    # Errors  Last Runtime    Last Run
-------------------------------------------  -----  ---------  --------  ----------  --------------  -------------------
/opt/airflow/dags/minio_to_snowflake_dag.py                           1           0  1.61s           2026-08-05T07:06:43
================================================================================
[2026-08-05T07:07:38.360+0000] {manager.py:878} INFO - 
================================================================================
DAG File Processing Stats

File Path                                    PID    Runtime      # DAGs    # Errors  Last Runtime    Last Run
-------------------------------------------  -----  ---------  --------  ----------  --------------  -------------------
/opt/airflow/dags/minio_to_snowflake_dag.py                           1           0  1.30s           2026-08-05T07:07:15
================================================================================
[2026-08-05T07:08:08.391+0000] {manager.py:878} INFO - 
================================================================================
DAG File Processing Stats

File Path                                    PID    Runtime      # DAGs    # Errors  Last Runtime    Last Run
-------------------------------------------  -----  ---------  --------  ----------  --------------  -------------------
/opt/airflow/dags/minio_to_snowflake_dag.py                           1           0  1.57s           2026-08-05T07:07:47
================================================================================
[2026-08-05T07:08:16.441+0000] {manager.py:737} INFO - Searching for files in /opt/airflow/dags
[2026-08-05T07:08:16.489+0000] {manager.py:740} INFO - There are 1 files in /opt/airflow/dags
[2026-08-05T07:08:38.674+0000] {manager.py:878} INFO - 
================================================================================
DAG File Processing Stats

File Path                                    PID    Runtime      # DAGs    # Errors  Last Runtime    Last Run
-------------------------------------------  -----  ---------  --------  ----------  --------------  -------------------
/opt/airflow/dags/minio_to_snowflake_dag.py                           1           0  1.32s           2026-08-05T07:08:18
================================================================================
[2026-08-05T07:09:08.720+0000] {manager.py:878} INFO - 
================================================================================
DAG File Processing Stats

File Path                                    PID    Runtime      # DAGs    # Errors  Last Runtime    Last Run
-------------------------------------------  -----  ---------  --------  ----------  --------------  -------------------
/opt/airflow/dags/minio_to_snowflake_dag.py                           1           0  2.55s           2026-08-05T07:08:51
================================================================================
[2026-08-05T07:09:38.937+0000] {manager.py:878} INFO - 
================================================================================
DAG File Processing Stats

File Path                                    PID    Runtime      # DAGs    # Errors  Last Runtime    Last Run
-------------------------------------------  -----  ---------  --------  ----------  --------------  -------------------
/opt/airflow/dags/minio_to_snowflake_dag.py                           1           0  1.71s           2026-08-05T07:09:23
================================================================================
[2026-08-05T07:10:09.121+0000] {manager.py:878} INFO - 
================================================================================
DAG File Processing Stats

File Path                                    PID    Runtime      # DAGs    # Errors  Last Runtime    Last Run
-------------------------------------------  -----  ---------  --------  ----------  --------------  -------------------
/opt/airflow/dags/minio_to_snowflake_dag.py                           1           0  1.45s           2026-08-05T07:09:55
================================================================================
[2026-08-05T07:10:39.450+0000] {manager.py:878} INFO - 
================================================================================
DAG File Processing Stats

File Path                                    PID    Runtime      # DAGs    # Errors  Last Runtime    Last Run
-------------------------------------------  -----  ---------  --------  ----------  --------------  -------------------
/opt/airflow/dags/minio_to_snowflake_dag.py                           1           0  1.32s           2026-08-05T07:10:26
================================================================================
[2026-08-05T07:11:09.853+0000] {manager.py:878} INFO - 
================================================================================
DAG File Processing Stats

File Path                                    PID    Runtime      # DAGs    # Errors  Last Runtime    Last Run
-------------------------------------------  -----  ---------  --------  ----------  --------------  -------------------
/opt/airflow/dags/minio_to_snowflake_dag.py                           1           0  1.40s           2026-08-05T07:10:58
================================================================================
[2026-08-05T07:11:40.441+0000] {manager.py:878} INFO - 
================================================================================
DAG File Processing Stats

File Path                                    PID    Runtime      # DAGs    # Errors  Last Runtime    Last Run
-------------------------------------------  -----  ---------  --------  ----------  --------------  -------------------
/opt/airflow/dags/minio_to_snowflake_dag.py                           1           0  2.41s           2026-08-05T07:11:30
================================================================================
[2026-08-05T07:12:10.629+0000] {manager.py:878} INFO - 
================================================================================
DAG File Processing Stats

File Path                                    PID    Runtime      # DAGs    # Errors  Last Runtime    Last Run
-------------------------------------------  -----  ---------  --------  ----------  --------------  -------------------
/opt/airflow/dags/minio_to_snowflake_dag.py                           1           0  1.72s           2026-08-05T07:12:02
================================================================================
[2026-08-05T07:12:40.951+0000] {manager.py:878} INFO - 
================================================================================
DAG File Processing Stats

File Path                                    PID    Runtime      # DAGs    # Errors  Last Runtime    Last Run
-------------------------------------------  -----  ---------  --------  ----------  --------------  -------------------
/opt/airflow/dags/minio_to_snowflake_dag.py                           1           0  1.39s           2026-08-05T07:12:34
================================================================================
[2026-08-05T07:13:11.426+0000] {manager.py:878} INFO - 
================================================================================
DAG File Processing Stats

File Path                                    PID    Runtime      # DAGs    # Errors  Last Runtime    Last Run
-------------------------------------------  -----  ---------  --------  ----------  --------------  -------------------
/opt/airflow/dags/minio_to_snowflake_dag.py                           1           0  1.36s           2026-08-05T07:13:05
================================================================================
[2026-08-05T07:13:16.456+0000] {manager.py:737} INFO - Searching for files in /opt/airflow/dags
[2026-08-05T07:13:16.501+0000] {manager.py:740} INFO - There are 1 files in /opt/airflow/dags
[2026-08-05T07:13:41.485+0000] {manager.py:878} INFO - 
================================================================================
DAG File Processing Stats

File Path                                    PID    Runtime      # DAGs    # Errors  Last Runtime    Last Run
-------------------------------------------  -----  ---------  --------  ----------  --------------  -------------------
/opt/airflow/dags/minio_to_snowflake_dag.py                           1           0  1.53s           2026-08-05T07:13:37
================================================================================
[2026-08-05T07:14:12.172+0000] {manager.py:878} INFO - 
================================================================================
DAG File Processing Stats

File Path                                    PID    Runtime      # DAGs    # Errors  Last Runtime    Last Run
-------------------------------------------  -----  ---------  --------  ----------  --------------  -------------------
/opt/airflow/dags/minio_to_snowflake_dag.py                           1           0  1.70s           2026-08-05T07:14:09
================================================================================
[2026-08-05T07:14:42.374+0000] {manager.py:878} INFO - 
================================================================================
DAG File Processing Stats

File Path                                    PID    Runtime      # DAGs    # Errors  Last Runtime    Last Run
-------------------------------------------  -----  ---------  --------  ----------  --------------  -------------------
/opt/airflow/dags/minio_to_snowflake_dag.py                           1           0  1.97s           2026-08-05T07:14:41
================================================================================
[2026-08-05T07:15:12.584+0000] {manager.py:878} INFO - 
================================================================================
DAG File Processing Stats

File Path                                      PID  Runtime      # DAGs    # Errors  Last Runtime    Last Run
-------------------------------------------  -----  ---------  --------  ----------  --------------  -------------------
/opt/airflow/dags/minio_to_snowflake_dag.py    205  1.01s             1           0  1.97s           2026-08-05T07:14:41
================================================================================
[2026-08-05T07:15:42.914+0000] {manager.py:878} INFO - 
================================================================================
DAG File Processing Stats

File Path                                      PID  Runtime      # DAGs    # Errors  Last Runtime    Last Run
-------------------------------------------  -----  ---------  --------  ----------  --------------  -------------------
/opt/airflow/dags/minio_to_snowflake_dag.py    209  0.01s             1           0  1.29s           2026-08-05T07:15:12
================================================================================
[2026-08-05T07:16:13.249+0000] {manager.py:878} INFO - 
================================================================================
DAG File Processing Stats

File Path                                    PID    Runtime      # DAGs    # Errors  Last Runtime    Last Run
-------------------------------------------  -----  ---------  --------  ----------  --------------  -------------------
/opt/airflow/dags/minio_to_snowflake_dag.py                           1           0  1.25s           2026-08-05T07:15:44
================================================================================
[2026-08-05T07:16:43.522+0000] {manager.py:878} INFO - 
================================================================================
DAG File Processing Stats

File Path                                    PID    Runtime      # DAGs    # Errors  Last Runtime    Last Run
-------------------------------------------  -----  ---------  --------  ----------  --------------  -------------------
/opt/airflow/dags/minio_to_snowflake_dag.py                           1           0  1.30s           2026-08-05T07:16:15
================================================================================
[2026-08-05T07:17:13.539+0000] {manager.py:878} INFO - 
================================================================================
DAG File Processing Stats

File Path                                    PID    Runtime      # DAGs    # Errors  Last Runtime    Last Run
-------------------------------------------  -----  ---------  --------  ----------  --------------  -------------------
/opt/airflow/dags/minio_to_snowflake_dag.py                           1           0  1.59s           2026-08-05T07:16:47
================================================================================
[2026-08-05T07:17:43.757+0000] {manager.py:878} INFO - 
================================================================================
DAG File Processing Stats

File Path                                    PID    Runtime      # DAGs    # Errors  Last Runtime    Last Run
-------------------------------------------  -----  ---------  --------  ----------  --------------  -------------------
/opt/airflow/dags/minio_to_snowflake_dag.py                           1           0  1.29s           2026-08-05T07:17:18
================================================================================
[2026-08-05T07:18:14.223+0000] {manager.py:878} INFO - 
================================================================================
DAG File Processing Stats

File Path                                    PID    Runtime      # DAGs    # Errors  Last Runtime    Last Run
-------------------------------------------  -----  ---------  --------  ----------  --------------  -------------------
/opt/airflow/dags/minio_to_snowflake_dag.py                           1           0  1.39s           2026-08-05T07:17:50
================================================================================
[2026-08-05T07:18:16.629+0000] {manager.py:737} INFO - Searching for files in /opt/airflow/dags
[2026-08-05T07:18:16.671+0000] {manager.py:740} INFO - There are 1 files in /opt/airflow/dags
[2026-08-05T07:18:44.893+0000] {manager.py:878} INFO - 
================================================================================
DAG File Processing Stats

File Path                                    PID    Runtime      # DAGs    # Errors  Last Runtime    Last Run
-------------------------------------------  -----  ---------  --------  ----------  --------------  -------------------
/opt/airflow/dags/minio_to_snowflake_dag.py                           1           0  1.26s           2026-08-05T07:18:21
================================================================================
[2026-08-05T07:19:15.345+0000] {manager.py:878} INFO - 
================================================================================
DAG File Processing Stats

File Path                                    PID    Runtime      # DAGs    # Errors  Last Runtime    Last Run
-------------------------------------------  -----  ---------  --------  ----------  --------------  -------------------
/opt/airflow/dags/minio_to_snowflake_dag.py                           1           0  1.28s           2026-08-05T07:18:53
================================================================================
[2026-08-05T07:19:45.547+0000] {manager.py:878} INFO - 
================================================================================
DAG File Processing Stats

File Path                                    PID    Runtime      # DAGs    # Errors  Last Runtime    Last Run
-------------------------------------------  -----  ---------  --------  ----------  --------------  -------------------
/opt/airflow/dags/minio_to_snowflake_dag.py                           1           0  1.85s           2026-08-05T07:19:25
================================================================================
[2026-08-05T07:20:15.899+0000] {manager.py:878} INFO - 
================================================================================
DAG File Processing Stats

File Path                                    PID    Runtime      # DAGs    # Errors  Last Runtime    Last Run
-------------------------------------------  -----  ---------  --------  ----------  --------------  -------------------
/opt/airflow/dags/minio_to_snowflake_dag.py                           1           0  1.35s           2026-08-05T07:19:56
================================================================================
[2026-08-05T07:20:46.302+0000] {manager.py:878} INFO - 
================================================================================
DAG File Processing Stats

File Path                                    PID    Runtime      # DAGs    # Errors  Last Runtime    Last Run
-------------------------------------------  -----  ---------  --------  ----------  --------------  -------------------
/opt/airflow/dags/minio_to_snowflake_dag.py                           1           0  1.46s           2026-08-05T07:20:28
================================================================================
[2026-08-05T07:21:16.948+0000] {manager.py:878} INFO - 
================================================================================
DAG File Processing Stats

File Path                                    PID    Runtime      # DAGs    # Errors  Last Runtime    Last Run
-------------------------------------------  -----  ---------  --------  ----------  --------------  -------------------
/opt/airflow/dags/minio_to_snowflake_dag.py                           1           0  1.32s           2026-08-05T07:21:00
================================================================================
[2026-08-05T07:21:47.470+0000] {manager.py:878} INFO - 
================================================================================
DAG File Processing Stats

File Path                                    PID    Runtime      # DAGs    # Errors  Last Runtime    Last Run
-------------------------------------------  -----  ---------  --------  ----------  --------------  -------------------
/opt/airflow/dags/minio_to_snowflake_dag.py                           1           0  1.33s           2026-08-05T07:21:31
================================================================================
[2026-08-05T07:22:18.035+0000] {manager.py:878} INFO - 
================================================================================
DAG File Processing Stats

File Path                                    PID    Runtime      # DAGs    # Errors  Last Runtime    Last Run
-------------------------------------------  -----  ---------  --------  ----------  --------------  -------------------
/opt/airflow/dags/minio_to_snowflake_dag.py                           1           0  1.36s           2026-08-05T07:22:03
================================================================================
[2026-08-05T07:22:48.526+0000] {manager.py:878} INFO - 
================================================================================
DAG File Processing Stats

File Path                                    PID    Runtime      # DAGs    # Errors  Last Runtime    Last Run
-------------------------------------------  -----  ---------  --------  ----------  --------------  -------------------
/opt/airflow/dags/minio_to_snowflake_dag.py                           1           0  1.33s           2026-08-05T07:22:34
================================================================================
[2026-08-05T07:23:16.696+0000] {manager.py:737} INFO - Searching for files in /opt/airflow/dags
[2026-08-05T07:23:16.739+0000] {manager.py:740} INFO - There are 1 files in /opt/airflow/dags
[2026-08-05T07:23:18.768+0000] {manager.py:878} INFO - 
================================================================================
DAG File Processing Stats

File Path                                    PID    Runtime      # DAGs    # Errors  Last Runtime    Last Run
-------------------------------------------  -----  ---------  --------  ----------  --------------  -------------------
/opt/airflow/dags/minio_to_snowflake_dag.py                           1           0  2.01s           2026-08-05T07:23:06
================================================================================
[2026-08-05T07:23:49.231+0000] {manager.py:878} INFO - 
================================================================================
DAG File Processing Stats

File Path                                    PID    Runtime      # DAGs    # Errors  Last Runtime    Last Run
-------------------------------------------  -----  ---------  --------  ----------  --------------  -------------------
/opt/airflow/dags/minio_to_snowflake_dag.py                           1           0  1.48s           2026-08-05T07:23:38
================================================================================
[2026-08-05T07:24:19.271+0000] {manager.py:878} INFO - 
================================================================================
DAG File Processing Stats

File Path                                    PID    Runtime      # DAGs    # Errors  Last Runtime    Last Run
-------------------------------------------  -----  ---------  --------  ----------  --------------  -------------------
/opt/airflow/dags/minio_to_snowflake_dag.py                           1           0  1.38s           2026-08-05T07:24:10
================================================================================
[2026-08-05T07:24:49.477+0000] {manager.py:878} INFO - 
================================================================================
DAG File Processing Stats

File Path                                    PID    Runtime      # DAGs    # Errors  Last Runtime    Last Run
-------------------------------------------  -----  ---------  --------  ----------  --------------  -------------------
/opt/airflow/dags/minio_to_snowflake_dag.py                           1           0  1.26s           2026-08-05T07:24:41
================================================================================
[2026-08-05T07:25:19.928+0000] {manager.py:878} INFO - 
================================================================================
DAG File Processing Stats

File Path                                    PID    Runtime      # DAGs    # Errors  Last Runtime    Last Run
-------------------------------------------  -----  ---------  --------  ----------  --------------  -------------------
/opt/airflow/dags/minio_to_snowflake_dag.py                           1           0  1.23s           2026-08-05T07:25:13
================================================================================
[2026-08-05T07:25:50.337+0000] {manager.py:878} INFO - 
================================================================================
DAG File Processing Stats

File Path                                    PID    Runtime      # DAGs    # Errors  Last Runtime    Last Run
-------------------------------------------  -----  ---------  --------  ----------  --------------  -------------------
/opt/airflow/dags/minio_to_snowflake_dag.py                           1           0  1.32s           2026-08-05T07:25:44
================================================================================
[2026-08-05T07:26:20.854+0000] {manager.py:878} INFO - 
================================================================================
DAG File Processing Stats

File Path                                    PID    Runtime      # DAGs    # Errors  Last Runtime    Last Run
-------------------------------------------  -----  ---------  --------  ----------  --------------  -------------------
/opt/airflow/dags/minio_to_snowflake_dag.py                           1           0  1.30s           2026-08-05T07:26:16
================================================================================
[2026-08-05T07:26:51.346+0000] {manager.py:878} INFO - 
================================================================================
DAG File Processing Stats

File Path                                    PID    Runtime      # DAGs    # Errors  Last Runtime    Last Run
-------------------------------------------  -----  ---------  --------  ----------  --------------  -------------------
/opt/airflow/dags/minio_to_snowflake_dag.py                           1           0  1.52s           2026-08-05T07:26:47
================================================================================
[2026-08-05T07:27:22.058+0000] {manager.py:878} INFO - 
================================================================================
DAG File Processing Stats

File Path                                    PID    Runtime      # DAGs    # Errors  Last Runtime    Last Run
-------------------------------------------  -----  ---------  --------  ----------  --------------  -------------------
/opt/airflow/dags/minio_to_snowflake_dag.py                           1           0  1.29s           2026-08-05T07:27:19
================================================================================
[2026-08-05T07:27:52.546+0000] {manager.py:878} INFO - 
================================================================================
DAG File Processing Stats

File Path                                    PID    Runtime      # DAGs    # Errors  Last Runtime    Last Run
-------------------------------------------  -----  ---------  --------  ----------  --------------  -------------------
/opt/airflow/dags/minio_to_snowflake_dag.py                           1           0  1.32s           2026-08-05T07:27:50
================================================================================
[2026-08-05T07:28:16.701+0000] {manager.py:737} INFO - Searching for files in /opt/airflow/dags
[2026-08-05T07:28:16.746+0000] {manager.py:740} INFO - There are 1 files in /opt/airflow/dags
[2026-08-05T07:28:23.052+0000] {manager.py:878} INFO - 
================================================================================
DAG File Processing Stats

File Path                                    PID    Runtime      # DAGs    # Errors  Last Runtime    Last Run
-------------------------------------------  -----  ---------  --------  ----------  --------------  -------------------
/opt/airflow/dags/minio_to_snowflake_dag.py                           1           0  1.35s           2026-08-05T07:28:22
================================================================================
[2026-08-05T07:28:53.246+0000] {manager.py:878} INFO - 
================================================================================
DAG File Processing Stats

File Path                                      PID  Runtime      # DAGs    # Errors  Last Runtime    Last Run
-------------------------------------------  -----  ---------  --------  ----------  --------------  -------------------
/opt/airflow/dags/minio_to_snowflake_dag.py    309  0.66s             1           0  1.35s           2026-08-05T07:28:22
================================================================================
[2026-08-05T07:29:23.792+0000] {manager.py:878} INFO - 
================================================================================
DAG File Processing Stats

File Path                                    PID    Runtime      # DAGs    # Errors  Last Runtime    Last Run
-------------------------------------------  -----  ---------  --------  ----------  --------------  -------------------
/opt/airflow/dags/minio_to_snowflake_dag.py                           1           0  1.29s           2026-08-05T07:28:53
================================================================================
[2026-08-05T07:29:54.257+0000] {manager.py:878} INFO - 
================================================================================
DAG File Processing Stats

File Path                                    PID    Runtime      # DAGs    # Errors  Last Runtime    Last Run
-------------------------------------------  -----  ---------  --------  ----------  --------------  -------------------
/opt/airflow/dags/minio_to_snowflake_dag.py                           1           0  1.41s           2026-08-05T07:29:25
================================================================================
[2026-08-05T07:30:24.885+0000] {manager.py:878} INFO - 
================================================================================
DAG File Processing Stats

File Path                                    PID    Runtime      # DAGs    # Errors  Last Runtime    Last Run
-------------------------------------------  -----  ---------  --------  ----------  --------------  -------------------
/opt/airflow/dags/minio_to_snowflake_dag.py                           1           0  1.30s           2026-08-05T07:29:56
================================================================================
[2026-08-05T07:30:55.351+0000] {manager.py:878} INFO - 
================================================================================
DAG File Processing Stats

File Path                                    PID    Runtime      # DAGs    # Errors  Last Runtime    Last Run
-------------------------------------------  -----  ---------  --------  ----------  --------------  -------------------
/opt/airflow/dags/minio_to_snowflake_dag.py                           1           0  3.21s           2026-08-05T07:30:30
================================================================================
[2026-08-05T07:31:25.706+0000] {manager.py:878} INFO - 
================================================================================
DAG File Processing Stats

File Path                                    PID    Runtime      # DAGs    # Errors  Last Runtime    Last Run
-------------------------------------------  -----  ---------  --------  ----------  --------------  -------------------
/opt/airflow/dags/minio_to_snowflake_dag.py                           1           0  1.68s           2026-08-05T07:31:02
================================================================================
[2026-08-05T07:31:55.763+0000] {manager.py:878} INFO - 
================================================================================
DAG File Processing Stats

File Path                                    PID    Runtime      # DAGs    # Errors  Last Runtime    Last Run
-------------------------------------------  -----  ---------  --------  ----------  --------------  -------------------
/opt/airflow/dags/minio_to_snowflake_dag.py                           1           0  1.33s           2026-08-05T07:31:33
================================================================================
[2026-08-05T07:32:26.001+0000] {manager.py:878} INFO - 
================================================================================
DAG File Processing Stats

File Path                                    PID    Runtime      # DAGs    # Errors  Last Runtime    Last Run
-------------------------------------------  -----  ---------  --------  ----------  --------------  -------------------
/opt/airflow/dags/minio_to_snowflake_dag.py                           1           0  1.31s           2026-08-05T07:32:05
================================================================================
[2026-08-05T07:32:56.504+0000] {manager.py:878} INFO - 
================================================================================
DAG File Processing Stats

File Path                                    PID    Runtime      # DAGs    # Errors  Last Runtime    Last Run
-------------------------------------------  -----  ---------  --------  ----------  --------------  -------------------
/opt/airflow/dags/minio_to_snowflake_dag.py                           1           0  1.29s           2026-08-05T07:32:36
================================================================================
[2026-08-05T07:33:16.910+0000] {manager.py:737} INFO - Searching for files in /opt/airflow/dags
[2026-08-05T07:33:16.958+0000] {manager.py:740} INFO - There are 1 files in /opt/airflow/dags
[2026-08-05T07:33:27.061+0000] {manager.py:878} INFO - 
================================================================================
DAG File Processing Stats

File Path                                    PID    Runtime      # DAGs    # Errors  Last Runtime    Last Run
-------------------------------------------  -----  ---------  --------  ----------  --------------  -------------------
/opt/airflow/dags/minio_to_snowflake_dag.py                           1           0  1.48s           2026-08-05T07:33:08
================================================================================
[2026-08-05T07:33:57.088+0000] {manager.py:878} INFO - 
================================================================================
DAG File Processing Stats

File Path                                    PID    Runtime      # DAGs    # Errors  Last Runtime    Last Run
-------------------------------------------  -----  ---------  --------  ----------  --------------  -------------------
/opt/airflow/dags/minio_to_snowflake_dag.py                           1           0  2.47s           2026-08-05T07:33:40
================================================================================
[2026-08-05T07:34:27.344+0000] {manager.py:878} INFO - 
================================================================================
DAG File Processing Stats

File Path                                    PID    Runtime      # DAGs    # Errors  Last Runtime    Last Run
-------------------------------------------  -----  ---------  --------  ----------  --------------  -------------------
/opt/airflow/dags/minio_to_snowflake_dag.py                           1           0  1.43s           2026-08-05T07:34:12
================================================================================
[2026-08-05T07:34:57.930+0000] {manager.py:878} INFO - 
================================================================================
DAG File Processing Stats

File Path                                    PID    Runtime      # DAGs    # Errors  Last Runtime    Last Run
-------------------------------------------  -----  ---------  --------  ----------  --------------  -------------------
/opt/airflow/dags/minio_to_snowflake_dag.py                           1           0  1.34s           2026-08-05T07:34:44
================================================================================
[2026-08-05T07:35:28.450+0000] {manager.py:878} INFO - 
================================================================================
DAG File Processing Stats

File Path                                    PID    Runtime      # DAGs    # Errors  Last Runtime    Last Run
-------------------------------------------  -----  ---------  --------  ----------  --------------  -------------------
/opt/airflow/dags/minio_to_snowflake_dag.py                           1           0  1.29s           2026-08-05T07:35:15
================================================================================
[2026-08-05T07:35:58.930+0000] {manager.py:878} INFO - 
================================================================================
DAG File Processing Stats

File Path                                    PID    Runtime      # DAGs    # Errors  Last Runtime    Last Run
-------------------------------------------  -----  ---------  --------  ----------  --------------  -------------------
/opt/airflow/dags/minio_to_snowflake_dag.py                           1           0  1.42s           2026-08-05T07:35:47
================================================================================
[2026-08-05T07:36:28.998+0000] {manager.py:878} INFO - 
================================================================================
DAG File Processing Stats

File Path                                    PID    Runtime      # DAGs    # Errors  Last Runtime    Last Run
-------------------------------------------  -----  ---------  --------  ----------  --------------  -------------------
/opt/airflow/dags/minio_to_snowflake_dag.py                           1           0  1.47s           2026-08-05T07:36:18
================================================================================
[2026-08-05T07:36:59.221+0000] {manager.py:878} INFO - 
================================================================================
DAG File Processing Stats

File Path                                    PID    Runtime      # DAGs    # Errors  Last Runtime    Last Run
-------------------------------------------  -----  ---------  --------  ----------  --------------  -------------------
/opt/airflow/dags/minio_to_snowflake_dag.py                           1           0  1.44s           2026-08-05T07:36:50
================================================================================
[2026-08-05T07:37:29.842+0000] {manager.py:878} INFO - 
================================================================================
DAG File Processing Stats

File Path                                    PID    Runtime      # DAGs    # Errors  Last Runtime    Last Run
-------------------------------------------  -----  ---------  --------  ----------  --------------  -------------------
/opt/airflow/dags/minio_to_snowflake_dag.py                           1           0  3.29s           2026-08-05T07:37:24
================================================================================
[2026-08-05T07:38:00.034+0000] {manager.py:878} INFO - 
================================================================================
DAG File Processing Stats

File Path                                    PID    Runtime      # DAGs    # Errors  Last Runtime    Last Run
-------------------------------------------  -----  ---------  --------  ----------  --------------  -------------------
/opt/airflow/dags/minio_to_snowflake_dag.py                           1           0  1.74s           2026-08-05T07:37:56
================================================================================
[2026-08-05T07:38:17.142+0000] {manager.py:737} INFO - Searching for files in /opt/airflow/dags
[2026-08-05T07:38:17.191+0000] {manager.py:740} INFO - There are 1 files in /opt/airflow/dags
[2026-08-05T07:38:30.095+0000] {manager.py:878} INFO - 
================================================================================
DAG File Processing Stats

File Path                                    PID    Runtime      # DAGs    # Errors  Last Runtime    Last Run
-------------------------------------------  -----  ---------  --------  ----------  --------------  -------------------
/opt/airflow/dags/minio_to_snowflake_dag.py                           1           0  1.79s           2026-08-05T07:38:28
================================================================================
[2026-08-05T07:39:00.666+0000] {manager.py:878} INFO - 
================================================================================
DAG File Processing Stats

File Path                                    PID    Runtime      # DAGs    # Errors  Last Runtime    Last Run
-------------------------------------------  -----  ---------  --------  ----------  --------------  -------------------
/opt/airflow/dags/minio_to_snowflake_dag.py                           1           0  1.52s           2026-08-05T07:38:59
================================================================================
[2026-08-05T07:39:30.882+0000] {manager.py:878} INFO - 
================================================================================
DAG File Processing Stats

File Path                                      PID  Runtime      # DAGs    # Errors  Last Runtime    Last Run
-------------------------------------------  -----  ---------  --------  ----------  --------------  -------------------
/opt/airflow/dags/minio_to_snowflake_dag.py    389  1.02s             1           0  1.52s           2026-08-05T07:38:59
================================================================================
[2026-08-05T07:40:01.223+0000] {manager.py:878} INFO - 
================================================================================
DAG File Processing Stats

File Path                                    PID    Runtime      # DAGs    # Errors  Last Runtime    Last Run
-------------------------------------------  -----  ---------  --------  ----------  --------------  -------------------
/opt/airflow/dags/minio_to_snowflake_dag.py                           1           0  1.37s           2026-08-05T07:39:31
================================================================================
[2026-08-05T07:40:31.635+0000] {manager.py:878} INFO - 
================================================================================
DAG File Processing Stats

File Path                                    PID    Runtime      # DAGs    # Errors  Last Runtime    Last Run
-------------------------------------------  -----  ---------  --------  ----------  --------------  -------------------
/opt/airflow/dags/minio_to_snowflake_dag.py                           1           0  1.29s           2026-08-05T07:40:02
================================================================================
[2026-08-05T07:41:02.130+0000] {manager.py:878} INFO - 
================================================================================
DAG File Processing Stats

File Path                                    PID    Runtime      # DAGs    # Errors  Last Runtime    Last Run
-------------------------------------------  -----  ---------  --------  ----------  --------------  -------------------
/opt/airflow/dags/minio_to_snowflake_dag.py                           1           0  1.32s           2026-08-05T07:40:34
================================================================================
[2026-08-05T07:41:32.636+0000] {manager.py:878} INFO - 
================================================================================
DAG File Processing Stats

File Path                                    PID    Runtime      # DAGs    # Errors  Last Runtime    Last Run
-------------------------------------------  -----  ---------  --------  ----------  --------------  -------------------
/opt/airflow/dags/minio_to_snowflake_dag.py                           1           0  1.25s           2026-08-05T07:41:05
================================================================================
[2026-08-05T07:42:03.079+0000] {manager.py:878} INFO - 
================================================================================
DAG File Processing Stats

File Path                                    PID    Runtime      # DAGs    # Errors  Last Runtime    Last Run
-------------------------------------------  -----  ---------  --------  ----------  --------------  -------------------
/opt/airflow/dags/minio_to_snowflake_dag.py                           1           0  1.25s           2026-08-05T07:41:37
================================================================================
[2026-08-05T07:42:33.544+0000] {manager.py:878} INFO - 
================================================================================
DAG File Processing Stats

File Path                                    PID    Runtime      # DAGs    # Errors  Last Runtime    Last Run
-------------------------------------------  -----  ---------  --------  ----------  --------------  -------------------
/opt/airflow/dags/minio_to_snowflake_dag.py                           1           0  1.51s           2026-08-05T07:42:08
================================================================================
[2026-08-05T07:43:04.239+0000] {manager.py:878} INFO - 
================================================================================
DAG File Processing Stats

File Path                                    PID    Runtime      # DAGs    # Errors  Last Runtime    Last Run
-------------------------------------------  -----  ---------  --------  ----------  --------------  -------------------
/opt/airflow/dags/minio_to_snowflake_dag.py                           1           0  1.30s           2026-08-05T07:42:40
================================================================================
[2026-08-05T07:43:17.628+0000] {manager.py:737} INFO - Searching for files in /opt/airflow/dags
[2026-08-05T07:43:17.674+0000] {manager.py:740} INFO - There are 1 files in /opt/airflow/dags
[2026-08-05T07:43:34.798+0000] {manager.py:878} INFO - 
================================================================================
DAG File Processing Stats

File Path                                    PID    Runtime      # DAGs    # Errors  Last Runtime    Last Run
-------------------------------------------  -----  ---------  --------  ----------  --------------  -------------------
/opt/airflow/dags/minio_to_snowflake_dag.py                           1           0  1.33s           2026-08-05T07:43:11
================================================================================
[2026-08-05T07:44:05.266+0000] {manager.py:878} INFO - 
================================================================================
DAG File Processing Stats

File Path                                    PID    Runtime      # DAGs    # Errors  Last Runtime    Last Run
-------------------------------------------  -----  ---------  --------  ----------  --------------  -------------------
/opt/airflow/dags/minio_to_snowflake_dag.py                           1           0  1.31s           2026-08-05T07:43:43
================================================================================
[2026-08-05T07:44:35.798+0000] {manager.py:878} INFO - 
================================================================================
DAG File Processing Stats

File Path                                    PID    Runtime      # DAGs    # Errors  Last Runtime    Last Run
-------------------------------------------  -----  ---------  --------  ----------  --------------  -------------------
/opt/airflow/dags/minio_to_snowflake_dag.py                           1           0  2.35s           2026-08-05T07:44:15
================================================================================
[2026-08-05T07:45:05.937+0000] {manager.py:878} INFO - 
================================================================================
DAG File Processing Stats

File Path                                    PID    Runtime      # DAGs    # Errors  Last Runtime    Last Run
-------------------------------------------  -----  ---------  --------  ----------  --------------  -------------------
/opt/airflow/dags/minio_to_snowflake_dag.py                           1           0  1.62s           2026-08-05T07:44:47
================================================================================
[2026-08-05T07:45:36.548+0000] {manager.py:878} INFO - 
================================================================================
DAG File Processing Stats

File Path                                    PID    Runtime      # DAGs    # Errors  Last Runtime    Last Run
-------------------------------------------  -----  ---------  --------  ----------  --------------  -------------------
/opt/airflow/dags/minio_to_snowflake_dag.py                           1           0  1.48s           2026-08-05T07:45:19
================================================================================
[2026-08-05T07:46:06.801+0000] {manager.py:878} INFO - 
================================================================================
DAG File Processing Stats

File Path                                    PID    Runtime      # DAGs    # Errors  Last Runtime    Last Run
-------------------------------------------  -----  ---------  --------  ----------  --------------  -------------------
/opt/airflow/dags/minio_to_snowflake_dag.py                           1           0  1.29s           2026-08-05T07:45:50
================================================================================
[2026-08-05T07:46:37.247+0000] {manager.py:878} INFO - 
================================================================================
DAG File Processing Stats

File Path                                    PID    Runtime      # DAGs    # Errors  Last Runtime    Last Run
-------------------------------------------  -----  ---------  --------  ----------  --------------  -------------------
/opt/airflow/dags/minio_to_snowflake_dag.py                           1           0  1.24s           2026-08-05T07:46:22
================================================================================
[2026-08-05T07:47:07.689+0000] {manager.py:878} INFO - 
================================================================================
DAG File Processing Stats

File Path                                    PID    Runtime      # DAGs    # Errors  Last Runtime    Last Run
-------------------------------------------  -----  ---------  --------  ----------  --------------  -------------------
/opt/airflow/dags/minio_to_snowflake_dag.py                           1           0  1.28s           2026-08-05T07:46:53
================================================================================
[2026-08-05T07:47:38.145+0000] {manager.py:878} INFO - 
================================================================================
DAG File Processing Stats

File Path                                    PID    Runtime      # DAGs    # Errors  Last Runtime    Last Run
-------------------------------------------  -----  ---------  --------  ----------  --------------  -------------------
/opt/airflow/dags/minio_to_snowflake_dag.py                           1           0  1.39s           2026-08-05T07:47:25
================================================================================
[2026-08-05T07:48:09.028+0000] {manager.py:878} INFO - 
================================================================================
DAG File Processing Stats

File Path                                    PID    Runtime      # DAGs    # Errors  Last Runtime    Last Run
-------------------------------------------  -----  ---------  --------  ----------  --------------  -------------------
/opt/airflow/dags/minio_to_snowflake_dag.py                           1           0  4.19s           2026-08-05T07:47:59
================================================================================
[2026-08-05T07:48:18.222+0000] {manager.py:737} INFO - Searching for files in /opt/airflow/dags
[2026-08-05T07:48:18.345+0000] {manager.py:740} INFO - There are 1 files in /opt/airflow/dags
[2026-08-05T07:48:39.545+0000] {manager.py:878} INFO - 
================================================================================
DAG File Processing Stats

File Path                                    PID    Runtime      # DAGs    # Errors  Last Runtime    Last Run
-------------------------------------------  -----  ---------  --------  ----------  --------------  -------------------
/opt/airflow/dags/minio_to_snowflake_dag.py                           1           0  3.85s           2026-08-05T07:48:34
================================================================================
[2026-08-05T07:49:09.802+0000] {manager.py:878} INFO - 
================================================================================
DAG File Processing Stats

File Path                                    PID    Runtime      # DAGs    # Errors  Last Runtime    Last Run
-------------------------------------------  -----  ---------  --------  ----------  --------------  -------------------
/opt/airflow/dags/minio_to_snowflake_dag.py                           1           0  3.81s           2026-08-05T07:49:08
================================================================================
[2026-08-05T07:49:40.413+0000] {manager.py:878} INFO - 
================================================================================
DAG File Processing Stats

File Path                                      PID  Runtime      # DAGs    # Errors  Last Runtime    Last Run
-------------------------------------------  -----  ---------  --------  ----------  --------------  -------------------
/opt/airflow/dags/minio_to_snowflake_dag.py    465  1.07s             1           0  3.81s           2026-08-05T07:49:08
================================================================================
[2026-08-05T07:50:10.607+0000] {manager.py:878} INFO - 
================================================================================
DAG File Processing Stats

File Path                                    PID    Runtime      # DAGs    # Errors  Last Runtime    Last Run
-------------------------------------------  -----  ---------  --------  ----------  --------------  -------------------
/opt/airflow/dags/minio_to_snowflake_dag.py                           1           0  3.82s           2026-08-05T07:49:43
================================================================================
[2026-08-05T07:50:40.734+0000] {manager.py:878} INFO - 
================================================================================
DAG File Processing Stats

File Path                                    PID    Runtime      # DAGs    # Errors  Last Runtime    Last Run
-------------------------------------------  -----  ---------  --------  ----------  --------------  -------------------
/opt/airflow/dags/minio_to_snowflake_dag.py                           1           0  3.70s           2026-08-05T07:50:17
================================================================================
[2026-08-05T07:51:11.020+0000] {manager.py:878} INFO - 
================================================================================
DAG File Processing Stats

File Path                                    PID    Runtime      # DAGs    # Errors  Last Runtime    Last Run
-------------------------------------------  -----  ---------  --------  ----------  --------------  -------------------
/opt/airflow/dags/minio_to_snowflake_dag.py                           1           0  4.20s           2026-08-05T07:50:51
================================================================================
[2026-08-05T07:51:41.050+0000] {manager.py:878} INFO - 
================================================================================
DAG File Processing Stats

File Path                                    PID    Runtime      # DAGs    # Errors  Last Runtime    Last Run
-------------------------------------------  -----  ---------  --------  ----------  --------------  -------------------
/opt/airflow/dags/minio_to_snowflake_dag.py                           1           0  3.58s           2026-08-05T07:51:25
================================================================================
[2026-08-05T07:52:11.489+0000] {manager.py:878} INFO - 
================================================================================
DAG File Processing Stats

File Path                                    PID    Runtime      # DAGs    # Errors  Last Runtime    Last Run
-------------------------------------------  -----  ---------  --------  ----------  --------------  -------------------
/opt/airflow/dags/minio_to_snowflake_dag.py                           1           0  3.92s           2026-08-05T07:51:59
================================================================================
[2026-08-05T07:52:41.934+0000] {manager.py:878} INFO - 
================================================================================
DAG File Processing Stats

File Path                                    PID    Runtime      # DAGs    # Errors  Last Runtime    Last Run
-------------------------------------------  -----  ---------  --------  ----------  --------------  -------------------
/opt/airflow/dags/minio_to_snowflake_dag.py                           1           0  3.75s           2026-08-05T07:52:33
================================================================================
[2026-08-05T07:53:12.019+0000] {manager.py:878} INFO - 
================================================================================
DAG File Processing Stats

File Path                                    PID    Runtime      # DAGs    # Errors  Last Runtime    Last Run
-------------------------------------------  -----  ---------  --------  ----------  --------------  -------------------
/opt/airflow/dags/minio_to_snowflake_dag.py                           1           0  3.65s           2026-08-05T07:53:07
================================================================================
[2026-08-05T07:53:18.620+0000] {manager.py:737} INFO - Searching for files in /opt/airflow/dags
[2026-08-05T07:53:18.754+0000] {manager.py:740} INFO - There are 1 files in /opt/airflow/dags
[2026-08-05T07:53:42.232+0000] {manager.py:878} INFO - 
================================================================================
DAG File Processing Stats

File Path                                      PID  Runtime      # DAGs    # Errors  Last Runtime    Last Run
-------------------------------------------  -----  ---------  --------  ----------  --------------  -------------------
/opt/airflow/dags/minio_to_snowflake_dag.py    493  4.10s             1           0  3.65s           2026-08-05T07:53:07
================================================================================
[2026-08-05T07:54:12.946+0000] {manager.py:878} INFO - 
================================================================================
DAG File Processing Stats

File Path                                      PID  Runtime      # DAGs    # Errors  Last Runtime    Last Run
-------------------------------------------  -----  ---------  --------  ----------  --------------  -------------------
/opt/airflow/dags/minio_to_snowflake_dag.py    497  0.02s             1           0  4.39s           2026-08-05T07:53:42
================================================================================
[2026-08-05T08:00:54.212+0000] {manager.py:737} INFO - Searching for files in /opt/airflow/dags
[2026-08-05T08:00:54.234+0000] {manager.py:740} INFO - There are 1 files in /opt/airflow/dags
[2026-08-05T08:01:15.522+0000] {manager.py:878} INFO - 
================================================================================
DAG File Processing Stats

File Path                                    PID    Runtime      # DAGs    # Errors  Last Runtime    Last Run
-------------------------------------------  -----  ---------  --------  ----------  --------------  -------------------
/opt/airflow/dags/minio_to_snowflake_dag.py                           1           0  6.12s           2026-08-05T08:01:00
================================================================================
[2026-08-05T08:01:45.788+0000] {manager.py:878} INFO - 
================================================================================
DAG File Processing Stats

File Path                                    PID    Runtime      # DAGs    # Errors  Last Runtime    Last Run
-------------------------------------------  -----  ---------  --------  ----------  --------------  -------------------
/opt/airflow/dags/minio_to_snowflake_dag.py                           1           0  1.53s           2026-08-05T08:01:32
================================================================================
[2026-08-05T08:02:15.928+0000] {manager.py:878} INFO - 
================================================================================
DAG File Processing Stats

File Path                                    PID    Runtime      # DAGs    # Errors  Last Runtime    Last Run
-------------------------------------------  -----  ---------  --------  ----------  --------------  -------------------
/opt/airflow/dags/minio_to_snowflake_dag.py                           1           0  0.77s           2026-08-05T08:02:03
================================================================================
[2026-08-05T08:02:46.148+0000] {manager.py:878} INFO - 
================================================================================
DAG File Processing Stats

File Path                                    PID    Runtime      # DAGs    # Errors  Last Runtime    Last Run
-------------------------------------------  -----  ---------  --------  ----------  --------------  -------------------
/opt/airflow/dags/minio_to_snowflake_dag.py                           1           0  0.77s           2026-08-05T08:02:34
================================================================================
[2026-08-05T08:03:16.749+0000] {manager.py:878} INFO - 
================================================================================
DAG File Processing Stats

File Path                                    PID    Runtime      # DAGs    # Errors  Last Runtime    Last Run
-------------------------------------------  -----  ---------  --------  ----------  --------------  -------------------
/opt/airflow/dags/minio_to_snowflake_dag.py                           1           0  0.95s           2026-08-05T08:03:05
================================================================================
[2026-08-05T08:03:46.978+0000] {manager.py:878} INFO - 
================================================================================
DAG File Processing Stats

File Path                                    PID    Runtime      # DAGs    # Errors  Last Runtime    Last Run
-------------------------------------------  -----  ---------  --------  ----------  --------------  -------------------
/opt/airflow/dags/minio_to_snowflake_dag.py                           1           0  1.13s           2026-08-05T08:03:36
================================================================================
[2026-08-05T08:04:17.024+0000] {manager.py:878} INFO - 
================================================================================
DAG File Processing Stats

File Path                                    PID    Runtime      # DAGs    # Errors  Last Runtime    Last Run
-------------------------------------------  -----  ---------  --------  ----------  --------------  -------------------
/opt/airflow/dags/minio_to_snowflake_dag.py                           1           0  1.18s           2026-08-05T08:04:08
================================================================================
[2026-08-05T08:04:47.234+0000] {manager.py:878} INFO - 
================================================================================
DAG File Processing Stats

File Path                                    PID    Runtime      # DAGs    # Errors  Last Runtime    Last Run
-------------------------------------------  -----  ---------  --------  ----------  --------------  -------------------
/opt/airflow/dags/minio_to_snowflake_dag.py                           1           0  0.98s           2026-08-05T08:04:40
================================================================================
[2026-08-05T08:05:17.453+0000] {manager.py:878} INFO - 
================================================================================
DAG File Processing Stats

File Path                                    PID    Runtime      # DAGs    # Errors  Last Runtime    Last Run
-------------------------------------------  -----  ---------  --------  ----------  --------------  -------------------
/opt/airflow/dags/minio_to_snowflake_dag.py                           1           0  7.01s           2026-08-05T08:05:17
================================================================================
[2026-08-05T08:05:48.377+0000] {manager.py:878} INFO - 
================================================================================
DAG File Processing Stats

File Path                                      PID  Runtime      # DAGs    # Errors  Last Runtime    Last Run
-------------------------------------------  -----  ---------  --------  ----------  --------------  -------------------
/opt/airflow/dags/minio_to_snowflake_dag.py    537  0.57s             1           0  7.01s           2026-08-05T08:05:17
================================================================================
[2026-08-05T08:05:54.480+0000] {manager.py:737} INFO - Searching for files in /opt/airflow/dags
[2026-08-05T08:05:54.499+0000] {manager.py:740} INFO - There are 1 files in /opt/airflow/dags
[2026-08-05T08:06:18.821+0000] {manager.py:878} INFO - 
================================================================================
DAG File Processing Stats

File Path                                    PID    Runtime      # DAGs    # Errors  Last Runtime    Last Run
-------------------------------------------  -----  ---------  --------  ----------  --------------  -------------------
/opt/airflow/dags/minio_to_snowflake_dag.py                           1           0  2.15s           2026-08-05T08:05:49
================================================================================
[2026-08-05T08:06:49.130+0000] {manager.py:878} INFO - 
================================================================================
DAG File Processing Stats

File Path                                    PID    Runtime      # DAGs    # Errors  Last Runtime    Last Run
-------------------------------------------  -----  ---------  --------  ----------  --------------  -------------------
/opt/airflow/dags/minio_to_snowflake_dag.py                           1           0  2.06s           2026-08-05T08:06:22
================================================================================
[2026-08-05T08:07:19.680+0000] {manager.py:878} INFO - 
================================================================================
DAG File Processing Stats

File Path                                    PID    Runtime      # DAGs    # Errors  Last Runtime    Last Run
-------------------------------------------  -----  ---------  --------  ----------  --------------  -------------------
/opt/airflow/dags/minio_to_snowflake_dag.py                           1           0  0.97s           2026-08-05T08:06:54
================================================================================
[2026-08-05T08:07:49.957+0000] {manager.py:878} INFO - 
================================================================================
DAG File Processing Stats

File Path                                      PID  Runtime      # DAGs    # Errors  Last Runtime    Last Run
-------------------------------------------  -----  ---------  --------  ----------  --------------  -------------------
/opt/airflow/dags/minio_to_snowflake_dag.py    550  25.63s            1           0  0.97s           2026-08-05T08:06:54
================================================================================
[2026-08-05T08:08:26.067+0000] {manager.py:878} INFO - 
================================================================================
DAG File Processing Stats

File Path                                      PID  Runtime      # DAGs    # Errors  Last Runtime    Last Run
-------------------------------------------  -----  ---------  --------  ----------  --------------  -------------------
/opt/airflow/dags/minio_to_snowflake_dag.py    554  3.95s             1           0  26.06s          2026-08-05T08:07:50
================================================================================
[2026-08-05T08:08:56.885+0000] {manager.py:878} INFO - 
================================================================================
DAG File Processing Stats

File Path                                      PID  Runtime      # DAGs    # Errors  Last Runtime    Last Run
-------------------------------------------  -----  ---------  --------  ----------  --------------  -------------------
/opt/airflow/dags/minio_to_snowflake_dag.py    554  36.14s            1           0  26.06s          2026-08-05T08:07:50
================================================================================
[2026-08-05T08:09:03.061+0000] {manager.py:1016} ERROR - Processor for /opt/airflow/dags/minio_to_snowflake_dag.py exited with return code 1.
[2026-08-05T08:09:27.712+0000] {manager.py:878} INFO - 
================================================================================
DAG File Processing Stats

File Path                                    PID    Runtime      # DAGs    # Errors  Last Runtime    Last Run
-------------------------------------------  -----  ---------  --------  ----------  --------------  -------------------
/opt/airflow/dags/minio_to_snowflake_dag.py                           0          -1  42.31s          2026-08-05T08:09:03
================================================================================
[2026-08-05T08:09:58.488+0000] {manager.py:878} INFO - 
================================================================================
DAG File Processing Stats

File Path                                      PID  Runtime      # DAGs    # Errors  Last Runtime    Last Run
-------------------------------------------  -----  ---------  --------  ----------  --------------  -------------------
/opt/airflow/dags/minio_to_snowflake_dag.py    567  24.37s            0          -1  42.31s          2026-08-05T08:09:03
================================================================================
[2026-08-05T08:10:05.324+0000] {manager.py:1016} ERROR - Processor for /opt/airflow/dags/minio_to_snowflake_dag.py exited with return code 1.
[2026-08-05T08:10:28.842+0000] {manager.py:878} INFO - 
================================================================================
DAG File Processing Stats

File Path                                    PID    Runtime      # DAGs    # Errors  Last Runtime    Last Run
-------------------------------------------  -----  ---------  --------  ----------  --------------  -------------------
/opt/airflow/dags/minio_to_snowflake_dag.py                           0          -1  31.06s          2026-08-05T08:10:04
================================================================================
[2026-08-05T08:10:55.665+0000] {manager.py:737} INFO - Searching for files in /opt/airflow/dags
[2026-08-05T08:10:56.326+0000] {manager.py:740} INFO - There are 1 files in /opt/airflow/dags
[2026-08-05T08:11:01.762+0000] {manager.py:878} INFO - 
================================================================================
DAG File Processing Stats

File Path                                      PID  Runtime      # DAGs    # Errors  Last Runtime    Last Run
-------------------------------------------  -----  ---------  --------  ----------  --------------  -------------------
/opt/airflow/dags/minio_to_snowflake_dag.py    572  25.73s            0          -1  31.06s          2026-08-05T08:10:04
================================================================================
[2026-08-05T08:11:24.599+0000] {manager.py:1016} ERROR - Processor for /opt/airflow/dags/minio_to_snowflake_dag.py exited with return code 1.
[2026-08-05T08:11:37.654+0000] {manager.py:878} INFO - 
================================================================================
DAG File Processing Stats

File Path                                    PID    Runtime      # DAGs    # Errors  Last Runtime    Last Run
-------------------------------------------  -----  ---------  --------  ----------  --------------  -------------------
/opt/airflow/dags/minio_to_snowflake_dag.py                           0          -1  49.12s          2026-08-05T08:11:24
================================================================================
[2026-08-05T08:12:08.746+0000] {manager.py:878} INFO - 
================================================================================
DAG File Processing Stats

File Path                                      PID  Runtime      # DAGs    # Errors  Last Runtime    Last Run
-------------------------------------------  -----  ---------  --------  ----------  --------------  -------------------
/opt/airflow/dags/minio_to_snowflake_dag.py    573  11.90s            0          -1  49.12s          2026-08-05T08:11:24
================================================================================
[2026-08-05T08:12:28.279+0000] {manager.py:1016} ERROR - Processor for /opt/airflow/dags/minio_to_snowflake_dag.py exited with return code 1.
[2026-08-05T08:12:39.630+0000] {manager.py:878} INFO - 
================================================================================
DAG File Processing Stats

File Path                                    PID    Runtime      # DAGs    # Errors  Last Runtime    Last Run
-------------------------------------------  -----  ---------  --------  ----------  --------------  -------------------
/opt/airflow/dags/minio_to_snowflake_dag.py                           0          -1  32.26s          2026-08-05T08:12:28
================================================================================
[2026-08-05T08:13:12.318+0000] {manager.py:878} INFO - 
================================================================================
DAG File Processing Stats

File Path                                      PID  Runtime      # DAGs    # Errors  Last Runtime    Last Run
-------------------------------------------  -----  ---------  --------  ----------  --------------  -------------------
/opt/airflow/dags/minio_to_snowflake_dag.py    640  11.57s            0          -1  32.26s          2026-08-05T08:12:28
================================================================================
[2026-08-05T08:13:43.580+0000] {manager.py:878} INFO - 
================================================================================
DAG File Processing Stats

File Path                                      PID  Runtime      # DAGs    # Errors  Last Runtime    Last Run
-------------------------------------------  -----  ---------  --------  ----------  --------------  -------------------
/opt/airflow/dags/minio_to_snowflake_dag.py    640  44.53s            0          -1  32.26s          2026-08-05T08:12:28
================================================================================
[2026-08-05T08:13:49.542+0000] {manager.py:1203} ERROR - Processor for /opt/airflow/dags/minio_to_snowflake_dag.py with PID 640 started at 2026-08-05T08:12:59.052903+00:00 has timed out, killing it.
[2026-08-05T08:14:16.215+0000] {manager.py:878} INFO - 
================================================================================
DAG File Processing Stats

File Path                                    PID    Runtime      # DAGs    # Errors  Last Runtime    Last Run
-------------------------------------------  -----  ---------  --------  ----------  --------------  -------------------
/opt/airflow/dags/minio_to_snowflake_dag.py                           0           1  50.49s          2026-08-05T08:13:49
================================================================================
[2026-08-05T08:14:46.478+0000] {manager.py:878} INFO - 
================================================================================
DAG File Processing Stats

File Path                                      PID  Runtime      # DAGs    # Errors  Last Runtime    Last Run
-------------------------------------------  -----  ---------  --------  ----------  --------------  -------------------
/opt/airflow/dags/minio_to_snowflake_dag.py   1124  26.09s            0           1  50.49s          2026-08-05T08:13:49
================================================================================
[2026-08-05T08:15:07.874+0000] {manager.py:1016} ERROR - Processor for /opt/airflow/dags/minio_to_snowflake_dag.py exited with return code 1.
[2026-08-05T08:15:16.996+0000] {manager.py:878} INFO - 
================================================================================
DAG File Processing Stats

File Path                                    PID    Runtime      # DAGs    # Errors  Last Runtime    Last Run
-------------------------------------------  -----  ---------  --------  ----------  --------------  -------------------
/opt/airflow/dags/minio_to_snowflake_dag.py                           0          -1  47.79s          2026-08-05T08:15:07
================================================================================
[2026-08-05T08:15:49.378+0000] {manager.py:878} INFO - 
================================================================================
DAG File Processing Stats

File Path                                      PID  Runtime      # DAGs    # Errors  Last Runtime    Last Run
-------------------------------------------  -----  ---------  --------  ----------  --------------  -------------------
/opt/airflow/dags/minio_to_snowflake_dag.py   1210  7.74s             0          -1  47.79s          2026-08-05T08:15:07
================================================================================
[2026-08-05T08:15:56.096+0000] {manager.py:737} INFO - Searching for files in /opt/airflow/dags
[2026-08-05T08:16:06.779+0000] {manager.py:740} INFO - There are 1 files in /opt/airflow/dags
[2026-08-05T08:16:21.463+0000] {manager.py:878} INFO - 
================================================================================
DAG File Processing Stats

File Path                                      PID  Runtime      # DAGs    # Errors  Last Runtime    Last Run
-------------------------------------------  -----  ---------  --------  ----------  --------------  -------------------
/opt/airflow/dags/minio_to_snowflake_dag.py   1210  40.54s            0          -1  47.79s          2026-08-05T08:15:07
================================================================================
[2026-08-05T08:16:31.001+0000] {manager.py:1203} ERROR - Processor for /opt/airflow/dags/minio_to_snowflake_dag.py with PID 1210 started at 2026-08-05T08:15:40.920653+00:00 has timed out, killing it.
[2026-08-05T08:16:53.322+0000] {manager.py:878} INFO - 
================================================================================
DAG File Processing Stats

File Path                                    PID    Runtime      # DAGs    # Errors  Last Runtime    Last Run
-------------------------------------------  -----  ---------  --------  ----------  --------------  -------------------
/opt/airflow/dags/minio_to_snowflake_dag.py                           0           1  50.08s          2026-08-05T08:16:31
================================================================================
[2026-08-05T08:17:23.617+0000] {manager.py:878} INFO - 
================================================================================
DAG File Processing Stats

File Path                                    PID    Runtime      # DAGs    # Errors  Last Runtime    Last Run
-------------------------------------------  -----  ---------  --------  ----------  --------------  -------------------
/opt/airflow/dags/minio_to_snowflake_dag.py                           1           0  5.54s           2026-08-05T08:17:06
================================================================================
[2026-08-05T08:17:53.780+0000] {manager.py:878} INFO - 
================================================================================
DAG File Processing Stats

File Path                                    PID    Runtime      # DAGs    # Errors  Last Runtime    Last Run
-------------------------------------------  -----  ---------  --------  ----------  --------------  -------------------
/opt/airflow/dags/minio_to_snowflake_dag.py                           1           0  2.66s           2026-08-05T08:17:39
================================================================================
[2026-08-05T08:18:24.686+0000] {manager.py:878} INFO - 
================================================================================
DAG File Processing Stats

File Path                                      PID  Runtime      # DAGs    # Errors  Last Runtime    Last Run
-------------------------------------------  -----  ---------  --------  ----------  --------------  -------------------
/opt/airflow/dags/minio_to_snowflake_dag.py   1875  14.79s            1           0  2.66s           2026-08-05T08:17:39
================================================================================
[2026-08-05T08:18:41.082+0000] {manager.py:1016} ERROR - Processor for /opt/airflow/dags/minio_to_snowflake_dag.py exited with return code 1.
[2026-08-05T08:18:54.769+0000] {manager.py:878} INFO - 
================================================================================
DAG File Processing Stats

File Path                                    PID    Runtime      # DAGs    # Errors  Last Runtime    Last Run
-------------------------------------------  -----  ---------  --------  ----------  --------------  -------------------
/opt/airflow/dags/minio_to_snowflake_dag.py                           0          -1  31.19s          2026-08-05T08:18:41
================================================================================
[2026-08-05T08:19:24.784+0000] {manager.py:878} INFO - 
================================================================================
DAG File Processing Stats

File Path                                      PID  Runtime      # DAGs    # Errors  Last Runtime    Last Run
-------------------------------------------  -----  ---------  --------  ----------  --------------  -------------------
/opt/airflow/dags/minio_to_snowflake_dag.py   2923  13.46s            0          -1  31.19s          2026-08-05T08:18:41
================================================================================
[2026-08-05T08:19:55.140+0000] {manager.py:878} INFO - 
================================================================================
DAG File Processing Stats

File Path                                      PID  Runtime      # DAGs    # Errors  Last Runtime    Last Run
-------------------------------------------  -----  ---------  --------  ----------  --------------  -------------------
/opt/airflow/dags/minio_to_snowflake_dag.py   3193  0.01s             1           0  13.70s          2026-08-05T08:19:25
================================================================================
[2026-08-05T08:20:25.133+0000] {manager.py:878} INFO - 
================================================================================
DAG File Processing Stats

File Path                                    PID    Runtime      # DAGs    # Errors  Last Runtime    Last Run
-------------------------------------------  -----  ---------  --------  ----------  --------------  -------------------
/opt/airflow/dags/minio_to_snowflake_dag.py                           1           0  24.34s          2026-08-05T08:20:19
================================================================================
[2026-08-05T08:20:55.440+0000] {manager.py:878} INFO - 
================================================================================
DAG File Processing Stats

File Path                                    PID    Runtime      # DAGs    # Errors  Last Runtime    Last Run
-------------------------------------------  -----  ---------  --------  ----------  --------------  -------------------
/opt/airflow/dags/minio_to_snowflake_dag.py                           1           0  4.28s           2026-08-05T08:20:53
================================================================================
[2026-08-05T08:20:56.449+0000] {manager.py:737} INFO - Searching for files in /opt/airflow/dags
[2026-08-05T08:20:56.488+0000] {manager.py:740} INFO - There are 1 files in /opt/airflow/dags
[2026-08-05T08:21:25.772+0000] {manager.py:878} INFO - 
================================================================================
DAG File Processing Stats

File Path                                      PID  Runtime      # DAGs    # Errors  Last Runtime    Last Run
-------------------------------------------  -----  ---------  --------  ----------  --------------  -------------------
/opt/airflow/dags/minio_to_snowflake_dag.py   3891  1.73s             1           0  4.28s           2026-08-05T08:20:53
================================================================================
[2026-08-05T08:21:56.292+0000] {manager.py:878} INFO - 
================================================================================
DAG File Processing Stats

File Path                                    PID    Runtime      # DAGs    # Errors  Last Runtime    Last Run
-------------------------------------------  -----  ---------  --------  ----------  --------------  -------------------
/opt/airflow/dags/minio_to_snowflake_dag.py                           1           0  6.15s           2026-08-05T08:21:30
================================================================================
[2026-08-05T08:22:27.028+0000] {manager.py:878} INFO - 
================================================================================
DAG File Processing Stats

File Path                                    PID    Runtime      # DAGs    # Errors  Last Runtime    Last Run
-------------------------------------------  -----  ---------  --------  ----------  --------------  -------------------
/opt/airflow/dags/minio_to_snowflake_dag.py                           1           0  1.39s           2026-08-05T08:22:01
================================================================================
[2026-08-05T08:22:57.090+0000] {manager.py:878} INFO - 
================================================================================
DAG File Processing Stats

File Path                                    PID    Runtime      # DAGs    # Errors  Last Runtime    Last Run
-------------------------------------------  -----  ---------  --------  ----------  --------------  -------------------
/opt/airflow/dags/minio_to_snowflake_dag.py                           1           0  0.76s           2026-08-05T08:22:33
================================================================================
[2026-08-05T08:23:27.565+0000] {manager.py:878} INFO - 
================================================================================
DAG File Processing Stats

File Path                                      PID  Runtime      # DAGs    # Errors  Last Runtime    Last Run
-------------------------------------------  -----  ---------  --------  ----------  --------------  -------------------
/opt/airflow/dags/minio_to_snowflake_dag.py   5451  23.71s            1           0  0.76s           2026-08-05T08:22:33
================================================================================
[2026-08-05T08:23:53.816+0000] {manager.py:1203} ERROR - Processor for /opt/airflow/dags/minio_to_snowflake_dag.py with PID 5451 started at 2026-08-05T08:23:03.765148+00:00 has timed out, killing it.
[2026-08-05T08:23:58.165+0000] {manager.py:878} INFO - 
================================================================================
DAG File Processing Stats

File Path                                    PID    Runtime      # DAGs    # Errors  Last Runtime    Last Run
-------------------------------------------  -----  ---------  --------  ----------  --------------  -------------------
/opt/airflow/dags/minio_to_snowflake_dag.py                           0           1  50.05s          2026-08-05T08:23:53
================================================================================
[2026-08-05T08:24:29.278+0000] {manager.py:878} INFO - 
================================================================================
DAG File Processing Stats

File Path                                      PID  Runtime      # DAGs    # Errors  Last Runtime    Last Run
-------------------------------------------  -----  ---------  --------  ----------  --------------  -------------------
/opt/airflow/dags/minio_to_snowflake_dag.py   5804  4.71s             0           1  50.05s          2026-08-05T08:23:53
================================================================================
[2026-08-05T08:25:01.035+0000] {manager.py:878} INFO - 
================================================================================
DAG File Processing Stats

File Path                                      PID  Runtime      # DAGs    # Errors  Last Runtime    Last Run
-------------------------------------------  -----  ---------  --------  ----------  --------------  -------------------
/opt/airflow/dags/minio_to_snowflake_dag.py   5804  36.66s            0           1  50.05s          2026-08-05T08:23:53
================================================================================
[2026-08-05T08:25:02.609+0000] {manager.py:1016} ERROR - Processor for /opt/airflow/dags/minio_to_snowflake_dag.py exited with return code 1.
[2026-08-05T08:25:31.357+0000] {manager.py:878} INFO - 
================================================================================
DAG File Processing Stats

File Path                                    PID    Runtime      # DAGs    # Errors  Last Runtime    Last Run
-------------------------------------------  -----  ---------  --------  ----------  --------------  -------------------
/opt/airflow/dags/minio_to_snowflake_dag.py                           0          -1  38.21s          2026-08-05T08:25:02
================================================================================
[2026-08-05T08:25:56.676+0000] {manager.py:737} INFO - Searching for files in /opt/airflow/dags
[2026-08-05T08:25:56.695+0000] {manager.py:740} INFO - There are 1 files in /opt/airflow/dags
[2026-08-05T08:26:01.462+0000] {manager.py:878} INFO - 
================================================================================
DAG File Processing Stats

File Path                                      PID  Runtime      # DAGs    # Errors  Last Runtime    Last Run
-------------------------------------------  -----  ---------  --------  ----------  --------------  -------------------
/opt/airflow/dags/minio_to_snowflake_dag.py   5932  28.35s            0          -1  38.21s          2026-08-05T08:25:02
================================================================================
[2026-08-05T08:26:23.649+0000] {manager.py:1203} ERROR - Processor for /opt/airflow/dags/minio_to_snowflake_dag.py with PID 5932 started at 2026-08-05T08:25:33.116673+00:00 has timed out, killing it.
[2026-08-05T08:26:31.615+0000] {manager.py:878} INFO - 
================================================================================
DAG File Processing Stats

File Path                                    PID    Runtime      # DAGs    # Errors  Last Runtime    Last Run
-------------------------------------------  -----  ---------  --------  ----------  --------------  -------------------
/opt/airflow/dags/minio_to_snowflake_dag.py                           0           1  50.53s          2026-08-05T08:26:23
================================================================================
[2026-08-05T08:27:06.001+0000] {manager.py:878} INFO - 
================================================================================
DAG File Processing Stats

File Path                                      PID  Runtime      # DAGs    # Errors  Last Runtime    Last Run
-------------------------------------------  -----  ---------  --------  ----------  --------------  -------------------
/opt/airflow/dags/minio_to_snowflake_dag.py   6128  12.17s            0           1  50.53s          2026-08-05T08:26:23
================================================================================
[2026-08-05T08:27:36.973+0000] {manager.py:878} INFO - 
================================================================================
DAG File Processing Stats

File Path                                      PID  Runtime      # DAGs    # Errors  Last Runtime    Last Run
-------------------------------------------  -----  ---------  --------  ----------  --------------  -------------------
/opt/airflow/dags/minio_to_snowflake_dag.py   6128  43.15s            0           1  50.53s          2026-08-05T08:26:23
================================================================================
[2026-08-05T08:27:38.397+0000] {manager.py:1016} ERROR - Processor for /opt/airflow/dags/minio_to_snowflake_dag.py exited with return code 1.
[2026-08-05T08:28:06.955+0000] {manager.py:878} INFO - 
================================================================================
DAG File Processing Stats

File Path                                    PID    Runtime      # DAGs    # Errors  Last Runtime    Last Run
-------------------------------------------  -----  ---------  --------  ----------  --------------  -------------------
/opt/airflow/dags/minio_to_snowflake_dag.py                           0          -1  44.57s          2026-08-05T08:27:38
================================================================================
[2026-08-05T08:28:37.375+0000] {manager.py:878} INFO - 
================================================================================
DAG File Processing Stats

File Path                                    PID    Runtime      # DAGs    # Errors  Last Runtime    Last Run
-------------------------------------------  -----  ---------  --------  ----------  --------------  -------------------
/opt/airflow/dags/minio_to_snowflake_dag.py                           1           0  28.26s          2026-08-05T08:28:37
================================================================================
[2026-08-05T08:29:07.868+0000] {manager.py:878} INFO - 
================================================================================
DAG File Processing Stats

File Path                                      PID  Runtime      # DAGs    # Errors  Last Runtime    Last Run
-------------------------------------------  -----  ---------  --------  ----------  --------------  -------------------
/opt/airflow/dags/minio_to_snowflake_dag.py   6956  0.01s             1           0  28.26s          2026-08-05T08:28:37
================================================================================
[2026-08-05T08:29:37.850+0000] {manager.py:878} INFO - 
================================================================================
DAG File Processing Stats

File Path                                    PID    Runtime      # DAGs    # Errors  Last Runtime    Last Run
-------------------------------------------  -----  ---------  --------  ----------  --------------  -------------------
/opt/airflow/dags/minio_to_snowflake_dag.py                           1           0  28.23s          2026-08-05T08:29:36
================================================================================
[2026-08-05T08:30:08.100+0000] {manager.py:878} INFO - 
================================================================================
DAG File Processing Stats

File Path                                      PID  Runtime      # DAGs    # Errors  Last Runtime    Last Run
-------------------------------------------  -----  ---------  --------  ----------  --------------  -------------------
/opt/airflow/dags/minio_to_snowflake_dag.py   7787  1.02s             1           0  28.23s          2026-08-05T08:29:36
================================================================================
[2026-08-05T08:30:38.153+0000] {manager.py:878} INFO - 
================================================================================
DAG File Processing Stats

File Path                                    PID    Runtime      # DAGs    # Errors  Last Runtime    Last Run
-------------------------------------------  -----  ---------  --------  ----------  --------------  -------------------
/opt/airflow/dags/minio_to_snowflake_dag.py                           1           0  7.97s           2026-08-05T08:30:15
================================================================================
[2026-08-05T08:30:56.689+0000] {manager.py:737} INFO - Searching for files in /opt/airflow/dags
[2026-08-05T08:30:56.709+0000] {manager.py:740} INFO - There are 1 files in /opt/airflow/dags
[2026-08-05T08:31:08.800+0000] {manager.py:878} INFO - 
================================================================================
DAG File Processing Stats

File Path                                    PID    Runtime      # DAGs    # Errors  Last Runtime    Last Run
-------------------------------------------  -----  ---------  --------  ----------  --------------  -------------------
/opt/airflow/dags/minio_to_snowflake_dag.py                           1           0  1.35s           2026-08-05T08:30:46
================================================================================
[2026-08-05T08:31:38.947+0000] {manager.py:878} INFO - 
================================================================================
DAG File Processing Stats

File Path                                    PID    Runtime      # DAGs    # Errors  Last Runtime    Last Run
-------------------------------------------  -----  ---------  --------  ----------  --------------  -------------------
/opt/airflow/dags/minio_to_snowflake_dag.py                           1           0  0.81s           2026-08-05T08:31:17
================================================================================
[2026-08-05T08:32:09.055+0000] {manager.py:878} INFO - 
================================================================================
DAG File Processing Stats

File Path                                    PID    Runtime      # DAGs    # Errors  Last Runtime    Last Run
-------------------------------------------  -----  ---------  --------  ----------  --------------  -------------------
/opt/airflow/dags/minio_to_snowflake_dag.py                           1           0  0.99s           2026-08-05T08:31:48
================================================================================
[2026-08-05T08:32:39.784+0000] {manager.py:878} INFO - 
================================================================================
DAG File Processing Stats

File Path                                    PID    Runtime      # DAGs    # Errors  Last Runtime    Last Run
-------------------------------------------  -----  ---------  --------  ----------  --------------  -------------------
/opt/airflow/dags/minio_to_snowflake_dag.py                           1           0  0.89s           2026-08-05T08:32:19
================================================================================
[2026-08-05T08:33:09.994+0000] {manager.py:878} INFO - 
================================================================================
DAG File Processing Stats

File Path                                    PID    Runtime      # DAGs    # Errors  Last Runtime    Last Run
-------------------------------------------  -----  ---------  --------  ----------  --------------  -------------------
/opt/airflow/dags/minio_to_snowflake_dag.py                           1           0  3.02s           2026-08-05T08:32:53
================================================================================
[2026-08-05T08:33:40.737+0000] {manager.py:878} INFO - 
================================================================================
DAG File Processing Stats

File Path                                    PID    Runtime      # DAGs    # Errors  Last Runtime    Last Run
-------------------------------------------  -----  ---------  --------  ----------  --------------  -------------------
/opt/airflow/dags/minio_to_snowflake_dag.py                           1           0  8.70s           2026-08-05T08:33:32
================================================================================
[2026-08-05T08:34:11.058+0000] {manager.py:878} INFO - 
================================================================================
DAG File Processing Stats

File Path                                      PID  Runtime      # DAGs    # Errors  Last Runtime    Last Run
-------------------------------------------  -----  ---------  --------  ----------  --------------  -------------------
/opt/airflow/dags/minio_to_snowflake_dag.py  11715  8.05s             1           0  8.70s           2026-08-05T08:33:32
================================================================================
[2026-08-05T08:34:41.265+0000] {manager.py:878} INFO - 
================================================================================
DAG File Processing Stats

File Path                                    PID    Runtime      # DAGs    # Errors  Last Runtime    Last Run
-------------------------------------------  -----  ---------  --------  ----------  --------------  -------------------
/opt/airflow/dags/minio_to_snowflake_dag.py                           1           0  24.22s          2026-08-05T08:34:27
================================================================================
[2026-08-05T08:35:12.044+0000] {manager.py:878} INFO - 
================================================================================
DAG File Processing Stats

File Path                                      PID  Runtime      # DAGs    # Errors  Last Runtime    Last Run
-------------------------------------------  -----  ---------  --------  ----------  --------------  -------------------
/opt/airflow/dags/minio_to_snowflake_dag.py  12031  14.50s            1           0  24.22s          2026-08-05T08:34:27
================================================================================
[2026-08-05T08:35:42.680+0000] {manager.py:878} INFO - 
================================================================================
DAG File Processing Stats

File Path                                      PID  Runtime      # DAGs    # Errors  Last Runtime    Last Run
-------------------------------------------  -----  ---------  --------  ----------  --------------  -------------------
/opt/airflow/dags/minio_to_snowflake_dag.py  12031  45.13s            1           0  24.22s          2026-08-05T08:34:27
================================================================================
[2026-08-05T08:35:57.306+0000] {manager.py:737} INFO - Searching for files in /opt/airflow/dags
[2026-08-05T08:35:57.326+0000] {manager.py:740} INFO - There are 1 files in /opt/airflow/dags
[2026-08-05T08:36:13.460+0000] {manager.py:878} INFO - 
================================================================================
DAG File Processing Stats

File Path                                    PID    Runtime      # DAGs    # Errors  Last Runtime    Last Run
-------------------------------------------  -----  ---------  --------  ----------  --------------  -------------------
/opt/airflow/dags/minio_to_snowflake_dag.py                           1           0  47.24s          2026-08-05T08:35:44
================================================================================
[2026-08-05T08:36:43.615+0000] {manager.py:878} INFO - 
================================================================================
DAG File Processing Stats

File Path                                    PID    Runtime      # DAGs    # Errors  Last Runtime    Last Run
-------------------------------------------  -----  ---------  --------  ----------  --------------  -------------------
/opt/airflow/dags/minio_to_snowflake_dag.py                           1           0  3.81s           2026-08-05T08:36:19
================================================================================
[2026-08-05T08:37:13.741+0000] {manager.py:878} INFO - 
================================================================================
DAG File Processing Stats

File Path                                    PID    Runtime      # DAGs    # Errors  Last Runtime    Last Run
-------------------------------------------  -----  ---------  --------  ----------  --------------  -------------------
/opt/airflow/dags/minio_to_snowflake_dag.py                           1           0  0.96s           2026-08-05T08:36:50
================================================================================
[2026-08-05T08:37:43.867+0000] {manager.py:878} INFO - 
================================================================================
DAG File Processing Stats

File Path                                    PID    Runtime      # DAGs    # Errors  Last Runtime    Last Run
-------------------------------------------  -----  ---------  --------  ----------  --------------  -------------------
/opt/airflow/dags/minio_to_snowflake_dag.py                           1           0  0.78s           2026-08-05T08:37:21
================================================================================
[2026-08-05T08:38:14.000+0000] {manager.py:878} INFO - 
================================================================================
DAG File Processing Stats

File Path                                    PID    Runtime      # DAGs    # Errors  Last Runtime    Last Run
-------------------------------------------  -----  ---------  --------  ----------  --------------  -------------------
/opt/airflow/dags/minio_to_snowflake_dag.py                           1           0  0.86s           2026-08-05T08:37:52
================================================================================
[2026-08-05T08:38:44.152+0000] {manager.py:878} INFO - 
================================================================================
DAG File Processing Stats

File Path                                    PID    Runtime      # DAGs    # Errors  Last Runtime    Last Run
-------------------------------------------  -----  ---------  --------  ----------  --------------  -------------------
/opt/airflow/dags/minio_to_snowflake_dag.py                           1           0  0.98s           2026-08-05T08:38:23
================================================================================
[2026-08-05T08:39:14.268+0000] {manager.py:878} INFO - 
================================================================================
DAG File Processing Stats

File Path                                    PID    Runtime      # DAGs    # Errors  Last Runtime    Last Run
-------------------------------------------  -----  ---------  --------  ----------  --------------  -------------------
/opt/airflow/dags/minio_to_snowflake_dag.py                           1           0  0.79s           2026-08-05T08:38:54
================================================================================
[2026-08-05T08:39:44.391+0000] {manager.py:878} INFO - 
================================================================================
DAG File Processing Stats

File Path                                    PID    Runtime      # DAGs    # Errors  Last Runtime    Last Run
-------------------------------------------  -----  ---------  --------  ----------  --------------  -------------------
/opt/airflow/dags/minio_to_snowflake_dag.py                           1           0  0.85s           2026-08-05T08:39:25
================================================================================
[2026-08-05T08:40:14.524+0000] {manager.py:878} INFO - 
================================================================================
DAG File Processing Stats

File Path                                    PID    Runtime      # DAGs    # Errors  Last Runtime    Last Run
-------------------------------------------  -----  ---------  --------  ----------  --------------  -------------------
/opt/airflow/dags/minio_to_snowflake_dag.py                           1           0  0.83s           2026-08-05T08:39:56
================================================================================
[2026-08-05T08:40:44.679+0000] {manager.py:878} INFO - 
================================================================================
DAG File Processing Stats

File Path                                    PID    Runtime      # DAGs    # Errors  Last Runtime    Last Run
-------------------------------------------  -----  ---------  --------  ----------  --------------  -------------------
/opt/airflow/dags/minio_to_snowflake_dag.py                           1           0  1.00s           2026-08-05T08:40:27
================================================================================
[2026-08-05T08:40:57.735+0000] {manager.py:737} INFO - Searching for files in /opt/airflow/dags
[2026-08-05T08:40:57.754+0000] {manager.py:740} INFO - There are 1 files in /opt/airflow/dags
[2026-08-05T08:41:15.011+0000] {manager.py:878} INFO - 
================================================================================
DAG File Processing Stats

File Path                                    PID    Runtime      # DAGs    # Errors  Last Runtime    Last Run
-------------------------------------------  -----  ---------  --------  ----------  --------------  -------------------
/opt/airflow/dags/minio_to_snowflake_dag.py                           1           0  0.82s           2026-08-05T08:40:58
================================================================================
[2026-08-05T08:41:45.136+0000] {manager.py:878} INFO - 
================================================================================
DAG File Processing Stats

File Path                                    PID    Runtime      # DAGs    # Errors  Last Runtime    Last Run
-------------------------------------------  -----  ---------  --------  ----------  --------------  -------------------
/opt/airflow/dags/minio_to_snowflake_dag.py                           1           0  0.87s           2026-08-05T08:41:29
================================================================================
[2026-08-05T08:42:15.262+0000] {manager.py:878} INFO - 
================================================================================
DAG File Processing Stats

File Path                                    PID    Runtime      # DAGs    # Errors  Last Runtime    Last Run
-------------------------------------------  -----  ---------  --------  ----------  --------------  -------------------
/opt/airflow/dags/minio_to_snowflake_dag.py                           1           0  0.90s           2026-08-05T08:42:00
================================================================================
[2026-08-05T08:42:45.948+0000] {manager.py:878} INFO - 
================================================================================
DAG File Processing Stats

File Path                                    PID    Runtime      # DAGs    # Errors  Last Runtime    Last Run
-------------------------------------------  -----  ---------  --------  ----------  --------------  -------------------
/opt/airflow/dags/minio_to_snowflake_dag.py                           1           0  1.18s           2026-08-05T08:42:32
================================================================================
[2026-08-05T08:43:16.066+0000] {manager.py:878} INFO - 
================================================================================
DAG File Processing Stats

File Path                                    PID    Runtime      # DAGs    # Errors  Last Runtime    Last Run
-------------------------------------------  -----  ---------  --------  ----------  --------------  -------------------
/opt/airflow/dags/minio_to_snowflake_dag.py                           1           0  0.84s           2026-08-05T08:43:03
================================================================================
[2026-08-05T08:43:46.444+0000] {manager.py:878} INFO - 
================================================================================
DAG File Processing Stats

File Path                                    PID    Runtime      # DAGs    # Errors  Last Runtime    Last Run
-------------------------------------------  -----  ---------  --------  ----------  --------------  -------------------
/opt/airflow/dags/minio_to_snowflake_dag.py                           1           0  0.85s           2026-08-05T08:43:34
================================================================================
[2026-08-05T08:44:16.627+0000] {manager.py:878} INFO - 
================================================================================
DAG File Processing Stats

File Path                                    PID    Runtime      # DAGs    # Errors  Last Runtime    Last Run
-------------------------------------------  -----  ---------  --------  ----------  --------------  -------------------
/opt/airflow/dags/minio_to_snowflake_dag.py                           1           0  0.95s           2026-08-05T08:44:05
================================================================================
[2026-08-05T08:44:46.782+0000] {manager.py:878} INFO - 
================================================================================
DAG File Processing Stats

File Path                                    PID    Runtime      # DAGs    # Errors  Last Runtime    Last Run
-------------------------------------------  -----  ---------  --------  ----------  --------------  -------------------
/opt/airflow/dags/minio_to_snowflake_dag.py                           1           0  0.81s           2026-08-05T08:44:36
================================================================================
[2026-08-05T08:45:16.928+0000] {manager.py:878} INFO - 
================================================================================
DAG File Processing Stats

File Path                                    PID    Runtime      # DAGs    # Errors  Last Runtime    Last Run
-------------------------------------------  -----  ---------  --------  ----------  --------------  -------------------
/opt/airflow/dags/minio_to_snowflake_dag.py                           1           0  0.78s           2026-08-05T08:45:07
================================================================================
[2026-08-05T08:45:47.127+0000] {manager.py:878} INFO - 
================================================================================
DAG File Processing Stats

File Path                                    PID    Runtime      # DAGs    # Errors  Last Runtime    Last Run
-------------------------------------------  -----  ---------  --------  ----------  --------------  -------------------
/opt/airflow/dags/minio_to_snowflake_dag.py                           1           0  1.62s           2026-08-05T08:45:39
================================================================================
[2026-08-05T08:45:58.202+0000] {manager.py:737} INFO - Searching for files in /opt/airflow/dags
[2026-08-05T08:45:58.243+0000] {manager.py:740} INFO - There are 1 files in /opt/airflow/dags
[2026-08-05T08:46:17.364+0000] {manager.py:878} INFO - 
================================================================================
DAG File Processing Stats

File Path                                    PID    Runtime      # DAGs    # Errors  Last Runtime    Last Run
-------------------------------------------  -----  ---------  --------  ----------  --------------  -------------------
/opt/airflow/dags/minio_to_snowflake_dag.py                           1           0  1.67s           2026-08-05T08:46:11
================================================================================
[2026-08-05T08:46:47.906+0000] {manager.py:878} INFO - 
================================================================================
DAG File Processing Stats

File Path                                    PID    Runtime      # DAGs    # Errors  Last Runtime    Last Run
-------------------------------------------  -----  ---------  --------  ----------  --------------  -------------------
/opt/airflow/dags/minio_to_snowflake_dag.py                           1           0  1.51s           2026-08-05T08:46:43
================================================================================
[2026-08-05T08:47:18.278+0000] {manager.py:878} INFO - 
================================================================================
DAG File Processing Stats

File Path                                    PID    Runtime      # DAGs    # Errors  Last Runtime    Last Run
-------------------------------------------  -----  ---------  --------  ----------  --------------  -------------------
/opt/airflow/dags/minio_to_snowflake_dag.py                           1           0  1.40s           2026-08-05T08:47:14
================================================================================
[2026-08-05T08:47:48.738+0000] {manager.py:878} INFO - 
================================================================================
DAG File Processing Stats

File Path                                    PID    Runtime      # DAGs    # Errors  Last Runtime    Last Run
-------------------------------------------  -----  ---------  --------  ----------  --------------  -------------------
/opt/airflow/dags/minio_to_snowflake_dag.py                           1           0  1.53s           2026-08-05T08:47:46
================================================================================
[2026-08-05T08:48:18.896+0000] {manager.py:878} INFO - 
================================================================================
DAG File Processing Stats

File Path                                    PID    Runtime      # DAGs    # Errors  Last Runtime    Last Run
-------------------------------------------  -----  ---------  --------  ----------  --------------  -------------------
/opt/airflow/dags/minio_to_snowflake_dag.py                           1           0  1.44s           2026-08-05T08:48:17
================================================================================
[2026-08-05T08:48:49.293+0000] {manager.py:878} INFO - 
================================================================================
DAG File Processing Stats

File Path                                      PID  Runtime      # DAGs    # Errors  Last Runtime    Last Run
-------------------------------------------  -----  ---------  --------  ----------  --------------  -------------------
/opt/airflow/dags/minio_to_snowflake_dag.py  25539  1.01s             1           0  1.44s           2026-08-05T08:48:17
================================================================================
[2026-08-05T08:49:19.894+0000] {manager.py:878} INFO - 
================================================================================
DAG File Processing Stats

File Path                                      PID  Runtime      # DAGs    # Errors  Last Runtime    Last Run
-------------------------------------------  -----  ---------  --------  ----------  --------------  -------------------
/opt/airflow/dags/minio_to_snowflake_dag.py  25734  0.01s             1           0  1.41s           2026-08-05T08:48:49
================================================================================
[2026-08-05T08:49:50.266+0000] {manager.py:878} INFO - 
================================================================================
DAG File Processing Stats

File Path                                    PID    Runtime      # DAGs    # Errors  Last Runtime    Last Run
-------------------------------------------  -----  ---------  --------  ----------  --------------  -------------------
/opt/airflow/dags/minio_to_snowflake_dag.py                           1           0  1.47s           2026-08-05T08:49:21
================================================================================
[2026-08-05T08:50:20.740+0000] {manager.py:878} INFO - 
================================================================================
DAG File Processing Stats

File Path                                    PID    Runtime      # DAGs    # Errors  Last Runtime    Last Run
-------------------------------------------  -----  ---------  --------  ----------  --------------  -------------------
/opt/airflow/dags/minio_to_snowflake_dag.py                           1           0  1.45s           2026-08-05T08:49:52
================================================================================
[2026-08-05T08:50:50.954+0000] {manager.py:878} INFO - 
================================================================================
DAG File Processing Stats

File Path                                    PID    Runtime      # DAGs    # Errors  Last Runtime    Last Run
-------------------------------------------  -----  ---------  --------  ----------  --------------  -------------------
/opt/airflow/dags/minio_to_snowflake_dag.py                           1           0  1.59s           2026-08-05T08:50:24
================================================================================
[2026-08-05T08:50:58.577+0000] {manager.py:737} INFO - Searching for files in /opt/airflow/dags
[2026-08-05T08:50:58.621+0000] {manager.py:740} INFO - There are 1 files in /opt/airflow/dags
[2026-08-05T08:51:21.183+0000] {manager.py:878} INFO - 
================================================================================
DAG File Processing Stats

File Path                                    PID    Runtime      # DAGs    # Errors  Last Runtime    Last Run
-------------------------------------------  -----  ---------  --------  ----------  --------------  -------------------
/opt/airflow/dags/minio_to_snowflake_dag.py                           1           0  1.56s           2026-08-05T08:50:56
================================================================================
[2026-08-05T08:51:51.399+0000] {manager.py:878} INFO - 
================================================================================
DAG File Processing Stats

File Path                                    PID    Runtime      # DAGs    # Errors  Last Runtime    Last Run
-------------------------------------------  -----  ---------  --------  ----------  --------------  -------------------
/opt/airflow/dags/minio_to_snowflake_dag.py                           1           0  1.43s           2026-08-05T08:51:28
================================================================================
[2026-08-05T08:52:21.619+0000] {manager.py:878} INFO - 
================================================================================
DAG File Processing Stats

File Path                                    PID    Runtime      # DAGs    # Errors  Last Runtime    Last Run
-------------------------------------------  -----  ---------  --------  ----------  --------------  -------------------
/opt/airflow/dags/minio_to_snowflake_dag.py                           1           0  1.39s           2026-08-05T08:51:59
================================================================================
[2026-08-05T08:52:51.750+0000] {manager.py:878} INFO - 
================================================================================
DAG File Processing Stats

File Path                                    PID    Runtime      # DAGs    # Errors  Last Runtime    Last Run
-------------------------------------------  -----  ---------  --------  ----------  --------------  -------------------
/opt/airflow/dags/minio_to_snowflake_dag.py                           1           0  1.57s           2026-08-05T08:52:31
================================================================================
[2026-08-05T08:53:22.418+0000] {manager.py:878} INFO - 
================================================================================
DAG File Processing Stats

File Path                                    PID    Runtime      # DAGs    # Errors  Last Runtime    Last Run
-------------------------------------------  -----  ---------  --------  ----------  --------------  -------------------
/opt/airflow/dags/minio_to_snowflake_dag.py                           1           0  1.60s           2026-08-05T08:53:03
================================================================================
[2026-08-05T08:53:52.725+0000] {manager.py:878} INFO - 
================================================================================
DAG File Processing Stats

File Path                                    PID    Runtime      # DAGs    # Errors  Last Runtime    Last Run
-------------------------------------------  -----  ---------  --------  ----------  --------------  -------------------
/opt/airflow/dags/minio_to_snowflake_dag.py                           1           0  1.39s           2026-08-05T08:53:34
================================================================================
[2026-08-05T08:54:23.271+0000] {manager.py:878} INFO - 
================================================================================
DAG File Processing Stats

File Path                                    PID    Runtime      # DAGs    # Errors  Last Runtime    Last Run
-------------------------------------------  -----  ---------  --------  ----------  --------------  -------------------
/opt/airflow/dags/minio_to_snowflake_dag.py                           1           0  1.43s           2026-08-05T08:54:06
================================================================================
[2026-08-05T08:54:53.517+0000] {manager.py:878} INFO - 
================================================================================
DAG File Processing Stats

File Path                                    PID    Runtime      # DAGs    # Errors  Last Runtime    Last Run
-------------------------------------------  -----  ---------  --------  ----------  --------------  -------------------
/opt/airflow/dags/minio_to_snowflake_dag.py                           1           0  1.66s           2026-08-05T08:54:38
================================================================================
[2026-08-05T08:55:24.130+0000] {manager.py:878} INFO - 
================================================================================
DAG File Processing Stats

File Path                                    PID    Runtime      # DAGs    # Errors  Last Runtime    Last Run
-------------------------------------------  -----  ---------  --------  ----------  --------------  -------------------
/opt/airflow/dags/minio_to_snowflake_dag.py                           1           0  2.15s           2026-08-05T08:55:11
================================================================================
[2026-08-05T08:55:54.241+0000] {manager.py:878} INFO - 
================================================================================
DAG File Processing Stats

File Path                                    PID    Runtime      # DAGs    # Errors  Last Runtime    Last Run
-------------------------------------------  -----  ---------  --------  ----------  --------------  -------------------
/opt/airflow/dags/minio_to_snowflake_dag.py                           1           0  1.86s           2026-08-05T08:55:43
================================================================================
[2026-08-05T08:55:59.340+0000] {manager.py:737} INFO - Searching for files in /opt/airflow/dags
[2026-08-05T08:55:59.390+0000] {manager.py:740} INFO - There are 1 files in /opt/airflow/dags
[2026-08-05T08:56:24.371+0000] {manager.py:878} INFO - 
================================================================================
DAG File Processing Stats

File Path                                    PID    Runtime      # DAGs    # Errors  Last Runtime    Last Run
-------------------------------------------  -----  ---------  --------  ----------  --------------  -------------------
/opt/airflow/dags/minio_to_snowflake_dag.py                           1           0  1.73s           2026-08-05T08:56:15
================================================================================
[2026-08-05T08:56:54.730+0000] {manager.py:878} INFO - 
================================================================================
DAG File Processing Stats

File Path                                    PID    Runtime      # DAGs    # Errors  Last Runtime    Last Run
-------------------------------------------  -----  ---------  --------  ----------  --------------  -------------------
/opt/airflow/dags/minio_to_snowflake_dag.py                           1           0  2.30s           2026-08-05T08:56:47
================================================================================
[2026-08-05T08:57:24.900+0000] {manager.py:878} INFO - 
================================================================================
DAG File Processing Stats

File Path                                    PID    Runtime      # DAGs    # Errors  Last Runtime    Last Run
-------------------------------------------  -----  ---------  --------  ----------  --------------  -------------------
/opt/airflow/dags/minio_to_snowflake_dag.py                           1           0  1.53s           2026-08-05T08:57:20
================================================================================
[2026-08-05T08:57:54.997+0000] {manager.py:878} INFO - 
================================================================================
DAG File Processing Stats

File Path                                    PID    Runtime      # DAGs    # Errors  Last Runtime    Last Run
-------------------------------------------  -----  ---------  --------  ----------  --------------  -------------------
/opt/airflow/dags/minio_to_snowflake_dag.py                           1           0  1.57s           2026-08-05T08:57:51
================================================================================
[2026-08-05T08:58:25.519+0000] {manager.py:878} INFO - 
================================================================================
DAG File Processing Stats

File Path                                      PID  Runtime      # DAGs    # Errors  Last Runtime    Last Run
-------------------------------------------  -----  ---------  --------  ----------  --------------  -------------------
/opt/airflow/dags/minio_to_snowflake_dag.py  33757  3.03s             1           0  1.57s           2026-08-05T08:57:51
================================================================================
[2026-08-05T08:58:55.523+0000] {manager.py:878} INFO - 
================================================================================
DAG File Processing Stats

File Path                                    PID    Runtime      # DAGs    # Errors  Last Runtime    Last Run
-------------------------------------------  -----  ---------  --------  ----------  --------------  -------------------
/opt/airflow/dags/minio_to_snowflake_dag.py                           1           0  5.18s           2026-08-05T08:58:27
================================================================================
[2026-08-05T08:59:27.350+0000] {manager.py:878} INFO - 
================================================================================
DAG File Processing Stats

File Path                                      PID  Runtime      # DAGs    # Errors  Last Runtime    Last Run
-------------------------------------------  -----  ---------  --------  ----------  --------------  -------------------
/opt/airflow/dags/minio_to_snowflake_dag.py  33897  27.92s            1           0  5.18s           2026-08-05T08:58:27
================================================================================
[2026-08-05T08:59:36.010+0000] {manager.py:452} INFO - Exiting gracefully upon receiving signal 15
[2026-08-05T08:59:39.495+0000] {manager.py:452} INFO - Exiting gracefully upon receiving signal 15
[2026-08-05T08:59:42.767+0000] {manager.py:452} INFO - Exiting gracefully upon receiving signal 15
