==================== 2026-08-10T12:15:20.953588Z | 00000000-0000-0000-0000-000000000000 ====================
==================== 2026-08-10T12:15:20.954557Z | 1fd85991-76f3-4b52-b4ab-ebb36a020056 ====================
12:15:20.955222 [info ]: Starting dbt LSP server
12:15:20.955283 [info ]: Connecting to LSP client on port 8000
12:15:20.978196 [info ]: Successfully connected to LSP client
12:15:20.978717 [info ]: Creating LSP service...
12:15:20.987144 [info ]: Creating LSP server...
12:15:20.987195 [info ]: Starting LSP server...
12:15:21.044247 [info ]: Loading profiles.yml
12:15:21.239374 [info ]: Started loading project
12:15:21.240643 [info ]: Loading profiles.yml
12:15:21.258542 [debug]:    Started loading packages
12:15:21.266904 [debug]:     Loaded [  0.01s] packages
12:15:21.279476 [info ]: Finished loading project [  0.04s]
12:15:21.282840 [info ]: Started parsing
12:15:21.382444 [debug]: Finished parsing models/source.yml [  0.01s]
12:15:21.415075 [debug]: Finished parsing models/staging/stag_customer.sql [  0.02s]
12:15:21.585834 [warn ]: [UnusedResourceConfigPath (dbt1097)]: Configuration paths exist in your dbt_project.yml file which do not apply to any resources.
There are 1 unused configuration paths:
- models.banking_dbt.example
12:15:21.595734 [info ]: Cached model count updated: 1 models (estimate)
12:15:21.595836 [info ]: Cached model count updated: 1 models (accurate)
12:15:21.599244 [info ]: Started scheduling
12:15:21.609196 [info ]: Finished scheduling [  0.01s]
12:15:21.609245 [debug]: Compilation - 0 nodes selected: {}
12:15:21.610450 [warn ]: [NoNodesForSelectionCriteria (dbt1092)]: The selection criterion '+fqn:model.banking_dbt.stag_customer' does not match any enabled nodes
12:15:21.610638 [warn ]: [NoNodesSelected (dbt1601)]: Nothing to do. Try checking your model configs and model specification args
12:15:21.611159 [info ]: Started scheduling
12:15:21.611838 [info ]: Finished scheduling [  0.00s]
12:15:21.634588 [debug]: Requesting license from https://sv179.us1.dbt.com/api/private/accounts/70506183154854/feature-licenses/ with 1 key IDs: ["fusion-prod-2025-11-20"]
12:15:22.726441 [warn ]: [LicenseError (dbt1068)]: Error loading license from remote server sv179.us1.dbt.com, skipping: Email not verified
12:15:22.735489 [debug]: Requesting license from https://sv179.us1.dbt.com/api/private/accounts/70506183154854/feature-licenses/ with 1 key IDs: ["fusion-prod-2025-11-20"]
12:15:23.543654 [debug]: License check failed: Feature not licensed: 'lineage'
12:15:23.555705 [info ]: Started building task graph
12:15:23.558533 [info ]: Finished building task graph [  0.00s]
12:15:23.634587 [info ]: Started scheduling
12:15:23.634628 [info ]: Finished scheduling [  0.00s]
12:15:23.636305 [info ]: Cached model count updated: 1 models (accurate)
12:15:23.636346 [info ]: Finished parsing [  2.35s]
12:15:23.683964 [info ]: Started loading project
12:15:23.684516 [info ]: Loading profiles.yml
12:15:23.721150 [info ]: Cached model count updated: 1 models (estimate)
12:15:23.721171 [info ]: Cached model count updated: 1 models (accurate)
12:15:23.721192 [info ]: Started scheduling
12:15:23.721227 [info ]: Finished scheduling [  0.00s]
12:15:23.721239 [debug]: Compilation - 0 nodes selected: {}
12:15:23.721265 [warn ]: [NoNodesForSelectionCriteria (dbt1092)]: The selection criterion '+fqn:model.banking_dbt.stag_customer' does not match any enabled nodes
12:15:23.721279 [warn ]: [NoNodesSelected (dbt1601)]: Nothing to do. Try checking your model configs and model specification args
12:15:23.723489 [debug]: License check failed: Feature not licensed: 'lineage'
12:15:23.723745 [info ]: Started building task graph
12:15:23.723767 [info ]: Finished building task graph [  0.00s]
12:15:23.729047 [info ]: Started scheduling
12:15:23.729086 [info ]: Finished scheduling [  0.00s]
12:15:23.730614 [info ]: Cached model count updated: 1 models (accurate)
12:15:23.730693 [info ]: Finished loading project [  0.05s]
12:15:23.990297 [debug]: License check failed: Feature not licensed: 'lineage'
12:15:25.301941 [info ]: Started loading project
12:15:25.302436 [info ]: Loading profiles.yml
12:15:25.333425 [info ]: Cached model count updated: 1 models (estimate)
12:15:25.333449 [info ]: Cached model count updated: 1 models (accurate)
12:15:25.333481 [info ]: Started scheduling
12:15:25.333512 [info ]: Finished scheduling [  0.00s]
12:15:25.333523 [debug]: Compilation - 0 nodes selected: {}
12:15:25.333546 [warn ]: [NoNodesSelected (dbt1601)]: Nothing to do. Try checking your model configs and model specification args
12:15:25.334565 [debug]: License check failed: Feature not licensed: 'lineage'
12:15:25.334823 [info ]: Started building task graph
12:15:25.334872 [info ]: Finished building task graph [  0.00s]
12:15:25.339968 [info ]: Started scheduling
12:15:25.340000 [info ]: Finished scheduling [  0.00s]
12:15:25.340108 [info ]: Cached model count updated: 1 models (accurate)
12:15:25.340150 [info ]: Finished loading project [  0.04s]
12:15:25.600143 [debug]: License check failed: Feature not licensed: 'lineage'
12:15:27.779277 [debug]: License check failed: Feature not licensed: 'lineage'
12:15:36.886018 [info ]: Started loading project
12:15:36.887239 [info ]: Loading profiles.yml
12:15:36.894173 [info ]: Started loading project
12:15:36.894619 [info ]: Loading profiles.yml
12:15:36.894673 [info ]: Finished loading project [  0.01s]
12:15:36.901174 [debug]:    Started loading packages
12:15:36.903786 [debug]:     Loaded [  0.00s] packages
12:15:36.904548 [info ]: Finished loading project [  0.01s]
12:15:36.904746 [info ]: Started parsing
12:15:36.938423 [debug]: Finished parsing models/source.yml [  0.00s]
12:15:36.939446 [debug]: Finished parsing models/staging/stg_customers.sql [  0.00s]
12:15:37.079168 [warn ]: [UnusedResourceConfigPath (dbt1097)]: Configuration paths exist in your dbt_project.yml file which do not apply to any resources.
There are 1 unused configuration paths:
- models.banking_dbt.example
12:15:37.080484 [info ]: Cached model count updated: 1 models (estimate)
12:15:37.080496 [info ]: Cached model count updated: 1 models (accurate)
12:15:37.080511 [info ]: Started scheduling
12:15:37.080534 [info ]: Finished scheduling [  0.00s]
12:15:37.080544 [debug]: Compilation - 0 nodes selected: {}
12:15:37.080556 [warn ]: [NoNodesForSelectionCriteria (dbt1092)]: The selection criterion '' does not match any enabled nodes
12:15:37.080562 [warn ]: [NoNodesSelected (dbt1601)]: Nothing to do. Try checking your model configs and model specification args
12:15:37.080569 [info ]: Started scheduling
12:15:37.080583 [info ]: Finished scheduling [  0.00s]
12:15:37.081282 [debug]: License check failed: Feature not licensed: 'lineage'
12:15:37.081458 [info ]: Started building task graph
12:15:37.081475 [info ]: Finished building task graph [  0.00s]
12:15:37.086332 [info ]: Started scheduling
12:15:37.086366 [info ]: Finished scheduling [  0.00s]
12:15:37.089747 [info ]: Cached model count updated: 1 models (accurate)
12:15:37.089884 [info ]: Finished parsing [  0.19s]
12:15:37.349853 [debug]: License check failed: Feature not licensed: 'lineage'
12:15:38.001170 [debug]: License check failed: Feature not licensed: 'lineage'
12:15:38.755009 [info ]: Started loading project
12:15:38.755671 [info ]: Loading profiles.yml
12:15:38.787572 [info ]: Cached model count updated: 1 models (estimate)
12:15:38.787592 [info ]: Cached model count updated: 1 models (accurate)
12:15:38.787613 [info ]: Started scheduling
12:15:38.787643 [info ]: Finished scheduling [  0.00s]
12:15:38.787656 [debug]: Compilation - 0 nodes selected: {}
12:15:38.787669 [warn ]: [NoNodesSelected (dbt1601)]: Nothing to do. Try checking your model configs and model specification args
12:15:38.788505 [debug]: License check failed: Feature not licensed: 'lineage'
12:15:38.788704 [info ]: Started building task graph
12:15:38.788721 [info ]: Finished building task graph [  0.00s]
12:15:38.794738 [info ]: Started scheduling
12:15:38.794803 [info ]: Finished scheduling [  0.00s]
12:15:38.794919 [info ]: Finished loading project [  0.04s]
12:15:38.794949 [info ]: Cached model count updated: 1 models (accurate)
12:15:39.051538 [debug]: License check failed: Feature not licensed: 'lineage'
12:15:44.522049 [info ]: Started loading project
12:15:44.522748 [info ]: Loading profiles.yml
12:15:44.544641 [info ]: Started parsing
12:15:44.599186 [info ]: Finished loading project [  0.08s]
12:15:44.601124 [debug]: Finished parsing models/staging/stg_customers.sql [  0.00s]
12:15:44.744220 [warn ]: [UnusedResourceConfigPath (dbt1097)]: Configuration paths exist in your dbt_project.yml file which do not apply to any resources.
There are 1 unused configuration paths:
- models.banking_dbt.example
12:15:44.749196 [info ]: Cached model count updated: 1 models (estimate)
12:15:44.749220 [info ]: Cached model count updated: 1 models (accurate)
12:15:44.749243 [info ]: Started scheduling
12:15:44.749573 [info ]: Finished scheduling [  0.00s]
12:15:44.749599 [debug]: Compilation - 1 nodes selected: {"model.banking_dbt.stg_customers"}
12:15:44.751804 [debug]: License check failed: Feature not licensed: 'lineage'
12:15:44.754996 [info ]: Started building task graph
12:15:44.760579 [info ]: Finished building task graph [  0.01s]
12:15:44.766537 [info ]: Started rendering (1 nodes)
12:15:44.768459 [info ]: Started model ANALYSTICS.stg_customers
12:15:44.768507 [debug]: Started rendering model ANALYSTICS.stg_customers
12:15:44.768911 [info ]: Finished parsing [  0.22s]
12:15:44.790877 [debug]: Compiled SQL for node model.banking_dbt.stg_customers at target\.lsp\compiled\banking_dbt\models\staging\stg_customers.sql
12:15:44.793468 [debug]: Finished rendering [  0.02s] model ANALYSTICS.stg_customers [success]
12:15:44.793506 [info ]: Finished rendering [  0.03s] (1 nodes, 0 skipped, 0 errors)
12:15:44.794106 [info ]: Started analyzing (1 nodes)
12:15:44.794131 [debug]: Started analyzing model ANALYSTICS.stg_customers
12:15:44.840966 [debug]: Finished analyzing [  0.05s] model ANALYSTICS.stg_customers [success]
12:15:44.840999 [info ]: Finished analyzing [  0.05s] (1 nodes, 0 skipped, 0 errors)
12:15:44.841008 [info ]:  Succeeded [  0.07s] model ANALYSTICS.stg_customers (view)
12:15:44.845621 [info ]: Started scheduling
12:15:44.845708 [info ]: Finished scheduling [  0.00s]
12:15:44.847052 [info ]: Cached model count updated: 1 models (accurate)
12:15:45.697045 [info ]: Started loading project
12:15:45.697615 [info ]: Loading profiles.yml
12:15:45.706098 [info ]: Started parsing
12:15:45.765566 [info ]: Finished loading project [  0.07s]
12:15:45.767865 [debug]: Finished parsing models/staging/stg_customers.sql [  0.00s]
12:15:45.910053 [warn ]: [UnusedResourceConfigPath (dbt1097)]: Configuration paths exist in your dbt_project.yml file which do not apply to any resources.
There are 1 unused configuration paths:
- models.banking_dbt.example
12:15:45.913791 [info ]: Cached model count updated: 1 models (estimate)
12:15:45.913814 [info ]: Cached model count updated: 1 models (accurate)
12:15:45.913839 [info ]: Started scheduling
12:15:45.913885 [info ]: Finished scheduling [  0.00s]
12:15:45.913898 [debug]: Compilation - 1 nodes selected: {"model.banking_dbt.stg_customers"}
12:15:45.916048 [debug]: License check failed: Feature not licensed: 'lineage'
12:15:45.916329 [info ]: Started building task graph
12:15:45.916359 [info ]: Finished building task graph [  0.00s]
12:15:45.917832 [info ]: Started rendering (1 nodes)
12:15:45.917854 [info ]: Started model ANALYSTICS.stg_customers
12:15:45.917865 [debug]: Started rendering model ANALYSTICS.stg_customers
12:15:45.917906 [info ]: Finished parsing [  0.21s]
12:15:45.919228 [debug]: Compiled SQL for node model.banking_dbt.stg_customers at target\.lsp\compiled\banking_dbt\models\staging\stg_customers.sql
12:15:45.919418 [debug]: Finished rendering [  0.00s] model ANALYSTICS.stg_customers [success]
12:15:45.919450 [info ]: Finished rendering [  0.00s] (1 nodes, 0 skipped, 0 errors)
12:15:45.919495 [info ]: Started analyzing (1 nodes)
12:15:45.919507 [debug]: Started analyzing model ANALYSTICS.stg_customers
12:15:45.919700 [debug]: Finished analyzing [  0.00s] model ANALYSTICS.stg_customers [success]
12:15:45.919715 [info ]: Finished analyzing [  0.00s] (1 nodes, 0 skipped, 0 errors)
12:15:45.919724 [info ]:  Succeeded [  0.00s] model ANALYSTICS.stg_customers (view)
12:15:45.924423 [info ]: Started scheduling
12:15:45.924480 [info ]: Finished scheduling [  0.00s]
12:15:45.925573 [info ]: Cached model count updated: 1 models (accurate)
12:15:47.572610 [info ]: Started loading project
12:15:47.573173 [info ]: Loading profiles.yml
12:15:47.601835 [info ]: Cached model count updated: 1 models (estimate)
12:15:47.601857 [info ]: Cached model count updated: 1 models (accurate)
12:15:47.601879 [info ]: Started scheduling
12:15:47.601916 [info ]: Finished scheduling [  0.00s]
12:15:47.601932 [debug]: Compilation - 1 nodes selected: {"model.banking_dbt.stg_customers"}
12:15:47.603107 [debug]: License check failed: Feature not licensed: 'lineage'
12:15:47.603440 [info ]: Started building task graph
12:15:47.603480 [info ]: Finished building task graph [  0.00s]
12:15:47.605944 [info ]: Started rendering (1 nodes)
12:15:47.605971 [info ]: Started model ANALYSTICS.stg_customers
12:15:47.605981 [debug]: Started rendering model ANALYSTICS.stg_customers
12:15:47.606036 [info ]: Finished loading project [  0.03s]
12:15:47.607237 [debug]: Compiled SQL for node model.banking_dbt.stg_customers at target\.lsp\compiled\banking_dbt\models\staging\stg_customers.sql
12:15:47.607318 [debug]: Finished rendering [  0.00s] model ANALYSTICS.stg_customers [success]
12:15:47.607335 [info ]: Finished rendering [  0.00s] (1 nodes, 0 skipped, 0 errors)
12:15:47.607349 [info ]: Started analyzing (1 nodes)
12:15:47.607356 [debug]: Started analyzing model ANALYSTICS.stg_customers
12:15:47.607463 [debug]: Finished analyzing [  0.00s] model ANALYSTICS.stg_customers [success]
12:15:47.607475 [info ]: Finished analyzing [  0.00s] (1 nodes, 0 skipped, 0 errors)
12:15:47.607482 [info ]:  Succeeded [  0.00s] model ANALYSTICS.stg_customers (view)
12:15:47.611397 [info ]: Started scheduling
12:15:47.611431 [info ]: Finished scheduling [  0.00s]
12:15:47.611593 [info ]: Cached model count updated: 1 models (accurate)
12:15:51.799942 [info ]: Started loading project
12:15:51.800570 [info ]: Loading profiles.yml
12:15:51.809282 [info ]: Started parsing
12:15:51.869123 [info ]: Finished loading project [  0.07s]
12:15:51.871347 [debug]: Finished parsing models/staging/stg_customers.sql [  0.00s]
12:15:52.001009 [warn ]: [UnusedResourceConfigPath (dbt1097)]: Configuration paths exist in your dbt_project.yml file which do not apply to any resources.
There are 1 unused configuration paths:
- models.banking_dbt.example
12:15:52.005606 [info ]: Cached model count updated: 1 models (estimate)
12:15:52.005645 [info ]: Cached model count updated: 1 models (accurate)
12:15:52.005665 [info ]: Started scheduling
12:15:52.005709 [info ]: Finished scheduling [  0.00s]
12:15:52.005722 [debug]: Compilation - 1 nodes selected: {"model.banking_dbt.stg_customers"}
12:15:52.007265 [debug]: License check failed: Feature not licensed: 'lineage'
12:15:52.008350 [info ]: Started building task graph
12:15:52.008415 [info ]: Finished building task graph [  0.00s]
12:15:52.010118 [info ]: Started rendering (1 nodes)
12:15:52.010145 [info ]: Started model ANALYSTICS.stg_customers
12:15:52.010155 [debug]: Started rendering model ANALYSTICS.stg_customers
12:15:52.010200 [info ]: Finished parsing [  0.20s]
12:15:52.011558 [debug]: Compiled SQL for node model.banking_dbt.stg_customers at target\.lsp\compiled\banking_dbt\models\staging\stg_customers.sql
12:15:52.011754 [debug]: Finished rendering [  0.00s] model ANALYSTICS.stg_customers [success]
12:15:52.011790 [info ]: Finished rendering [  0.00s] (1 nodes, 0 skipped, 0 errors)
12:15:52.011819 [info ]: Started analyzing (1 nodes)
12:15:52.011838 [debug]: Started analyzing model ANALYSTICS.stg_customers
12:15:52.012071 [debug]: Finished analyzing [  0.00s] model ANALYSTICS.stg_customers [success]
12:15:52.012094 [info ]: Finished analyzing [  0.00s] (1 nodes, 0 skipped, 0 errors)
12:15:52.012107 [info ]:  Succeeded [  0.00s] model ANALYSTICS.stg_customers (view)
12:15:52.018051 [info ]: Started scheduling
12:15:52.018135 [info ]: Finished scheduling [  0.00s]
12:15:52.019843 [info ]: Cached model count updated: 1 models (accurate)
12:15:52.287491 [debug]: License check failed: Feature not licensed: 'lineage'
12:15:53.655869 [info ]: Started loading project
12:15:53.656447 [info ]: Loading profiles.yml
12:15:53.684491 [info ]: Cached model count updated: 1 models (estimate)
12:15:53.684511 [info ]: Cached model count updated: 1 models (accurate)
12:15:53.684531 [info ]: Started scheduling
12:15:53.684568 [info ]: Finished scheduling [  0.00s]
12:15:53.684579 [debug]: Compilation - 1 nodes selected: {"model.banking_dbt.stg_customers"}
12:15:53.685637 [debug]: License check failed: Feature not licensed: 'lineage'
12:15:53.685874 [info ]: Started building task graph
12:15:53.685901 [info ]: Finished building task graph [  0.00s]
12:15:53.687401 [info ]: Started rendering (1 nodes)
12:15:53.687422 [info ]: Started model ANALYSTICS.stg_customers
12:15:53.687431 [debug]: Started rendering model ANALYSTICS.stg_customers
12:15:53.687484 [info ]: Finished loading project [  0.03s]
12:15:53.687856 [debug]: Compiled SQL for node model.banking_dbt.stg_customers at target\.lsp\compiled\banking_dbt\models\staging\stg_customers.sql
12:15:53.687925 [debug]: Finished rendering [  0.00s] model ANALYSTICS.stg_customers [success]
12:15:53.687942 [info ]: Finished rendering [  0.00s] (1 nodes, 0 skipped, 0 errors)
12:15:53.687956 [info ]: Started analyzing (1 nodes)
12:15:53.687963 [debug]: Started analyzing model ANALYSTICS.stg_customers
12:15:53.688106 [debug]: Finished analyzing [  0.00s] model ANALYSTICS.stg_customers [success]
12:15:53.688117 [info ]: Finished analyzing [  0.00s] (1 nodes, 0 skipped, 0 errors)
12:15:53.688124 [info ]:  Succeeded [-------] model ANALYSTICS.stg_customers (view)
12:15:53.691918 [info ]: Started scheduling
12:15:53.691951 [info ]: Finished scheduling [  0.00s]
12:15:53.692102 [info ]: Cached model count updated: 1 models (accurate)
12:15:53.829439 [info ]: Started loading project
12:15:53.830303 [info ]: Loading profiles.yml
12:15:53.840907 [info ]: Started parsing
12:15:53.909833 [info ]: Finished loading project [  0.08s]
12:15:53.912681 [debug]: Finished parsing models/staging/stg_customers.sql [  0.00s]
12:15:54.043437 [warn ]: [UnusedResourceConfigPath (dbt1097)]: Configuration paths exist in your dbt_project.yml file which do not apply to any resources.
There are 1 unused configuration paths:
- models.banking_dbt.example
12:15:54.046779 [info ]: Cached model count updated: 1 models (estimate)
12:15:54.046798 [info ]: Cached model count updated: 1 models (accurate)
12:15:54.046818 [info ]: Started scheduling
12:15:54.046862 [info ]: Finished scheduling [  0.00s]
12:15:54.046878 [debug]: Compilation - 1 nodes selected: {"model.banking_dbt.stg_customers"}
12:15:54.047845 [debug]: License check failed: Feature not licensed: 'lineage'
12:15:54.048160 [info ]: Started building task graph
12:15:54.048197 [info ]: Finished building task graph [  0.00s]
12:15:54.049940 [info ]: Started rendering (1 nodes)
12:15:54.049971 [info ]: Started model ANALYSTICS.stg_customers
12:15:54.049982 [debug]: Started rendering model ANALYSTICS.stg_customers
12:15:54.050049 [info ]: Finished parsing [  0.21s]
12:15:54.053073 [debug]: Compiled SQL for node model.banking_dbt.stg_customers at target\.lsp\compiled\banking_dbt\models\staging\stg_customers.sql
12:15:54.053340 [debug]: Finished rendering [  0.00s] model ANALYSTICS.stg_customers [success]
12:15:54.053383 [info ]: Finished rendering [  0.00s] (1 nodes, 0 skipped, 0 errors)
12:15:54.053431 [info ]: Started analyzing (1 nodes)
12:15:54.053451 [debug]: Started analyzing model ANALYSTICS.stg_customers
12:15:54.063491 [warn ]: [SyntaxInvalid (dbt0101)]: mismatched input '{' expecting one of <EOF>, 'ALTER', 'ANALYZE', 'BEGIN', 'CALL', 'COMMENT', 'COMMIT' ...
  --> models/staging/stg_customers.sql:1:1 (target\.lsp\compiled\banking_dbt\models\staging\stg_customers.sql:1:1)
12:15:54.063615 [info ]:  Succeeded [  0.01s] model ANALYSTICS.stg_customers (view)
12:15:54.063628 [debug]: Finished analyzing [  0.01s] model ANALYSTICS.stg_customers [success]
12:15:54.063641 [info ]: Finished analyzing [  0.01s] (1 nodes, 0 skipped, 0 errors)
12:15:54.068318 [info ]: Started scheduling
12:15:54.068391 [info ]: Finished scheduling [  0.00s]
12:15:54.069399 [info ]: Cached model count updated: 1 models (accurate)
12:15:54.867674 [info ]: Started loading project
12:15:54.868201 [info ]: Loading profiles.yml
12:15:54.880986 [info ]: Started parsing
12:15:54.964281 [info ]: Finished loading project [  0.10s]
12:15:54.965925 [error]: [MacroSyntaxInvalid (dbt1502)]: Failed to render SQL syntax error: unexpected end of variable block, expected identifier or integer
  --> models/staging/stg_customers.sql
12:15:54.966072 [debug]: Finished parsing models/staging/stg_customers.sql [  0.00s]
12:15:55.100976 [warn ]: [UnusedResourceConfigPath (dbt1097)]: Configuration paths exist in your dbt_project.yml file which do not apply to any resources.
There are 1 unused configuration paths:
- models.banking_dbt.example
12:15:55.103969 [info ]: Cached model count updated: 1 models (estimate)
12:15:55.103984 [info ]: Cached model count updated: 0 models (accurate)
12:15:55.104002 [info ]: Started scheduling
12:15:55.104038 [info ]: Finished scheduling [  0.00s]
12:15:55.104048 [debug]: Compilation - 0 nodes selected: {}
12:15:55.104062 [warn ]: [NoNodesForSelectionCriteria (dbt1092)]: The selection criterion '' does not match any enabled nodes
12:15:55.104075 [warn ]: [NoNodesSelected (dbt1601)]: Nothing to do. Try checking your model configs and model specification args
12:15:55.104727 [debug]: License check failed: Feature not licensed: 'lineage'
12:15:55.104909 [info ]: Started building task graph
12:15:55.104925 [info ]: Finished building task graph [  0.00s]
12:15:55.110488 [info ]: Started scheduling
12:15:55.110526 [info ]: Finished scheduling [  0.00s]
12:15:55.111568 [info ]: Cached model count updated: 0 models (accurate)
12:15:55.111619 [info ]: Finished parsing [  0.23s]
12:15:56.806415 [info ]: Started loading project
12:15:56.806903 [info ]: Loading profiles.yml
12:15:56.818952 [info ]: Started parsing
12:15:56.907466 [info ]: Finished loading project [  0.10s]
12:15:56.910401 [error]: [JinjaError (dbt1501)]: Failed to render SQL unknown method: map has no method named source
(in models/staging/stg_customers.sql:1:1)
  --> models/staging/stg_customers.sql:1:1
12:15:56.910540 [debug]: Finished parsing models/staging/stg_customers.sql [  0.00s]
12:15:57.044223 [warn ]: [UnusedResourceConfigPath (dbt1097)]: Configuration paths exist in your dbt_project.yml file which do not apply to any resources.
There are 1 unused configuration paths:
- models.banking_dbt.example
12:15:57.047998 [info ]: Cached model count updated: 1 models (estimate)
12:15:57.048016 [info ]: Cached model count updated: 0 models (accurate)
12:15:57.048051 [info ]: Started scheduling
12:15:57.048077 [info ]: Finished scheduling [  0.00s]
12:15:57.048088 [debug]: Compilation - 0 nodes selected: {}
12:15:57.048120 [warn ]: [NoNodesForSelectionCriteria (dbt1092)]: The selection criterion '' does not match any enabled nodes
12:15:57.048133 [warn ]: [NoNodesSelected (dbt1601)]: Nothing to do. Try checking your model configs and model specification args
12:15:57.048847 [debug]: License check failed: Feature not licensed: 'lineage'
12:15:57.049039 [info ]: Started building task graph
12:15:57.049055 [info ]: Finished building task graph [  0.00s]
12:15:57.054311 [info ]: Started scheduling
12:15:57.054362 [info ]: Finished scheduling [  0.00s]
12:15:57.055385 [info ]: Cached model count updated: 0 models (accurate)
12:15:57.055439 [info ]: Finished parsing [  0.24s]
12:15:58.716878 [info ]: Started loading project
12:15:58.717404 [info ]: Loading profiles.yml
12:15:58.750535 [info ]: Cached model count updated: 1 models (estimate)
12:15:58.750566 [info ]: Cached model count updated: 0 models (accurate)
12:15:58.750595 [info ]: Started scheduling
12:15:58.750630 [info ]: Finished scheduling [  0.00s]
12:15:58.750644 [debug]: Compilation - 0 nodes selected: {}
12:15:58.750664 [warn ]: [NoNodesSelected (dbt1601)]: Nothing to do. Try checking your model configs and model specification args
12:15:58.751823 [debug]: License check failed: Feature not licensed: 'lineage'
12:15:58.752042 [info ]: Started building task graph
12:15:58.752074 [info ]: Finished building task graph [  0.00s]
12:15:58.757167 [info ]: Started scheduling
12:15:58.757209 [info ]: Finished scheduling [  0.00s]
12:15:58.757345 [info ]: Finished loading project [  0.04s]
12:15:58.757382 [info ]: Cached model count updated: 0 models (accurate)
12:16:09.082918 [info ]: Started loading project
12:16:09.083441 [info ]: Loading profiles.yml
12:16:09.095649 [info ]: Started parsing
12:16:09.193177 [info ]: Finished loading project [  0.11s]
12:16:09.195059 [error]: [MacroSyntaxInvalid (dbt1502)]: Failed to render SQL syntax error: unexpected `)`, expected end of variable block
(in models/staging/stg_customers.sql:1:9)
  --> models/staging/stg_customers.sql:1:9
12:16:09.195216 [debug]: Finished parsing models/staging/stg_customers.sql [  0.00s]
12:16:09.324929 [warn ]: [UnusedResourceConfigPath (dbt1097)]: Configuration paths exist in your dbt_project.yml file which do not apply to any resources.
There are 1 unused configuration paths:
- models.banking_dbt.example
12:16:09.327843 [info ]: Cached model count updated: 1 models (estimate)
12:16:09.327868 [info ]: Cached model count updated: 0 models (accurate)
12:16:09.327898 [info ]: Started scheduling
12:16:09.327944 [info ]: Finished scheduling [  0.00s]
12:16:09.327963 [debug]: Compilation - 0 nodes selected: {}
12:16:09.327989 [warn ]: [NoNodesForSelectionCriteria (dbt1092)]: The selection criterion '' does not match any enabled nodes
12:16:09.328000 [warn ]: [NoNodesSelected (dbt1601)]: Nothing to do. Try checking your model configs and model specification args
12:16:09.328837 [debug]: License check failed: Feature not licensed: 'lineage'
12:16:09.329107 [info ]: Started building task graph
12:16:09.329127 [info ]: Finished building task graph [  0.00s]
12:16:09.335075 [info ]: Started scheduling
12:16:09.335111 [info ]: Finished scheduling [  0.00s]
12:16:09.336390 [info ]: Cached model count updated: 0 models (accurate)
12:16:09.336433 [info ]: Finished parsing [  0.24s]
12:16:11.013765 [info ]: Started loading project
12:16:11.014371 [info ]: Loading profiles.yml
12:16:11.044380 [info ]: Cached model count updated: 1 models (estimate)
12:16:11.044405 [info ]: Cached model count updated: 0 models (accurate)
12:16:11.044431 [info ]: Started scheduling
12:16:11.044469 [info ]: Finished scheduling [  0.00s]
12:16:11.044487 [debug]: Compilation - 0 nodes selected: {}
12:16:11.044525 [warn ]: [NoNodesSelected (dbt1601)]: Nothing to do. Try checking your model configs and model specification args
12:16:11.045918 [debug]: License check failed: Feature not licensed: 'lineage'
12:16:11.046209 [info ]: Started building task graph
12:16:11.046231 [info ]: Finished building task graph [  0.00s]
12:16:11.051286 [info ]: Started scheduling
12:16:11.051322 [info ]: Finished scheduling [  0.00s]
12:16:11.051447 [info ]: Finished loading project [  0.04s]
12:16:11.051494 [info ]: Cached model count updated: 0 models (accurate)
12:16:13.538905 [info ]: Started loading project
12:16:13.539685 [info ]: Loading profiles.yml
12:16:13.552841 [info ]: Started parsing
12:16:13.656740 [info ]: Finished loading project [  0.12s]
12:16:13.658832 [error]: [MacroSyntaxInvalid (dbt1502)]: Failed to render SQL syntax error: unexpected `)`, expected end of variable block
(in models/staging/stg_customers.sql:1:19)
  --> models/staging/stg_customers.sql:1:19
12:16:13.658972 [debug]: Finished parsing models/staging/stg_customers.sql [  0.00s]
12:16:13.781878 [warn ]: [UnusedResourceConfigPath (dbt1097)]: Configuration paths exist in your dbt_project.yml file which do not apply to any resources.
There are 1 unused configuration paths:
- models.banking_dbt.example
12:16:13.787225 [info ]: Cached model count updated: 1 models (estimate)
12:16:13.787245 [info ]: Cached model count updated: 0 models (accurate)
12:16:13.787262 [info ]: Started scheduling
12:16:13.787288 [info ]: Finished scheduling [  0.00s]
12:16:13.787299 [debug]: Compilation - 0 nodes selected: {}
12:16:13.787316 [warn ]: [NoNodesForSelectionCriteria (dbt1092)]: The selection criterion '' does not match any enabled nodes
12:16:13.787325 [warn ]: [NoNodesSelected (dbt1601)]: Nothing to do. Try checking your model configs and model specification args
12:16:13.788191 [debug]: License check failed: Feature not licensed: 'lineage'
12:16:13.788428 [info ]: Started building task graph
12:16:13.788444 [info ]: Finished building task graph [  0.00s]
12:16:13.793637 [info ]: Started scheduling
12:16:13.793675 [info ]: Finished scheduling [  0.00s]
12:16:13.795137 [info ]: Cached model count updated: 0 models (accurate)
12:16:13.795176 [info ]: Finished parsing [  0.24s]
12:16:15.450138 [info ]: Started loading project
12:16:15.450818 [info ]: Loading profiles.yml
12:16:15.488307 [info ]: Cached model count updated: 1 models (estimate)
12:16:15.488332 [info ]: Cached model count updated: 0 models (accurate)
12:16:15.488361 [info ]: Started scheduling
12:16:15.488421 [info ]: Finished scheduling [  0.00s]
12:16:15.488442 [debug]: Compilation - 0 nodes selected: {}
12:16:15.488467 [warn ]: [NoNodesSelected (dbt1601)]: Nothing to do. Try checking your model configs and model specification args
12:16:15.489804 [debug]: License check failed: Feature not licensed: 'lineage'
12:16:15.490129 [info ]: Started building task graph
12:16:15.490172 [info ]: Finished building task graph [  0.00s]
12:16:15.498074 [info ]: Started scheduling
12:16:15.498129 [info ]: Finished scheduling [  0.00s]
12:16:15.498275 [info ]: Finished loading project [  0.05s]
12:16:15.498345 [info ]: Cached model count updated: 0 models (accurate)
12:16:18.594262 [info ]: Started loading project
12:16:18.594782 [info ]: Loading profiles.yml
12:16:18.608662 [info ]: Started parsing
12:16:18.722141 [info ]: Finished loading project [  0.13s]
12:16:18.723839 [error]: [MacroSyntaxInvalid (dbt1502)]: Failed to render SQL syntax error: unexpected `)`, expected end of variable block
(in models/staging/stg_customers.sql:1:23)
  --> models/staging/stg_customers.sql:1:23
12:16:18.723977 [debug]: Finished parsing models/staging/stg_customers.sql [  0.00s]
12:16:18.855681 [warn ]: [UnusedResourceConfigPath (dbt1097)]: Configuration paths exist in your dbt_project.yml file which do not apply to any resources.
There are 1 unused configuration paths:
- models.banking_dbt.example
12:16:18.859510 [info ]: Cached model count updated: 1 models (estimate)
12:16:18.859526 [info ]: Cached model count updated: 0 models (accurate)
12:16:18.859544 [info ]: Started scheduling
12:16:18.859567 [info ]: Finished scheduling [  0.00s]
12:16:18.859580 [debug]: Compilation - 0 nodes selected: {}
12:16:18.859594 [warn ]: [NoNodesForSelectionCriteria (dbt1092)]: The selection criterion '' does not match any enabled nodes
12:16:18.859605 [warn ]: [NoNodesSelected (dbt1601)]: Nothing to do. Try checking your model configs and model specification args
12:16:18.860390 [debug]: License check failed: Feature not licensed: 'lineage'
12:16:18.860578 [info ]: Started building task graph
12:16:18.860595 [info ]: Finished building task graph [  0.00s]
12:16:18.867727 [info ]: Started scheduling
12:16:18.867798 [info ]: Finished scheduling [  0.00s]
12:16:18.870328 [info ]: Cached model count updated: 0 models (accurate)
12:16:18.870373 [info ]: Finished parsing [  0.26s]
12:16:20.550346 [info ]: Started loading project
12:16:20.550891 [info ]: Loading profiles.yml
12:16:20.580805 [info ]: Cached model count updated: 1 models (estimate)
12:16:20.580825 [info ]: Cached model count updated: 0 models (accurate)
12:16:20.580843 [info ]: Started scheduling
12:16:20.580870 [info ]: Finished scheduling [  0.00s]
12:16:20.580881 [debug]: Compilation - 0 nodes selected: {}
12:16:20.580900 [warn ]: [NoNodesSelected (dbt1601)]: Nothing to do. Try checking your model configs and model specification args
12:16:20.581697 [debug]: License check failed: Feature not licensed: 'lineage'
12:16:20.581923 [info ]: Started building task graph
12:16:20.581939 [info ]: Finished building task graph [  0.00s]
12:16:20.586996 [info ]: Started scheduling
12:16:20.587027 [info ]: Finished scheduling [  0.00s]
12:16:20.587194 [info ]: Cached model count updated: 0 models (accurate)
12:16:20.587242 [info ]: Finished loading project [  0.04s]
12:16:22.424222 [info ]: Started loading project
12:16:22.424967 [info ]: Loading profiles.yml
12:16:22.440280 [info ]: Started parsing
12:16:22.569039 [info ]: Finished loading project [  0.14s]
12:16:22.570743 [error]: [MacroSyntaxInvalid (dbt1502)]: Failed to render SQL syntax error: unexpected `)`, expected end of variable block
(in models/staging/stg_customers.sql:1:30)
  --> models/staging/stg_customers.sql:1:30
12:16:22.570909 [debug]: Finished parsing models/staging/stg_customers.sql [  0.00s]
12:16:22.696646 [warn ]: [UnusedResourceConfigPath (dbt1097)]: Configuration paths exist in your dbt_project.yml file which do not apply to any resources.
There are 1 unused configuration paths:
- models.banking_dbt.example
12:16:22.699927 [info ]: Cached model count updated: 1 models (estimate)
12:16:22.699947 [info ]: Cached model count updated: 0 models (accurate)
12:16:22.699967 [info ]: Started scheduling
12:16:22.699992 [info ]: Finished scheduling [  0.00s]
12:16:22.700004 [debug]: Compilation - 0 nodes selected: {}
12:16:22.700021 [warn ]: [NoNodesForSelectionCriteria (dbt1092)]: The selection criterion '' does not match any enabled nodes
12:16:22.700034 [warn ]: [NoNodesSelected (dbt1601)]: Nothing to do. Try checking your model configs and model specification args
12:16:22.700923 [debug]: License check failed: Feature not licensed: 'lineage'
12:16:22.701168 [info ]: Started building task graph
12:16:22.701185 [info ]: Finished building task graph [  0.00s]
12:16:22.707634 [info ]: Started scheduling
12:16:22.707668 [info ]: Finished scheduling [  0.00s]
12:16:22.709376 [info ]: Cached model count updated: 0 models (accurate)
12:16:22.709431 [info ]: Finished parsing [  0.27s]
12:16:24.184710 [info ]: Started loading project
12:16:24.185204 [info ]: Loading profiles.yml
12:16:24.200565 [info ]: Started parsing
12:16:24.332487 [info ]: Finished loading project [  0.15s]
12:16:24.344215 [debug]: Finished parsing models/staging/stg_customers.sql [  0.01s]
12:16:24.512073 [warn ]: [UnusedResourceConfigPath (dbt1097)]: Configuration paths exist in your dbt_project.yml file which do not apply to any resources.
There are 1 unused configuration paths:
- models.banking_dbt.example
12:16:24.515684 [info ]: Cached model count updated: 1 models (estimate)
12:16:24.515703 [info ]: Cached model count updated: 1 models (accurate)
12:16:24.515722 [info ]: Started scheduling
12:16:24.515783 [info ]: Finished scheduling [  0.00s]
12:16:24.515795 [debug]: Compilation - 1 nodes selected: {"model.banking_dbt.stg_customers"}
12:16:24.516582 [debug]: License check failed: Feature not licensed: 'lineage'
12:16:24.516814 [info ]: Started building task graph
12:16:24.516841 [info ]: Finished building task graph [  0.00s]
12:16:24.518516 [info ]: Started rendering (1 nodes)
12:16:24.518547 [info ]: Started model ANALYSTICS.stg_customers
12:16:24.518557 [debug]: Started rendering model ANALYSTICS.stg_customers
12:16:24.518638 [info ]: Finished parsing [  0.32s]
12:16:24.521375 [debug]: Compiled SQL for node model.banking_dbt.stg_customers at target\.lsp\compiled\banking_dbt\models\staging\stg_customers.sql
12:16:24.521609 [debug]: Finished rendering [  0.00s] model ANALYSTICS.stg_customers [success]
12:16:24.521657 [info ]: Finished rendering [  0.00s] (1 nodes, 0 skipped, 0 errors)
12:16:24.521691 [info ]: Started analyzing (1 nodes)
12:16:24.521709 [debug]: Started analyzing model ANALYSTICS.stg_customers
12:16:24.521908 [debug]: Finished analyzing [  0.00s] model ANALYSTICS.stg_customers [success]
12:16:24.521941 [info ]: Finished analyzing [  0.00s] (1 nodes, 0 skipped, 0 errors)
12:16:24.521959 [info ]:  Succeeded [  0.00s] model ANALYSTICS.stg_customers (view)
12:16:24.525990 [info ]: Started scheduling
12:16:24.526040 [info ]: Finished scheduling [  0.00s]
12:16:24.527295 [info ]: Cached model count updated: 1 models (accurate)
12:16:24.784358 [debug]: License check failed: Feature not licensed: 'lineage'
12:16:25.054915 [debug]: License check failed: Feature not licensed: 'lineage'
12:16:26.163306 [info ]: Started loading project
12:16:26.163857 [info ]: Loading profiles.yml
12:16:26.198260 [info ]: Cached model count updated: 1 models (estimate)
12:16:26.198290 [info ]: Cached model count updated: 1 models (accurate)
12:16:26.198319 [info ]: Started scheduling
12:16:26.198364 [info ]: Finished scheduling [  0.00s]
12:16:26.198381 [debug]: Compilation - 1 nodes selected: {"model.banking_dbt.stg_customers"}
12:16:26.199514 [debug]: License check failed: Feature not licensed: 'lineage'
12:16:26.199853 [info ]: Started building task graph
12:16:26.199892 [info ]: Finished building task graph [  0.00s]
12:16:26.201558 [info ]: Started rendering (1 nodes)
12:16:26.201593 [info ]: Started model ANALYSTICS.stg_customers
12:16:26.201604 [debug]: Started rendering model ANALYSTICS.stg_customers
12:16:26.201653 [info ]: Finished loading project [  0.04s]
12:16:26.202062 [debug]: Compiled SQL for node model.banking_dbt.stg_customers at target\.lsp\compiled\banking_dbt\models\staging\stg_customers.sql
12:16:26.202168 [debug]: Finished rendering [  0.00s] model ANALYSTICS.stg_customers [success]
12:16:26.202190 [info ]: Finished rendering [  0.00s] (1 nodes, 0 skipped, 0 errors)
12:16:26.202207 [info ]: Started analyzing (1 nodes)
12:16:26.202219 [debug]: Started analyzing model ANALYSTICS.stg_customers
12:16:26.202353 [debug]: Finished analyzing [  0.00s] model ANALYSTICS.stg_customers [success]
12:16:26.202370 [info ]: Finished analyzing [  0.00s] (1 nodes, 0 skipped, 0 errors)
12:16:26.202385 [info ]:  Succeeded [-------] model ANALYSTICS.stg_customers (view)
12:16:26.206293 [info ]: Started scheduling
12:16:26.206333 [info ]: Finished scheduling [  0.00s]
12:16:26.206497 [info ]: Cached model count updated: 1 models (accurate)
12:16:26.474307 [debug]: License check failed: Feature not licensed: 'lineage'
12:16:29.611679 [debug]: License check failed: Feature not licensed: 'lineage'
12:16:37.200447 [info ]: Started loading project
12:16:37.200961 [info ]: Loading profiles.yml
12:16:37.218466 [info ]: Started parsing
12:16:37.363722 [info ]: Finished loading project [  0.16s]
12:16:37.366952 [debug]: Finished parsing models/staging/stg_customers.sql [  0.00s]
12:16:37.500701 [warn ]: [UnusedResourceConfigPath (dbt1097)]: Configuration paths exist in your dbt_project.yml file which do not apply to any resources.
There are 1 unused configuration paths:
- models.banking_dbt.example
12:16:37.505507 [info ]: Cached model count updated: 1 models (estimate)
12:16:37.505527 [info ]: Cached model count updated: 1 models (accurate)
12:16:37.505550 [info ]: Started scheduling
12:16:37.505600 [info ]: Finished scheduling [  0.00s]
12:16:37.505615 [debug]: Compilation - 1 nodes selected: {"model.banking_dbt.stg_customers"}
12:16:37.506483 [debug]: License check failed: Feature not licensed: 'lineage'
12:16:37.506765 [info ]: Started building task graph
12:16:37.506795 [info ]: Finished building task graph [  0.00s]
12:16:37.508301 [info ]: Started rendering (1 nodes)
12:16:37.508327 [info ]: Started model ANALYSTICS.stg_customers
12:16:37.508345 [debug]: Started rendering model ANALYSTICS.stg_customers
12:16:37.508419 [info ]: Finished parsing [  0.29s]
12:16:37.509904 [debug]: Compiled SQL for node model.banking_dbt.stg_customers at target\.lsp\compiled\banking_dbt\models\staging\stg_customers.sql
12:16:37.510086 [debug]: Finished rendering [  0.00s] model ANALYSTICS.stg_customers [success]
12:16:37.510119 [info ]: Finished rendering [  0.00s] (1 nodes, 0 skipped, 0 errors)
12:16:37.510153 [info ]: Started analyzing (1 nodes)
12:16:37.510169 [debug]: Started analyzing model ANALYSTICS.stg_customers
12:16:37.515956 [warn ]: [SyntaxInvalid (dbt0101)]: no viable alternative at input 'ranked as(
    
)'
  --> models/staging/stg_customers.sql:5:1 (target\.lsp\compiled\banking_dbt\models\staging\stg_customers.sql:5:1)
12:16:37.516031 [info ]:  Succeeded [  0.01s] model ANALYSTICS.stg_customers (view)
12:16:37.516048 [debug]: Finished analyzing [  0.01s] model ANALYSTICS.stg_customers [success]
12:16:37.516060 [info ]: Finished analyzing [  0.01s] (1 nodes, 0 skipped, 0 errors)
12:16:37.520283 [info ]: Started scheduling
12:16:37.520339 [info ]: Finished scheduling [  0.00s]
12:16:37.521359 [info ]: Cached model count updated: 1 models (accurate)
12:16:37.787157 [debug]: License check failed: Feature not licensed: 'lineage'
12:16:39.208463 [info ]: Started loading project
12:16:39.208956 [info ]: Loading profiles.yml
12:16:39.241907 [info ]: Cached model count updated: 1 models (estimate)
12:16:39.241939 [info ]: Cached model count updated: 1 models (accurate)
12:16:39.241978 [info ]: Started scheduling
12:16:39.242051 [info ]: Finished scheduling [  0.00s]
12:16:39.242075 [debug]: Compilation - 1 nodes selected: {"model.banking_dbt.stg_customers"}
12:16:39.243528 [debug]: License check failed: Feature not licensed: 'lineage'
12:16:39.243787 [info ]: Started building task graph
12:16:39.243816 [info ]: Finished building task graph [  0.00s]
12:16:39.245291 [info ]: Started rendering (1 nodes)
12:16:39.245312 [info ]: Started model ANALYSTICS.stg_customers
12:16:39.245322 [debug]: Started rendering model ANALYSTICS.stg_customers
12:16:39.245355 [info ]: Finished loading project [  0.04s]
12:16:39.245758 [debug]: Compiled SQL for node model.banking_dbt.stg_customers at target\.lsp\compiled\banking_dbt\models\staging\stg_customers.sql
12:16:39.245822 [debug]: Finished rendering [  0.00s] model ANALYSTICS.stg_customers [success]
12:16:39.245838 [info ]: Finished rendering [  0.00s] (1 nodes, 0 skipped, 0 errors)
12:16:39.245852 [info ]: Started analyzing (1 nodes)
12:16:39.245859 [debug]: Started analyzing model ANALYSTICS.stg_customers
12:16:39.246235 [warn ]: [SyntaxInvalid (dbt0101)]: no viable alternative at input 'ranked as(
    
)'
  --> models/staging/stg_customers.sql:5:1 (target\.lsp\compiled\banking_dbt\models\staging\stg_customers.sql:5:1)
12:16:39.246289 [info ]:  Succeeded [-------] model ANALYSTICS.stg_customers (view)
12:16:39.246345 [debug]: Finished analyzing [  0.00s] model ANALYSTICS.stg_customers [success]
12:16:39.246359 [info ]: Finished analyzing [  0.00s] (1 nodes, 0 skipped, 0 errors)
12:16:39.250172 [info ]: Started scheduling
12:16:39.250251 [info ]: Finished scheduling [  0.00s]
12:16:39.250453 [info ]: Cached model count updated: 1 models (accurate)
12:16:40.403033 [info ]: Started loading project
12:16:40.404051 [info ]: Loading profiles.yml
12:16:40.421509 [info ]: Started parsing
12:16:40.581117 [info ]: Finished loading project [  0.18s]
12:16:40.583126 [debug]: Finished parsing models/staging/stg_customers.sql [  0.00s]
12:16:40.714641 [warn ]: [UnusedResourceConfigPath (dbt1097)]: Configuration paths exist in your dbt_project.yml file which do not apply to any resources.
There are 1 unused configuration paths:
- models.banking_dbt.example
12:16:40.721027 [info ]: Cached model count updated: 1 models (estimate)
12:16:40.721065 [info ]: Cached model count updated: 1 models (accurate)
12:16:40.721121 [info ]: Started scheduling
12:16:40.721274 [info ]: Finished scheduling [  0.00s]
12:16:40.721319 [debug]: Compilation - 1 nodes selected: {"model.banking_dbt.stg_customers"}
12:16:40.722740 [debug]: License check failed: Feature not licensed: 'lineage'
12:16:40.723089 [info ]: Started building task graph
12:16:40.723227 [info ]: Finished building task graph [  0.00s]
12:16:40.725120 [info ]: Started rendering (1 nodes)
12:16:40.725165 [info ]: Started model ANALYSTICS.stg_customers
12:16:40.725175 [debug]: Started rendering model ANALYSTICS.stg_customers
12:16:40.725280 [info ]: Finished parsing [  0.30s]
12:16:40.728480 [debug]: Compiled SQL for node model.banking_dbt.stg_customers at target\.lsp\compiled\banking_dbt\models\staging\stg_customers.sql
12:16:40.728738 [debug]: Finished rendering [  0.00s] model ANALYSTICS.stg_customers [success]
12:16:40.728770 [info ]: Finished rendering [  0.00s] (1 nodes, 0 skipped, 0 errors)
12:16:40.728796 [info ]: Started analyzing (1 nodes)
12:16:40.728807 [debug]: Started analyzing model ANALYSTICS.stg_customers
12:16:40.729985 [warn ]: [SyntaxInvalid (dbt0101)]: no viable alternative at input 'ranked as(
    select
)'
  --> models/staging/stg_customers.sql:5:1 (target\.lsp\compiled\banking_dbt\models\staging\stg_customers.sql:5:1)
12:16:40.730057 [info ]:  Succeeded [  0.00s] model ANALYSTICS.stg_customers (view)
12:16:40.730120 [debug]: Finished analyzing [  0.00s] model ANALYSTICS.stg_customers [success]
12:16:40.730136 [info ]: Finished analyzing [  0.00s] (1 nodes, 0 skipped, 0 errors)
12:16:40.736689 [info ]: Started scheduling
12:16:40.736757 [info ]: Finished scheduling [  0.00s]
12:16:40.737899 [info ]: Cached model count updated: 1 models (accurate)
12:16:41.008507 [debug]: License check failed: Feature not licensed: 'lineage'
12:16:42.394658 [info ]: Started loading project
12:16:42.395150 [info ]: Loading profiles.yml
12:16:42.425219 [info ]: Cached model count updated: 1 models (estimate)
12:16:42.425242 [info ]: Cached model count updated: 1 models (accurate)
12:16:42.425262 [info ]: Started scheduling
12:16:42.425301 [info ]: Finished scheduling [  0.00s]
12:16:42.425315 [debug]: Compilation - 1 nodes selected: {"model.banking_dbt.stg_customers"}
12:16:42.426169 [debug]: License check failed: Feature not licensed: 'lineage'
12:16:42.426391 [info ]: Started building task graph
12:16:42.426419 [info ]: Finished building task graph [  0.00s]
12:16:42.427818 [info ]: Started rendering (1 nodes)
12:16:42.427838 [info ]: Started model ANALYSTICS.stg_customers
12:16:42.427847 [debug]: Started rendering model ANALYSTICS.stg_customers
12:16:42.427882 [info ]: Finished loading project [  0.03s]
12:16:42.428281 [debug]: Compiled SQL for node model.banking_dbt.stg_customers at target\.lsp\compiled\banking_dbt\models\staging\stg_customers.sql
12:16:42.428357 [debug]: Finished rendering [  0.00s] model ANALYSTICS.stg_customers [success]
12:16:42.428376 [info ]: Finished rendering [  0.00s] (1 nodes, 0 skipped, 0 errors)
12:16:42.428390 [info ]: Started analyzing (1 nodes)
12:16:42.428401 [debug]: Started analyzing model ANALYSTICS.stg_customers
12:16:42.428835 [warn ]: [SyntaxInvalid (dbt0101)]: no viable alternative at input 'ranked as(
    select
)'
  --> models/staging/stg_customers.sql:5:1 (target\.lsp\compiled\banking_dbt\models\staging\stg_customers.sql:5:1)
12:16:42.428893 [info ]:  Succeeded [-------] model ANALYSTICS.stg_customers (view)
12:16:42.428952 [debug]: Finished analyzing [  0.00s] model ANALYSTICS.stg_customers [success]
12:16:42.428967 [info ]: Finished analyzing [  0.00s] (1 nodes, 0 skipped, 0 errors)
12:16:42.432279 [info ]: Started scheduling
12:16:42.432326 [info ]: Finished scheduling [  0.00s]
12:16:42.432512 [info ]: Cached model count updated: 1 models (accurate)
12:16:45.848647 [info ]: Started loading project
12:16:45.849193 [info ]: Loading profiles.yml
12:16:45.868120 [info ]: Started parsing
12:16:46.024634 [info ]: Finished loading project [  0.18s]
12:16:46.026837 [debug]: Finished parsing models/staging/stg_customers.sql [  0.00s]
12:16:46.153835 [warn ]: [UnusedResourceConfigPath (dbt1097)]: Configuration paths exist in your dbt_project.yml file which do not apply to any resources.
There are 1 unused configuration paths:
- models.banking_dbt.example
12:16:46.158792 [info ]: Cached model count updated: 1 models (estimate)
12:16:46.158872 [info ]: Cached model count updated: 1 models (accurate)
12:16:46.158945 [info ]: Started scheduling
12:16:46.159032 [info ]: Finished scheduling [  0.00s]
12:16:46.159100 [debug]: Compilation - 1 nodes selected: {"model.banking_dbt.stg_customers"}
12:16:46.161452 [debug]: License check failed: Feature not licensed: 'lineage'
12:16:46.161965 [info ]: Started building task graph
12:16:46.162017 [info ]: Finished building task graph [  0.00s]
12:16:46.164376 [info ]: Started rendering (1 nodes)
12:16:46.164441 [info ]: Started model ANALYSTICS.stg_customers
12:16:46.164465 [debug]: Started rendering model ANALYSTICS.stg_customers
12:16:46.164539 [info ]: Finished parsing [  0.30s]
12:16:46.166614 [debug]: Compiled SQL for node model.banking_dbt.stg_customers at target\.lsp\compiled\banking_dbt\models\staging\stg_customers.sql
12:16:46.166821 [debug]: Finished rendering [  0.00s] model ANALYSTICS.stg_customers [success]
12:16:46.166868 [info ]: Finished rendering [  0.00s] (1 nodes, 0 skipped, 0 errors)
12:16:46.166928 [info ]: Started analyzing (1 nodes)
12:16:46.166948 [debug]: Started analyzing model ANALYSTICS.stg_customers
12:16:46.167643 [warn ]: [SyntaxInvalid (dbt0101)]: no viable alternative at input 'ranked as(
    )'
  --> models/staging/stg_customers.sql:4:5 (target\.lsp\compiled\banking_dbt\models\staging\stg_customers.sql:4:5)
12:16:46.167733 [info ]:  Succeeded [  0.00s] model ANALYSTICS.stg_customers (view)
12:16:46.167750 [debug]: Finished analyzing [  0.00s] model ANALYSTICS.stg_customers [success]
12:16:46.167762 [info ]: Finished analyzing [  0.00s] (1 nodes, 0 skipped, 0 errors)
12:16:46.173986 [info ]: Started scheduling
12:16:46.174044 [info ]: Finished scheduling [  0.00s]
12:16:46.175105 [info ]: Cached model count updated: 1 models (accurate)
12:16:46.444827 [debug]: License check failed: Feature not licensed: 'lineage'
12:16:47.830544 [info ]: Started loading project
12:16:47.831051 [info ]: Loading profiles.yml
12:16:47.860172 [info ]: Cached model count updated: 1 models (estimate)
12:16:47.860192 [info ]: Cached model count updated: 1 models (accurate)
12:16:47.860212 [info ]: Started scheduling
12:16:47.860250 [info ]: Finished scheduling [  0.00s]
12:16:47.860261 [debug]: Compilation - 1 nodes selected: {"model.banking_dbt.stg_customers"}
12:16:47.861223 [debug]: License check failed: Feature not licensed: 'lineage'
12:16:47.861453 [info ]: Started building task graph
12:16:47.861480 [info ]: Finished building task graph [  0.00s]
12:16:47.862857 [info ]: Started rendering (1 nodes)
12:16:47.862878 [info ]: Started model ANALYSTICS.stg_customers
12:16:47.862887 [debug]: Started rendering model ANALYSTICS.stg_customers
12:16:47.862920 [info ]: Finished loading project [  0.03s]
12:16:47.863302 [debug]: Compiled SQL for node model.banking_dbt.stg_customers at target\.lsp\compiled\banking_dbt\models\staging\stg_customers.sql
12:16:47.863385 [debug]: Finished rendering [  0.00s] model ANALYSTICS.stg_customers [success]
12:16:47.863406 [info ]: Finished rendering [  0.00s] (1 nodes, 0 skipped, 0 errors)
12:16:47.863435 [info ]: Started analyzing (1 nodes)
12:16:47.863443 [debug]: Started analyzing model ANALYSTICS.stg_customers
12:16:47.863828 [warn ]: [SyntaxInvalid (dbt0101)]: no viable alternative at input 'ranked as(
    )'
  --> models/staging/stg_customers.sql:4:5 (target\.lsp\compiled\banking_dbt\models\staging\stg_customers.sql:4:5)
12:16:47.863892 [info ]:  Succeeded [-------] model ANALYSTICS.stg_customers (view)
12:16:47.863950 [debug]: Finished analyzing [  0.00s] model ANALYSTICS.stg_customers [success]
12:16:47.863964 [info ]: Finished analyzing [  0.00s] (1 nodes, 0 skipped, 0 errors)
12:16:47.867107 [info ]: Started scheduling
12:16:47.867153 [info ]: Finished scheduling [  0.00s]
12:16:47.867342 [info ]: Cached model count updated: 1 models (accurate)
12:16:50.658294 [info ]: Started loading project
12:16:50.658946 [info ]: Loading profiles.yml
12:16:50.678888 [info ]: Started parsing
12:16:50.852137 [info ]: Finished loading project [  0.19s]
12:16:50.854360 [debug]: Finished parsing models/staging/stg_customers.sql [  0.00s]
12:16:51.014733 [warn ]: [UnusedResourceConfigPath (dbt1097)]: Configuration paths exist in your dbt_project.yml file which do not apply to any resources.
There are 1 unused configuration paths:
- models.banking_dbt.example
12:16:51.021080 [info ]: Cached model count updated: 1 models (estimate)
12:16:51.021100 [info ]: Cached model count updated: 1 models (accurate)
12:16:51.021123 [info ]: Started scheduling
12:16:51.021171 [info ]: Finished scheduling [  0.00s]
12:16:51.021188 [debug]: Compilation - 1 nodes selected: {"model.banking_dbt.stg_customers"}
12:16:51.022071 [debug]: License check failed: Feature not licensed: 'lineage'
12:16:51.022289 [info ]: Started building task graph
12:16:51.022318 [info ]: Finished building task graph [  0.00s]
12:16:51.023689 [info ]: Started rendering (1 nodes)
12:16:51.023709 [info ]: Started model ANALYSTICS.stg_customers
12:16:51.023720 [debug]: Started rendering model ANALYSTICS.stg_customers
12:16:51.023760 [info ]: Finished parsing [  0.34s]
12:16:51.025256 [debug]: Compiled SQL for node model.banking_dbt.stg_customers at target\.lsp\compiled\banking_dbt\models\staging\stg_customers.sql
12:16:51.025441 [debug]: Finished rendering [  0.00s] model ANALYSTICS.stg_customers [success]
12:16:51.025465 [info ]: Finished rendering [  0.00s] (1 nodes, 0 skipped, 0 errors)
12:16:51.025487 [info ]: Started analyzing (1 nodes)
12:16:51.025498 [debug]: Started analyzing model ANALYSTICS.stg_customers
12:16:51.026023 [warn ]: [SyntaxInvalid (dbt0101)]: no viable alternative at input 'ranked as(
    select 
)'
  --> models/staging/stg_customers.sql:5:1 (target\.lsp\compiled\banking_dbt\models\staging\stg_customers.sql:5:1)
12:16:51.026090 [info ]:  Succeeded [  0.00s] model ANALYSTICS.stg_customers (view)
12:16:51.026147 [debug]: Finished analyzing [  0.00s] model ANALYSTICS.stg_customers [success]
12:16:51.026162 [info ]: Finished analyzing [  0.00s] (1 nodes, 0 skipped, 0 errors)
12:16:51.032215 [info ]: Started scheduling
12:16:51.032279 [info ]: Finished scheduling [  0.00s]
12:16:51.033920 [info ]: Cached model count updated: 1 models (accurate)
12:16:51.293150 [debug]: License check failed: Feature not licensed: 'lineage'
12:16:52.585986 [info ]: Started loading project
12:16:52.586469 [info ]: Loading profiles.yml
12:16:52.616359 [info ]: Cached model count updated: 1 models (estimate)
12:16:52.616381 [info ]: Cached model count updated: 1 models (accurate)
12:16:52.616407 [info ]: Started scheduling
12:16:52.616456 [info ]: Finished scheduling [  0.00s]
12:16:52.616473 [debug]: Compilation - 1 nodes selected: {"model.banking_dbt.stg_customers"}
12:16:52.617369 [debug]: License check failed: Feature not licensed: 'lineage'
12:16:52.617610 [info ]: Started building task graph
12:16:52.617639 [info ]: Finished building task graph [  0.00s]
12:16:52.619124 [info ]: Started rendering (1 nodes)
12:16:52.619144 [info ]: Started model ANALYSTICS.stg_customers
12:16:52.619153 [debug]: Started rendering model ANALYSTICS.stg_customers
12:16:52.619189 [info ]: Finished loading project [  0.03s]
12:16:52.619629 [debug]: Compiled SQL for node model.banking_dbt.stg_customers at target\.lsp\compiled\banking_dbt\models\staging\stg_customers.sql
12:16:52.619705 [debug]: Finished rendering [  0.00s] model ANALYSTICS.stg_customers [success]
12:16:52.619722 [info ]: Finished rendering [  0.00s] (1 nodes, 0 skipped, 0 errors)
12:16:52.619735 [info ]: Started analyzing (1 nodes)
12:16:52.619742 [debug]: Started analyzing model ANALYSTICS.stg_customers
12:16:52.620161 [warn ]: [SyntaxInvalid (dbt0101)]: no viable alternative at input 'ranked as(
    select 
)'
  --> models/staging/stg_customers.sql:5:1 (target\.lsp\compiled\banking_dbt\models\staging\stg_customers.sql:5:1)
12:16:52.620219 [info ]:  Succeeded [-------] model ANALYSTICS.stg_customers (view)
12:16:52.620272 [debug]: Finished analyzing [  0.00s] model ANALYSTICS.stg_customers [success]
12:16:52.620287 [info ]: Finished analyzing [  0.00s] (1 nodes, 0 skipped, 0 errors)
12:16:52.623484 [info ]: Started scheduling
12:16:52.623535 [info ]: Finished scheduling [  0.00s]
12:16:52.623704 [info ]: Cached model count updated: 1 models (accurate)
12:16:52.884399 [debug]: License check failed: Feature not licensed: 'lineage'
12:16:57.464744 [debug]: License check failed: Feature not licensed: 'lineage'
12:16:58.820664 [info ]: Started loading project
12:16:58.821184 [info ]: Loading profiles.yml
12:16:58.841031 [info ]: Started parsing
12:16:59.042235 [info ]: Finished loading project [  0.22s]
12:16:59.044453 [debug]: Finished parsing models/staging/stg_customers.sql [  0.00s]
12:16:59.180677 [warn ]: [UnusedResourceConfigPath (dbt1097)]: Configuration paths exist in your dbt_project.yml file which do not apply to any resources.
There are 1 unused configuration paths:
- models.banking_dbt.example
12:16:59.190199 [info ]: Cached model count updated: 1 models (estimate)
12:16:59.190217 [info ]: Cached model count updated: 1 models (accurate)
12:16:59.190237 [info ]: Started scheduling
12:16:59.190276 [info ]: Finished scheduling [  0.00s]
12:16:59.190288 [debug]: Compilation - 1 nodes selected: {"model.banking_dbt.stg_customers"}
12:16:59.191073 [debug]: License check failed: Feature not licensed: 'lineage'
12:16:59.191291 [info ]: Started building task graph
12:16:59.191318 [info ]: Finished building task graph [  0.00s]
12:16:59.192741 [info ]: Started rendering (1 nodes)
12:16:59.192765 [info ]: Started model ANALYSTICS.stg_customers
12:16:59.192775 [debug]: Started rendering model ANALYSTICS.stg_customers
12:16:59.192825 [info ]: Finished parsing [  0.35s]
12:16:59.195501 [debug]: Compiled SQL for node model.banking_dbt.stg_customers at target\.lsp\compiled\banking_dbt\models\staging\stg_customers.sql
12:16:59.195902 [debug]: Finished rendering [  0.00s] model ANALYSTICS.stg_customers [success]
12:16:59.195962 [info ]: Finished rendering [  0.00s] (1 nodes, 0 skipped, 0 errors)
12:16:59.196034 [info ]: Started analyzing (1 nodes)
12:16:59.196062 [debug]: Started analyzing model ANALYSTICS.stg_customers
12:16:59.197092 [warn ]: [SyntaxInvalid (dbt0101)]: no viable alternative at input 'ranked as(
    select 
    
)'
  --> models/staging/stg_customers.sql:6:1 (target\.lsp\compiled\banking_dbt\models\staging\stg_customers.sql:6:1)
12:16:59.197296 [info ]:  Succeeded [  0.00s] model ANALYSTICS.stg_customers (view)
12:16:59.197305 [debug]: Finished analyzing [  0.00s] model ANALYSTICS.stg_customers [success]
12:16:59.197325 [info ]: Finished analyzing [  0.00s] (1 nodes, 0 skipped, 0 errors)
12:16:59.203084 [info ]: Started scheduling
12:16:59.203147 [info ]: Finished scheduling [  0.00s]
12:16:59.205113 [info ]: Cached model count updated: 1 models (accurate)
12:17:00.868868 [info ]: Started loading project
12:17:00.869403 [info ]: Loading profiles.yml
12:17:00.899557 [info ]: Cached model count updated: 1 models (estimate)
12:17:00.899578 [info ]: Cached model count updated: 1 models (accurate)
12:17:00.899596 [info ]: Started scheduling
12:17:00.899636 [info ]: Finished scheduling [  0.00s]
12:17:00.899648 [debug]: Compilation - 1 nodes selected: {"model.banking_dbt.stg_customers"}
12:17:00.900628 [debug]: License check failed: Feature not licensed: 'lineage'
12:17:00.900844 [info ]: Started building task graph
12:17:00.900872 [info ]: Finished building task graph [  0.00s]
12:17:00.902349 [info ]: Started rendering (1 nodes)
12:17:00.902369 [info ]: Started model ANALYSTICS.stg_customers
12:17:00.902378 [debug]: Started rendering model ANALYSTICS.stg_customers
12:17:00.902411 [info ]: Finished loading project [  0.03s]
12:17:00.902795 [debug]: Compiled SQL for node model.banking_dbt.stg_customers at target\.lsp\compiled\banking_dbt\models\staging\stg_customers.sql
12:17:00.902872 [debug]: Finished rendering [  0.00s] model ANALYSTICS.stg_customers [success]
12:17:00.902889 [info ]: Finished rendering [  0.00s] (1 nodes, 0 skipped, 0 errors)
12:17:00.902903 [info ]: Started analyzing (1 nodes)
12:17:00.902910 [debug]: Started analyzing model ANALYSTICS.stg_customers
12:17:00.903395 [warn ]: [SyntaxInvalid (dbt0101)]: no viable alternative at input 'ranked as(
    select 
    
)'
  --> models/staging/stg_customers.sql:6:1 (target\.lsp\compiled\banking_dbt\models\staging\stg_customers.sql:6:1)
12:17:00.903462 [info ]:  Succeeded [-------] model ANALYSTICS.stg_customers (view)
12:17:00.903507 [debug]: Finished analyzing [  0.00s] model ANALYSTICS.stg_customers [success]
12:17:00.903522 [info ]: Finished analyzing [  0.00s] (1 nodes, 0 skipped, 0 errors)
12:17:00.906964 [info ]: Started scheduling
12:17:00.907011 [info ]: Finished scheduling [  0.00s]
12:17:00.907201 [info ]: Cached model count updated: 1 models (accurate)
12:17:03.868658 [info ]: Started loading project
12:17:03.869315 [info ]: Loading profiles.yml
12:17:03.890541 [info ]: Started parsing
12:17:04.122450 [info ]: Finished loading project [  0.25s]
12:17:04.125087 [debug]: Finished parsing models/staging/stg_customers.sql [  0.00s]
12:17:04.321570 [warn ]: [UnusedResourceConfigPath (dbt1097)]: Configuration paths exist in your dbt_project.yml file which do not apply to any resources.
There are 1 unused configuration paths:
- models.banking_dbt.example
12:17:04.325074 [info ]: Cached model count updated: 1 models (estimate)
12:17:04.325090 [info ]: Cached model count updated: 1 models (accurate)
12:17:04.325110 [info ]: Started scheduling
12:17:04.325148 [info ]: Finished scheduling [  0.00s]
12:17:04.325163 [debug]: Compilation - 1 nodes selected: {"model.banking_dbt.stg_customers"}
12:17:04.325880 [debug]: License check failed: Feature not licensed: 'lineage'
12:17:04.326157 [info ]: Started building task graph
12:17:04.326188 [info ]: Finished building task graph [  0.00s]
12:17:04.327626 [info ]: Started rendering (1 nodes)
12:17:04.327647 [info ]: Started model ANALYSTICS.stg_customers
12:17:04.327657 [debug]: Started rendering model ANALYSTICS.stg_customers
12:17:04.327697 [info ]: Finished parsing [  0.44s]
12:17:04.329304 [debug]: Compiled SQL for node model.banking_dbt.stg_customers at target\.lsp\compiled\banking_dbt\models\staging\stg_customers.sql
12:17:04.329549 [debug]: Finished rendering [  0.00s] model ANALYSTICS.stg_customers [success]
12:17:04.329584 [info ]: Finished rendering [  0.00s] (1 nodes, 0 skipped, 0 errors)
12:17:04.329623 [info ]: Started analyzing (1 nodes)
12:17:04.329641 [debug]: Started analyzing model ANALYSTICS.stg_customers
12:17:04.338359 [warn ]: [SyntaxInvalid (dbt0101)]: mismatched input '<EOF>' expecting one of 'SELECT', 'TABLE', '('
  --> models/staging/stg_customers.sql:6:2 (target\.lsp\compiled\banking_dbt\models\staging\stg_customers.sql:6:2)
12:17:04.338485 [info ]:  Succeeded [  0.01s] model ANALYSTICS.stg_customers (view)
12:17:04.338506 [debug]: Finished analyzing [  0.01s] model ANALYSTICS.stg_customers [success]
12:17:04.338532 [info ]: Finished analyzing [  0.01s] (1 nodes, 0 skipped, 0 errors)
12:17:04.343048 [info ]: Started scheduling
12:17:04.343122 [info ]: Finished scheduling [  0.00s]
12:17:04.344141 [info ]: Cached model count updated: 1 models (accurate)
12:17:06.016815 [info ]: Started loading project
12:17:06.017395 [info ]: Loading profiles.yml
12:17:06.053181 [info ]: Cached model count updated: 1 models (estimate)
12:17:06.053221 [info ]: Cached model count updated: 1 models (accurate)
12:17:06.053252 [info ]: Started scheduling
12:17:06.053350 [info ]: Finished scheduling [  0.00s]
12:17:06.053376 [debug]: Compilation - 1 nodes selected: {"model.banking_dbt.stg_customers"}
12:17:06.054372 [debug]: License check failed: Feature not licensed: 'lineage'
12:17:06.054682 [info ]: Started building task graph
12:17:06.054712 [info ]: Finished building task graph [  0.00s]
12:17:06.056378 [info ]: Started rendering (1 nodes)
12:17:06.056403 [info ]: Started model ANALYSTICS.stg_customers
12:17:06.056414 [debug]: Started rendering model ANALYSTICS.stg_customers
12:17:06.056450 [info ]: Finished loading project [  0.04s]
12:17:06.056817 [debug]: Compiled SQL for node model.banking_dbt.stg_customers at target\.lsp\compiled\banking_dbt\models\staging\stg_customers.sql
12:17:06.056891 [debug]: Finished rendering [  0.00s] model ANALYSTICS.stg_customers [success]
12:17:06.056906 [info ]: Finished rendering [  0.00s] (1 nodes, 0 skipped, 0 errors)
12:17:06.056920 [info ]: Started analyzing (1 nodes)
12:17:06.056927 [debug]: Started analyzing model ANALYSTICS.stg_customers
12:17:06.057332 [warn ]: [SyntaxInvalid (dbt0101)]: mismatched input '<EOF>' expecting one of 'SELECT', 'TABLE', '('
  --> models/staging/stg_customers.sql:6:2 (target\.lsp\compiled\banking_dbt\models\staging\stg_customers.sql:6:2)
12:17:06.057387 [info ]:  Succeeded [-------] model ANALYSTICS.stg_customers (view)
12:17:06.057446 [debug]: Finished analyzing [  0.00s] model ANALYSTICS.stg_customers [success]
12:17:06.057457 [info ]: Finished analyzing [  0.00s] (1 nodes, 0 skipped, 0 errors)
12:17:06.060590 [info ]: Started scheduling
12:17:06.060629 [info ]: Finished scheduling [  0.00s]
12:17:06.060798 [info ]: Cached model count updated: 1 models (accurate)
12:17:07.374098 [info ]: Started loading project
12:17:07.374630 [info ]: Loading profiles.yml
12:17:07.398080 [info ]: Started parsing
12:17:07.600709 [info ]: Finished loading project [  0.23s]
12:17:07.603571 [debug]: Finished parsing models/staging/stg_customers.sql [  0.00s]
12:17:07.734645 [warn ]: [UnusedResourceConfigPath (dbt1097)]: Configuration paths exist in your dbt_project.yml file which do not apply to any resources.
There are 1 unused configuration paths:
- models.banking_dbt.example
12:17:07.738308 [info ]: Cached model count updated: 1 models (estimate)
12:17:07.738324 [info ]: Cached model count updated: 1 models (accurate)
12:17:07.738344 [info ]: Started scheduling
12:17:07.738384 [info ]: Finished scheduling [  0.00s]
12:17:07.738394 [debug]: Compilation - 1 nodes selected: {"model.banking_dbt.stg_customers"}
12:17:07.739125 [debug]: License check failed: Feature not licensed: 'lineage'
12:17:07.739332 [info ]: Started building task graph
12:17:07.739368 [info ]: Finished building task graph [  0.00s]
12:17:07.740769 [info ]: Started rendering (1 nodes)
12:17:07.740795 [info ]: Started model ANALYSTICS.stg_customers
12:17:07.740808 [debug]: Started rendering model ANALYSTICS.stg_customers
12:17:07.740852 [info ]: Finished parsing [  0.34s]
12:17:07.742292 [debug]: Compiled SQL for node model.banking_dbt.stg_customers at target\.lsp\compiled\banking_dbt\models\staging\stg_customers.sql
12:17:07.742498 [debug]: Finished rendering [  0.00s] model ANALYSTICS.stg_customers [success]
12:17:07.742531 [info ]: Finished rendering [  0.00s] (1 nodes, 0 skipped, 0 errors)
12:17:07.742562 [info ]: Started analyzing (1 nodes)
12:17:07.742574 [debug]: Started analyzing model ANALYSTICS.stg_customers
12:17:07.746583 [warn ]: [SyntaxInvalid (dbt0101)]: mismatched input '<EOF>' expecting one of 'SELECT', 'TABLE', '('
  --> models/staging/stg_customers.sql:7:2 (target\.lsp\compiled\banking_dbt\models\staging\stg_customers.sql:7:2)
12:17:07.746676 [info ]:  Succeeded [  0.01s] model ANALYSTICS.stg_customers (view)
12:17:07.746715 [debug]: Finished analyzing [  0.00s] model ANALYSTICS.stg_customers [success]
12:17:07.746727 [info ]: Finished analyzing [  0.00s] (1 nodes, 0 skipped, 0 errors)
12:17:07.750135 [info ]: Started scheduling
12:17:07.750214 [info ]: Finished scheduling [  0.00s]
12:17:07.751637 [info ]: Cached model count updated: 1 models (accurate)
12:17:08.015042 [debug]: License check failed: Feature not licensed: 'lineage'
12:17:09.422742 [info ]: Started loading project
12:17:09.423247 [info ]: Loading profiles.yml
12:17:09.451721 [info ]: Cached model count updated: 1 models (estimate)
12:17:09.451741 [info ]: Cached model count updated: 1 models (accurate)
12:17:09.451760 [info ]: Started scheduling
12:17:09.451798 [info ]: Finished scheduling [  0.00s]
12:17:09.451810 [debug]: Compilation - 1 nodes selected: {"model.banking_dbt.stg_customers"}
12:17:09.452630 [debug]: License check failed: Feature not licensed: 'lineage'
12:17:09.452839 [info ]: Started building task graph
12:17:09.452867 [info ]: Finished building task graph [  0.00s]
12:17:09.454316 [info ]: Started rendering (1 nodes)
12:17:09.454335 [info ]: Started model ANALYSTICS.stg_customers
12:17:09.454346 [debug]: Started rendering model ANALYSTICS.stg_customers
12:17:09.454378 [info ]: Finished loading project [  0.03s]
12:17:09.454760 [debug]: Compiled SQL for node model.banking_dbt.stg_customers at target\.lsp\compiled\banking_dbt\models\staging\stg_customers.sql
12:17:09.454837 [debug]: Finished rendering [  0.00s] model ANALYSTICS.stg_customers [success]
12:17:09.454861 [info ]: Finished rendering [  0.00s] (1 nodes, 0 skipped, 0 errors)
12:17:09.454881 [info ]: Started analyzing (1 nodes)
12:17:09.454888 [debug]: Started analyzing model ANALYSTICS.stg_customers
12:17:09.455331 [warn ]: [SyntaxInvalid (dbt0101)]: mismatched input '<EOF>' expecting one of 'SELECT', 'TABLE', '('
  --> models/staging/stg_customers.sql:7:2 (target\.lsp\compiled\banking_dbt\models\staging\stg_customers.sql:7:2)
12:17:09.455386 [info ]:  Succeeded [-------] model ANALYSTICS.stg_customers (view)
12:17:09.455446 [debug]: Finished analyzing [  0.00s] model ANALYSTICS.stg_customers [success]
12:17:09.455461 [info ]: Finished analyzing [  0.00s] (1 nodes, 0 skipped, 0 errors)
12:17:09.458459 [info ]: Started scheduling
12:17:09.458499 [info ]: Finished scheduling [  0.00s]
12:17:09.458672 [info ]: Cached model count updated: 1 models (accurate)
12:17:09.714504 [debug]: License check failed: Feature not licensed: 'lineage'
12:17:17.120164 [info ]: Started loading project
12:17:17.120717 [info ]: Loading profiles.yml
12:17:17.142294 [info ]: Started parsing
12:17:17.374707 [info ]: Finished loading project [  0.25s]
12:17:17.377531 [debug]: Finished parsing models/staging/stg_customers.sql [  0.00s]
12:17:17.510646 [warn ]: [UnusedResourceConfigPath (dbt1097)]: Configuration paths exist in your dbt_project.yml file which do not apply to any resources.
There are 1 unused configuration paths:
- models.banking_dbt.example
12:17:17.514275 [info ]: Cached model count updated: 1 models (estimate)
12:17:17.514291 [info ]: Cached model count updated: 1 models (accurate)
12:17:17.514312 [info ]: Started scheduling
12:17:17.514353 [info ]: Finished scheduling [  0.00s]
12:17:17.514365 [debug]: Compilation - 1 nodes selected: {"model.banking_dbt.stg_customers"}
12:17:17.515107 [debug]: License check failed: Feature not licensed: 'lineage'
12:17:17.515333 [info ]: Started building task graph
12:17:17.515360 [info ]: Finished building task graph [  0.00s]
12:17:17.516748 [info ]: Started rendering (1 nodes)
12:17:17.516767 [info ]: Started model ANALYSTICS.stg_customers
12:17:17.516777 [debug]: Started rendering model ANALYSTICS.stg_customers
12:17:17.516816 [info ]: Finished parsing [  0.37s]
12:17:17.518356 [debug]: Compiled SQL for node model.banking_dbt.stg_customers at target\.lsp\compiled\banking_dbt\models\staging\stg_customers.sql
12:17:17.518557 [debug]: Finished rendering [  0.00s] model ANALYSTICS.stg_customers [success]
12:17:17.518590 [info ]: Finished rendering [  0.00s] (1 nodes, 0 skipped, 0 errors)
12:17:17.518624 [info ]: Started analyzing (1 nodes)
12:17:17.518640 [debug]: Started analyzing model ANALYSTICS.stg_customers
12:17:17.519324 [warn ]: [SyntaxInvalid (dbt0101)]: mismatched input '<EOF>' expecting one of 'SELECT', 'TABLE', '('
  --> models/staging/stg_customers.sql:8:2 (target\.lsp\compiled\banking_dbt\models\staging\stg_customers.sql:8:2)
12:17:17.519391 [info ]:  Succeeded [  0.00s] model ANALYSTICS.stg_customers (view)
12:17:17.519446 [debug]: Finished analyzing [  0.00s] model ANALYSTICS.stg_customers [success]
12:17:17.519462 [info ]: Finished analyzing [  0.00s] (1 nodes, 0 skipped, 0 errors)
12:17:17.523196 [info ]: Started scheduling
12:17:17.523265 [info ]: Finished scheduling [  0.00s]
12:17:17.524757 [info ]: Cached model count updated: 1 models (accurate)
12:17:17.784513 [debug]: License check failed: Feature not licensed: 'lineage'
12:17:19.194163 [info ]: Started loading project
12:17:19.194811 [info ]: Loading profiles.yml
12:17:19.231466 [info ]: Cached model count updated: 1 models (estimate)
12:17:19.231503 [info ]: Cached model count updated: 1 models (accurate)
12:17:19.231553 [info ]: Started scheduling
12:17:19.231635 [info ]: Finished scheduling [  0.00s]
12:17:19.231662 [debug]: Compilation - 1 nodes selected: {"model.banking_dbt.stg_customers"}
12:17:19.233504 [debug]: License check failed: Feature not licensed: 'lineage'
12:17:19.234066 [info ]: Started building task graph
12:17:19.234130 [info ]: Finished building task graph [  0.00s]
12:17:19.237084 [info ]: Started rendering (1 nodes)
12:17:19.237124 [info ]: Started model ANALYSTICS.stg_customers
12:17:19.237145 [debug]: Started rendering model ANALYSTICS.stg_customers
12:17:19.237204 [info ]: Finished loading project [  0.04s]
12:17:19.237730 [debug]: Compiled SQL for node model.banking_dbt.stg_customers at target\.lsp\compiled\banking_dbt\models\staging\stg_customers.sql
12:17:19.237851 [debug]: Finished rendering [  0.00s] model ANALYSTICS.stg_customers [success]
12:17:19.237884 [info ]: Finished rendering [  0.00s] (1 nodes, 0 skipped, 0 errors)
12:17:19.237918 [info ]: Started analyzing (1 nodes)
12:17:19.237933 [debug]: Started analyzing model ANALYSTICS.stg_customers
12:17:19.239171 [warn ]: [SyntaxInvalid (dbt0101)]: mismatched input '<EOF>' expecting one of 'SELECT', 'TABLE', '('
  --> models/staging/stg_customers.sql:8:2 (target\.lsp\compiled\banking_dbt\models\staging\stg_customers.sql:8:2)
12:17:19.239396 [info ]:  Succeeded [  0.00s] model ANALYSTICS.stg_customers (view)
12:17:19.239543 [debug]: Finished analyzing [  0.00s] model ANALYSTICS.stg_customers [success]
12:17:19.239629 [info ]: Finished analyzing [  0.00s] (1 nodes, 0 skipped, 0 errors)
12:17:19.250591 [info ]: Started scheduling
12:17:19.250719 [info ]: Finished scheduling [  0.00s]
12:17:19.251300 [info ]: Cached model count updated: 1 models (accurate)
12:17:19.531511 [debug]: License check failed: Feature not licensed: 'lineage'
12:17:25.925297 [debug]: License check failed: Feature not licensed: 'lineage'
12:17:28.762318 [info ]: Started loading project
12:17:28.762875 [info ]: Loading profiles.yml
12:17:28.785883 [info ]: Started parsing
12:17:29.008852 [info ]: Finished loading project [  0.25s]
12:17:29.011456 [debug]: Finished parsing models/staging/stg_customers.sql [  0.00s]
12:17:29.155429 [warn ]: [UnusedResourceConfigPath (dbt1097)]: Configuration paths exist in your dbt_project.yml file which do not apply to any resources.
There are 1 unused configuration paths:
- models.banking_dbt.example
12:17:29.159140 [info ]: Cached model count updated: 1 models (estimate)
12:17:29.159161 [info ]: Cached model count updated: 1 models (accurate)
12:17:29.159184 [info ]: Started scheduling
12:17:29.159230 [info ]: Finished scheduling [  0.00s]
12:17:29.159245 [debug]: Compilation - 1 nodes selected: {"model.banking_dbt.stg_customers"}
12:17:29.160172 [debug]: License check failed: Feature not licensed: 'lineage'
12:17:29.160443 [info ]: Started building task graph
12:17:29.160475 [info ]: Finished building task graph [  0.00s]
12:17:29.162499 [info ]: Started rendering (1 nodes)
12:17:29.162531 [info ]: Started model ANALYSTICS.stg_customers
12:17:29.162546 [debug]: Started rendering model ANALYSTICS.stg_customers
12:17:29.162607 [info ]: Finished parsing [  0.38s]
12:17:29.164951 [debug]: Compiled SQL for node model.banking_dbt.stg_customers at target\.lsp\compiled\banking_dbt\models\staging\stg_customers.sql
12:17:29.165510 [debug]: Finished rendering [  0.00s] model ANALYSTICS.stg_customers [success]
12:17:29.165559 [info ]: Finished rendering [  0.00s] (1 nodes, 0 skipped, 0 errors)
12:17:29.165635 [info ]: Started analyzing (1 nodes)
12:17:29.165653 [debug]: Started analyzing model ANALYSTICS.stg_customers
12:17:29.166234 [warn ]: [SyntaxInvalid (dbt0101)]: mismatched input '<EOF>' expecting one of 'SELECT', 'TABLE', '('
  --> models/staging/stg_customers.sql:10:2 (target\.lsp\compiled\banking_dbt\models\staging\stg_customers.sql:10:2)
12:17:29.166321 [info ]:  Succeeded [  0.00s] model ANALYSTICS.stg_customers (view)
12:17:29.166355 [debug]: Finished analyzing [  0.00s] model ANALYSTICS.stg_customers [success]
12:17:29.166367 [info ]: Finished analyzing [  0.00s] (1 nodes, 0 skipped, 0 errors)
12:17:29.170419 [info ]: Started scheduling
12:17:29.170513 [info ]: Finished scheduling [  0.00s]
12:17:29.172530 [info ]: Cached model count updated: 1 models (accurate)
12:17:29.463462 [debug]: License check failed: Feature not licensed: 'lineage'
12:17:30.862947 [info ]: Started loading project
12:17:30.863655 [info ]: Loading profiles.yml
12:17:30.897862 [info ]: Cached model count updated: 1 models (estimate)
12:17:30.897883 [info ]: Cached model count updated: 1 models (accurate)
12:17:30.897903 [info ]: Started scheduling
12:17:30.897959 [info ]: Finished scheduling [  0.00s]
12:17:30.897970 [debug]: Compilation - 1 nodes selected: {"model.banking_dbt.stg_customers"}
12:17:30.898817 [debug]: License check failed: Feature not licensed: 'lineage'
12:17:30.899037 [info ]: Started building task graph
12:17:30.899067 [info ]: Finished building task graph [  0.00s]
12:17:30.900517 [info ]: Started rendering (1 nodes)
12:17:30.900539 [info ]: Started model ANALYSTICS.stg_customers
12:17:30.900549 [debug]: Started rendering model ANALYSTICS.stg_customers
12:17:30.900584 [info ]: Finished loading project [  0.04s]
12:17:30.900993 [debug]: Compiled SQL for node model.banking_dbt.stg_customers at target\.lsp\compiled\banking_dbt\models\staging\stg_customers.sql
12:17:30.901090 [debug]: Finished rendering [  0.00s] model ANALYSTICS.stg_customers [success]
12:17:30.901115 [info ]: Finished rendering [  0.00s] (1 nodes, 0 skipped, 0 errors)
12:17:30.901136 [info ]: Started analyzing (1 nodes)
12:17:30.901147 [debug]: Started analyzing model ANALYSTICS.stg_customers
12:17:30.901742 [warn ]: [SyntaxInvalid (dbt0101)]: mismatched input '<EOF>' expecting one of 'SELECT', 'TABLE', '('
  --> models/staging/stg_customers.sql:10:2 (target\.lsp\compiled\banking_dbt\models\staging\stg_customers.sql:10:2)
12:17:30.901817 [info ]:  Succeeded [-------] model ANALYSTICS.stg_customers (view)
12:17:30.901857 [debug]: Finished analyzing [  0.00s] model ANALYSTICS.stg_customers [success]
12:17:30.901871 [info ]: Finished analyzing [  0.00s] (1 nodes, 0 skipped, 0 errors)
12:17:30.905366 [info ]: Started scheduling
12:17:30.905406 [info ]: Finished scheduling [  0.00s]
12:17:30.905573 [info ]: Cached model count updated: 1 models (accurate)
12:17:33.732433 [info ]: Started loading project
12:17:33.733123 [info ]: Loading profiles.yml
12:17:33.762353 [info ]: Started parsing
12:17:33.996816 [info ]: Finished loading project [  0.26s]
12:17:33.999359 [debug]: Finished parsing models/staging/stg_customers.sql [  0.00s]
12:17:34.135084 [warn ]: [UnusedResourceConfigPath (dbt1097)]: Configuration paths exist in your dbt_project.yml file which do not apply to any resources.
There are 1 unused configuration paths:
- models.banking_dbt.example
12:17:34.141372 [info ]: Cached model count updated: 1 models (estimate)
12:17:34.141392 [info ]: Cached model count updated: 1 models (accurate)
12:17:34.141415 [info ]: Started scheduling
12:17:34.141458 [info ]: Finished scheduling [  0.00s]
12:17:34.141470 [debug]: Compilation - 1 nodes selected: {"model.banking_dbt.stg_customers"}
12:17:34.142289 [debug]: License check failed: Feature not licensed: 'lineage'
12:17:34.142509 [info ]: Started building task graph
12:17:34.142537 [info ]: Finished building task graph [  0.00s]
12:17:34.144019 [info ]: Started rendering (1 nodes)
12:17:34.144042 [info ]: Started model ANALYSTICS.stg_customers
12:17:34.144052 [debug]: Started rendering model ANALYSTICS.stg_customers
12:17:34.144099 [info ]: Finished parsing [  0.38s]
12:17:34.146078 [debug]: Compiled SQL for node model.banking_dbt.stg_customers at target\.lsp\compiled\banking_dbt\models\staging\stg_customers.sql
12:17:34.146247 [debug]: Finished rendering [  0.00s] model ANALYSTICS.stg_customers [success]
12:17:34.146279 [info ]: Finished rendering [  0.00s] (1 nodes, 0 skipped, 0 errors)
12:17:34.146323 [info ]: Started analyzing (1 nodes)
12:17:34.146338 [debug]: Started analyzing model ANALYSTICS.stg_customers
12:17:34.146794 [warn ]: [SyntaxInvalid (dbt0101)]: mismatched input '<EOF>' expecting one of 'SELECT', 'TABLE', '('
  --> models/staging/stg_customers.sql:10:2 (target\.lsp\compiled\banking_dbt\models\staging\stg_customers.sql:10:2)
12:17:34.146862 [info ]:  Succeeded [  0.00s] model ANALYSTICS.stg_customers (view)
12:17:34.146920 [debug]: Finished analyzing [  0.00s] model ANALYSTICS.stg_customers [success]
12:17:34.146937 [info ]: Finished analyzing [  0.00s] (1 nodes, 0 skipped, 0 errors)
12:17:34.151912 [info ]: Started scheduling
12:17:34.151975 [info ]: Finished scheduling [  0.00s]
12:17:34.153106 [info ]: Cached model count updated: 1 models (accurate)
12:17:35.840587 [info ]: Started loading project
12:17:35.841106 [info ]: Loading profiles.yml
12:17:35.870147 [info ]: Cached model count updated: 1 models (estimate)
12:17:35.870168 [info ]: Cached model count updated: 1 models (accurate)
12:17:35.870187 [info ]: Started scheduling
12:17:35.870228 [info ]: Finished scheduling [  0.00s]
12:17:35.870240 [debug]: Compilation - 1 nodes selected: {"model.banking_dbt.stg_customers"}
12:17:35.871314 [debug]: License check failed: Feature not licensed: 'lineage'
12:17:35.871590 [info ]: Started building task graph
12:17:35.871628 [info ]: Finished building task graph [  0.00s]
12:17:35.873289 [info ]: Started rendering (1 nodes)
12:17:35.873320 [info ]: Started model ANALYSTICS.stg_customers
12:17:35.873332 [debug]: Started rendering model ANALYSTICS.stg_customers
12:17:35.873401 [info ]: Finished loading project [  0.03s]
12:17:35.873768 [debug]: Compiled SQL for node model.banking_dbt.stg_customers at target\.lsp\compiled\banking_dbt\models\staging\stg_customers.sql
12:17:35.873897 [debug]: Finished rendering [  0.00s] model ANALYSTICS.stg_customers [success]
12:17:35.873924 [info ]: Finished rendering [  0.00s] (1 nodes, 0 skipped, 0 errors)
12:17:35.873954 [info ]: Started analyzing (1 nodes)
12:17:35.873973 [debug]: Started analyzing model ANALYSTICS.stg_customers
12:17:35.874523 [warn ]: [SyntaxInvalid (dbt0101)]: mismatched input '<EOF>' expecting one of 'SELECT', 'TABLE', '('
  --> models/staging/stg_customers.sql:10:2 (target\.lsp\compiled\banking_dbt\models\staging\stg_customers.sql:10:2)
12:17:35.874611 [info ]:  Succeeded [-------] model ANALYSTICS.stg_customers (view)
12:17:35.874636 [debug]: Finished analyzing [  0.00s] model ANALYSTICS.stg_customers [success]
12:17:35.874650 [info ]: Finished analyzing [  0.00s] (1 nodes, 0 skipped, 0 errors)
12:17:35.881599 [info ]: Started scheduling
12:17:35.881709 [info ]: Finished scheduling [  0.00s]
12:17:35.882047 [info ]: Cached model count updated: 1 models (accurate)
12:17:37.397340 [info ]: Started loading project
12:17:37.398084 [info ]: Loading profiles.yml
12:17:37.427019 [info ]: Started parsing
12:17:37.677351 [info ]: Finished loading project [  0.28s]
12:17:37.680531 [debug]: Finished parsing models/staging/stg_customers.sql [  0.00s]
12:17:37.817065 [warn ]: [UnusedResourceConfigPath (dbt1097)]: Configuration paths exist in your dbt_project.yml file which do not apply to any resources.
There are 1 unused configuration paths:
- models.banking_dbt.example
12:17:37.821265 [info ]: Cached model count updated: 1 models (estimate)
12:17:37.821284 [info ]: Cached model count updated: 1 models (accurate)
12:17:37.821304 [info ]: Started scheduling
12:17:37.821346 [info ]: Finished scheduling [  0.00s]
12:17:37.821357 [debug]: Compilation - 1 nodes selected: {"model.banking_dbt.stg_customers"}
12:17:37.822188 [debug]: License check failed: Feature not licensed: 'lineage'
12:17:37.822443 [info ]: Started building task graph
12:17:37.822471 [info ]: Finished building task graph [  0.00s]
12:17:37.823959 [info ]: Started rendering (1 nodes)
12:17:37.823992 [info ]: Started model ANALYSTICS.stg_customers
12:17:37.824001 [debug]: Started rendering model ANALYSTICS.stg_customers
12:17:37.824043 [info ]: Finished parsing [  0.40s]
12:17:37.825442 [debug]: Compiled SQL for node model.banking_dbt.stg_customers at target\.lsp\compiled\banking_dbt\models\staging\stg_customers.sql
12:17:37.825614 [debug]: Finished rendering [  0.00s] model ANALYSTICS.stg_customers [success]
12:17:37.825662 [info ]: Finished rendering [  0.00s] (1 nodes, 0 skipped, 0 errors)
12:17:37.825718 [info ]: Started analyzing (1 nodes)
12:17:37.825734 [debug]: Started analyzing model ANALYSTICS.stg_customers
12:17:37.826271 [warn ]: [SyntaxInvalid (dbt0101)]: mismatched input '<EOF>' expecting one of 'SELECT', 'TABLE', '('
  --> models/staging/stg_customers.sql:10:2 (target\.lsp\compiled\banking_dbt\models\staging\stg_customers.sql:10:2)
12:17:37.826336 [info ]:  Succeeded [  0.00s] model ANALYSTICS.stg_customers (view)
12:17:37.826403 [debug]: Finished analyzing [  0.00s] model ANALYSTICS.stg_customers [success]
12:17:37.826419 [info ]: Finished analyzing [  0.00s] (1 nodes, 0 skipped, 0 errors)
12:17:37.831104 [info ]: Started scheduling
12:17:37.831244 [info ]: Finished scheduling [  0.00s]
12:17:37.832666 [info ]: Cached model count updated: 1 models (accurate)
12:17:38.914153 [info ]: Started loading project
12:17:38.915109 [info ]: Loading profiles.yml
12:17:38.943334 [info ]: Started parsing
12:17:39.200614 [info ]: Finished loading project [  0.29s]
12:17:39.203009 [debug]: Finished parsing models/staging/stg_customers.sql [  0.00s]
12:17:39.332784 [warn ]: [UnusedResourceConfigPath (dbt1097)]: Configuration paths exist in your dbt_project.yml file which do not apply to any resources.
There are 1 unused configuration paths:
- models.banking_dbt.example
12:17:39.339062 [info ]: Cached model count updated: 1 models (estimate)
12:17:39.339086 [info ]: Cached model count updated: 1 models (accurate)
12:17:39.339120 [info ]: Started scheduling
12:17:39.339207 [info ]: Finished scheduling [  0.00s]
12:17:39.339223 [debug]: Compilation - 1 nodes selected: {"model.banking_dbt.stg_customers"}
12:17:39.340220 [debug]: License check failed: Feature not licensed: 'lineage'
12:17:39.340703 [info ]: Started building task graph
12:17:39.340737 [info ]: Finished building task graph [  0.00s]
12:17:39.342616 [info ]: Started rendering (1 nodes)
12:17:39.342713 [info ]: Started model ANALYSTICS.stg_customers
12:17:39.342752 [debug]: Started rendering model ANALYSTICS.stg_customers
12:17:39.343027 [info ]: Finished parsing [  0.40s]
12:17:39.344840 [debug]: Compiled SQL for node model.banking_dbt.stg_customers at target\.lsp\compiled\banking_dbt\models\staging\stg_customers.sql
12:17:39.345034 [debug]: Finished rendering [  0.00s] model ANALYSTICS.stg_customers [success]
12:17:39.345066 [info ]: Finished rendering [  0.00s] (1 nodes, 0 skipped, 0 errors)
12:17:39.345094 [info ]: Started analyzing (1 nodes)
12:17:39.345107 [debug]: Started analyzing model ANALYSTICS.stg_customers
12:17:39.345685 [warn ]: [SyntaxInvalid (dbt0101)]: mismatched input '<EOF>' expecting one of 'SELECT', 'TABLE', '('
  --> models/staging/stg_customers.sql:10:2 (target\.lsp\compiled\banking_dbt\models\staging\stg_customers.sql:10:2)
12:17:39.345799 [info ]:  Succeeded [  0.00s] model ANALYSTICS.stg_customers (view)
12:17:39.345826 [debug]: Finished analyzing [  0.00s] model ANALYSTICS.stg_customers [success]
12:17:39.345838 [info ]: Finished analyzing [  0.00s] (1 nodes, 0 skipped, 0 errors)
12:17:39.349217 [info ]: Started scheduling
12:17:39.349296 [info ]: Finished scheduling [  0.00s]
12:17:39.351063 [info ]: Cached model count updated: 1 models (accurate)
12:17:39.610596 [debug]: License check failed: Feature not licensed: 'lineage'
12:17:40.988262 [info ]: Started loading project
12:17:40.988951 [info ]: Loading profiles.yml
12:17:41.019247 [info ]: Cached model count updated: 1 models (estimate)
12:17:41.019267 [info ]: Cached model count updated: 1 models (accurate)
12:17:41.019287 [info ]: Started scheduling
12:17:41.019342 [info ]: Finished scheduling [  0.00s]
12:17:41.019354 [debug]: Compilation - 1 nodes selected: {"model.banking_dbt.stg_customers"}
12:17:41.020206 [debug]: License check failed: Feature not licensed: 'lineage'
12:17:41.020438 [info ]: Started building task graph
12:17:41.020466 [info ]: Finished building task graph [  0.00s]
12:17:41.021875 [info ]: Started rendering (1 nodes)
12:17:41.021895 [info ]: Started model ANALYSTICS.stg_customers
12:17:41.021905 [debug]: Started rendering model ANALYSTICS.stg_customers
12:17:41.021938 [info ]: Finished loading project [  0.03s]
12:17:41.022332 [debug]: Compiled SQL for node model.banking_dbt.stg_customers at target\.lsp\compiled\banking_dbt\models\staging\stg_customers.sql
12:17:41.022408 [debug]: Finished rendering [  0.00s] model ANALYSTICS.stg_customers [success]
12:17:41.022423 [info ]: Finished rendering [  0.00s] (1 nodes, 0 skipped, 0 errors)
12:17:41.022437 [info ]: Started analyzing (1 nodes)
12:17:41.022444 [debug]: Started analyzing model ANALYSTICS.stg_customers
12:17:41.022862 [warn ]: [SyntaxInvalid (dbt0101)]: mismatched input '<EOF>' expecting one of 'SELECT', 'TABLE', '('
  --> models/staging/stg_customers.sql:10:2 (target\.lsp\compiled\banking_dbt\models\staging\stg_customers.sql:10:2)
12:17:41.022919 [info ]:  Succeeded [-------] model ANALYSTICS.stg_customers (view)
12:17:41.022973 [debug]: Finished analyzing [  0.00s] model ANALYSTICS.stg_customers [success]
12:17:41.022988 [info ]: Finished analyzing [  0.00s] (1 nodes, 0 skipped, 0 errors)
12:17:41.029088 [info ]: Started scheduling
12:17:41.029179 [info ]: Finished scheduling [  0.00s]
12:17:41.029563 [info ]: Cached model count updated: 1 models (accurate)
12:17:45.815846 [info ]: Started loading project
12:17:45.816684 [info ]: Loading profiles.yml
12:17:45.848958 [info ]: Started parsing
12:17:46.118175 [info ]: Finished loading project [  0.30s]
12:17:46.120534 [debug]: Finished parsing models/staging/stg_customers.sql [  0.00s]
12:17:46.291689 [warn ]: [UnusedResourceConfigPath (dbt1097)]: Configuration paths exist in your dbt_project.yml file which do not apply to any resources.
There are 1 unused configuration paths:
- models.banking_dbt.example
12:17:46.300456 [info ]: Cached model count updated: 1 models (estimate)
12:17:46.300542 [info ]: Cached model count updated: 1 models (accurate)
12:17:46.300637 [info ]: Started scheduling
12:17:46.300743 [info ]: Finished scheduling [  0.00s]
12:17:46.300779 [debug]: Compilation - 1 nodes selected: {"model.banking_dbt.stg_customers"}
12:17:46.303836 [debug]: License check failed: Feature not licensed: 'lineage'
12:17:46.304487 [info ]: Started building task graph
12:17:46.304567 [info ]: Finished building task graph [  0.00s]
12:17:46.306928 [info ]: Started rendering (1 nodes)
12:17:46.306956 [info ]: Started model ANALYSTICS.stg_customers
12:17:46.306966 [debug]: Started rendering model ANALYSTICS.stg_customers
12:17:46.307018 [info ]: Finished parsing [  0.46s]
12:17:46.308979 [debug]: Compiled SQL for node model.banking_dbt.stg_customers at target\.lsp\compiled\banking_dbt\models\staging\stg_customers.sql
12:17:46.309205 [debug]: Finished rendering [  0.00s] model ANALYSTICS.stg_customers [success]
12:17:46.309242 [info ]: Finished rendering [  0.00s] (1 nodes, 0 skipped, 0 errors)
12:17:46.309296 [info ]: Started analyzing (1 nodes)
12:17:46.309330 [debug]: Started analyzing model ANALYSTICS.stg_customers
12:17:46.310036 [warn ]: [SyntaxInvalid (dbt0101)]: mismatched input '<EOF>' expecting one of 'SELECT', 'TABLE', '('
  --> models/staging/stg_customers.sql:11:2 (target\.lsp\compiled\banking_dbt\models\staging\stg_customers.sql:11:2)
12:17:46.310127 [info ]:  Succeeded [  0.00s] model ANALYSTICS.stg_customers (view)
12:17:46.310156 [debug]: Finished analyzing [  0.00s] model ANALYSTICS.stg_customers [success]
12:17:46.310175 [info ]: Finished analyzing [  0.00s] (1 nodes, 0 skipped, 0 errors)
12:17:46.314094 [info ]: Started scheduling
12:17:46.314157 [info ]: Finished scheduling [  0.00s]
12:17:46.315743 [info ]: Cached model count updated: 1 models (accurate)
12:17:47.971437 [info ]: Started loading project
12:17:47.971977 [info ]: Loading profiles.yml
12:17:48.001106 [info ]: Cached model count updated: 1 models (estimate)
12:17:48.001126 [info ]: Cached model count updated: 1 models (accurate)
12:17:48.001162 [info ]: Started scheduling
12:17:48.001202 [info ]: Finished scheduling [  0.00s]
12:17:48.001217 [debug]: Compilation - 1 nodes selected: {"model.banking_dbt.stg_customers"}
12:17:48.002069 [debug]: License check failed: Feature not licensed: 'lineage'
12:17:48.002275 [info ]: Started building task graph
12:17:48.002304 [info ]: Finished building task graph [  0.00s]
12:17:48.003711 [info ]: Started rendering (1 nodes)
12:17:48.003731 [info ]: Started model ANALYSTICS.stg_customers
12:17:48.003742 [debug]: Started rendering model ANALYSTICS.stg_customers
12:17:48.003773 [info ]: Finished loading project [  0.03s]
12:17:48.004164 [debug]: Compiled SQL for node model.banking_dbt.stg_customers at target\.lsp\compiled\banking_dbt\models\staging\stg_customers.sql
12:17:48.004239 [debug]: Finished rendering [  0.00s] model ANALYSTICS.stg_customers [success]
12:17:48.004259 [info ]: Finished rendering [  0.00s] (1 nodes, 0 skipped, 0 errors)
12:17:48.004277 [info ]: Started analyzing (1 nodes)
12:17:48.004289 [debug]: Started analyzing model ANALYSTICS.stg_customers
12:17:48.004745 [warn ]: [SyntaxInvalid (dbt0101)]: mismatched input '<EOF>' expecting one of 'SELECT', 'TABLE', '('
  --> models/staging/stg_customers.sql:11:2 (target\.lsp\compiled\banking_dbt\models\staging\stg_customers.sql:11:2)
12:17:48.004801 [info ]:  Succeeded [-------] model ANALYSTICS.stg_customers (view)
12:17:48.004858 [debug]: Finished analyzing [  0.00s] model ANALYSTICS.stg_customers [success]
12:17:48.004873 [info ]: Finished analyzing [  0.00s] (1 nodes, 0 skipped, 0 errors)
12:17:48.008132 [info ]: Started scheduling
12:17:48.008179 [info ]: Finished scheduling [  0.00s]
12:17:48.008409 [info ]: Cached model count updated: 1 models (accurate)
12:17:48.594386 [info ]: Started loading project
12:17:48.594891 [info ]: Loading profiles.yml
12:17:48.619439 [info ]: Started parsing
12:17:48.887507 [info ]: Finished loading project [  0.29s]
12:17:48.889761 [debug]: Finished parsing models/staging/stg_customers.sql [  0.00s]
12:17:49.022936 [warn ]: [UnusedResourceConfigPath (dbt1097)]: Configuration paths exist in your dbt_project.yml file which do not apply to any resources.
There are 1 unused configuration paths:
- models.banking_dbt.example
12:17:49.026922 [info ]: Cached model count updated: 1 models (estimate)
12:17:49.026939 [info ]: Cached model count updated: 1 models (accurate)
12:17:49.026960 [info ]: Started scheduling
12:17:49.027053 [info ]: Finished scheduling [  0.00s]
12:17:49.027074 [debug]: Compilation - 1 nodes selected: {"model.banking_dbt.stg_customers"}
12:17:49.028352 [debug]: License check failed: Feature not licensed: 'lineage'
12:17:49.028919 [info ]: Started building task graph
12:17:49.028979 [info ]: Finished building task graph [  0.00s]
12:17:49.031629 [info ]: Started rendering (1 nodes)
12:17:49.031712 [info ]: Started model ANALYSTICS.stg_customers
12:17:49.031731 [debug]: Started rendering model ANALYSTICS.stg_customers
12:17:49.031840 [info ]: Finished parsing [  0.41s]
12:17:49.034549 [debug]: Compiled SQL for node model.banking_dbt.stg_customers at target\.lsp\compiled\banking_dbt\models\staging\stg_customers.sql
12:17:49.034818 [debug]: Finished rendering [  0.00s] model ANALYSTICS.stg_customers [success]
12:17:49.034859 [info ]: Finished rendering [  0.00s] (1 nodes, 0 skipped, 0 errors)
12:17:49.034926 [info ]: Started analyzing (1 nodes)
12:17:49.034945 [debug]: Started analyzing model ANALYSTICS.stg_customers
12:17:49.036054 [warn ]: [SyntaxInvalid (dbt0101)]: no viable alternative at input 'ranked as(
    select 
        string as customer_id,
        string as first_name,
        string as last_name,
        string as email,
        string as 

)'
  --> models/staging/stg_customers.sql:11:1 (target\.lsp\compiled\banking_dbt\models\staging\stg_customers.sql:11:1)
12:17:49.036336 [info ]:  Succeeded [  0.00s] model ANALYSTICS.stg_customers (view)
12:17:49.036415 [debug]: Finished analyzing [  0.00s] model ANALYSTICS.stg_customers [success]
12:17:49.036435 [info ]: Finished analyzing [  0.00s] (1 nodes, 0 skipped, 0 errors)
12:17:49.042077 [info ]: Started scheduling
12:17:49.042133 [info ]: Finished scheduling [  0.00s]
12:17:49.043130 [info ]: Cached model count updated: 1 models (accurate)
12:17:50.685799 [info ]: Started loading project
12:17:50.686291 [info ]: Loading profiles.yml
12:17:50.716163 [info ]: Cached model count updated: 1 models (estimate)
12:17:50.716184 [info ]: Cached model count updated: 1 models (accurate)
12:17:50.716203 [info ]: Started scheduling
12:17:50.716242 [info ]: Finished scheduling [  0.00s]
12:17:50.716253 [debug]: Compilation - 1 nodes selected: {"model.banking_dbt.stg_customers"}
12:17:50.717094 [debug]: License check failed: Feature not licensed: 'lineage'
12:17:50.717308 [info ]: Started building task graph
12:17:50.717336 [info ]: Finished building task graph [  0.00s]
12:17:50.718770 [info ]: Started rendering (1 nodes)
12:17:50.718790 [info ]: Started model ANALYSTICS.stg_customers
12:17:50.718798 [debug]: Started rendering model ANALYSTICS.stg_customers
12:17:50.718836 [info ]: Finished loading project [  0.03s]
12:17:50.719210 [debug]: Compiled SQL for node model.banking_dbt.stg_customers at target\.lsp\compiled\banking_dbt\models\staging\stg_customers.sql
12:17:50.719323 [debug]: Finished rendering [  0.00s] model ANALYSTICS.stg_customers [success]
12:17:50.719342 [info ]: Finished rendering [  0.00s] (1 nodes, 0 skipped, 0 errors)
12:17:50.719358 [info ]: Started analyzing (1 nodes)
12:17:50.719366 [debug]: Started analyzing model ANALYSTICS.stg_customers
12:17:50.719832 [warn ]: [SyntaxInvalid (dbt0101)]: no viable alternative at input 'ranked as(
    select 
        string as customer_id,
        string as first_name,
        string as last_name,
        string as email,
        string as 

)'
  --> models/staging/stg_customers.sql:11:1 (target\.lsp\compiled\banking_dbt\models\staging\stg_customers.sql:11:1)
12:17:50.719892 [info ]:  Succeeded [-------] model ANALYSTICS.stg_customers (view)
12:17:50.719921 [debug]: Finished analyzing [  0.00s] model ANALYSTICS.stg_customers [success]
12:17:50.719932 [info ]: Finished analyzing [  0.00s] (1 nodes, 0 skipped, 0 errors)
12:17:50.723655 [info ]: Started scheduling
12:17:50.723709 [info ]: Finished scheduling [  0.00s]
12:17:50.723930 [info ]: Cached model count updated: 1 models (accurate)
12:17:50.990952 [debug]: License check failed: Feature not licensed: 'lineage'
12:17:57.836738 [debug]: License check failed: Feature not licensed: 'lineage'
12:18:11.556666 [info ]: Started loading project
12:18:11.557188 [info ]: Loading profiles.yml
12:18:11.586265 [info ]: Started parsing
12:18:11.857828 [info ]: Finished loading project [  0.30s]
12:18:11.859680 [debug]: Finished parsing models/staging/stg_customers.sql [  0.00s]
12:18:11.999289 [warn ]: [UnusedResourceConfigPath (dbt1097)]: Configuration paths exist in your dbt_project.yml file which do not apply to any resources.
There are 1 unused configuration paths:
- models.banking_dbt.example
12:18:12.004125 [info ]: Cached model count updated: 1 models (estimate)
12:18:12.004147 [info ]: Cached model count updated: 1 models (accurate)
12:18:12.004170 [info ]: Started scheduling
12:18:12.004220 [info ]: Finished scheduling [  0.00s]
12:18:12.004245 [debug]: Compilation - 1 nodes selected: {"model.banking_dbt.stg_customers"}
12:18:12.005162 [debug]: License check failed: Feature not licensed: 'lineage'
12:18:12.005425 [info ]: Started building task graph
12:18:12.005454 [info ]: Finished building task graph [  0.00s]
12:18:12.007288 [info ]: Started rendering (1 nodes)
12:18:12.007319 [info ]: Started model ANALYSTICS.stg_customers
12:18:12.007329 [debug]: Started rendering model ANALYSTICS.stg_customers
12:18:12.007386 [info ]: Finished parsing [  0.42s]
12:18:12.009542 [debug]: Compiled SQL for node model.banking_dbt.stg_customers at target\.lsp\compiled\banking_dbt\models\staging\stg_customers.sql
12:18:12.009797 [debug]: Finished rendering [  0.00s] model ANALYSTICS.stg_customers [success]
12:18:12.009839 [info ]: Finished rendering [  0.00s] (1 nodes, 0 skipped, 0 errors)
12:18:12.009874 [info ]: Started analyzing (1 nodes)
12:18:12.009889 [debug]: Started analyzing model ANALYSTICS.stg_customers
12:18:12.013783 [warn ]: [SyntaxInvalid (dbt0101)]: mismatched input '<EOF>' expecting one of 'SELECT', 'TABLE', '('
  --> models/staging/stg_customers.sql:12:2 (target\.lsp\compiled\banking_dbt\models\staging\stg_customers.sql:12:2)
12:18:12.013903 [info ]:  Succeeded [  0.01s] model ANALYSTICS.stg_customers (view)
12:18:12.013918 [debug]: Finished analyzing [  0.00s] model ANALYSTICS.stg_customers [success]
12:18:12.013932 [info ]: Finished analyzing [  0.00s] (1 nodes, 0 skipped, 0 errors)
12:18:12.018721 [info ]: Started scheduling
12:18:12.018815 [info ]: Finished scheduling [  0.00s]
12:18:12.019846 [info ]: Cached model count updated: 1 models (accurate)
12:18:13.706827 [info ]: Started loading project
12:18:13.707516 [info ]: Loading profiles.yml
12:18:13.742777 [info ]: Cached model count updated: 1 models (estimate)
12:18:13.742802 [info ]: Cached model count updated: 1 models (accurate)
12:18:13.742824 [info ]: Started scheduling
12:18:13.742866 [info ]: Finished scheduling [  0.00s]
12:18:13.742879 [debug]: Compilation - 1 nodes selected: {"model.banking_dbt.stg_customers"}
12:18:13.743940 [debug]: License check failed: Feature not licensed: 'lineage'
12:18:13.744243 [info ]: Started building task graph
12:18:13.744277 [info ]: Finished building task graph [  0.00s]
12:18:13.745825 [info ]: Started rendering (1 nodes)
12:18:13.745850 [info ]: Started model ANALYSTICS.stg_customers
12:18:13.745860 [debug]: Started rendering model ANALYSTICS.stg_customers
12:18:13.745912 [info ]: Finished loading project [  0.04s]
12:18:13.746351 [debug]: Compiled SQL for node model.banking_dbt.stg_customers at target\.lsp\compiled\banking_dbt\models\staging\stg_customers.sql
12:18:13.746442 [debug]: Finished rendering [  0.00s] model ANALYSTICS.stg_customers [success]
12:18:13.746466 [info ]: Finished rendering [  0.00s] (1 nodes, 0 skipped, 0 errors)
12:18:13.746487 [info ]: Started analyzing (1 nodes)
12:18:13.746512 [debug]: Started analyzing model ANALYSTICS.stg_customers
12:18:13.747001 [warn ]: [SyntaxInvalid (dbt0101)]: mismatched input '<EOF>' expecting one of 'SELECT', 'TABLE', '('
  --> models/staging/stg_customers.sql:12:2 (target\.lsp\compiled\banking_dbt\models\staging\stg_customers.sql:12:2)
12:18:13.747119 [info ]:  Succeeded [-------] model ANALYSTICS.stg_customers (view)
12:18:13.747136 [debug]: Finished analyzing [  0.00s] model ANALYSTICS.stg_customers [success]
12:18:13.747149 [info ]: Finished analyzing [  0.00s] (1 nodes, 0 skipped, 0 errors)
12:18:13.751509 [info ]: Started scheduling
12:18:13.751572 [info ]: Finished scheduling [  0.00s]
12:18:13.751744 [info ]: Cached model count updated: 1 models (accurate)
12:18:15.048953 [info ]: Started loading project
12:18:15.049552 [info ]: Loading profiles.yml
12:18:15.075721 [info ]: Started parsing
12:18:15.357247 [info ]: Finished loading project [  0.31s]
12:18:15.359364 [debug]: Finished parsing models/staging/stg_customers.sql [  0.00s]
12:18:15.496303 [warn ]: [UnusedResourceConfigPath (dbt1097)]: Configuration paths exist in your dbt_project.yml file which do not apply to any resources.
There are 1 unused configuration paths:
- models.banking_dbt.example
12:18:15.502555 [info ]: Cached model count updated: 1 models (estimate)
12:18:15.502574 [info ]: Cached model count updated: 1 models (accurate)
12:18:15.502595 [info ]: Started scheduling
12:18:15.502655 [info ]: Finished scheduling [  0.00s]
12:18:15.502671 [debug]: Compilation - 1 nodes selected: {"model.banking_dbt.stg_customers"}
12:18:15.503547 [debug]: License check failed: Feature not licensed: 'lineage'
12:18:15.503771 [info ]: Started building task graph
12:18:15.503799 [info ]: Finished building task graph [  0.00s]
12:18:15.505249 [info ]: Started rendering (1 nodes)
12:18:15.505269 [info ]: Started model ANALYSTICS.stg_customers
12:18:15.505284 [debug]: Started rendering model ANALYSTICS.stg_customers
12:18:15.505333 [info ]: Finished parsing [  0.43s]
12:18:15.507819 [debug]: Compiled SQL for node model.banking_dbt.stg_customers at target\.lsp\compiled\banking_dbt\models\staging\stg_customers.sql
12:18:15.508218 [debug]: Finished rendering [  0.00s] model ANALYSTICS.stg_customers [success]
12:18:15.508292 [info ]: Finished rendering [  0.00s] (1 nodes, 0 skipped, 0 errors)
12:18:15.508348 [info ]: Started analyzing (1 nodes)
12:18:15.508389 [debug]: Started analyzing model ANALYSTICS.stg_customers
12:18:15.509277 [warn ]: [SyntaxInvalid (dbt0101)]: no viable alternative at input 'ranked as(
    select 
        string as customer_id,
        string as first_name,
        string as last_name,
        string as email,
        timestamp as created_time,
        timestamp as 

)'
  --> models/staging/stg_customers.sql:12:1 (target\.lsp\compiled\banking_dbt\models\staging\stg_customers.sql:12:1)
12:18:15.509487 [info ]:  Succeeded [  0.00s] model ANALYSTICS.stg_customers (view)
12:18:15.509506 [debug]: Finished analyzing [  0.00s] model ANALYSTICS.stg_customers [success]
12:18:15.509531 [info ]: Finished analyzing [  0.00s] (1 nodes, 0 skipped, 0 errors)
12:18:15.518123 [info ]: Started scheduling
12:18:15.518206 [info ]: Finished scheduling [  0.00s]
12:18:15.520843 [info ]: Cached model count updated: 1 models (accurate)
12:18:15.791193 [debug]: License check failed: Feature not licensed: 'lineage'
12:18:17.176644 [info ]: Started loading project
12:18:17.177161 [info ]: Loading profiles.yml
12:18:17.207705 [info ]: Cached model count updated: 1 models (estimate)
12:18:17.207725 [info ]: Cached model count updated: 1 models (accurate)
12:18:17.207760 [info ]: Started scheduling
12:18:17.207801 [info ]: Finished scheduling [  0.00s]
12:18:17.207816 [debug]: Compilation - 1 nodes selected: {"model.banking_dbt.stg_customers"}
12:18:17.208672 [debug]: License check failed: Feature not licensed: 'lineage'
12:18:17.208947 [info ]: Started building task graph
12:18:17.208975 [info ]: Finished building task graph [  0.00s]
12:18:17.210429 [info ]: Started rendering (1 nodes)
12:18:17.210450 [info ]: Started model ANALYSTICS.stg_customers
12:18:17.210461 [debug]: Started rendering model ANALYSTICS.stg_customers
12:18:17.210501 [info ]: Finished loading project [  0.03s]
12:18:17.210915 [debug]: Compiled SQL for node model.banking_dbt.stg_customers at target\.lsp\compiled\banking_dbt\models\staging\stg_customers.sql
12:18:17.210995 [debug]: Finished rendering [  0.00s] model ANALYSTICS.stg_customers [success]
12:18:17.211013 [info ]: Finished rendering [  0.00s] (1 nodes, 0 skipped, 0 errors)
12:18:17.211029 [info ]: Started analyzing (1 nodes)
12:18:17.211036 [debug]: Started analyzing model ANALYSTICS.stg_customers
12:18:17.211480 [warn ]: [SyntaxInvalid (dbt0101)]: no viable alternative at input 'ranked as(
    select 
        string as customer_id,
        string as first_name,
        string as last_name,
        string as email,
        timestamp as created_time,
        timestamp as 

)'
  --> models/staging/stg_customers.sql:12:1 (target\.lsp\compiled\banking_dbt\models\staging\stg_customers.sql:12:1)
12:18:17.211538 [info ]:  Succeeded [-------] model ANALYSTICS.stg_customers (view)
12:18:17.211604 [debug]: Finished analyzing [  0.00s] model ANALYSTICS.stg_customers [success]
12:18:17.211620 [info ]: Finished analyzing [  0.00s] (1 nodes, 0 skipped, 0 errors)
12:18:17.214553 [info ]: Started scheduling
12:18:17.214592 [info ]: Finished scheduling [  0.00s]
12:18:17.214744 [info ]: Cached model count updated: 1 models (accurate)
12:18:17.474969 [debug]: License check failed: Feature not licensed: 'lineage'
12:18:28.395455 [info ]: Started loading project
12:18:28.396022 [info ]: Loading profiles.yml
12:18:28.422475 [info ]: Started parsing
12:18:28.696000 [info ]: Finished loading project [  0.30s]
12:18:28.698225 [debug]: Finished parsing models/staging/stg_customers.sql [  0.00s]
12:18:28.826949 [warn ]: [UnusedResourceConfigPath (dbt1097)]: Configuration paths exist in your dbt_project.yml file which do not apply to any resources.
There are 1 unused configuration paths:
- models.banking_dbt.example
12:18:28.836627 [info ]: Cached model count updated: 1 models (estimate)
12:18:28.836712 [info ]: Cached model count updated: 1 models (accurate)
12:18:28.836809 [info ]: Started scheduling
12:18:28.836952 [info ]: Finished scheduling [  0.00s]
12:18:28.836971 [debug]: Compilation - 1 nodes selected: {"model.banking_dbt.stg_customers"}
12:18:28.837867 [debug]: License check failed: Feature not licensed: 'lineage'
12:18:28.838182 [info ]: Started building task graph
12:18:28.838237 [info ]: Finished building task graph [  0.00s]
12:18:28.840460 [info ]: Started rendering (1 nodes)
12:18:28.840556 [info ]: Started model ANALYSTICS.stg_customers
12:18:28.840578 [debug]: Started rendering model ANALYSTICS.stg_customers
12:18:28.840752 [info ]: Finished parsing [  0.42s]
12:18:28.842117 [debug]: Compiled SQL for node model.banking_dbt.stg_customers at target\.lsp\compiled\banking_dbt\models\staging\stg_customers.sql
12:18:28.842325 [debug]: Finished rendering [  0.00s] model ANALYSTICS.stg_customers [success]
12:18:28.842355 [info ]: Finished rendering [  0.00s] (1 nodes, 0 skipped, 0 errors)
12:18:28.842388 [info ]: Started analyzing (1 nodes)
12:18:28.842404 [debug]: Started analyzing model ANALYSTICS.stg_customers
12:18:28.842978 [warn ]: [SyntaxInvalid (dbt0101)]: mismatched input '<EOF>' expecting one of 'SELECT', 'TABLE', '('
  --> models/staging/stg_customers.sql:13:2 (target\.lsp\compiled\banking_dbt\models\staging\stg_customers.sql:13:2)
12:18:28.843046 [info ]:  Succeeded [  0.00s] model ANALYSTICS.stg_customers (view)
12:18:28.843092 [debug]: Finished analyzing [  0.00s] model ANALYSTICS.stg_customers [success]
12:18:28.843108 [info ]: Finished analyzing [  0.00s] (1 nodes, 0 skipped, 0 errors)
12:18:28.847341 [info ]: Started scheduling
12:18:28.847409 [info ]: Finished scheduling [  0.00s]
12:18:28.849882 [info ]: Cached model count updated: 1 models (accurate)
12:18:29.111926 [debug]: License check failed: Feature not licensed: 'lineage'
12:18:30.533748 [info ]: Started loading project
12:18:30.534244 [info ]: Loading profiles.yml
12:18:30.569031 [info ]: Cached model count updated: 1 models (estimate)
12:18:30.569052 [info ]: Cached model count updated: 1 models (accurate)
12:18:30.569071 [info ]: Started scheduling
12:18:30.569107 [info ]: Finished scheduling [  0.00s]
12:18:30.569118 [debug]: Compilation - 1 nodes selected: {"model.banking_dbt.stg_customers"}
12:18:30.569900 [debug]: License check failed: Feature not licensed: 'lineage'
12:18:30.570112 [info ]: Started building task graph
12:18:30.570141 [info ]: Finished building task graph [  0.00s]
12:18:30.571516 [info ]: Started rendering (1 nodes)
12:18:30.571537 [info ]: Started model ANALYSTICS.stg_customers
12:18:30.571546 [debug]: Started rendering model ANALYSTICS.stg_customers
12:18:30.571581 [info ]: Finished loading project [  0.04s]
12:18:30.571968 [debug]: Compiled SQL for node model.banking_dbt.stg_customers at target\.lsp\compiled\banking_dbt\models\staging\stg_customers.sql
12:18:30.572043 [debug]: Finished rendering [  0.00s] model ANALYSTICS.stg_customers [success]
12:18:30.572058 [info ]: Finished rendering [  0.00s] (1 nodes, 0 skipped, 0 errors)
12:18:30.572072 [info ]: Started analyzing (1 nodes)
12:18:30.572083 [debug]: Started analyzing model ANALYSTICS.stg_customers
12:18:30.572476 [warn ]: [SyntaxInvalid (dbt0101)]: mismatched input '<EOF>' expecting one of 'SELECT', 'TABLE', '('
  --> models/staging/stg_customers.sql:13:2 (target\.lsp\compiled\banking_dbt\models\staging\stg_customers.sql:13:2)
12:18:30.572531 [info ]:  Succeeded [-------] model ANALYSTICS.stg_customers (view)
12:18:30.572586 [debug]: Finished analyzing [  0.00s] model ANALYSTICS.stg_customers [success]
12:18:30.572600 [info ]: Finished analyzing [  0.00s] (1 nodes, 0 skipped, 0 errors)
12:18:30.577043 [info ]: Started scheduling
12:18:30.577097 [info ]: Finished scheduling [  0.00s]
12:18:30.577267 [info ]: Cached model count updated: 1 models (accurate)
12:18:31.845608 [info ]: Started loading project
12:18:31.846139 [info ]: Loading profiles.yml
12:18:31.878655 [info ]: Started parsing
12:18:32.198935 [info ]: Finished loading project [  0.35s]
12:18:32.201538 [debug]: Finished parsing models/staging/stg_customers.sql [  0.00s]
12:18:32.335053 [warn ]: [UnusedResourceConfigPath (dbt1097)]: Configuration paths exist in your dbt_project.yml file which do not apply to any resources.
There are 1 unused configuration paths:
- models.banking_dbt.example
12:18:32.343075 [info ]: Cached model count updated: 1 models (estimate)
12:18:32.343095 [info ]: Cached model count updated: 1 models (accurate)
12:18:32.343115 [info ]: Started scheduling
12:18:32.343154 [info ]: Finished scheduling [  0.00s]
12:18:32.343166 [debug]: Compilation - 1 nodes selected: {"model.banking_dbt.stg_customers"}
12:18:32.343972 [debug]: License check failed: Feature not licensed: 'lineage'
12:18:32.344187 [info ]: Started building task graph
12:18:32.344216 [info ]: Finished building task graph [  0.00s]
12:18:32.345572 [info ]: Started rendering (1 nodes)
12:18:32.345593 [info ]: Started model ANALYSTICS.stg_customers
12:18:32.345601 [debug]: Started rendering model ANALYSTICS.stg_customers
12:18:32.345641 [info ]: Finished parsing [  0.47s]
12:18:32.347027 [debug]: Compiled SQL for node model.banking_dbt.stg_customers at target\.lsp\compiled\banking_dbt\models\staging\stg_customers.sql
12:18:32.347194 [debug]: Finished rendering [  0.00s] model ANALYSTICS.stg_customers [success]
12:18:32.347222 [info ]: Finished rendering [  0.00s] (1 nodes, 0 skipped, 0 errors)
12:18:32.347253 [info ]: Started analyzing (1 nodes)
12:18:32.347268 [debug]: Started analyzing model ANALYSTICS.stg_customers
12:18:32.347791 [warn ]: [SyntaxInvalid (dbt0101)]: mismatched input '<EOF>' expecting one of 'SELECT', 'TABLE', '('
  --> models/staging/stg_customers.sql:13:2 (target\.lsp\compiled\banking_dbt\models\staging\stg_customers.sql:13:2)
12:18:32.347900 [info ]:  Succeeded [  0.00s] model ANALYSTICS.stg_customers (view)
12:18:32.347967 [debug]: Finished analyzing [  0.00s] model ANALYSTICS.stg_customers [success]
12:18:32.347982 [info ]: Finished analyzing [  0.00s] (1 nodes, 0 skipped, 0 errors)
12:18:32.351263 [info ]: Started scheduling
12:18:32.351325 [info ]: Finished scheduling [  0.00s]
12:18:32.352463 [info ]: Cached model count updated: 1 models (accurate)
12:18:33.994642 [info ]: Started loading project
12:18:33.995246 [info ]: Loading profiles.yml
12:18:34.025187 [info ]: Started parsing
12:18:34.331208 [info ]: Finished loading project [  0.34s]
12:18:34.333386 [debug]: Finished parsing models/staging/stg_customers.sql [  0.00s]
12:18:34.463580 [warn ]: [UnusedResourceConfigPath (dbt1097)]: Configuration paths exist in your dbt_project.yml file which do not apply to any resources.
There are 1 unused configuration paths:
- models.banking_dbt.example
12:18:34.470149 [info ]: Cached model count updated: 1 models (estimate)
12:18:34.470177 [info ]: Cached model count updated: 1 models (accurate)
12:18:34.470218 [info ]: Started scheduling
12:18:34.470291 [info ]: Finished scheduling [  0.00s]
12:18:34.470327 [debug]: Compilation - 1 nodes selected: {"model.banking_dbt.stg_customers"}
12:18:34.471389 [debug]: License check failed: Feature not licensed: 'lineage'
12:18:34.471739 [info ]: Started building task graph
12:18:34.471784 [info ]: Finished building task graph [  0.00s]
12:18:34.473638 [info ]: Started rendering (1 nodes)
12:18:34.473703 [info ]: Started model ANALYSTICS.stg_customers
12:18:34.473730 [debug]: Started rendering model ANALYSTICS.stg_customers
12:18:34.473802 [info ]: Finished parsing [  0.45s]
12:18:34.475677 [debug]: Compiled SQL for node model.banking_dbt.stg_customers at target\.lsp\compiled\banking_dbt\models\staging\stg_customers.sql
12:18:34.475862 [debug]: Finished rendering [  0.00s] model ANALYSTICS.stg_customers [success]
12:18:34.475898 [info ]: Finished rendering [  0.00s] (1 nodes, 0 skipped, 0 errors)
12:18:34.475929 [info ]: Started analyzing (1 nodes)
12:18:34.475949 [debug]: Started analyzing model ANALYSTICS.stg_customers
12:18:34.476615 [warn ]: [SyntaxInvalid (dbt0101)]: mismatched input '<EOF>' expecting one of 'SELECT', 'TABLE', '('
  --> models/staging/stg_customers.sql:13:2 (target\.lsp\compiled\banking_dbt\models\staging\stg_customers.sql:13:2)
12:18:34.476737 [info ]:  Succeeded [  0.00s] model ANALYSTICS.stg_customers (view)
12:18:34.476748 [debug]: Finished analyzing [  0.00s] model ANALYSTICS.stg_customers [success]
12:18:34.476765 [info ]: Finished analyzing [  0.00s] (1 nodes, 0 skipped, 0 errors)
12:18:34.482209 [info ]: Started scheduling
12:18:34.482338 [info ]: Finished scheduling [  0.00s]
12:18:34.485026 [info ]: Cached model count updated: 1 models (accurate)
12:18:34.770056 [debug]: License check failed: Feature not licensed: 'lineage'
12:18:36.182300 [info ]: Started loading project
12:18:36.182820 [info ]: Loading profiles.yml
12:18:36.214486 [info ]: Cached model count updated: 1 models (estimate)
12:18:36.214506 [info ]: Cached model count updated: 1 models (accurate)
12:18:36.214525 [info ]: Started scheduling
12:18:36.214562 [info ]: Finished scheduling [  0.00s]
12:18:36.214575 [debug]: Compilation - 1 nodes selected: {"model.banking_dbt.stg_customers"}
12:18:36.215381 [debug]: License check failed: Feature not licensed: 'lineage'
12:18:36.215620 [info ]: Started building task graph
12:18:36.215665 [info ]: Finished building task graph [  0.00s]
12:18:36.217001 [info ]: Started rendering (1 nodes)
12:18:36.217021 [info ]: Started model ANALYSTICS.stg_customers
12:18:36.217030 [debug]: Started rendering model ANALYSTICS.stg_customers
12:18:36.217083 [info ]: Finished loading project [  0.03s]
12:18:36.217523 [debug]: Compiled SQL for node model.banking_dbt.stg_customers at target\.lsp\compiled\banking_dbt\models\staging\stg_customers.sql
12:18:36.217637 [debug]: Finished rendering [  0.00s] model ANALYSTICS.stg_customers [success]
12:18:36.217660 [info ]: Finished rendering [  0.00s] (1 nodes, 0 skipped, 0 errors)
12:18:36.217680 [info ]: Started analyzing (1 nodes)
12:18:36.217687 [debug]: Started analyzing model ANALYSTICS.stg_customers
12:18:36.218322 [warn ]: [SyntaxInvalid (dbt0101)]: mismatched input '<EOF>' expecting one of 'SELECT', 'TABLE', '('
  --> models/staging/stg_customers.sql:13:2 (target\.lsp\compiled\banking_dbt\models\staging\stg_customers.sql:13:2)
12:18:36.218402 [info ]:  Succeeded [-------] model ANALYSTICS.stg_customers (view)
12:18:36.218435 [debug]: Finished analyzing [  0.00s] model ANALYSTICS.stg_customers [success]
12:18:36.218451 [info ]: Finished analyzing [  0.00s] (1 nodes, 0 skipped, 0 errors)
12:18:36.222091 [info ]: Started scheduling
12:18:36.222155 [info ]: Finished scheduling [  0.00s]
12:18:36.222380 [info ]: Cached model count updated: 1 models (accurate)
12:18:36.439600 [info ]: Started loading project
12:18:36.440263 [info ]: Loading profiles.yml
12:18:36.471168 [info ]: Started parsing
12:18:36.782263 [info ]: Finished loading project [  0.34s]
12:18:36.784641 [debug]: Finished parsing models/staging/stg_customers.sql [  0.00s]
12:18:36.915690 [warn ]: [UnusedResourceConfigPath (dbt1097)]: Configuration paths exist in your dbt_project.yml file which do not apply to any resources.
There are 1 unused configuration paths:
- models.banking_dbt.example
12:18:36.922952 [info ]: Cached model count updated: 1 models (estimate)
12:18:36.922989 [info ]: Cached model count updated: 1 models (accurate)
12:18:36.923047 [info ]: Started scheduling
12:18:36.923267 [info ]: Finished scheduling [  0.00s]
12:18:36.923296 [debug]: Compilation - 1 nodes selected: {"model.banking_dbt.stg_customers"}
12:18:36.925740 [debug]: License check failed: Feature not licensed: 'lineage'
12:18:36.926422 [info ]: Started building task graph
12:18:36.926457 [info ]: Finished building task graph [  0.00s]
12:18:36.928008 [info ]: Started rendering (1 nodes)
12:18:36.928036 [info ]: Started model ANALYSTICS.stg_customers
12:18:36.928055 [debug]: Started rendering model ANALYSTICS.stg_customers
12:18:36.928101 [info ]: Finished parsing [  0.46s]
12:18:36.929787 [debug]: Compiled SQL for node model.banking_dbt.stg_customers at target\.lsp\compiled\banking_dbt\models\staging\stg_customers.sql
12:18:36.930007 [debug]: Finished rendering [  0.00s] model ANALYSTICS.stg_customers [success]
12:18:36.930038 [info ]: Finished rendering [  0.00s] (1 nodes, 0 skipped, 0 errors)
12:18:36.930090 [info ]: Started analyzing (1 nodes)
12:18:36.930106 [debug]: Started analyzing model ANALYSTICS.stg_customers
12:18:36.932681 [warn ]: [SyntaxInvalid (dbt0101)]: mismatched input '<EOF>' expecting one of 'SELECT', 'TABLE', '('
  --> models/staging/stg_customers.sql:13:2 (target\.lsp\compiled\banking_dbt\models\staging\stg_customers.sql:13:2)
12:18:36.932783 [info ]:  Succeeded [  0.00s] model ANALYSTICS.stg_customers (view)
12:18:36.932831 [debug]: Finished analyzing [  0.00s] model ANALYSTICS.stg_customers [success]
12:18:36.932843 [info ]: Finished analyzing [  0.00s] (1 nodes, 0 skipped, 0 errors)
12:18:36.936761 [info ]: Started scheduling
12:18:36.936839 [info ]: Finished scheduling [  0.00s]
12:18:36.938090 [info ]: Cached model count updated: 1 models (accurate)
12:18:37.198911 [debug]: License check failed: Feature not licensed: 'lineage'
12:18:38.634266 [info ]: Started loading project
12:18:38.634778 [info ]: Loading profiles.yml
12:18:38.676080 [info ]: Cached model count updated: 1 models (estimate)
12:18:38.676101 [info ]: Cached model count updated: 1 models (accurate)
12:18:38.676138 [info ]: Started scheduling
12:18:38.676175 [info ]: Finished scheduling [  0.00s]
12:18:38.676186 [debug]: Compilation - 1 nodes selected: {"model.banking_dbt.stg_customers"}
12:18:38.677069 [debug]: License check failed: Feature not licensed: 'lineage'
12:18:38.677298 [info ]: Started building task graph
12:18:38.677327 [info ]: Finished building task graph [  0.00s]
12:18:38.678871 [info ]: Started rendering (1 nodes)
12:18:38.678944 [info ]: Started model ANALYSTICS.stg_customers
12:18:38.678960 [debug]: Started rendering model ANALYSTICS.stg_customers
12:18:38.679076 [info ]: Finished loading project [  0.04s]
12:18:38.679888 [debug]: Compiled SQL for node model.banking_dbt.stg_customers at target\.lsp\compiled\banking_dbt\models\staging\stg_customers.sql
12:18:38.680081 [debug]: Finished rendering [  0.00s] model ANALYSTICS.stg_customers [success]
12:18:38.680123 [info ]: Finished rendering [  0.00s] (1 nodes, 0 skipped, 0 errors)
12:18:38.680166 [info ]: Started analyzing (1 nodes)
12:18:38.680187 [debug]: Started analyzing model ANALYSTICS.stg_customers
12:18:38.680940 [warn ]: [SyntaxInvalid (dbt0101)]: mismatched input '<EOF>' expecting one of 'SELECT', 'TABLE', '('
  --> models/staging/stg_customers.sql:13:2 (target\.lsp\compiled\banking_dbt\models\staging\stg_customers.sql:13:2)
12:18:38.681108 [info ]:  Succeeded [  0.00s] model ANALYSTICS.stg_customers (view)
12:18:38.681149 [debug]: Finished analyzing [  0.00s] model ANALYSTICS.stg_customers [success]
12:18:38.681186 [info ]: Finished analyzing [  0.00s] (1 nodes, 0 skipped, 0 errors)
12:18:38.685185 [info ]: Started scheduling
12:18:38.685277 [info ]: Finished scheduling [  0.00s]
12:18:38.685528 [info ]: Cached model count updated: 1 models (accurate)
12:18:42.682260 [info ]: Started loading project
12:18:42.682816 [info ]: Loading profiles.yml
12:18:42.713735 [info ]: Started parsing
12:18:43.032482 [info ]: Finished loading project [  0.35s]
12:18:43.034479 [debug]: Finished parsing models/staging/stg_customers.sql [  0.00s]
12:18:43.158644 [warn ]: [UnusedResourceConfigPath (dbt1097)]: Configuration paths exist in your dbt_project.yml file which do not apply to any resources.
There are 1 unused configuration paths:
- models.banking_dbt.example
12:18:43.164627 [info ]: Cached model count updated: 1 models (estimate)
12:18:43.164653 [info ]: Cached model count updated: 1 models (accurate)
12:18:43.164688 [info ]: Started scheduling
12:18:43.164758 [info ]: Finished scheduling [  0.00s]
12:18:43.164781 [debug]: Compilation - 1 nodes selected: {"model.banking_dbt.stg_customers"}
12:18:43.166025 [debug]: License check failed: Feature not licensed: 'lineage'
12:18:43.166388 [info ]: Started building task graph
12:18:43.166442 [info ]: Finished building task graph [  0.00s]
12:18:43.168308 [info ]: Started rendering (1 nodes)
12:18:43.168381 [info ]: Started model ANALYSTICS.stg_customers
12:18:43.168412 [debug]: Started rendering model ANALYSTICS.stg_customers
12:18:43.168511 [info ]: Finished parsing [  0.45s]
12:18:43.170550 [debug]: Compiled SQL for node model.banking_dbt.stg_customers at target\.lsp\compiled\banking_dbt\models\staging\stg_customers.sql
12:18:43.170763 [debug]: Finished rendering [  0.00s] model ANALYSTICS.stg_customers [success]
12:18:43.170802 [info ]: Finished rendering [  0.00s] (1 nodes, 0 skipped, 0 errors)
12:18:43.170840 [info ]: Started analyzing (1 nodes)
12:18:43.170865 [debug]: Started analyzing model ANALYSTICS.stg_customers
12:18:43.172189 [warn ]: [SyntaxInvalid (dbt0101)]: no viable alternative at input 'ranked as(
    select 
        string as customer_id,
        string as first_name,
        string as last_name,
        string as email,
        timestamp as created_time,
        timestamp as updated_time,
        rank()
        over(partition by )'
  --> models/staging/stg_customers.sql:12:27 (target\.lsp\compiled\banking_dbt\models\staging\stg_customers.sql:12:27)
12:18:43.172352 [info ]:  Succeeded [  0.00s] model ANALYSTICS.stg_customers (view)
12:18:43.172418 [debug]: Finished analyzing [  0.00s] model ANALYSTICS.stg_customers [success]
12:18:43.172444 [info ]: Finished analyzing [  0.00s] (1 nodes, 0 skipped, 0 errors)
12:18:43.177958 [info ]: Started scheduling
12:18:43.178023 [info ]: Finished scheduling [  0.00s]
12:18:43.179308 [info ]: Cached model count updated: 1 models (accurate)
12:18:43.437650 [debug]: License check failed: Feature not licensed: 'lineage'
12:18:44.840170 [info ]: Started loading project
12:18:44.840671 [info ]: Loading profiles.yml
12:18:44.874398 [info ]: Cached model count updated: 1 models (estimate)
12:18:44.874419 [info ]: Cached model count updated: 1 models (accurate)
12:18:44.874438 [info ]: Started scheduling
12:18:44.874479 [info ]: Finished scheduling [  0.00s]
12:18:44.874490 [debug]: Compilation - 1 nodes selected: {"model.banking_dbt.stg_customers"}
12:18:44.875345 [debug]: License check failed: Feature not licensed: 'lineage'
12:18:44.875592 [info ]: Started building task graph
12:18:44.875621 [info ]: Finished building task graph [  0.00s]
12:18:44.877086 [info ]: Started rendering (1 nodes)
12:18:44.877113 [info ]: Started model ANALYSTICS.stg_customers
12:18:44.877123 [debug]: Started rendering model ANALYSTICS.stg_customers
12:18:44.877173 [info ]: Finished loading project [  0.04s]
12:18:44.877638 [debug]: Compiled SQL for node model.banking_dbt.stg_customers at target\.lsp\compiled\banking_dbt\models\staging\stg_customers.sql
12:18:44.877769 [debug]: Finished rendering [  0.00s] model ANALYSTICS.stg_customers [success]
12:18:44.877802 [info ]: Finished rendering [  0.00s] (1 nodes, 0 skipped, 0 errors)
12:18:44.877827 [info ]: Started analyzing (1 nodes)
12:18:44.877845 [debug]: Started analyzing model ANALYSTICS.stg_customers
12:18:44.878420 [warn ]: [SyntaxInvalid (dbt0101)]: no viable alternative at input 'ranked as(
    select 
        string as customer_id,
        string as first_name,
        string as last_name,
        string as email,
        timestamp as created_time,
        timestamp as updated_time,
        rank()
        over(partition by )'
  --> models/staging/stg_customers.sql:12:27 (target\.lsp\compiled\banking_dbt\models\staging\stg_customers.sql:12:27)
12:18:44.878547 [info ]:  Succeeded [-------] model ANALYSTICS.stg_customers (view)
12:18:44.878564 [debug]: Finished analyzing [  0.00s] model ANALYSTICS.stg_customers [success]
12:18:44.878577 [info ]: Finished analyzing [  0.00s] (1 nodes, 0 skipped, 0 errors)
12:18:44.883081 [info ]: Started scheduling
12:18:44.883173 [info ]: Finished scheduling [  0.00s]
12:18:44.883494 [info ]: Cached model count updated: 1 models (accurate)
12:18:45.156962 [debug]: License check failed: Feature not licensed: 'lineage'
12:19:04.161284 [debug]: License check failed: Feature not licensed: 'lineage'
12:19:07.392082 [info ]: Started loading project
12:19:07.392641 [info ]: Loading profiles.yml
12:19:07.426243 [info ]: Started parsing
12:19:07.765321 [info ]: Finished loading project [  0.37s]
12:19:07.767580 [debug]: Finished parsing models/staging/stg_customers.sql [  0.00s]
12:19:07.897022 [warn ]: [UnusedResourceConfigPath (dbt1097)]: Configuration paths exist in your dbt_project.yml file which do not apply to any resources.
There are 1 unused configuration paths:
- models.banking_dbt.example
12:19:07.901672 [info ]: Cached model count updated: 1 models (estimate)
12:19:07.901690 [info ]: Cached model count updated: 1 models (accurate)
12:19:07.901711 [info ]: Started scheduling
12:19:07.901755 [info ]: Finished scheduling [  0.00s]
12:19:07.901767 [debug]: Compilation - 1 nodes selected: {"model.banking_dbt.stg_customers"}
12:19:07.902582 [debug]: License check failed: Feature not licensed: 'lineage'
12:19:07.902814 [info ]: Started building task graph
12:19:07.902846 [info ]: Finished building task graph [  0.00s]
12:19:07.904271 [info ]: Started rendering (1 nodes)
12:19:07.904291 [info ]: Started model ANALYSTICS.stg_customers
12:19:07.904300 [debug]: Started rendering model ANALYSTICS.stg_customers
12:19:07.904347 [info ]: Finished parsing [  0.48s]
12:19:07.905740 [debug]: Compiled SQL for node model.banking_dbt.stg_customers at target\.lsp\compiled\banking_dbt\models\staging\stg_customers.sql
12:19:07.905943 [debug]: Finished rendering [  0.00s] model ANALYSTICS.stg_customers [success]
12:19:07.905974 [info ]: Finished rendering [  0.00s] (1 nodes, 0 skipped, 0 errors)
12:19:07.906009 [info ]: Started analyzing (1 nodes)
12:19:07.906026 [debug]: Started analyzing model ANALYSTICS.stg_customers
12:19:07.907603 [warn ]: [SyntaxInvalid (dbt0101)]: mismatched input '<EOF>' expecting one of 'SELECT', 'TABLE', '('
  --> models/staging/stg_customers.sql:14:2 (target\.lsp\compiled\banking_dbt\models\staging\stg_customers.sql:14:2)
12:19:07.907685 [info ]:  Succeeded [  0.00s] model ANALYSTICS.stg_customers (view)
12:19:07.907737 [debug]: Finished analyzing [  0.00s] model ANALYSTICS.stg_customers [success]
12:19:07.907753 [info ]: Finished analyzing [  0.00s] (1 nodes, 0 skipped, 0 errors)
12:19:07.910846 [info ]: Started scheduling
12:19:07.910900 [info ]: Finished scheduling [  0.00s]
12:19:07.911906 [info ]: Cached model count updated: 1 models (accurate)
12:19:08.622853 [info ]: Started loading project
12:19:08.623464 [info ]: Loading profiles.yml
12:19:08.666081 [info ]: Started parsing
12:19:09.043838 [info ]: Finished loading project [  0.42s]
12:19:09.046553 [debug]: Finished parsing models/staging/stg_customers.sql [  0.00s]
12:19:09.183483 [warn ]: [UnusedResourceConfigPath (dbt1097)]: Configuration paths exist in your dbt_project.yml file which do not apply to any resources.
There are 1 unused configuration paths:
- models.banking_dbt.example
12:19:09.188810 [info ]: Cached model count updated: 1 models (estimate)
12:19:09.188829 [info ]: Cached model count updated: 1 models (accurate)
12:19:09.188849 [info ]: Started scheduling
12:19:09.188892 [info ]: Finished scheduling [  0.00s]
12:19:09.188904 [debug]: Compilation - 1 nodes selected: {"model.banking_dbt.stg_customers"}
12:19:09.189671 [debug]: License check failed: Feature not licensed: 'lineage'
12:19:09.189915 [info ]: Started building task graph
12:19:09.189944 [info ]: Finished building task graph [  0.00s]
12:19:09.191369 [info ]: Started rendering (1 nodes)
12:19:09.191389 [info ]: Started model ANALYSTICS.stg_customers
12:19:09.191398 [debug]: Started rendering model ANALYSTICS.stg_customers
12:19:09.191437 [info ]: Finished parsing [  0.53s]
12:19:09.192853 [debug]: Compiled SQL for node model.banking_dbt.stg_customers at target\.lsp\compiled\banking_dbt\models\staging\stg_customers.sql
12:19:09.193042 [debug]: Finished rendering [  0.00s] model ANALYSTICS.stg_customers [success]
12:19:09.193067 [info ]: Finished rendering [  0.00s] (1 nodes, 0 skipped, 0 errors)
12:19:09.193086 [info ]: Started analyzing (1 nodes)
12:19:09.193094 [debug]: Started analyzing model ANALYSTICS.stg_customers
12:19:09.193588 [warn ]: [SyntaxInvalid (dbt0101)]: mismatched input '<EOF>' expecting one of 'SELECT', 'TABLE', '('
  --> models/staging/stg_customers.sql:14:2 (target\.lsp\compiled\banking_dbt\models\staging\stg_customers.sql:14:2)
12:19:09.193653 [info ]:  Succeeded [  0.00s] model ANALYSTICS.stg_customers (view)
12:19:09.193709 [debug]: Finished analyzing [  0.00s] model ANALYSTICS.stg_customers [success]
12:19:09.193724 [info ]: Finished analyzing [  0.00s] (1 nodes, 0 skipped, 0 errors)
12:19:09.196594 [info ]: Started scheduling
12:19:09.196650 [info ]: Finished scheduling [  0.00s]
12:19:09.197809 [info ]: Cached model count updated: 1 models (accurate)
12:19:10.887104 [info ]: Started loading project
12:19:10.887621 [info ]: Loading profiles.yml
12:19:10.919587 [info ]: Cached model count updated: 1 models (estimate)
12:19:10.919608 [info ]: Cached model count updated: 1 models (accurate)
12:19:10.919628 [info ]: Started scheduling
12:19:10.919672 [info ]: Finished scheduling [  0.00s]
12:19:10.919684 [debug]: Compilation - 1 nodes selected: {"model.banking_dbt.stg_customers"}
12:19:10.920539 [debug]: License check failed: Feature not licensed: 'lineage'
12:19:10.920752 [info ]: Started building task graph
12:19:10.920780 [info ]: Finished building task graph [  0.00s]
12:19:10.922190 [info ]: Started rendering (1 nodes)
12:19:10.922210 [info ]: Started model ANALYSTICS.stg_customers
12:19:10.922220 [debug]: Started rendering model ANALYSTICS.stg_customers
12:19:10.922253 [info ]: Finished loading project [  0.04s]
12:19:10.922674 [debug]: Compiled SQL for node model.banking_dbt.stg_customers at target\.lsp\compiled\banking_dbt\models\staging\stg_customers.sql
12:19:10.922779 [debug]: Finished rendering [  0.00s] model ANALYSTICS.stg_customers [success]
12:19:10.922799 [info ]: Finished rendering [  0.00s] (1 nodes, 0 skipped, 0 errors)
12:19:10.922813 [info ]: Started analyzing (1 nodes)
12:19:10.922819 [debug]: Started analyzing model ANALYSTICS.stg_customers
12:19:10.923253 [warn ]: [SyntaxInvalid (dbt0101)]: mismatched input '<EOF>' expecting one of 'SELECT', 'TABLE', '('
  --> models/staging/stg_customers.sql:14:2 (target\.lsp\compiled\banking_dbt\models\staging\stg_customers.sql:14:2)
12:19:10.923307 [info ]:  Succeeded [-------] model ANALYSTICS.stg_customers (view)
12:19:10.923365 [debug]: Finished analyzing [  0.00s] model ANALYSTICS.stg_customers [success]
12:19:10.923380 [info ]: Finished analyzing [  0.00s] (1 nodes, 0 skipped, 0 errors)
12:19:10.926637 [info ]: Started scheduling
12:19:10.926685 [info ]: Finished scheduling [  0.00s]
12:19:10.926871 [info ]: Cached model count updated: 1 models (accurate)
12:19:11.503245 [info ]: Started loading project
12:19:11.503831 [info ]: Loading profiles.yml
12:19:11.537661 [info ]: Started parsing
12:19:11.902178 [info ]: Finished loading project [  0.40s]
12:19:11.904354 [debug]: Finished parsing models/staging/stg_customers.sql [  0.00s]
12:19:12.078757 [warn ]: [UnusedResourceConfigPath (dbt1097)]: Configuration paths exist in your dbt_project.yml file which do not apply to any resources.
There are 1 unused configuration paths:
- models.banking_dbt.example
12:19:12.088310 [info ]: Cached model count updated: 1 models (estimate)
12:19:12.088329 [info ]: Cached model count updated: 1 models (accurate)
12:19:12.088365 [info ]: Started scheduling
12:19:12.088409 [info ]: Finished scheduling [  0.00s]
12:19:12.088424 [debug]: Compilation - 1 nodes selected: {"model.banking_dbt.stg_customers"}
12:19:12.089275 [debug]: License check failed: Feature not licensed: 'lineage'
12:19:12.089509 [info ]: Started building task graph
12:19:12.089536 [info ]: Finished building task graph [  0.00s]
12:19:12.090947 [info ]: Started rendering (1 nodes)
12:19:12.090968 [info ]: Started model ANALYSTICS.stg_customers
12:19:12.090977 [debug]: Started rendering model ANALYSTICS.stg_customers
12:19:12.091016 [info ]: Finished parsing [  0.55s]
12:19:12.092544 [debug]: Compiled SQL for node model.banking_dbt.stg_customers at target\.lsp\compiled\banking_dbt\models\staging\stg_customers.sql
12:19:12.092733 [debug]: Finished rendering [  0.00s] model ANALYSTICS.stg_customers [success]
12:19:12.092792 [info ]: Finished rendering [  0.00s] (1 nodes, 0 skipped, 0 errors)
12:19:12.092826 [info ]: Started analyzing (1 nodes)
12:19:12.092849 [debug]: Started analyzing model ANALYSTICS.stg_customers
12:19:12.093704 [warn ]: [SyntaxInvalid (dbt0101)]: no viable alternative at input 'ranked as(
    select 
        string as customer_id,
        string as first_name,
        string as last_name,
        string as email,
        timestamp as created_time,
        timestamp as updated_time,
        rank()
        over(partition by id order by )'
  --> models/staging/stg_customers.sql:12:39 (target\.lsp\compiled\banking_dbt\models\staging\stg_customers.sql:12:39)
12:19:12.093797 [info ]:  Succeeded [  0.00s] model ANALYSTICS.stg_customers (view)
12:19:12.093817 [debug]: Finished analyzing [  0.00s] model ANALYSTICS.stg_customers [success]
12:19:12.093830 [info ]: Finished analyzing [  0.00s] (1 nodes, 0 skipped, 0 errors)
12:19:12.097054 [info ]: Started scheduling
12:19:12.097110 [info ]: Finished scheduling [  0.00s]
12:19:12.098413 [info ]: Cached model count updated: 1 models (accurate)
12:19:13.738592 [info ]: Started loading project
12:19:13.739104 [info ]: Loading profiles.yml
12:19:13.770659 [info ]: Cached model count updated: 1 models (estimate)
12:19:13.770681 [info ]: Cached model count updated: 1 models (accurate)
12:19:13.770701 [info ]: Started scheduling
12:19:13.770739 [info ]: Finished scheduling [  0.00s]
12:19:13.770754 [debug]: Compilation - 1 nodes selected: {"model.banking_dbt.stg_customers"}
12:19:13.771574 [debug]: License check failed: Feature not licensed: 'lineage'
12:19:13.771790 [info ]: Started building task graph
12:19:13.771817 [info ]: Finished building task graph [  0.00s]
12:19:13.773197 [info ]: Started rendering (1 nodes)
12:19:13.773217 [info ]: Started model ANALYSTICS.stg_customers
12:19:13.773226 [debug]: Started rendering model ANALYSTICS.stg_customers
12:19:13.773260 [info ]: Finished loading project [  0.03s]
12:19:13.773633 [debug]: Compiled SQL for node model.banking_dbt.stg_customers at target\.lsp\compiled\banking_dbt\models\staging\stg_customers.sql
12:19:13.773729 [debug]: Finished rendering [  0.00s] model ANALYSTICS.stg_customers [success]
12:19:13.773752 [info ]: Finished rendering [  0.00s] (1 nodes, 0 skipped, 0 errors)
12:19:13.773771 [info ]: Started analyzing (1 nodes)
12:19:13.773780 [debug]: Started analyzing model ANALYSTICS.stg_customers
12:19:13.774249 [warn ]: [SyntaxInvalid (dbt0101)]: no viable alternative at input 'ranked as(
    select 
        string as customer_id,
        string as first_name,
        string as last_name,
        string as email,
        timestamp as created_time,
        timestamp as updated_time,
        rank()
        over(partition by id order by )'
  --> models/staging/stg_customers.sql:12:39 (target\.lsp\compiled\banking_dbt\models\staging\stg_customers.sql:12:39)
12:19:13.774304 [info ]:  Succeeded [-------] model ANALYSTICS.stg_customers (view)
12:19:13.774366 [debug]: Finished analyzing [  0.00s] model ANALYSTICS.stg_customers [success]
12:19:13.774381 [info ]: Finished analyzing [  0.00s] (1 nodes, 0 skipped, 0 errors)
12:19:13.777618 [info ]: Started scheduling
12:19:13.777664 [info ]: Finished scheduling [  0.00s]
12:19:13.777864 [info ]: Cached model count updated: 1 models (accurate)
12:19:15.832657 [info ]: Started loading project
12:19:15.833476 [info ]: Loading profiles.yml
12:19:15.872030 [info ]: Started parsing
12:19:16.251837 [info ]: Finished loading project [  0.42s]
12:19:16.254033 [debug]: Finished parsing models/staging/stg_customers.sql [  0.00s]
12:19:16.379051 [warn ]: [UnusedResourceConfigPath (dbt1097)]: Configuration paths exist in your dbt_project.yml file which do not apply to any resources.
There are 1 unused configuration paths:
- models.banking_dbt.example
12:19:16.383486 [info ]: Cached model count updated: 1 models (estimate)
12:19:16.383511 [info ]: Cached model count updated: 1 models (accurate)
12:19:16.383538 [info ]: Started scheduling
12:19:16.383590 [info ]: Finished scheduling [  0.00s]
12:19:16.383607 [debug]: Compilation - 1 nodes selected: {"model.banking_dbt.stg_customers"}
12:19:16.384644 [debug]: License check failed: Feature not licensed: 'lineage'
12:19:16.384892 [info ]: Started building task graph
12:19:16.384923 [info ]: Finished building task graph [  0.00s]
12:19:16.386415 [info ]: Started rendering (1 nodes)
12:19:16.386435 [info ]: Started model ANALYSTICS.stg_customers
12:19:16.386449 [debug]: Started rendering model ANALYSTICS.stg_customers
12:19:16.386496 [info ]: Finished parsing [  0.51s]
12:19:16.387913 [debug]: Compiled SQL for node model.banking_dbt.stg_customers at target\.lsp\compiled\banking_dbt\models\staging\stg_customers.sql
12:19:16.388096 [debug]: Finished rendering [  0.00s] model ANALYSTICS.stg_customers [success]
12:19:16.388145 [info ]: Finished rendering [  0.00s] (1 nodes, 0 skipped, 0 errors)
12:19:16.388179 [info ]: Started analyzing (1 nodes)
12:19:16.388213 [debug]: Started analyzing model ANALYSTICS.stg_customers
12:19:16.389070 [warn ]: [SyntaxInvalid (dbt0101)]: mismatched input '<EOF>' expecting one of 'SELECT', 'TABLE', '('
  --> models/staging/stg_customers.sql:14:2 (target\.lsp\compiled\banking_dbt\models\staging\stg_customers.sql:14:2)
12:19:16.389142 [info ]:  Succeeded [  0.00s] model ANALYSTICS.stg_customers (view)
12:19:16.389196 [debug]: Finished analyzing [  0.00s] model ANALYSTICS.stg_customers [success]
12:19:16.389212 [info ]: Finished analyzing [  0.00s] (1 nodes, 0 skipped, 0 errors)
12:19:16.392446 [info ]: Started scheduling
12:19:16.392503 [info ]: Finished scheduling [  0.00s]
12:19:16.393556 [info ]: Cached model count updated: 1 models (accurate)
12:19:18.057008 [info ]: Started loading project
12:19:18.057495 [info ]: Loading profiles.yml
12:19:18.089375 [info ]: Cached model count updated: 1 models (estimate)
12:19:18.089396 [info ]: Cached model count updated: 1 models (accurate)
12:19:18.089415 [info ]: Started scheduling
12:19:18.089452 [info ]: Finished scheduling [  0.00s]
12:19:18.089463 [debug]: Compilation - 1 nodes selected: {"model.banking_dbt.stg_customers"}
12:19:18.090274 [debug]: License check failed: Feature not licensed: 'lineage'
12:19:18.090491 [info ]: Started building task graph
12:19:18.090518 [info ]: Finished building task graph [  0.00s]
12:19:18.091909 [info ]: Started rendering (1 nodes)
12:19:18.091929 [info ]: Started model ANALYSTICS.stg_customers
12:19:18.091939 [debug]: Started rendering model ANALYSTICS.stg_customers
12:19:18.091971 [info ]: Finished loading project [  0.03s]
12:19:18.092378 [debug]: Compiled SQL for node model.banking_dbt.stg_customers at target\.lsp\compiled\banking_dbt\models\staging\stg_customers.sql
12:19:18.092453 [debug]: Finished rendering [  0.00s] model ANALYSTICS.stg_customers [success]
12:19:18.092471 [info ]: Finished rendering [  0.00s] (1 nodes, 0 skipped, 0 errors)
12:19:18.092485 [info ]: Started analyzing (1 nodes)
12:19:18.092493 [debug]: Started analyzing model ANALYSTICS.stg_customers
12:19:18.092917 [warn ]: [SyntaxInvalid (dbt0101)]: mismatched input '<EOF>' expecting one of 'SELECT', 'TABLE', '('
  --> models/staging/stg_customers.sql:14:2 (target\.lsp\compiled\banking_dbt\models\staging\stg_customers.sql:14:2)
12:19:18.092973 [info ]:  Succeeded [-------] model ANALYSTICS.stg_customers (view)
12:19:18.093031 [debug]: Finished analyzing [  0.00s] model ANALYSTICS.stg_customers [success]
12:19:18.093046 [info ]: Finished analyzing [  0.00s] (1 nodes, 0 skipped, 0 errors)
12:19:18.096413 [info ]: Started scheduling
12:19:18.096469 [info ]: Finished scheduling [  0.00s]
12:19:18.096751 [info ]: Cached model count updated: 1 models (accurate)
12:19:18.838889 [info ]: Started loading project
12:19:18.839435 [info ]: Loading profiles.yml
12:19:18.875985 [info ]: Started parsing
12:19:19.232490 [info ]: Finished loading project [  0.39s]
12:19:19.235581 [debug]: Finished parsing models/staging/stg_customers.sql [  0.00s]
12:19:19.361206 [warn ]: [UnusedResourceConfigPath (dbt1097)]: Configuration paths exist in your dbt_project.yml file which do not apply to any resources.
There are 1 unused configuration paths:
- models.banking_dbt.example
12:19:19.367776 [info ]: Cached model count updated: 1 models (estimate)
12:19:19.367796 [info ]: Cached model count updated: 1 models (accurate)
12:19:19.367822 [info ]: Started scheduling
12:19:19.367866 [info ]: Finished scheduling [  0.00s]
12:19:19.367882 [debug]: Compilation - 1 nodes selected: {"model.banking_dbt.stg_customers"}
12:19:19.368848 [debug]: License check failed: Feature not licensed: 'lineage'
12:19:19.369103 [info ]: Started building task graph
12:19:19.369136 [info ]: Finished building task graph [  0.00s]
12:19:19.370650 [info ]: Started rendering (1 nodes)
12:19:19.370673 [info ]: Started model ANALYSTICS.stg_customers
12:19:19.370683 [debug]: Started rendering model ANALYSTICS.stg_customers
12:19:19.370729 [info ]: Finished parsing [  0.49s]
12:19:19.372660 [debug]: Compiled SQL for node model.banking_dbt.stg_customers at target\.lsp\compiled\banking_dbt\models\staging\stg_customers.sql
12:19:19.373173 [debug]: Finished rendering [  0.00s] model ANALYSTICS.stg_customers [success]
12:19:19.373299 [info ]: Finished rendering [  0.00s] (1 nodes, 0 skipped, 0 errors)
12:19:19.373435 [info ]: Started analyzing (1 nodes)
12:19:19.373530 [debug]: Started analyzing model ANALYSTICS.stg_customers
12:19:19.374491 [warn ]: [SyntaxInvalid (dbt0101)]: mismatched input '<EOF>' expecting one of 'SELECT', 'TABLE', '('
  --> models/staging/stg_customers.sql:14:2 (target\.lsp\compiled\banking_dbt\models\staging\stg_customers.sql:14:2)
12:19:19.374559 [info ]:  Succeeded [  0.00s] model ANALYSTICS.stg_customers (view)
12:19:19.374617 [debug]: Finished analyzing [  0.00s] model ANALYSTICS.stg_customers [success]
12:19:19.374632 [info ]: Finished analyzing [  0.00s] (1 nodes, 0 skipped, 0 errors)
12:19:19.377622 [info ]: Started scheduling
12:19:19.377695 [info ]: Finished scheduling [  0.00s]
12:19:19.378723 [info ]: Cached model count updated: 1 models (accurate)
12:19:19.635642 [debug]: License check failed: Feature not licensed: 'lineage'
12:19:21.072706 [info ]: Started loading project
12:19:21.073235 [info ]: Loading profiles.yml
12:19:21.104752 [info ]: Cached model count updated: 1 models (estimate)
12:19:21.104774 [info ]: Cached model count updated: 1 models (accurate)
12:19:21.104793 [info ]: Started scheduling
12:19:21.104831 [info ]: Finished scheduling [  0.00s]
12:19:21.104842 [debug]: Compilation - 1 nodes selected: {"model.banking_dbt.stg_customers"}
12:19:21.105700 [debug]: License check failed: Feature not licensed: 'lineage'
12:19:21.105912 [info ]: Started building task graph
12:19:21.105940 [info ]: Finished building task graph [  0.00s]
12:19:21.107357 [info ]: Started rendering (1 nodes)
12:19:21.107378 [info ]: Started model ANALYSTICS.stg_customers
12:19:21.107387 [debug]: Started rendering model ANALYSTICS.stg_customers
12:19:21.107421 [info ]: Finished loading project [  0.03s]
12:19:21.107825 [debug]: Compiled SQL for node model.banking_dbt.stg_customers at target\.lsp\compiled\banking_dbt\models\staging\stg_customers.sql
12:19:21.107918 [debug]: Finished rendering [  0.00s] model ANALYSTICS.stg_customers [success]
12:19:21.107936 [info ]: Finished rendering [  0.00s] (1 nodes, 0 skipped, 0 errors)
12:19:21.107952 [info ]: Started analyzing (1 nodes)
12:19:21.107959 [debug]: Started analyzing model ANALYSTICS.stg_customers
12:19:21.108450 [warn ]: [SyntaxInvalid (dbt0101)]: mismatched input '<EOF>' expecting one of 'SELECT', 'TABLE', '('
  --> models/staging/stg_customers.sql:14:2 (target\.lsp\compiled\banking_dbt\models\staging\stg_customers.sql:14:2)
12:19:21.108512 [info ]:  Succeeded [-------] model ANALYSTICS.stg_customers (view)
12:19:21.108569 [debug]: Finished analyzing [  0.00s] model ANALYSTICS.stg_customers [success]
12:19:21.108584 [info ]: Finished analyzing [  0.00s] (1 nodes, 0 skipped, 0 errors)
12:19:21.111951 [info ]: Started scheduling
12:19:21.111999 [info ]: Finished scheduling [  0.00s]
12:19:21.112225 [info ]: Cached model count updated: 1 models (accurate)
12:19:21.381083 [debug]: License check failed: Feature not licensed: 'lineage'
12:19:24.264810 [info ]: Started loading project
12:19:24.265417 [info ]: Loading profiles.yml
12:19:24.300628 [info ]: Started parsing
12:19:24.675057 [info ]: Finished loading project [  0.41s]
12:19:24.677121 [debug]: Finished parsing models/staging/stg_customers.sql [  0.00s]
12:19:24.816401 [warn ]: [UnusedResourceConfigPath (dbt1097)]: Configuration paths exist in your dbt_project.yml file which do not apply to any resources.
There are 1 unused configuration paths:
- models.banking_dbt.example
12:19:24.823672 [info ]: Cached model count updated: 1 models (estimate)
12:19:24.823702 [info ]: Cached model count updated: 1 models (accurate)
12:19:24.823738 [info ]: Started scheduling
12:19:24.823813 [info ]: Finished scheduling [  0.00s]
12:19:24.823840 [debug]: Compilation - 1 nodes selected: {"model.banking_dbt.stg_customers"}
12:19:24.824854 [debug]: License check failed: Feature not licensed: 'lineage'
12:19:24.825092 [info ]: Started building task graph
12:19:24.825125 [info ]: Finished building task graph [  0.00s]
12:19:24.826718 [info ]: Started rendering (1 nodes)
12:19:24.826744 [info ]: Started model ANALYSTICS.stg_customers
12:19:24.826754 [debug]: Started rendering model ANALYSTICS.stg_customers
12:19:24.826798 [info ]: Finished parsing [  0.53s]
12:19:24.828420 [debug]: Compiled SQL for node model.banking_dbt.stg_customers at target\.lsp\compiled\banking_dbt\models\staging\stg_customers.sql
12:19:24.828706 [debug]: Finished rendering [  0.00s] model ANALYSTICS.stg_customers [success]
12:19:24.828757 [info ]: Finished rendering [  0.00s] (1 nodes, 0 skipped, 0 errors)
12:19:24.828800 [info ]: Started analyzing (1 nodes)
12:19:24.828816 [debug]: Started analyzing model ANALYSTICS.stg_customers
12:19:24.830502 [warn ]: [SyntaxInvalid (dbt0101)]: no viable alternative at input 'ranked as(
    select 
        string as customer_id,
        string as first_name,
        string as last_name,
        string as email,
        timestamp as created_time,
        timestamp as updated_time,
        rank()
        over(partition by id order by created_time) as rnk
    from
        
)'
  --> models/staging/stg_customers.sql:15:1 (target\.lsp\compiled\banking_dbt\models\staging\stg_customers.sql:15:1)
12:19:24.830633 [info ]:  Succeeded [  0.00s] model ANALYSTICS.stg_customers (view)
12:19:24.830650 [debug]: Finished analyzing [  0.00s] model ANALYSTICS.stg_customers [success]
12:19:24.830663 [info ]: Finished analyzing [  0.00s] (1 nodes, 0 skipped, 0 errors)
12:19:24.834833 [info ]: Started scheduling
12:19:24.834922 [info ]: Finished scheduling [  0.00s]
12:19:24.836459 [info ]: Cached model count updated: 1 models (accurate)
12:19:25.100824 [debug]: License check failed: Feature not licensed: 'lineage'
12:19:26.517792 [info ]: Started loading project
12:19:26.518332 [info ]: Loading profiles.yml
12:19:26.549948 [info ]: Cached model count updated: 1 models (estimate)
12:19:26.549968 [info ]: Cached model count updated: 1 models (accurate)
12:19:26.549988 [info ]: Started scheduling
12:19:26.550045 [info ]: Finished scheduling [  0.00s]
12:19:26.550057 [debug]: Compilation - 1 nodes selected: {"model.banking_dbt.stg_customers"}
12:19:26.550851 [debug]: License check failed: Feature not licensed: 'lineage'
12:19:26.551079 [info ]: Started building task graph
12:19:26.551107 [info ]: Finished building task graph [  0.00s]
12:19:26.552597 [info ]: Started rendering (1 nodes)
12:19:26.552626 [info ]: Started model ANALYSTICS.stg_customers
12:19:26.552645 [debug]: Started rendering model ANALYSTICS.stg_customers
12:19:26.552695 [info ]: Finished loading project [  0.03s]
12:19:26.553111 [debug]: Compiled SQL for node model.banking_dbt.stg_customers at target\.lsp\compiled\banking_dbt\models\staging\stg_customers.sql
12:19:26.553204 [debug]: Finished rendering [  0.00s] model ANALYSTICS.stg_customers [success]
12:19:26.553231 [info ]: Finished rendering [  0.00s] (1 nodes, 0 skipped, 0 errors)
12:19:26.553256 [info ]: Started analyzing (1 nodes)
12:19:26.553267 [debug]: Started analyzing model ANALYSTICS.stg_customers
12:19:26.553910 [warn ]: [SyntaxInvalid (dbt0101)]: no viable alternative at input 'ranked as(
    select 
        string as customer_id,
        string as first_name,
        string as last_name,
        string as email,
        timestamp as created_time,
        timestamp as updated_time,
        rank()
        over(partition by id order by created_time) as rnk
    from
        
)'
  --> models/staging/stg_customers.sql:15:1 (target\.lsp\compiled\banking_dbt\models\staging\stg_customers.sql:15:1)
12:19:26.553980 [info ]:  Succeeded [-------] model ANALYSTICS.stg_customers (view)
12:19:26.554033 [debug]: Finished analyzing [  0.00s] model ANALYSTICS.stg_customers [success]
12:19:26.554049 [info ]: Finished analyzing [  0.00s] (1 nodes, 0 skipped, 0 errors)
12:19:26.557380 [info ]: Started scheduling
12:19:26.557439 [info ]: Finished scheduling [  0.00s]
12:19:26.557638 [info ]: Cached model count updated: 1 models (accurate)
12:19:26.817165 [debug]: License check failed: Feature not licensed: 'lineage'
12:19:32.640378 [info ]: Started loading project
12:19:32.641010 [info ]: Loading profiles.yml
12:19:32.678303 [info ]: Started parsing
12:19:33.075905 [info ]: Finished loading project [  0.44s]
12:19:33.078040 [debug]: Finished parsing models/staging/stg_customers.sql [  0.00s]
12:19:33.212739 [warn ]: [UnusedResourceConfigPath (dbt1097)]: Configuration paths exist in your dbt_project.yml file which do not apply to any resources.
There are 1 unused configuration paths:
- models.banking_dbt.example
12:19:33.218584 [info ]: Cached model count updated: 1 models (estimate)
12:19:33.218603 [info ]: Cached model count updated: 1 models (accurate)
12:19:33.218624 [info ]: Started scheduling
12:19:33.218668 [info ]: Finished scheduling [  0.00s]
12:19:33.218679 [debug]: Compilation - 1 nodes selected: {"model.banking_dbt.stg_customers"}
12:19:33.219486 [debug]: License check failed: Feature not licensed: 'lineage'
12:19:33.219696 [info ]: Started building task graph
12:19:33.219728 [info ]: Finished building task graph [  0.00s]
12:19:33.221126 [info ]: Started rendering (1 nodes)
12:19:33.221146 [info ]: Started model ANALYSTICS.stg_customers
12:19:33.221155 [debug]: Started rendering model ANALYSTICS.stg_customers
12:19:33.221200 [info ]: Finished parsing [  0.54s]
12:19:33.222815 [debug]: Compiled SQL for node model.banking_dbt.stg_customers at target\.lsp\compiled\banking_dbt\models\staging\stg_customers.sql
12:19:33.223243 [debug]: Finished rendering [  0.00s] model ANALYSTICS.stg_customers [success]
12:19:33.223281 [info ]: Finished rendering [  0.00s] (1 nodes, 0 skipped, 0 errors)
12:19:33.223305 [info ]: Started analyzing (1 nodes)
12:19:33.223313 [debug]: Started analyzing model ANALYSTICS.stg_customers
12:19:33.225673 [warn ]: [SyntaxInvalid (dbt0101)]: no viable alternative at input 'ranked as(
    select 
        string as customer_id,
        string as first_name,
        string as last_name,
        string as email,
        timestamp as created_time,
        timestamp as updated_time,
        rank()
        over(partition by id order by created_time) as rnk
    from
        {'
  --> models/staging/stg_customers.sql:14:9 (target\.lsp\compiled\banking_dbt\models\staging\stg_customers.sql:14:9)
12:19:33.225767 [info ]:  Succeeded [  0.00s] model ANALYSTICS.stg_customers (view)
12:19:33.225809 [debug]: Finished analyzing [  0.00s] model ANALYSTICS.stg_customers [success]
12:19:33.225822 [info ]: Finished analyzing [  0.00s] (1 nodes, 0 skipped, 0 errors)
12:19:33.229062 [info ]: Started scheduling
12:19:33.229132 [info ]: Finished scheduling [  0.00s]
12:19:33.230154 [info ]: Cached model count updated: 1 models (accurate)
12:19:33.490708 [debug]: License check failed: Feature not licensed: 'lineage'
12:19:34.911215 [info ]: Started loading project
12:19:34.912334 [info ]: Loading profiles.yml
12:19:34.949092 [info ]: Cached model count updated: 1 models (estimate)
12:19:34.949112 [info ]: Cached model count updated: 1 models (accurate)
12:19:34.949132 [info ]: Started scheduling
12:19:34.949169 [info ]: Finished scheduling [  0.00s]
12:19:34.949181 [debug]: Compilation - 1 nodes selected: {"model.banking_dbt.stg_customers"}
12:19:34.949991 [debug]: License check failed: Feature not licensed: 'lineage'
12:19:34.950202 [info ]: Started building task graph
12:19:34.950231 [info ]: Finished building task graph [  0.00s]
12:19:34.951635 [info ]: Started rendering (1 nodes)
12:19:34.951655 [info ]: Started model ANALYSTICS.stg_customers
12:19:34.951666 [debug]: Started rendering model ANALYSTICS.stg_customers
12:19:34.951698 [info ]: Finished loading project [  0.04s]
12:19:34.952103 [debug]: Compiled SQL for node model.banking_dbt.stg_customers at target\.lsp\compiled\banking_dbt\models\staging\stg_customers.sql
12:19:34.952184 [debug]: Finished rendering [  0.00s] model ANALYSTICS.stg_customers [success]
12:19:34.952203 [info ]: Finished rendering [  0.00s] (1 nodes, 0 skipped, 0 errors)
12:19:34.952225 [info ]: Started analyzing (1 nodes)
12:19:34.952241 [debug]: Started analyzing model ANALYSTICS.stg_customers
12:19:34.952917 [warn ]: [SyntaxInvalid (dbt0101)]: no viable alternative at input 'ranked as(
    select 
        string as customer_id,
        string as first_name,
        string as last_name,
        string as email,
        timestamp as created_time,
        timestamp as updated_time,
        rank()
        over(partition by id order by created_time) as rnk
    from
        {'
  --> models/staging/stg_customers.sql:14:9 (target\.lsp\compiled\banking_dbt\models\staging\stg_customers.sql:14:9)
12:19:34.952976 [info ]:  Succeeded [-------] model ANALYSTICS.stg_customers (view)
12:19:34.953035 [debug]: Finished analyzing [  0.00s] model ANALYSTICS.stg_customers [success]
12:19:34.953050 [info ]: Finished analyzing [  0.00s] (1 nodes, 0 skipped, 0 errors)
12:19:34.956023 [info ]: Started scheduling
12:19:34.956064 [info ]: Finished scheduling [  0.00s]
12:19:34.956225 [info ]: Cached model count updated: 1 models (accurate)
12:19:35.223077 [debug]: License check failed: Feature not licensed: 'lineage'
12:19:43.775024 [debug]: License check failed: Feature not licensed: 'lineage'
12:19:45.829476 [info ]: Started loading project
12:19:45.830063 [info ]: Loading profiles.yml
12:19:45.865949 [info ]: Started parsing
12:19:46.270809 [info ]: Finished loading project [  0.44s]
12:19:46.272911 [error]: [MacroSyntaxInvalid (dbt1502)]: Failed to render SQL syntax error: unexpected `}`, expected identifier or integer
  --> models/staging/stg_customers.sql
12:19:46.273079 [debug]: Finished parsing models/staging/stg_customers.sql [  0.00s]
12:19:46.405739 [warn ]: [UnusedResourceConfigPath (dbt1097)]: Configuration paths exist in your dbt_project.yml file which do not apply to any resources.
There are 1 unused configuration paths:
- models.banking_dbt.example
12:19:46.410207 [info ]: Cached model count updated: 1 models (estimate)
12:19:46.410226 [info ]: Cached model count updated: 0 models (accurate)
12:19:46.410244 [info ]: Started scheduling
12:19:46.410268 [info ]: Finished scheduling [  0.00s]
12:19:46.410279 [debug]: Compilation - 0 nodes selected: {}
12:19:46.410293 [warn ]: [NoNodesForSelectionCriteria (dbt1092)]: The selection criterion '' does not match any enabled nodes
12:19:46.410301 [warn ]: [NoNodesSelected (dbt1601)]: Nothing to do. Try checking your model configs and model specification args
12:19:46.411097 [debug]: License check failed: Feature not licensed: 'lineage'
12:19:46.411280 [info ]: Started building task graph
12:19:46.411320 [info ]: Finished building task graph [  0.00s]
12:19:46.415353 [info ]: Started scheduling
12:19:46.415388 [info ]: Finished scheduling [  0.00s]
12:19:46.416349 [info ]: Cached model count updated: 0 models (accurate)
12:19:46.416386 [info ]: Finished parsing [  0.55s]
12:19:48.081748 [info ]: Started loading project
12:19:48.082237 [info ]: Loading profiles.yml
12:19:48.115684 [info ]: Cached model count updated: 1 models (estimate)
12:19:48.115705 [info ]: Cached model count updated: 0 models (accurate)
12:19:48.115723 [info ]: Started scheduling
12:19:48.115752 [info ]: Finished scheduling [  0.00s]
12:19:48.115764 [debug]: Compilation - 0 nodes selected: {}
12:19:48.115784 [warn ]: [NoNodesSelected (dbt1601)]: Nothing to do. Try checking your model configs and model specification args
12:19:48.116582 [debug]: License check failed: Feature not licensed: 'lineage'
12:19:48.116766 [info ]: Started building task graph
12:19:48.116782 [info ]: Finished building task graph [  0.00s]
12:19:48.120562 [info ]: Started scheduling
12:19:48.120592 [info ]: Finished scheduling [  0.00s]
12:19:48.120719 [info ]: Cached model count updated: 0 models (accurate)
12:19:48.120768 [info ]: Finished loading project [  0.04s]
12:19:48.418470 [info ]: Started loading project
12:19:48.419064 [info ]: Loading profiles.yml
12:19:48.460426 [info ]: Started parsing
12:19:48.978238 [info ]: Finished loading project [  0.56s]
12:19:48.982494 [error]: [MacroSyntaxInvalid (dbt1502)]: Failed to render SQL syntax error: unexpected end of variable block, expected identifier or integer
  --> models/staging/stg_customers.sql
12:19:48.982986 [debug]: Finished parsing models/staging/stg_customers.sql [  0.00s]
12:19:49.141822 [warn ]: [UnusedResourceConfigPath (dbt1097)]: Configuration paths exist in your dbt_project.yml file which do not apply to any resources.
There are 1 unused configuration paths:
- models.banking_dbt.example
12:19:49.152339 [info ]: Cached model count updated: 1 models (estimate)
12:19:49.152363 [info ]: Cached model count updated: 0 models (accurate)
12:19:49.152386 [info ]: Started scheduling
12:19:49.152414 [info ]: Finished scheduling [  0.00s]
12:19:49.152443 [debug]: Compilation - 0 nodes selected: {}
12:19:49.152461 [warn ]: [NoNodesForSelectionCriteria (dbt1092)]: The selection criterion '' does not match any enabled nodes
12:19:49.152475 [warn ]: [NoNodesSelected (dbt1601)]: Nothing to do. Try checking your model configs and model specification args
12:19:49.153413 [debug]: License check failed: Feature not licensed: 'lineage'
12:19:49.153604 [info ]: Started building task graph
12:19:49.153622 [info ]: Finished building task graph [  0.00s]
12:19:49.157913 [info ]: Started scheduling
12:19:49.157948 [info ]: Finished scheduling [  0.00s]
12:19:49.158955 [info ]: Cached model count updated: 0 models (accurate)
12:19:49.158999 [info ]: Finished parsing [  0.70s]
12:19:50.768931 [info ]: Started loading project
12:19:50.769454 [info ]: Loading profiles.yml
12:19:50.801967 [info ]: Cached model count updated: 1 models (estimate)
12:19:50.801987 [info ]: Cached model count updated: 0 models (accurate)
12:19:50.802005 [info ]: Started scheduling
12:19:50.802032 [info ]: Finished scheduling [  0.00s]
12:19:50.802043 [debug]: Compilation - 0 nodes selected: {}
12:19:50.802059 [warn ]: [NoNodesSelected (dbt1601)]: Nothing to do. Try checking your model configs and model specification args
12:19:50.802894 [debug]: License check failed: Feature not licensed: 'lineage'
12:19:50.803097 [info ]: Started building task graph
12:19:50.803114 [info ]: Finished building task graph [  0.00s]
12:19:50.806922 [info ]: Started scheduling
12:19:50.806952 [info ]: Finished scheduling [  0.00s]
12:19:50.807074 [info ]: Cached model count updated: 0 models (accurate)
12:19:50.807158 [info ]: Finished loading project [  0.04s]
12:19:52.915069 [info ]: Started loading project
12:19:52.915631 [info ]: Loading profiles.yml
12:19:52.956197 [info ]: Started parsing
12:19:53.462183 [info ]: Finished loading project [  0.55s]
12:19:53.490617 [debug]: Finished parsing models/staging/stg_customers.sql [  0.03s]
12:19:53.494320 [info ]: Finished parsing [  0.54s]
12:19:53.500415 [info ]: Cached model count updated: 0 models (accurate)
12:19:55.167523 [info ]: Started loading project
12:19:55.168045 [info ]: Loading profiles.yml
12:19:55.206654 [info ]: Started parsing
12:19:55.623048 [info ]: Finished loading project [  0.46s]
12:19:55.624862 [debug]: Finished parsing models/staging/stg_customers.sql [  0.00s]
12:19:55.630328 [info ]: Cached model count updated: 0 models (accurate)
12:19:55.634970 [info ]: Finished parsing [  0.43s]
12:19:56.014012 [info ]: Started loading project
12:19:56.014514 [info ]: Loading profiles.yml
12:19:56.053176 [info ]: Started parsing
12:19:56.479042 [info ]: Finished loading project [  0.47s]
12:19:56.481925 [error]: [JinjaError (dbt1501)]: Failed to render SQL invalid operation: source requires 2 string arguments
(in models/staging/stg_customers.sql:14:9)
  --> models/staging/stg_customers.sql:14:9
12:19:56.482225 [debug]: Finished parsing models/staging/stg_customers.sql [  0.00s]
12:19:56.617889 [warn ]: [UnusedResourceConfigPath (dbt1097)]: Configuration paths exist in your dbt_project.yml file which do not apply to any resources.
There are 1 unused configuration paths:
- models.banking_dbt.example
12:19:56.623931 [info ]: Cached model count updated: 1 models (estimate)
12:19:56.623956 [info ]: Cached model count updated: 0 models (accurate)
12:19:56.623982 [info ]: Started scheduling
12:19:56.624007 [info ]: Finished scheduling [  0.00s]
12:19:56.624018 [debug]: Compilation - 0 nodes selected: {}
12:19:56.624038 [warn ]: [NoNodesForSelectionCriteria (dbt1092)]: The selection criterion '' does not match any enabled nodes
12:19:56.624051 [warn ]: [NoNodesSelected (dbt1601)]: Nothing to do. Try checking your model configs and model specification args
12:19:56.624869 [debug]: License check failed: Feature not licensed: 'lineage'
12:19:56.625075 [info ]: Started building task graph
12:19:56.625092 [info ]: Finished building task graph [  0.00s]
12:19:56.629219 [info ]: Started scheduling
12:19:56.629250 [info ]: Finished scheduling [  0.00s]
12:19:56.630239 [info ]: Cached model count updated: 0 models (accurate)
12:19:56.630276 [info ]: Finished parsing [  0.58s]
12:19:57.293205 [info ]: Started loading project
12:19:57.293692 [info ]: Loading profiles.yml
12:19:57.334544 [info ]: Started parsing
12:19:57.922106 [info ]: Finished loading project [  0.63s]
12:19:57.924934 [error]: [JinjaError (dbt1501)]: Failed to render SQL invalid operation: source requires 2 string arguments
(in models/staging/stg_customers.sql:14:9)
  --> models/staging/stg_customers.sql:14:9
12:19:57.925115 [debug]: Finished parsing models/staging/stg_customers.sql [  0.00s]
12:19:58.070516 [warn ]: [UnusedResourceConfigPath (dbt1097)]: Configuration paths exist in your dbt_project.yml file which do not apply to any resources.
There are 1 unused configuration paths:
- models.banking_dbt.example
12:19:58.082102 [info ]: Cached model count updated: 1 models (estimate)
12:19:58.082124 [info ]: Cached model count updated: 0 models (accurate)
12:19:58.082154 [info ]: Started scheduling
12:19:58.082203 [info ]: Finished scheduling [  0.00s]
12:19:58.082220 [debug]: Compilation - 0 nodes selected: {}
12:19:58.082238 [warn ]: [NoNodesForSelectionCriteria (dbt1092)]: The selection criterion '' does not match any enabled nodes
12:19:58.082249 [warn ]: [NoNodesSelected (dbt1601)]: Nothing to do. Try checking your model configs and model specification args
12:19:58.083637 [debug]: License check failed: Feature not licensed: 'lineage'
12:19:58.083903 [info ]: Started building task graph
12:19:58.083924 [info ]: Finished building task graph [  0.00s]
12:19:58.089263 [info ]: Started scheduling
12:19:58.089303 [info ]: Finished scheduling [  0.00s]
12:19:58.090407 [info ]: Cached model count updated: 0 models (accurate)
12:19:58.090444 [info ]: Finished parsing [  0.76s]
12:19:59.753593 [info ]: Started loading project
12:19:59.754089 [info ]: Loading profiles.yml
12:19:59.789745 [info ]: Cached model count updated: 1 models (estimate)
12:19:59.789773 [info ]: Cached model count updated: 0 models (accurate)
12:19:59.789802 [info ]: Started scheduling
12:19:59.789865 [info ]: Finished scheduling [  0.00s]
12:19:59.789891 [debug]: Compilation - 0 nodes selected: {}
12:19:59.789927 [warn ]: [NoNodesSelected (dbt1601)]: Nothing to do. Try checking your model configs and model specification args
12:19:59.790952 [debug]: License check failed: Feature not licensed: 'lineage'
12:19:59.791180 [info ]: Started building task graph
12:19:59.791198 [info ]: Finished building task graph [  0.00s]
12:19:59.795396 [info ]: Started scheduling
12:19:59.795430 [info ]: Finished scheduling [  0.00s]
12:19:59.795559 [info ]: Cached model count updated: 0 models (accurate)
12:19:59.795605 [info ]: Finished loading project [  0.04s]
12:20:00.087654 [info ]: Started loading project
12:20:00.088549 [info ]: Loading profiles.yml
12:20:00.138793 [info ]: Started parsing
12:20:00.575450 [info ]: Finished loading project [  0.49s]
12:20:00.580074 [debug]: Finished parsing models/staging/stg_customers.sql [  0.00s]
12:20:00.707026 [error]: [DependencyNotFound (dbt1048)]: Source 'raw.cutomer' not found in project. Searched for 'cutomer'
  --> models/staging/stg_customers.sql:14:9
12:20:00.707371 [warn ]: [UnusedResourceConfigPath (dbt1097)]: Configuration paths exist in your dbt_project.yml file which do not apply to any resources.
There are 1 unused configuration paths:
- models.banking_dbt.example
12:20:00.713665 [info ]: Cached model count updated: 1 models (estimate)
12:20:00.713767 [info ]: Cached model count updated: 1 models (accurate)
12:20:00.713859 [info ]: Started scheduling
12:20:00.714075 [info ]: Finished scheduling [  0.00s]
12:20:00.714132 [debug]: Compilation - 1 nodes selected: {"model.banking_dbt.stg_customers"}
12:20:00.715769 [debug]: License check failed: Feature not licensed: 'lineage'
12:20:00.716004 [info ]: Started building task graph
12:20:00.716038 [info ]: Finished building task graph [  0.00s]
12:20:00.717537 [info ]: Started rendering (1 nodes)
12:20:00.717560 [info ]: Started model ANALYSTICS.stg_customers
12:20:00.717569 [debug]: Started rendering model ANALYSTICS.stg_customers
12:20:00.717627 [info ]: Finished parsing [  0.58s]
12:20:00.719115 [error]: [JinjaError (dbt1501)]: Failed to render SQL not a key type: Source not found for source name: raw, table name: cutomer
(in models/staging/stg_customers.sql:14:9)
  --> models/staging/stg_customers.sql:14:9
12:20:00.719178 [info ]: Started analyzing (1 nodes)
12:20:00.719188 [debug]: Started analyzing model ANALYSTICS.stg_customers
12:20:00.719207 [debug]: Finished analyzing [  0.00s] model ANALYSTICS.stg_customers [skipped]
12:20:00.719222 [info ]: Finished analyzing [  0.00s] (1 nodes, 1 skipped, 0 errors)
12:20:00.719230 [info ]:     Failed [  0.00s] model ANALYSTICS.stg_customers (view)
12:20:00.724168 [info ]: Started scheduling
12:20:00.724243 [info ]: Finished scheduling [  0.00s]
12:20:00.725986 [info ]: Cached model count updated: 1 models (accurate)
12:20:00.726023 [debug]: Finished rendering [  0.01s] model ANALYSTICS.stg_customers [error]
12:20:00.726036 [info ]: Finished rendering [  0.01s] (1 nodes, 0 skipped, 1 errors)
12:20:00.986239 [debug]: License check failed: Feature not licensed: 'lineage'
12:20:02.418031 [info ]: Started loading project
12:20:02.418577 [info ]: Loading profiles.yml
12:20:02.451969 [info ]: Cached model count updated: 1 models (estimate)
12:20:02.451991 [info ]: Cached model count updated: 1 models (accurate)
12:20:02.452010 [info ]: Started scheduling
12:20:02.452048 [info ]: Finished scheduling [  0.00s]
12:20:02.452061 [debug]: Compilation - 1 nodes selected: {"model.banking_dbt.stg_customers"}
12:20:02.452890 [debug]: License check failed: Feature not licensed: 'lineage'
12:20:02.453121 [info ]: Started building task graph
12:20:02.453150 [info ]: Finished building task graph [  0.00s]
12:20:02.454589 [info ]: Started rendering (1 nodes)
12:20:02.454622 [info ]: Started model ANALYSTICS.stg_customers
12:20:02.454632 [debug]: Started rendering model ANALYSTICS.stg_customers
12:20:02.454665 [info ]: Finished loading project [  0.04s]
12:20:02.455330 [error]: [JinjaError (dbt1501)]: Failed to render SQL not a key type: Source not found for source name: raw, table name: cutomer
(in models/staging/stg_customers.sql:14:9)
  --> models/staging/stg_customers.sql:14:9
12:20:02.455367 [info ]: Started analyzing (1 nodes)
12:20:02.455374 [debug]: Started analyzing model ANALYSTICS.stg_customers
12:20:02.455388 [debug]: Finished analyzing [  0.00s] model ANALYSTICS.stg_customers [skipped]
12:20:02.455397 [info ]: Finished analyzing [  0.00s] (1 nodes, 1 skipped, 0 errors)
12:20:02.455403 [info ]:     Failed [-------] model ANALYSTICS.stg_customers (view)
12:20:02.458377 [info ]: Started scheduling
12:20:02.458421 [info ]: Finished scheduling [  0.00s]
12:20:02.458571 [info ]: Cached model count updated: 1 models (accurate)
12:20:02.458645 [debug]: Finished rendering [  0.00s] model ANALYSTICS.stg_customers [error]
12:20:02.458665 [info ]: Finished rendering [  0.00s] (1 nodes, 0 skipped, 1 errors)
12:20:02.720497 [debug]: License check failed: Feature not licensed: 'lineage'
12:20:06.773227 [info ]: Started loading project
12:20:06.773808 [info ]: Loading profiles.yml
12:20:06.821556 [info ]: Started parsing
12:20:07.264817 [info ]: Finished loading project [  0.49s]
12:20:07.267261 [debug]: Finished parsing models/staging/stg_customers.sql [  0.00s]
12:20:07.396680 [error]: [DependencyNotFound (dbt1048)]: Source 'raw.customer' not found in project. Searched for 'customer'
  --> models/staging/stg_customers.sql:14:9
12:20:07.397122 [warn ]: [UnusedResourceConfigPath (dbt1097)]: Configuration paths exist in your dbt_project.yml file which do not apply to any resources.
There are 1 unused configuration paths:
- models.banking_dbt.example
12:20:07.405329 [info ]: Cached model count updated: 1 models (estimate)
12:20:07.405352 [info ]: Cached model count updated: 1 models (accurate)
12:20:07.405376 [info ]: Started scheduling
12:20:07.405421 [info ]: Finished scheduling [  0.00s]
12:20:07.405437 [debug]: Compilation - 1 nodes selected: {"model.banking_dbt.stg_customers"}
12:20:07.406352 [debug]: License check failed: Feature not licensed: 'lineage'
12:20:07.406615 [info ]: Started building task graph
12:20:07.406650 [info ]: Finished building task graph [  0.00s]
12:20:07.408236 [info ]: Started rendering (1 nodes)
12:20:07.408261 [info ]: Started model ANALYSTICS.stg_customers
12:20:07.408272 [debug]: Started rendering model ANALYSTICS.stg_customers
12:20:07.408318 [info ]: Finished parsing [  0.59s]
12:20:07.409174 [error]: [JinjaError (dbt1501)]: Failed to render SQL not a key type: Source not found for source name: raw, table name: customer
(in models/staging/stg_customers.sql:14:9)
  --> models/staging/stg_customers.sql:14:9
12:20:07.409250 [info ]: Started analyzing (1 nodes)
12:20:07.409273 [debug]: Started analyzing model ANALYSTICS.stg_customers
12:20:07.409298 [debug]: Finished analyzing [  0.00s] model ANALYSTICS.stg_customers [skipped]
12:20:07.409316 [info ]: Finished analyzing [  0.00s] (1 nodes, 1 skipped, 0 errors)
12:20:07.409328 [info ]:     Failed [-------] model ANALYSTICS.stg_customers (view)
12:20:07.413052 [info ]: Started scheduling
12:20:07.413106 [info ]: Finished scheduling [  0.00s]
12:20:07.414116 [info ]: Cached model count updated: 1 models (accurate)
12:20:07.414170 [debug]: Finished rendering [  0.01s] model ANALYSTICS.stg_customers [error]
12:20:07.414189 [info ]: Finished rendering [  0.01s] (1 nodes, 0 skipped, 1 errors)
12:20:07.687093 [debug]: License check failed: Feature not licensed: 'lineage'
12:20:09.125864 [info ]: Started loading project
12:20:09.126553 [info ]: Loading profiles.yml
12:20:09.194214 [info ]: Cached model count updated: 1 models (estimate)
12:20:09.194244 [info ]: Cached model count updated: 1 models (accurate)
12:20:09.194280 [info ]: Started scheduling
12:20:09.194371 [info ]: Finished scheduling [  0.00s]
12:20:09.194404 [debug]: Compilation - 1 nodes selected: {"model.banking_dbt.stg_customers"}
12:20:09.196311 [debug]: License check failed: Feature not licensed: 'lineage'
12:20:09.196812 [info ]: Started building task graph
12:20:09.196874 [info ]: Finished building task graph [  0.00s]
12:20:09.199320 [info ]: Started rendering (1 nodes)
12:20:09.199348 [info ]: Started model ANALYSTICS.stg_customers
12:20:09.199381 [debug]: Started rendering model ANALYSTICS.stg_customers
12:20:09.199458 [info ]: Finished loading project [  0.07s]
12:20:09.200786 [error]: [JinjaError (dbt1501)]: Failed to render SQL not a key type: Source not found for source name: raw, table name: customer
(in models/staging/stg_customers.sql:14:9)
  --> models/staging/stg_customers.sql:14:9
12:20:09.200856 [info ]: Started analyzing (1 nodes)
12:20:09.200880 [debug]: Started analyzing model ANALYSTICS.stg_customers
12:20:09.200911 [debug]: Finished analyzing [  0.00s] model ANALYSTICS.stg_customers [skipped]
12:20:09.200927 [info ]: Finished analyzing [  0.00s] (1 nodes, 1 skipped, 0 errors)
12:20:09.200938 [info ]:     Failed [  0.00s] model ANALYSTICS.stg_customers (view)
12:20:09.209691 [info ]: Started scheduling
12:20:09.209831 [info ]: Finished scheduling [  0.00s]
12:20:09.210264 [info ]: Cached model count updated: 1 models (accurate)
12:20:09.210324 [debug]: Finished rendering [  0.01s] model ANALYSTICS.stg_customers [error]
12:20:09.210367 [info ]: Finished rendering [  0.01s] (1 nodes, 0 skipped, 1 errors)
12:20:09.469750 [debug]: License check failed: Feature not licensed: 'lineage'
12:20:10.788667 [debug]: License check failed: Feature not licensed: 'lineage'
12:20:16.821725 [debug]: License check failed: Feature not licensed: 'lineage'
12:20:32.462851 [debug]: License check failed: Feature not licensed: 'lineage'
12:20:34.305770 [info ]: Started loading project
12:20:34.306465 [info ]: Loading profiles.yml
12:20:34.352294 [info ]: Started parsing
12:20:34.800297 [info ]: Finished loading project [  0.49s]
12:20:34.802667 [debug]: Finished parsing models/staging/stg_customers.sql [  0.00s]
12:20:34.936837 [warn ]: [UnusedResourceConfigPath (dbt1097)]: Configuration paths exist in your dbt_project.yml file which do not apply to any resources.
There are 1 unused configuration paths:
- models.banking_dbt.example
12:20:34.941835 [info ]: Cached model count updated: 1 models (estimate)
12:20:34.941853 [info ]: Cached model count updated: 1 models (accurate)
12:20:34.941875 [info ]: Started scheduling
12:20:34.942505 [info ]: Finished scheduling [  0.00s]
12:20:34.942530 [debug]: Compilation - 1 nodes selected: {"model.banking_dbt.stg_customers"}
12:20:34.944087 [debug]: License check failed: Feature not licensed: 'lineage'
12:20:34.945138 [info ]: Started building task graph
12:20:34.945216 [info ]: Finished building task graph [  0.00s]
12:20:34.947834 [info ]: Started rendering (1 nodes)
12:20:34.947875 [info ]: Started model ANALYSTICS.stg_customers
12:20:34.947922 [debug]: Started rendering model ANALYSTICS.stg_customers
12:20:34.947997 [info ]: Finished parsing [  0.60s]
12:20:34.950131 [debug]: Compiled SQL for node model.banking_dbt.stg_customers at target\.lsp\compiled\banking_dbt\models\staging\stg_customers.sql
12:20:34.950305 [debug]: Finished rendering [  0.00s] model ANALYSTICS.stg_customers [success]
12:20:34.950332 [info ]: Finished rendering [  0.00s] (1 nodes, 0 skipped, 0 errors)
12:20:34.950364 [info ]: Started analyzing (1 nodes)
12:20:34.950380 [debug]: Started analyzing model ANALYSTICS.stg_customers
12:20:34.952789 [warn ]: [SyntaxInvalid (dbt0101)]: mismatched input '<EOF>' expecting one of 'SELECT', 'TABLE', '('
  --> models/staging/stg_customers.sql:15:2 (target\.lsp\compiled\banking_dbt\models\staging\stg_customers.sql:15:2)
12:20:34.952893 [info ]:  Succeeded [  0.00s] model ANALYSTICS.stg_customers (view)
12:20:34.952920 [debug]: Finished analyzing [  0.00s] model ANALYSTICS.stg_customers [success]
12:20:34.952933 [info ]: Finished analyzing [  0.00s] (1 nodes, 0 skipped, 0 errors)
12:20:34.956130 [info ]: Started scheduling
12:20:34.956194 [info ]: Finished scheduling [  0.00s]
12:20:34.957247 [info ]: Cached model count updated: 1 models (accurate)
12:20:35.217166 [debug]: License check failed: Feature not licensed: 'lineage'
12:20:36.613007 [info ]: Started loading project
12:20:36.613505 [info ]: Loading profiles.yml
12:20:36.649309 [info ]: Cached model count updated: 1 models (estimate)
12:20:36.649330 [info ]: Cached model count updated: 1 models (accurate)
12:20:36.649350 [info ]: Started scheduling
12:20:36.649391 [info ]: Finished scheduling [  0.00s]
12:20:36.649402 [debug]: Compilation - 1 nodes selected: {"model.banking_dbt.stg_customers"}
12:20:36.650264 [debug]: License check failed: Feature not licensed: 'lineage'
12:20:36.650488 [info ]: Started building task graph
12:20:36.650519 [info ]: Finished building task graph [  0.00s]
12:20:36.651933 [info ]: Started rendering (1 nodes)
12:20:36.651963 [info ]: Started model ANALYSTICS.stg_customers
12:20:36.651973 [debug]: Started rendering model ANALYSTICS.stg_customers
12:20:36.652008 [info ]: Finished loading project [  0.04s]
12:20:36.652390 [debug]: Compiled SQL for node model.banking_dbt.stg_customers at target\.lsp\compiled\banking_dbt\models\staging\stg_customers.sql
12:20:36.652457 [debug]: Finished rendering [  0.00s] model ANALYSTICS.stg_customers [success]
12:20:36.652475 [info ]: Finished rendering [  0.00s] (1 nodes, 0 skipped, 0 errors)
12:20:36.652488 [info ]: Started analyzing (1 nodes)
12:20:36.652495 [debug]: Started analyzing model ANALYSTICS.stg_customers
12:20:36.653011 [warn ]: [SyntaxInvalid (dbt0101)]: mismatched input '<EOF>' expecting one of 'SELECT', 'TABLE', '('
  --> models/staging/stg_customers.sql:15:2 (target\.lsp\compiled\banking_dbt\models\staging\stg_customers.sql:15:2)
12:20:36.653068 [info ]:  Succeeded [-------] model ANALYSTICS.stg_customers (view)
12:20:36.653123 [debug]: Finished analyzing [  0.00s] model ANALYSTICS.stg_customers [success]
12:20:36.653137 [info ]: Finished analyzing [  0.00s] (1 nodes, 0 skipped, 0 errors)
12:20:36.656648 [info ]: Started scheduling
12:20:36.656706 [info ]: Finished scheduling [  0.00s]
12:20:36.656963 [info ]: Cached model count updated: 1 models (accurate)
12:20:36.927075 [debug]: License check failed: Feature not licensed: 'lineage'
12:20:43.379494 [info ]: Started loading project
12:20:43.380076 [info ]: Loading profiles.yml
12:20:43.431555 [info ]: Started parsing
12:20:43.944154 [info ]: Finished loading project [  0.56s]
12:20:43.946835 [debug]: Finished parsing models/staging/stg_customers.sql [  0.00s]
12:20:44.076827 [warn ]: [UnusedResourceConfigPath (dbt1097)]: Configuration paths exist in your dbt_project.yml file which do not apply to any resources.
There are 1 unused configuration paths:
- models.banking_dbt.example
12:20:44.083548 [info ]: Cached model count updated: 1 models (estimate)
12:20:44.083571 [info ]: Cached model count updated: 1 models (accurate)
12:20:44.083593 [info ]: Started scheduling
12:20:44.083661 [info ]: Finished scheduling [  0.00s]
12:20:44.083674 [debug]: Compilation - 1 nodes selected: {"model.banking_dbt.stg_customers"}
12:20:44.084618 [debug]: License check failed: Feature not licensed: 'lineage'
12:20:44.084876 [info ]: Started building task graph
12:20:44.084907 [info ]: Finished building task graph [  0.00s]
12:20:44.086375 [info ]: Started rendering (1 nodes)
12:20:44.086395 [info ]: Started model ANALYSTICS.stg_customers
12:20:44.086404 [debug]: Started rendering model ANALYSTICS.stg_customers
12:20:44.086445 [info ]: Finished parsing [  0.65s]
12:20:44.087980 [debug]: Compiled SQL for node model.banking_dbt.stg_customers at target\.lsp\compiled\banking_dbt\models\staging\stg_customers.sql
12:20:44.088211 [debug]: Finished rendering [  0.00s] model ANALYSTICS.stg_customers [success]
12:20:44.088248 [info ]: Finished rendering [  0.00s] (1 nodes, 0 skipped, 0 errors)
12:20:44.088296 [info ]: Started analyzing (1 nodes)
12:20:44.088314 [debug]: Started analyzing model ANALYSTICS.stg_customers
12:20:44.089299 [warn ]: [SyntaxInvalid (dbt0101)]: mismatched input '<EOF>' expecting one of '{', 'ABORT', 'ABSENT', 'ACCESS', 'ADD', 'ADMIN', 'AFTER' ...
  --> models/staging/stg_customers.sql:17:5 (target\.lsp\compiled\banking_dbt\models\staging\stg_customers.sql:17:5)
12:20:44.089382 [info ]:  Succeeded [  0.00s] model ANALYSTICS.stg_customers (view)
12:20:44.089436 [debug]: Finished analyzing [  0.00s] model ANALYSTICS.stg_customers [success]
12:20:44.089451 [info ]: Finished analyzing [  0.00s] (1 nodes, 0 skipped, 0 errors)
12:20:44.095548 [info ]: Started scheduling
12:20:44.095664 [info ]: Finished scheduling [  0.00s]
12:20:44.097334 [info ]: Cached model count updated: 1 models (accurate)
12:20:44.368007 [debug]: License check failed: Feature not licensed: 'lineage'
12:20:45.779928 [info ]: Started loading project
12:20:45.780547 [info ]: Loading profiles.yml
12:20:45.817555 [info ]: Cached model count updated: 1 models (estimate)
12:20:45.817597 [info ]: Cached model count updated: 1 models (accurate)
12:20:45.817622 [info ]: Started scheduling
12:20:45.817692 [info ]: Finished scheduling [  0.00s]
12:20:45.817711 [debug]: Compilation - 1 nodes selected: {"model.banking_dbt.stg_customers"}
12:20:45.818732 [debug]: License check failed: Feature not licensed: 'lineage'
12:20:45.819053 [info ]: Started building task graph
12:20:45.819106 [info ]: Finished building task graph [  0.00s]
12:20:45.820794 [info ]: Started rendering (1 nodes)
12:20:45.820852 [info ]: Started model ANALYSTICS.stg_customers
12:20:45.820862 [debug]: Started rendering model ANALYSTICS.stg_customers
12:20:45.820948 [info ]: Finished loading project [  0.04s]
12:20:45.821468 [debug]: Compiled SQL for node model.banking_dbt.stg_customers at target\.lsp\compiled\banking_dbt\models\staging\stg_customers.sql
12:20:45.821597 [debug]: Finished rendering [  0.00s] model ANALYSTICS.stg_customers [success]
12:20:45.821625 [info ]: Finished rendering [  0.00s] (1 nodes, 0 skipped, 0 errors)
12:20:45.821650 [info ]: Started analyzing (1 nodes)
12:20:45.821659 [debug]: Started analyzing model ANALYSTICS.stg_customers
12:20:45.822744 [warn ]: [SyntaxInvalid (dbt0101)]: mismatched input '<EOF>' expecting one of '{', 'ABORT', 'ABSENT', 'ACCESS', 'ADD', 'ADMIN', 'AFTER' ...
  --> models/staging/stg_customers.sql:17:5 (target\.lsp\compiled\banking_dbt\models\staging\stg_customers.sql:17:5)
12:20:45.822953 [info ]:  Succeeded [  0.00s] model ANALYSTICS.stg_customers (view)
12:20:45.823052 [debug]: Finished analyzing [  0.00s] model ANALYSTICS.stg_customers [success]
12:20:45.823068 [info ]: Finished analyzing [  0.00s] (1 nodes, 0 skipped, 0 errors)
12:20:45.826450 [info ]: Started scheduling
12:20:45.826490 [info ]: Finished scheduling [  0.00s]
12:20:45.826695 [info ]: Cached model count updated: 1 models (accurate)
12:20:46.086373 [debug]: License check failed: Feature not licensed: 'lineage'
12:20:57.977019 [info ]: Started loading project
12:20:57.977601 [info ]: Loading profiles.yml
12:20:58.019612 [info ]: Started parsing
12:20:58.488669 [info ]: Finished loading project [  0.51s]
12:20:58.491549 [debug]: Finished parsing models/staging/stg_customers.sql [  0.00s]
12:20:58.627348 [warn ]: [UnusedResourceConfigPath (dbt1097)]: Configuration paths exist in your dbt_project.yml file which do not apply to any resources.
There are 1 unused configuration paths:
- models.banking_dbt.example
12:20:58.632565 [info ]: Cached model count updated: 1 models (estimate)
12:20:58.632585 [info ]: Cached model count updated: 1 models (accurate)
12:20:58.632606 [info ]: Started scheduling
12:20:58.632654 [info ]: Finished scheduling [  0.00s]
12:20:58.632665 [debug]: Compilation - 1 nodes selected: {"model.banking_dbt.stg_customers"}
12:20:58.633556 [debug]: License check failed: Feature not licensed: 'lineage'
12:20:58.633850 [info ]: Started building task graph
12:20:58.633892 [info ]: Finished building task graph [  0.00s]
12:20:58.635445 [info ]: Started rendering (1 nodes)
12:20:58.635468 [info ]: Started model ANALYSTICS.stg_customers
12:20:58.635478 [debug]: Started rendering model ANALYSTICS.stg_customers
12:20:58.635520 [info ]: Finished parsing [  0.62s]
12:20:58.636865 [debug]: Compiled SQL for node model.banking_dbt.stg_customers at target\.lsp\compiled\banking_dbt\models\staging\stg_customers.sql
12:20:58.637001 [debug]: Finished rendering [  0.00s] model ANALYSTICS.stg_customers [success]
12:20:58.637027 [info ]: Finished rendering [  0.00s] (1 nodes, 0 skipped, 0 errors)
12:20:58.637049 [info ]: Started analyzing (1 nodes)
12:20:58.637059 [debug]: Started analyzing model ANALYSTICS.stg_customers
12:20:58.640900 [debug]: Finished analyzing [  0.00s] model ANALYSTICS.stg_customers [success]
12:20:58.640937 [info ]: Finished analyzing [  0.00s] (1 nodes, 0 skipped, 0 errors)
12:20:58.640956 [info ]:  Succeeded [  0.00s] model ANALYSTICS.stg_customers (view)
12:20:58.646183 [info ]: Started scheduling
12:20:58.646244 [info ]: Finished scheduling [  0.00s]
12:20:58.647231 [info ]: Cached model count updated: 1 models (accurate)
12:20:58.910377 [debug]: License check failed: Feature not licensed: 'lineage'
12:21:00.322000 [info ]: Started loading project
12:21:00.322512 [info ]: Loading profiles.yml
12:21:00.362006 [info ]: Cached model count updated: 1 models (estimate)
12:21:00.362027 [info ]: Cached model count updated: 1 models (accurate)
12:21:00.362046 [info ]: Started scheduling
12:21:00.362085 [info ]: Finished scheduling [  0.00s]
12:21:00.362098 [debug]: Compilation - 1 nodes selected: {"model.banking_dbt.stg_customers"}
12:21:00.362900 [debug]: License check failed: Feature not licensed: 'lineage'
12:21:00.363150 [info ]: Started building task graph
12:21:00.363202 [info ]: Finished building task graph [  0.00s]
12:21:00.364589 [info ]: Started rendering (1 nodes)
12:21:00.364609 [info ]: Started model ANALYSTICS.stg_customers
12:21:00.364618 [debug]: Started rendering model ANALYSTICS.stg_customers
12:21:00.364650 [info ]: Finished loading project [  0.04s]
12:21:00.365095 [debug]: Compiled SQL for node model.banking_dbt.stg_customers at target\.lsp\compiled\banking_dbt\models\staging\stg_customers.sql
12:21:00.365183 [debug]: Finished rendering [  0.00s] model ANALYSTICS.stg_customers [success]
12:21:00.365211 [info ]: Finished rendering [  0.00s] (1 nodes, 0 skipped, 0 errors)
12:21:00.365226 [info ]: Started analyzing (1 nodes)
12:21:00.365236 [debug]: Started analyzing model ANALYSTICS.stg_customers
12:21:00.365499 [debug]: Finished analyzing [  0.00s] model ANALYSTICS.stg_customers [success]
12:21:00.365513 [info ]: Finished analyzing [  0.00s] (1 nodes, 0 skipped, 0 errors)
12:21:00.365519 [info ]:  Succeeded [-------] model ANALYSTICS.stg_customers (view)
12:21:00.368291 [info ]: Started scheduling
12:21:00.368325 [info ]: Finished scheduling [  0.00s]
12:21:00.368457 [info ]: Cached model count updated: 1 models (accurate)
12:21:00.638508 [debug]: License check failed: Feature not licensed: 'lineage'
12:21:03.624230 [info ]: Started loading project
12:21:03.624850 [info ]: Loading profiles.yml
12:21:03.671711 [info ]: Started parsing
12:21:04.254500 [info ]: Finished loading project [  0.63s]
12:21:04.257381 [debug]: Finished parsing models/staging/stg_customers.sql [  0.00s]
12:21:04.386434 [warn ]: [UnusedResourceConfigPath (dbt1097)]: Configuration paths exist in your dbt_project.yml file which do not apply to any resources.
There are 1 unused configuration paths:
- models.banking_dbt.example
12:21:04.391806 [info ]: Cached model count updated: 1 models (estimate)
12:21:04.391825 [info ]: Cached model count updated: 1 models (accurate)
12:21:04.391848 [info ]: Started scheduling
12:21:04.391899 [info ]: Finished scheduling [  0.00s]
12:21:04.391915 [debug]: Compilation - 1 nodes selected: {"model.banking_dbt.stg_customers"}
12:21:04.392817 [debug]: License check failed: Feature not licensed: 'lineage'
12:21:04.393090 [info ]: Started building task graph
12:21:04.393122 [info ]: Finished building task graph [  0.00s]
12:21:04.394564 [info ]: Started rendering (1 nodes)
12:21:04.394586 [info ]: Started model ANALYSTICS.stg_customers
12:21:04.394596 [debug]: Started rendering model ANALYSTICS.stg_customers
12:21:04.394641 [info ]: Finished parsing [  0.72s]
12:21:04.396509 [debug]: Compiled SQL for node model.banking_dbt.stg_customers at target\.lsp\compiled\banking_dbt\models\staging\stg_customers.sql
12:21:04.396686 [debug]: Finished rendering [  0.00s] model ANALYSTICS.stg_customers [success]
12:21:04.396714 [info ]: Finished rendering [  0.00s] (1 nodes, 0 skipped, 0 errors)
12:21:04.396741 [info ]: Started analyzing (1 nodes)
12:21:04.396758 [debug]: Started analyzing model ANALYSTICS.stg_customers
12:21:04.397087 [debug]: Finished analyzing [  0.00s] model ANALYSTICS.stg_customers [success]
12:21:04.397102 [info ]: Finished analyzing [  0.00s] (1 nodes, 0 skipped, 0 errors)
12:21:04.397109 [info ]:  Succeeded [  0.00s] model ANALYSTICS.stg_customers (view)
12:21:04.400682 [info ]: Started scheduling
12:21:04.400747 [info ]: Finished scheduling [  0.00s]
12:21:04.402387 [info ]: Cached model count updated: 1 models (accurate)
12:21:04.964830 [info ]: Started loading project
12:21:04.965391 [info ]: Loading profiles.yml
12:21:05.011431 [info ]: Started parsing
12:21:05.521766 [info ]: Finished loading project [  0.56s]
12:21:05.524633 [debug]: Finished parsing models/staging/stg_customers.sql [  0.00s]
12:21:05.654900 [warn ]: [UnusedResourceConfigPath (dbt1097)]: Configuration paths exist in your dbt_project.yml file which do not apply to any resources.
There are 1 unused configuration paths:
- models.banking_dbt.example
12:21:05.660336 [info ]: Cached model count updated: 1 models (estimate)
12:21:05.660359 [info ]: Cached model count updated: 1 models (accurate)
12:21:05.660397 [info ]: Started scheduling
12:21:05.660457 [info ]: Finished scheduling [  0.00s]
12:21:05.660472 [debug]: Compilation - 1 nodes selected: {"model.banking_dbt.stg_customers"}
12:21:05.661343 [debug]: License check failed: Feature not licensed: 'lineage'
12:21:05.661613 [info ]: Started building task graph
12:21:05.661649 [info ]: Finished building task graph [  0.00s]
12:21:05.663357 [info ]: Started rendering (1 nodes)
12:21:05.663385 [info ]: Started model ANALYSTICS.stg_customers
12:21:05.663399 [debug]: Started rendering model ANALYSTICS.stg_customers
12:21:05.663444 [info ]: Finished parsing [  0.65s]
12:21:05.665571 [debug]: Compiled SQL for node model.banking_dbt.stg_customers at target\.lsp\compiled\banking_dbt\models\staging\stg_customers.sql
12:21:05.665784 [debug]: Finished rendering [  0.00s] model ANALYSTICS.stg_customers [success]
12:21:05.665818 [info ]: Finished rendering [  0.00s] (1 nodes, 0 skipped, 0 errors)
12:21:05.665850 [info ]: Started analyzing (1 nodes)
12:21:05.665871 [debug]: Started analyzing model ANALYSTICS.stg_customers
12:21:05.666159 [debug]: Finished analyzing [  0.00s] model ANALYSTICS.stg_customers [success]
12:21:05.666173 [info ]: Finished analyzing [  0.00s] (1 nodes, 0 skipped, 0 errors)
12:21:05.666180 [info ]:  Succeeded [  0.00s] model ANALYSTICS.stg_customers (view)
12:21:05.669313 [info ]: Started scheduling
12:21:05.669367 [info ]: Finished scheduling [  0.00s]
12:21:05.670473 [info ]: Cached model count updated: 1 models (accurate)
12:21:05.939618 [debug]: License check failed: Feature not licensed: 'lineage'
12:21:07.312307 [info ]: Started loading project
12:21:07.312837 [info ]: Loading profiles.yml
12:21:07.347894 [info ]: Cached model count updated: 1 models (estimate)
12:21:07.347915 [info ]: Cached model count updated: 1 models (accurate)
12:21:07.347935 [info ]: Started scheduling
12:21:07.347994 [info ]: Finished scheduling [  0.00s]
12:21:07.348006 [debug]: Compilation - 1 nodes selected: {"model.banking_dbt.stg_customers"}
12:21:07.348811 [debug]: License check failed: Feature not licensed: 'lineage'
12:21:07.349028 [info ]: Started building task graph
12:21:07.349059 [info ]: Finished building task graph [  0.00s]
12:21:07.350451 [info ]: Started rendering (1 nodes)
12:21:07.350481 [info ]: Started model ANALYSTICS.stg_customers
12:21:07.350491 [debug]: Started rendering model ANALYSTICS.stg_customers
12:21:07.350526 [info ]: Finished loading project [  0.04s]
12:21:07.350902 [debug]: Compiled SQL for node model.banking_dbt.stg_customers at target\.lsp\compiled\banking_dbt\models\staging\stg_customers.sql
12:21:07.350978 [debug]: Finished rendering [  0.00s] model ANALYSTICS.stg_customers [success]
12:21:07.350994 [info ]: Finished rendering [  0.00s] (1 nodes, 0 skipped, 0 errors)
12:21:07.351008 [info ]: Started analyzing (1 nodes)
12:21:07.351014 [debug]: Started analyzing model ANALYSTICS.stg_customers
12:21:07.351262 [debug]: Finished analyzing [  0.00s] model ANALYSTICS.stg_customers [success]
12:21:07.351276 [info ]: Finished analyzing [  0.00s] (1 nodes, 0 skipped, 0 errors)
12:21:07.351284 [info ]:  Succeeded [-------] model ANALYSTICS.stg_customers (view)
12:21:07.354006 [info ]: Started scheduling
12:21:07.354041 [info ]: Finished scheduling [  0.00s]
12:21:07.354156 [info ]: Cached model count updated: 1 models (accurate)
12:21:07.610500 [debug]: License check failed: Feature not licensed: 'lineage'
12:21:11.734834 [info ]: Started loading project
12:21:11.735584 [info ]: Loading profiles.yml
12:21:11.782461 [info ]: Started parsing
12:21:12.281330 [info ]: Finished loading project [  0.55s]
12:21:12.284058 [debug]: Finished parsing models/staging/stg_customers.sql [  0.00s]
12:21:12.419355 [warn ]: [UnusedResourceConfigPath (dbt1097)]: Configuration paths exist in your dbt_project.yml file which do not apply to any resources.
There are 1 unused configuration paths:
- models.banking_dbt.example
12:21:12.425123 [info ]: Cached model count updated: 1 models (estimate)
12:21:12.425142 [info ]: Cached model count updated: 1 models (accurate)
12:21:12.425169 [info ]: Started scheduling
12:21:12.425236 [info ]: Finished scheduling [  0.00s]
12:21:12.425252 [debug]: Compilation - 1 nodes selected: {"model.banking_dbt.stg_customers"}
12:21:12.426119 [debug]: License check failed: Feature not licensed: 'lineage'
12:21:12.426363 [info ]: Started building task graph
12:21:12.426396 [info ]: Finished building task graph [  0.00s]
12:21:12.427883 [info ]: Started rendering (1 nodes)
12:21:12.427905 [info ]: Started model ANALYSTICS.stg_customers
12:21:12.427914 [debug]: Started rendering model ANALYSTICS.stg_customers
12:21:12.427974 [info ]: Finished parsing [  0.65s]
12:21:12.429827 [debug]: Compiled SQL for node model.banking_dbt.stg_customers at target\.lsp\compiled\banking_dbt\models\staging\stg_customers.sql
12:21:12.430065 [debug]: Finished rendering [  0.00s] model ANALYSTICS.stg_customers [success]
12:21:12.430105 [info ]: Finished rendering [  0.00s] (1 nodes, 0 skipped, 0 errors)
12:21:12.430140 [info ]: Started analyzing (1 nodes)
12:21:12.430155 [debug]: Started analyzing model ANALYSTICS.stg_customers
12:21:12.430939 [debug]: Finished analyzing [  0.00s] model ANALYSTICS.stg_customers [success]
12:21:12.430957 [info ]: Finished analyzing [  0.00s] (1 nodes, 0 skipped, 0 errors)
12:21:12.430966 [info ]:  Succeeded [  0.00s] model ANALYSTICS.stg_customers (view)
12:21:12.433842 [info ]: Started scheduling
12:21:12.433895 [info ]: Finished scheduling [  0.00s]
12:21:12.435112 [info ]: Cached model count updated: 1 models (accurate)
12:21:12.696991 [debug]: License check failed: Feature not licensed: 'lineage'
12:21:14.132901 [info ]: Started loading project
12:21:14.133551 [info ]: Loading profiles.yml
12:21:14.170661 [info ]: Cached model count updated: 1 models (estimate)
12:21:14.170683 [info ]: Cached model count updated: 1 models (accurate)
12:21:14.170703 [info ]: Started scheduling
12:21:14.170755 [info ]: Finished scheduling [  0.00s]
12:21:14.170770 [debug]: Compilation - 1 nodes selected: {"model.banking_dbt.stg_customers"}
12:21:14.171595 [debug]: License check failed: Feature not licensed: 'lineage'
12:21:14.171824 [info ]: Started building task graph
12:21:14.171860 [info ]: Finished building task graph [  0.00s]
12:21:14.173277 [info ]: Started rendering (1 nodes)
12:21:14.173297 [info ]: Started model ANALYSTICS.stg_customers
12:21:14.173308 [debug]: Started rendering model ANALYSTICS.stg_customers
12:21:14.173342 [info ]: Finished loading project [  0.04s]
12:21:14.173775 [debug]: Compiled SQL for node model.banking_dbt.stg_customers at target\.lsp\compiled\banking_dbt\models\staging\stg_customers.sql
12:21:14.173849 [debug]: Finished rendering [  0.00s] model ANALYSTICS.stg_customers [success]
12:21:14.173875 [info ]: Finished rendering [  0.00s] (1 nodes, 0 skipped, 0 errors)
12:21:14.173896 [info ]: Started analyzing (1 nodes)
12:21:14.173908 [debug]: Started analyzing model ANALYSTICS.stg_customers
12:21:14.174171 [debug]: Finished analyzing [  0.00s] model ANALYSTICS.stg_customers [success]
12:21:14.174184 [info ]: Finished analyzing [  0.00s] (1 nodes, 0 skipped, 0 errors)
12:21:14.174191 [info ]:  Succeeded [-------] model ANALYSTICS.stg_customers (view)
12:21:14.176976 [info ]: Started scheduling
12:21:14.177027 [info ]: Finished scheduling [  0.00s]
12:21:14.177157 [info ]: Cached model count updated: 1 models (accurate)
12:21:14.442713 [debug]: License check failed: Feature not licensed: 'lineage'
12:21:23.080412 [info ]: Started loading project
12:21:23.080939 [info ]: Loading profiles.yml
12:21:23.132787 [info ]: Started parsing
12:21:23.645196 [info ]: Finished loading project [  0.56s]
12:21:23.647974 [debug]: Finished parsing models/staging/stg_customers.sql [  0.00s]
12:21:23.779752 [warn ]: [UnusedResourceConfigPath (dbt1097)]: Configuration paths exist in your dbt_project.yml file which do not apply to any resources.
There are 1 unused configuration paths:
- models.banking_dbt.example
12:21:23.789522 [info ]: Cached model count updated: 1 models (estimate)
12:21:23.789543 [info ]: Cached model count updated: 1 models (accurate)
12:21:23.789567 [info ]: Started scheduling
12:21:23.789627 [info ]: Finished scheduling [  0.00s]
12:21:23.789644 [debug]: Compilation - 1 nodes selected: {"model.banking_dbt.stg_customers"}
12:21:23.790570 [debug]: License check failed: Feature not licensed: 'lineage'
12:21:23.790807 [info ]: Started building task graph
12:21:23.790848 [info ]: Finished building task graph [  0.00s]
12:21:23.792308 [info ]: Started rendering (1 nodes)
12:21:23.792331 [info ]: Started model ANALYSTICS.stg_customers
12:21:23.792340 [debug]: Started rendering model ANALYSTICS.stg_customers
12:21:23.792385 [info ]: Finished parsing [  0.66s]
12:21:23.794005 [debug]: Compiled SQL for node model.banking_dbt.stg_customers at target\.lsp\compiled\banking_dbt\models\staging\stg_customers.sql
12:21:23.794220 [debug]: Finished rendering [  0.00s] model ANALYSTICS.stg_customers [success]
12:21:23.794253 [info ]: Finished rendering [  0.00s] (1 nodes, 0 skipped, 0 errors)
12:21:23.794291 [info ]: Started analyzing (1 nodes)
12:21:23.794304 [debug]: Started analyzing model ANALYSTICS.stg_customers
12:21:23.795276 [warn ]: [SyntaxInvalid (dbt0101)]: mismatched input 'as' expecting one of <EOF>, ';'
  --> models/staging/stg_customers.sql:21:9 (target\.lsp\compiled\banking_dbt\models\staging\stg_customers.sql:21:9)
12:21:23.795350 [info ]:  Succeeded [  0.00s] model ANALYSTICS.stg_customers (view)
12:21:23.795408 [debug]: Finished analyzing [  0.00s] model ANALYSTICS.stg_customers [success]
12:21:23.795422 [info ]: Finished analyzing [  0.00s] (1 nodes, 0 skipped, 0 errors)
12:21:23.798715 [info ]: Started scheduling
12:21:23.799047 [info ]: Finished scheduling [  0.00s]
12:21:23.800762 [info ]: Cached model count updated: 1 models (accurate)
12:21:24.067448 [debug]: License check failed: Feature not licensed: 'lineage'
12:21:25.465127 [info ]: Started loading project
12:21:25.465678 [info ]: Loading profiles.yml
12:21:25.523164 [info ]: Cached model count updated: 1 models (estimate)
12:21:25.523184 [info ]: Cached model count updated: 1 models (accurate)
12:21:25.523206 [info ]: Started scheduling
12:21:25.523253 [info ]: Finished scheduling [  0.00s]
12:21:25.523270 [debug]: Compilation - 1 nodes selected: {"model.banking_dbt.stg_customers"}
12:21:25.524917 [debug]: License check failed: Feature not licensed: 'lineage'
12:21:25.525200 [info ]: Started building task graph
12:21:25.525233 [info ]: Finished building task graph [  0.00s]
12:21:25.526689 [info ]: Started rendering (1 nodes)
12:21:25.526710 [info ]: Started model ANALYSTICS.stg_customers
12:21:25.526719 [debug]: Started rendering model ANALYSTICS.stg_customers
12:21:25.526753 [info ]: Finished loading project [  0.06s]
12:21:25.527136 [debug]: Compiled SQL for node model.banking_dbt.stg_customers at target\.lsp\compiled\banking_dbt\models\staging\stg_customers.sql
12:21:25.527215 [debug]: Finished rendering [  0.00s] model ANALYSTICS.stg_customers [success]
12:21:25.527231 [info ]: Finished rendering [  0.00s] (1 nodes, 0 skipped, 0 errors)
12:21:25.527247 [info ]: Started analyzing (1 nodes)
12:21:25.527253 [debug]: Started analyzing model ANALYSTICS.stg_customers
12:21:25.527840 [warn ]: [SyntaxInvalid (dbt0101)]: mismatched input 'as' expecting one of <EOF>, ';'
  --> models/staging/stg_customers.sql:21:9 (target\.lsp\compiled\banking_dbt\models\staging\stg_customers.sql:21:9)
12:21:25.527935 [info ]:  Succeeded [-------] model ANALYSTICS.stg_customers (view)
12:21:25.527945 [debug]: Finished analyzing [  0.00s] model ANALYSTICS.stg_customers [success]
12:21:25.527959 [info ]: Finished analyzing [  0.00s] (1 nodes, 0 skipped, 0 errors)
12:21:25.531684 [info ]: Started scheduling
12:21:25.531769 [info ]: Finished scheduling [  0.00s]
12:21:25.531919 [info ]: Cached model count updated: 1 models (accurate)
12:21:27.286640 [info ]: Started loading project
12:21:27.287152 [info ]: Loading profiles.yml
12:21:27.333707 [info ]: Started parsing
12:21:27.868807 [info ]: Finished loading project [  0.58s]
12:21:27.871489 [debug]: Finished parsing models/staging/stg_customers.sql [  0.00s]
12:21:28.011062 [warn ]: [UnusedResourceConfigPath (dbt1097)]: Configuration paths exist in your dbt_project.yml file which do not apply to any resources.
There are 1 unused configuration paths:
- models.banking_dbt.example
12:21:28.016441 [info ]: Cached model count updated: 1 models (estimate)
12:21:28.016459 [info ]: Cached model count updated: 1 models (accurate)
12:21:28.016481 [info ]: Started scheduling
12:21:28.016527 [info ]: Finished scheduling [  0.00s]
12:21:28.016542 [debug]: Compilation - 1 nodes selected: {"model.banking_dbt.stg_customers"}
12:21:28.017412 [debug]: License check failed: Feature not licensed: 'lineage'
12:21:28.017675 [info ]: Started building task graph
12:21:28.017709 [info ]: Finished building task graph [  0.00s]
12:21:28.019302 [info ]: Started rendering (1 nodes)
12:21:28.019344 [info ]: Started model ANALYSTICS.stg_customers
12:21:28.019359 [debug]: Started rendering model ANALYSTICS.stg_customers
12:21:28.019442 [info ]: Finished parsing [  0.69s]
12:21:28.021562 [debug]: Compiled SQL for node model.banking_dbt.stg_customers at target\.lsp\compiled\banking_dbt\models\staging\stg_customers.sql
12:21:28.021771 [debug]: Finished rendering [  0.00s] model ANALYSTICS.stg_customers [success]
12:21:28.021805 [info ]: Finished rendering [  0.00s] (1 nodes, 0 skipped, 0 errors)
12:21:28.021834 [info ]: Started analyzing (1 nodes)
12:21:28.021850 [debug]: Started analyzing model ANALYSTICS.stg_customers
12:21:28.022257 [debug]: Finished analyzing [  0.00s] model ANALYSTICS.stg_customers [success]
12:21:28.022275 [info ]: Finished analyzing [  0.00s] (1 nodes, 0 skipped, 0 errors)
12:21:28.022282 [info ]:  Succeeded [  0.00s] model ANALYSTICS.stg_customers (view)
12:21:28.025149 [info ]: Started scheduling
12:21:28.025201 [info ]: Finished scheduling [  0.00s]
12:21:28.026205 [info ]: Cached model count updated: 1 models (accurate)
12:21:28.286017 [debug]: License check failed: Feature not licensed: 'lineage'
12:21:29.715752 [info ]: Started loading project
12:21:29.716719 [info ]: Loading profiles.yml
12:21:29.763186 [info ]: Cached model count updated: 1 models (estimate)
12:21:29.763208 [info ]: Cached model count updated: 1 models (accurate)
12:21:29.763232 [info ]: Started scheduling
12:21:29.763273 [info ]: Finished scheduling [  0.00s]
12:21:29.763288 [debug]: Compilation - 1 nodes selected: {"model.banking_dbt.stg_customers"}
12:21:29.764152 [debug]: License check failed: Feature not licensed: 'lineage'
12:21:29.764377 [info ]: Started building task graph
12:21:29.764409 [info ]: Finished building task graph [  0.00s]
12:21:29.765919 [info ]: Started rendering (1 nodes)
12:21:29.765941 [info ]: Started model ANALYSTICS.stg_customers
12:21:29.765951 [debug]: Started rendering model ANALYSTICS.stg_customers
12:21:29.765988 [info ]: Finished loading project [  0.05s]
12:21:29.766376 [debug]: Compiled SQL for node model.banking_dbt.stg_customers at target\.lsp\compiled\banking_dbt\models\staging\stg_customers.sql
12:21:29.766454 [debug]: Finished rendering [  0.00s] model ANALYSTICS.stg_customers [success]
12:21:29.766473 [info ]: Finished rendering [  0.00s] (1 nodes, 0 skipped, 0 errors)
12:21:29.766488 [info ]: Started analyzing (1 nodes)
12:21:29.766495 [debug]: Started analyzing model ANALYSTICS.stg_customers
12:21:29.766756 [debug]: Finished analyzing [  0.00s] model ANALYSTICS.stg_customers [success]
12:21:29.766771 [info ]: Finished analyzing [  0.00s] (1 nodes, 0 skipped, 0 errors)
12:21:29.766778 [info ]:  Succeeded [-------] model ANALYSTICS.stg_customers (view)
12:21:29.769526 [info ]: Started scheduling
12:21:29.769563 [info ]: Finished scheduling [  0.00s]
12:21:29.769692 [info ]: Cached model count updated: 1 models (accurate)
12:21:31.673213 [info ]: Started loading project
12:21:31.673732 [info ]: Loading profiles.yml
12:21:31.724533 [info ]: Started parsing
12:21:32.260594 [info ]: Finished loading project [  0.59s]
12:21:32.263205 [debug]: Finished parsing models/staging/stg_customers.sql [  0.00s]
12:21:32.392398 [warn ]: [UnusedResourceConfigPath (dbt1097)]: Configuration paths exist in your dbt_project.yml file which do not apply to any resources.
There are 1 unused configuration paths:
- models.banking_dbt.example
12:21:32.397847 [info ]: Cached model count updated: 1 models (estimate)
12:21:32.397866 [info ]: Cached model count updated: 1 models (accurate)
12:21:32.397886 [info ]: Started scheduling
12:21:32.397934 [info ]: Finished scheduling [  0.00s]
12:21:32.397949 [debug]: Compilation - 1 nodes selected: {"model.banking_dbt.stg_customers"}
12:21:32.398720 [debug]: License check failed: Feature not licensed: 'lineage'
12:21:32.398952 [info ]: Started building task graph
12:21:32.398983 [info ]: Finished building task graph [  0.00s]
12:21:32.400399 [info ]: Started rendering (1 nodes)
12:21:32.400420 [info ]: Started model ANALYSTICS.stg_customers
12:21:32.400429 [debug]: Started rendering model ANALYSTICS.stg_customers
12:21:32.400473 [info ]: Finished parsing [  0.68s]
12:21:32.401997 [debug]: Compiled SQL for node model.banking_dbt.stg_customers at target\.lsp\compiled\banking_dbt\models\staging\stg_customers.sql
12:21:32.402287 [debug]: Finished rendering [  0.00s] model ANALYSTICS.stg_customers [success]
12:21:32.402347 [info ]: Finished rendering [  0.00s] (1 nodes, 0 skipped, 0 errors)
12:21:32.402385 [info ]: Started analyzing (1 nodes)
12:21:32.402404 [debug]: Started analyzing model ANALYSTICS.stg_customers
12:21:32.402933 [debug]: Finished analyzing [  0.00s] model ANALYSTICS.stg_customers [success]
12:21:32.402958 [info ]: Finished analyzing [  0.00s] (1 nodes, 0 skipped, 0 errors)
12:21:32.402986 [info ]:  Succeeded [  0.00s] model ANALYSTICS.stg_customers (view)
12:21:32.407001 [info ]: Started scheduling
12:21:32.407065 [info ]: Finished scheduling [  0.00s]
12:21:32.408043 [info ]: Cached model count updated: 1 models (accurate)
12:21:32.670586 [debug]: License check failed: Feature not licensed: 'lineage'
12:21:34.072917 [info ]: Started loading project
12:21:34.073422 [info ]: Loading profiles.yml
12:21:34.137548 [info ]: Cached model count updated: 1 models (estimate)
12:21:34.137597 [info ]: Cached model count updated: 1 models (accurate)
12:21:34.137648 [info ]: Started scheduling
12:21:34.137745 [info ]: Finished scheduling [  0.00s]
12:21:34.137774 [debug]: Compilation - 1 nodes selected: {"model.banking_dbt.stg_customers"}
12:21:34.139877 [debug]: License check failed: Feature not licensed: 'lineage'
12:21:34.140474 [info ]: Started building task graph
12:21:34.140546 [info ]: Finished building task graph [  0.00s]
12:21:34.143340 [info ]: Started rendering (1 nodes)
12:21:34.143387 [info ]: Started model ANALYSTICS.stg_customers
12:21:34.143403 [debug]: Started rendering model ANALYSTICS.stg_customers
12:21:34.143486 [info ]: Finished loading project [  0.07s]
12:21:34.143993 [debug]: Compiled SQL for node model.banking_dbt.stg_customers at target\.lsp\compiled\banking_dbt\models\staging\stg_customers.sql
12:21:34.144083 [debug]: Finished rendering [  0.00s] model ANALYSTICS.stg_customers [success]
12:21:34.144108 [info ]: Finished rendering [  0.00s] (1 nodes, 0 skipped, 0 errors)
12:21:34.144149 [info ]: Started analyzing (1 nodes)
12:21:34.144163 [debug]: Started analyzing model ANALYSTICS.stg_customers
12:21:34.144644 [debug]: Finished analyzing [  0.00s] model ANALYSTICS.stg_customers [success]
12:21:34.144667 [info ]: Finished analyzing [  0.00s] (1 nodes, 0 skipped, 0 errors)
12:21:34.144681 [info ]:  Succeeded [-------] model ANALYSTICS.stg_customers (view)
12:21:34.150759 [info ]: Started scheduling
12:21:34.150810 [info ]: Finished scheduling [  0.00s]
12:21:34.150998 [info ]: Cached model count updated: 1 models (accurate)
12:21:34.415849 [debug]: License check failed: Feature not licensed: 'lineage'
12:21:38.482728 [info ]: Started loading project
12:21:38.483244 [info ]: Loading profiles.yml
12:21:38.536495 [info ]: Started parsing
12:21:39.089118 [info ]: Finished loading project [  0.61s]
12:21:39.091202 [debug]: Finished parsing models/staging/stg_customers.sql [  0.00s]
12:21:39.280150 [warn ]: [UnusedResourceConfigPath (dbt1097)]: Configuration paths exist in your dbt_project.yml file which do not apply to any resources.
There are 1 unused configuration paths:
- models.banking_dbt.example
12:21:39.285607 [info ]: Cached model count updated: 1 models (estimate)
12:21:39.285623 [info ]: Cached model count updated: 1 models (accurate)
12:21:39.285645 [info ]: Started scheduling
12:21:39.285691 [info ]: Finished scheduling [  0.00s]
12:21:39.285706 [debug]: Compilation - 1 nodes selected: {"model.banking_dbt.stg_customers"}
12:21:39.286474 [debug]: License check failed: Feature not licensed: 'lineage'
12:21:39.286685 [info ]: Started building task graph
12:21:39.286718 [info ]: Finished building task graph [  0.00s]
12:21:39.288299 [info ]: Started rendering (1 nodes)
12:21:39.288333 [info ]: Started model ANALYSTICS.stg_customers
12:21:39.288357 [debug]: Started rendering model ANALYSTICS.stg_customers
12:21:39.288433 [info ]: Finished parsing [  0.75s]
12:21:39.290896 [debug]: Compiled SQL for node model.banking_dbt.stg_customers at target\.lsp\compiled\banking_dbt\models\staging\stg_customers.sql
12:21:39.291140 [debug]: Finished rendering [  0.00s] model ANALYSTICS.stg_customers [success]
12:21:39.291182 [info ]: Finished rendering [  0.00s] (1 nodes, 0 skipped, 0 errors)
12:21:39.291213 [info ]: Started analyzing (1 nodes)
12:21:39.291229 [debug]: Started analyzing model ANALYSTICS.stg_customers
12:21:39.291601 [debug]: Finished analyzing [  0.00s] model ANALYSTICS.stg_customers [success]
12:21:39.291618 [info ]: Finished analyzing [  0.00s] (1 nodes, 0 skipped, 0 errors)
12:21:39.291626 [info ]:  Succeeded [  0.00s] model ANALYSTICS.stg_customers (view)
12:21:39.294597 [info ]: Started scheduling
12:21:39.294654 [info ]: Finished scheduling [  0.00s]
12:21:39.295635 [info ]: Cached model count updated: 1 models (accurate)
12:21:39.556110 [debug]: License check failed: Feature not licensed: 'lineage'
12:21:40.958191 [info ]: Started loading project
12:21:40.958761 [info ]: Loading profiles.yml
12:21:41.001306 [info ]: Cached model count updated: 1 models (estimate)
12:21:41.001327 [info ]: Cached model count updated: 1 models (accurate)
12:21:41.001347 [info ]: Started scheduling
12:21:41.001403 [info ]: Finished scheduling [  0.00s]
12:21:41.001415 [debug]: Compilation - 1 nodes selected: {"model.banking_dbt.stg_customers"}
12:21:41.002244 [debug]: License check failed: Feature not licensed: 'lineage'
12:21:41.002459 [info ]: Started building task graph
12:21:41.002490 [info ]: Finished building task graph [  0.00s]
12:21:41.003895 [info ]: Started rendering (1 nodes)
12:21:41.003921 [info ]: Started model ANALYSTICS.stg_customers
12:21:41.003931 [debug]: Started rendering model ANALYSTICS.stg_customers
12:21:41.003963 [info ]: Finished loading project [  0.05s]
12:21:41.004381 [debug]: Compiled SQL for node model.banking_dbt.stg_customers at target\.lsp\compiled\banking_dbt\models\staging\stg_customers.sql
12:21:41.004474 [debug]: Finished rendering [  0.00s] model ANALYSTICS.stg_customers [success]
12:21:41.004490 [info ]: Finished rendering [  0.00s] (1 nodes, 0 skipped, 0 errors)
12:21:41.004503 [info ]: Started analyzing (1 nodes)
12:21:41.004509 [debug]: Started analyzing model ANALYSTICS.stg_customers
12:21:41.004748 [debug]: Finished analyzing [  0.00s] model ANALYSTICS.stg_customers [success]
12:21:41.004762 [info ]: Finished analyzing [  0.00s] (1 nodes, 0 skipped, 0 errors)
12:21:41.004769 [info ]:  Succeeded [-------] model ANALYSTICS.stg_customers (view)
12:21:41.007457 [info ]: Started scheduling
12:21:41.007489 [info ]: Finished scheduling [  0.00s]
12:21:41.007636 [info ]: Cached model count updated: 1 models (accurate)
12:21:41.269845 [debug]: License check failed: Feature not licensed: 'lineage'
12:21:43.377764 [info ]: Started loading project
12:21:43.378295 [info ]: Loading profiles.yml
12:21:43.430814 [info ]: Started parsing
12:21:43.997373 [info ]: Finished loading project [  0.62s]
12:21:44.000231 [debug]: Finished parsing models/staging/stg_customers.sql [  0.00s]
12:21:44.143907 [warn ]: [UnusedResourceConfigPath (dbt1097)]: Configuration paths exist in your dbt_project.yml file which do not apply to any resources.
There are 1 unused configuration paths:
- models.banking_dbt.example
12:21:44.152749 [info ]: Cached model count updated: 1 models (estimate)
12:21:44.152768 [info ]: Cached model count updated: 1 models (accurate)
12:21:44.152788 [info ]: Started scheduling
12:21:44.152836 [info ]: Finished scheduling [  0.00s]
12:21:44.152852 [debug]: Compilation - 1 nodes selected: {"model.banking_dbt.stg_customers"}
12:21:44.153715 [debug]: License check failed: Feature not licensed: 'lineage'
12:21:44.153963 [info ]: Started building task graph
12:21:44.153993 [info ]: Finished building task graph [  0.00s]
12:21:44.155429 [info ]: Started rendering (1 nodes)
12:21:44.155449 [info ]: Started model ANALYSTICS.stg_customers
12:21:44.155459 [debug]: Started rendering model ANALYSTICS.stg_customers
12:21:44.155499 [info ]: Finished parsing [  0.72s]
12:21:44.156978 [debug]: Compiled SQL for node model.banking_dbt.stg_customers at target\.lsp\compiled\banking_dbt\models\staging\stg_customers.sql
12:21:44.157203 [debug]: Finished rendering [  0.00s] model ANALYSTICS.stg_customers [success]
12:21:44.157271 [info ]: Finished rendering [  0.00s] (1 nodes, 0 skipped, 0 errors)
12:21:44.157400 [info ]: Started analyzing (1 nodes)
12:21:44.157470 [debug]: Started analyzing model ANALYSTICS.stg_customers
12:21:44.159027 [warn ]: [SyntaxInvalid (dbt0101)]: mismatched input '<EOF>' expecting one of 'ABORT', 'ABSENT', 'ACCESS', 'ADD', 'ADMIN', 'AFTER', 'ANALYZE' ...
  --> models/staging/stg_customers.sql:23:6 (target\.lsp\compiled\banking_dbt\models\staging\stg_customers.sql:23:6)
12:21:44.159163 [info ]:  Succeeded [  0.00s] model ANALYSTICS.stg_customers (view)
12:21:44.159197 [debug]: Finished analyzing [  0.00s] model ANALYSTICS.stg_customers [success]
12:21:44.159210 [info ]: Finished analyzing [  0.00s] (1 nodes, 0 skipped, 0 errors)
12:21:44.164046 [info ]: Started scheduling
12:21:44.164150 [info ]: Finished scheduling [  0.00s]
12:21:44.165934 [info ]: Cached model count updated: 1 models (accurate)
12:21:45.840644 [info ]: Started loading project
12:21:45.841272 [info ]: Loading profiles.yml
12:21:45.886371 [info ]: Finished loading project [  0.05s]
12:21:45.886797 [info ]: Cached model count updated: 1 models (accurate)
12:21:45.913455 [info ]: Started loading project
12:21:45.913975 [info ]: Loading profiles.yml
12:21:45.965623 [info ]: Started parsing
12:21:46.648460 [info ]: Finished loading project [  0.74s]
12:21:46.651472 [debug]: Finished parsing models/staging/stg_customers.sql [  0.00s]
12:21:46.782172 [warn ]: [UnusedResourceConfigPath (dbt1097)]: Configuration paths exist in your dbt_project.yml file which do not apply to any resources.
There are 1 unused configuration paths:
- models.banking_dbt.example
12:21:46.789770 [info ]: Cached model count updated: 1 models (estimate)
12:21:46.789789 [info ]: Cached model count updated: 1 models (accurate)
12:21:46.789809 [info ]: Started scheduling
12:21:46.789856 [info ]: Finished scheduling [  0.00s]
12:21:46.789870 [debug]: Compilation - 1 nodes selected: {"model.banking_dbt.stg_customers"}
12:21:46.790683 [debug]: License check failed: Feature not licensed: 'lineage'
12:21:46.790895 [info ]: Started building task graph
12:21:46.790926 [info ]: Finished building task graph [  0.00s]
12:21:46.792428 [info ]: Started rendering (1 nodes)
12:21:46.792451 [info ]: Started model ANALYSTICS.stg_customers
12:21:46.792460 [debug]: Started rendering model ANALYSTICS.stg_customers
12:21:46.792504 [info ]: Finished parsing [  0.83s]
12:21:46.794022 [debug]: Compiled SQL for node model.banking_dbt.stg_customers at target\.lsp\compiled\banking_dbt\models\staging\stg_customers.sql
12:21:46.794204 [debug]: Finished rendering [  0.00s] model ANALYSTICS.stg_customers [success]
12:21:46.794240 [info ]: Finished rendering [  0.00s] (1 nodes, 0 skipped, 0 errors)
12:21:46.794277 [info ]: Started analyzing (1 nodes)
12:21:46.794290 [debug]: Started analyzing model ANALYSTICS.stg_customers
12:21:46.794672 [debug]: Finished analyzing [  0.00s] model ANALYSTICS.stg_customers [success]
12:21:46.794693 [info ]: Finished analyzing [  0.00s] (1 nodes, 0 skipped, 0 errors)
12:21:46.794700 [info ]:  Succeeded [  0.00s] model ANALYSTICS.stg_customers (view)
12:21:46.797900 [info ]: Started scheduling
12:21:46.797965 [info ]: Finished scheduling [  0.00s]
12:21:46.799013 [info ]: Cached model count updated: 1 models (accurate)
12:21:47.127728 [info ]: Started loading project
12:21:47.128227 [info ]: Loading profiles.yml
12:21:47.183708 [info ]: Started parsing
12:21:47.782832 [info ]: Finished loading project [  0.66s]
12:21:47.785098 [debug]: Finished parsing models/staging/stg_customers.sql [  0.00s]
12:21:47.921301 [warn ]: [UnusedResourceConfigPath (dbt1097)]: Configuration paths exist in your dbt_project.yml file which do not apply to any resources.
There are 1 unused configuration paths:
- models.banking_dbt.example
12:21:47.928961 [info ]: Cached model count updated: 1 models (estimate)
12:21:47.928999 [info ]: Cached model count updated: 1 models (accurate)
12:21:47.929026 [info ]: Started scheduling
12:21:47.929078 [info ]: Finished scheduling [  0.00s]
12:21:47.929094 [debug]: Compilation - 1 nodes selected: {"model.banking_dbt.stg_customers"}
12:21:47.930187 [debug]: License check failed: Feature not licensed: 'lineage'
12:21:47.930465 [info ]: Started building task graph
12:21:47.930497 [info ]: Finished building task graph [  0.00s]
12:21:47.932013 [info ]: Started rendering (1 nodes)
12:21:47.932035 [info ]: Started model ANALYSTICS.stg_customers
12:21:47.932053 [debug]: Started rendering model ANALYSTICS.stg_customers
12:21:47.932114 [info ]: Finished parsing [  0.75s]
12:21:47.933891 [debug]: Compiled SQL for node model.banking_dbt.stg_customers at target\.lsp\compiled\banking_dbt\models\staging\stg_customers.sql
12:21:47.934090 [debug]: Finished rendering [  0.00s] model ANALYSTICS.stg_customers [success]
12:21:47.934115 [info ]: Finished rendering [  0.00s] (1 nodes, 0 skipped, 0 errors)
12:21:47.934135 [info ]: Started analyzing (1 nodes)
12:21:47.934143 [debug]: Started analyzing model ANALYSTICS.stg_customers
12:21:47.934470 [debug]: Finished analyzing [  0.00s] model ANALYSTICS.stg_customers [success]
12:21:47.934487 [info ]: Finished analyzing [  0.00s] (1 nodes, 0 skipped, 0 errors)
12:21:47.934494 [info ]:  Succeeded [  0.00s] model ANALYSTICS.stg_customers (view)
12:21:47.937300 [info ]: Started scheduling
12:21:47.937355 [info ]: Finished scheduling [  0.00s]
12:21:47.938379 [info ]: Cached model count updated: 1 models (accurate)
12:21:48.439976 [info ]: Started loading project
12:21:48.440479 [info ]: Loading profiles.yml
12:21:48.492741 [info ]: Started parsing
12:21:49.137521 [info ]: Finished loading project [  0.70s]
12:21:49.140561 [debug]: Finished parsing models/staging/stg_customers.sql [  0.00s]
12:21:49.357809 [warn ]: [UnusedResourceConfigPath (dbt1097)]: Configuration paths exist in your dbt_project.yml file which do not apply to any resources.
There are 1 unused configuration paths:
- models.banking_dbt.example
12:21:49.371349 [info ]: Cached model count updated: 1 models (estimate)
12:21:49.371378 [info ]: Cached model count updated: 1 models (accurate)
12:21:49.371416 [info ]: Started scheduling
12:21:49.371490 [info ]: Finished scheduling [  0.00s]
12:21:49.371510 [debug]: Compilation - 1 nodes selected: {"model.banking_dbt.stg_customers"}
12:21:49.372733 [debug]: License check failed: Feature not licensed: 'lineage'
12:21:49.372987 [info ]: Started building task graph
12:21:49.373020 [info ]: Finished building task graph [  0.00s]
12:21:49.374515 [info ]: Started rendering (1 nodes)
12:21:49.374542 [info ]: Started model ANALYSTICS.stg_customers
12:21:49.374552 [debug]: Started rendering model ANALYSTICS.stg_customers
12:21:49.374607 [info ]: Finished parsing [  0.88s]
12:21:49.378912 [debug]: Compiled SQL for node model.banking_dbt.stg_customers at target\.lsp\compiled\banking_dbt\models\staging\stg_customers.sql
12:21:49.379858 [debug]: Finished rendering [  0.01s] model ANALYSTICS.stg_customers [success]
12:21:49.379937 [info ]: Finished rendering [  0.01s] (1 nodes, 0 skipped, 0 errors)
12:21:49.380037 [info ]: Started analyzing (1 nodes)
12:21:49.380067 [debug]: Started analyzing model ANALYSTICS.stg_customers
12:21:49.380549 [debug]: Finished analyzing [  0.00s] model ANALYSTICS.stg_customers [success]
12:21:49.380573 [info ]: Finished analyzing [  0.00s] (1 nodes, 0 skipped, 0 errors)
12:21:49.380590 [info ]:  Succeeded [  0.01s] model ANALYSTICS.stg_customers (view)
12:21:49.389241 [info ]: Started scheduling
12:21:49.389317 [info ]: Finished scheduling [  0.00s]
12:21:49.390418 [info ]: Cached model count updated: 1 models (accurate)
12:21:49.646247 [debug]: License check failed: Feature not licensed: 'lineage'
12:21:50.975799 [info ]: Started loading project
12:21:50.976412 [info ]: Loading profiles.yml
12:21:51.012919 [info ]: Cached model count updated: 1 models (estimate)
12:21:51.012939 [info ]: Cached model count updated: 1 models (accurate)
12:21:51.012959 [info ]: Started scheduling
12:21:51.013002 [info ]: Finished scheduling [  0.00s]
12:21:51.013013 [debug]: Compilation - 1 nodes selected: {"model.banking_dbt.stg_customers"}
12:21:51.013795 [debug]: License check failed: Feature not licensed: 'lineage'
12:21:51.014024 [info ]: Started building task graph
12:21:51.014055 [info ]: Finished building task graph [  0.00s]
12:21:51.015556 [info ]: Started rendering (1 nodes)
12:21:51.015578 [info ]: Started model ANALYSTICS.stg_customers
12:21:51.015588 [debug]: Started rendering model ANALYSTICS.stg_customers
12:21:51.015624 [info ]: Finished loading project [  0.04s]
12:21:51.016037 [debug]: Compiled SQL for node model.banking_dbt.stg_customers at target\.lsp\compiled\banking_dbt\models\staging\stg_customers.sql
12:21:51.016120 [debug]: Finished rendering [  0.00s] model ANALYSTICS.stg_customers [success]
12:21:51.016137 [info ]: Finished rendering [  0.00s] (1 nodes, 0 skipped, 0 errors)
12:21:51.016150 [info ]: Started analyzing (1 nodes)
12:21:51.016157 [debug]: Started analyzing model ANALYSTICS.stg_customers
12:21:51.016398 [debug]: Finished analyzing [  0.00s] model ANALYSTICS.stg_customers [success]
12:21:51.016412 [info ]: Finished analyzing [  0.00s] (1 nodes, 0 skipped, 0 errors)
12:21:51.016419 [info ]:  Succeeded [-------] model ANALYSTICS.stg_customers (view)
12:21:51.019251 [info ]: Started scheduling
12:21:51.019285 [info ]: Finished scheduling [  0.00s]
12:21:51.019409 [info ]: Cached model count updated: 1 models (accurate)
12:21:51.283747 [debug]: License check failed: Feature not licensed: 'lineage'
12:21:55.385757 [debug]: License check failed: Feature not licensed: 'lineage'
12:22:03.076638 [info ]: Started loading project
12:22:03.077504 [info ]: Loading profiles.yml
12:22:03.137816 [info ]: Started parsing
12:22:03.708723 [info ]: Finished loading project [  0.63s]
12:22:03.711575 [debug]: Finished parsing models/staging/stg_customers.sql [  0.00s]
12:22:03.834397 [warn ]: [UnusedResourceConfigPath (dbt1097)]: Configuration paths exist in your dbt_project.yml file which do not apply to any resources.
There are 1 unused configuration paths:
- models.banking_dbt.example
12:22:03.841855 [info ]: Cached model count updated: 1 models (estimate)
12:22:03.841878 [info ]: Cached model count updated: 1 models (accurate)
12:22:03.841901 [info ]: Started scheduling
12:22:03.841951 [info ]: Finished scheduling [  0.00s]
12:22:03.841966 [debug]: Compilation - 1 nodes selected: {"model.banking_dbt.stg_customers"}
12:22:03.843112 [debug]: License check failed: Feature not licensed: 'lineage'
12:22:03.843398 [info ]: Started building task graph
12:22:03.843445 [info ]: Finished building task graph [  0.00s]
12:22:03.845350 [info ]: Started rendering (1 nodes)
12:22:03.845380 [info ]: Started model ANALYSTICS.stg_customers
12:22:03.845390 [debug]: Started rendering model ANALYSTICS.stg_customers
12:22:03.845458 [info ]: Finished parsing [  0.71s]
12:22:03.847932 [debug]: Compiled SQL for node model.banking_dbt.stg_customers at target\.lsp\compiled\banking_dbt\models\staging\stg_customers.sql
12:22:03.848149 [debug]: Finished rendering [  0.00s] model ANALYSTICS.stg_customers [success]
12:22:03.848180 [info ]: Finished rendering [  0.00s] (1 nodes, 0 skipped, 0 errors)
12:22:03.848207 [info ]: Started analyzing (1 nodes)
12:22:03.848220 [debug]: Started analyzing model ANALYSTICS.stg_customers
12:22:03.851272 [debug]: Finished analyzing [  0.00s] model ANALYSTICS.stg_customers [success]
12:22:03.851298 [info ]: Finished analyzing [  0.00s] (1 nodes, 0 skipped, 0 errors)
12:22:03.851307 [info ]:  Succeeded [  0.01s] model ANALYSTICS.stg_customers (view)
12:22:03.854600 [info ]: Started scheduling
12:22:03.854659 [info ]: Finished scheduling [  0.00s]
12:22:03.855714 [info ]: Cached model count updated: 1 models (accurate)
12:22:04.115380 [debug]: License check failed: Feature not licensed: 'lineage'
12:22:05.498286 [info ]: Started loading project
12:22:05.498977 [info ]: Loading profiles.yml
12:22:05.561193 [info ]: Cached model count updated: 1 models (estimate)
12:22:05.561213 [info ]: Cached model count updated: 1 models (accurate)
12:22:05.561232 [info ]: Started scheduling
12:22:05.561308 [info ]: Finished scheduling [  0.00s]
12:22:05.561320 [debug]: Compilation - 1 nodes selected: {"model.banking_dbt.stg_customers"}
12:22:05.562208 [debug]: License check failed: Feature not licensed: 'lineage'
12:22:05.562440 [info ]: Started building task graph
12:22:05.562471 [info ]: Finished building task graph [  0.00s]
12:22:05.563881 [info ]: Started rendering (1 nodes)
12:22:05.563900 [info ]: Started model ANALYSTICS.stg_customers
12:22:05.563909 [debug]: Started rendering model ANALYSTICS.stg_customers
12:22:05.563942 [info ]: Finished loading project [  0.07s]
12:22:05.564323 [debug]: Compiled SQL for node model.banking_dbt.stg_customers at target\.lsp\compiled\banking_dbt\models\staging\stg_customers.sql
12:22:05.564406 [debug]: Finished rendering [  0.00s] model ANALYSTICS.stg_customers [success]
12:22:05.564442 [info ]: Finished rendering [  0.00s] (1 nodes, 0 skipped, 0 errors)
12:22:05.564474 [info ]: Started analyzing (1 nodes)
12:22:05.564492 [debug]: Started analyzing model ANALYSTICS.stg_customers
12:22:05.565049 [debug]: Finished analyzing [  0.00s] model ANALYSTICS.stg_customers [success]
12:22:05.565071 [info ]: Finished analyzing [  0.00s] (1 nodes, 0 skipped, 0 errors)
12:22:05.565086 [info ]:  Succeeded [-------] model ANALYSTICS.stg_customers (view)
12:22:05.569880 [info ]: Started scheduling
12:22:05.569927 [info ]: Finished scheduling [  0.00s]
12:22:05.570095 [info ]: Cached model count updated: 1 models (accurate)
12:22:05.832220 [debug]: License check failed: Feature not licensed: 'lineage'
12:22:08.130457 [info ]: Started loading project
12:22:08.131296 [info ]: Loading profiles.yml
12:22:08.189060 [info ]: Started parsing
12:22:08.853093 [info ]: Finished loading project [  0.72s]
12:22:08.855842 [debug]: Finished parsing models/staging/stg_customers.sql [  0.00s]
12:22:09.003992 [warn ]: [UnusedResourceConfigPath (dbt1097)]: Configuration paths exist in your dbt_project.yml file which do not apply to any resources.
There are 1 unused configuration paths:
- models.banking_dbt.example
12:22:09.011591 [info ]: Cached model count updated: 1 models (estimate)
12:22:09.011612 [info ]: Cached model count updated: 1 models (accurate)
12:22:09.011635 [info ]: Started scheduling
12:22:09.011692 [info ]: Finished scheduling [  0.00s]
12:22:09.011709 [debug]: Compilation - 1 nodes selected: {"model.banking_dbt.stg_customers"}
12:22:09.012657 [debug]: License check failed: Feature not licensed: 'lineage'
12:22:09.012890 [info ]: Started building task graph
12:22:09.012920 [info ]: Finished building task graph [  0.00s]
12:22:09.014339 [info ]: Started rendering (1 nodes)
12:22:09.014359 [info ]: Started model ANALYSTICS.stg_customers
12:22:09.014370 [debug]: Started rendering model ANALYSTICS.stg_customers
12:22:09.014411 [info ]: Finished parsing [  0.83s]
12:22:09.015985 [debug]: Compiled SQL for node model.banking_dbt.stg_customers at target\.lsp\compiled\banking_dbt\models\staging\stg_customers.sql
12:22:09.016185 [debug]: Finished rendering [  0.00s] model ANALYSTICS.stg_customers [success]
12:22:09.016242 [info ]: Finished rendering [  0.00s] (1 nodes, 0 skipped, 0 errors)
12:22:09.016305 [info ]: Started analyzing (1 nodes)
12:22:09.016324 [debug]: Started analyzing model ANALYSTICS.stg_customers
12:22:09.016753 [debug]: Finished analyzing [  0.00s] model ANALYSTICS.stg_customers [success]
12:22:09.016775 [info ]: Finished analyzing [  0.00s] (1 nodes, 0 skipped, 0 errors)
12:22:09.016786 [info ]:  Succeeded [  0.00s] model ANALYSTICS.stg_customers (view)
12:22:09.021855 [info ]: Started scheduling
12:22:09.021925 [info ]: Finished scheduling [  0.00s]
12:22:09.023941 [info ]: Cached model count updated: 1 models (accurate)
12:22:09.284978 [debug]: License check failed: Feature not licensed: 'lineage'
12:22:10.687880 [info ]: Started loading project
12:22:10.688403 [info ]: Loading profiles.yml
12:22:10.739361 [info ]: Cached model count updated: 1 models (estimate)
12:22:10.739570 [info ]: Cached model count updated: 1 models (accurate)
12:22:10.739737 [info ]: Started scheduling
12:22:10.740059 [info ]: Finished scheduling [  0.00s]
12:22:10.740463 [debug]: Compilation - 1 nodes selected: {"model.banking_dbt.stg_customers"}
12:22:10.742575 [debug]: License check failed: Feature not licensed: 'lineage'
12:22:10.743825 [info ]: Started building task graph
12:22:10.743914 [info ]: Finished building task graph [  0.00s]
12:22:10.745728 [info ]: Started rendering (1 nodes)
12:22:10.745796 [info ]: Started model ANALYSTICS.stg_customers
12:22:10.745808 [debug]: Started rendering model ANALYSTICS.stg_customers
12:22:10.745871 [info ]: Finished loading project [  0.06s]
12:22:10.746517 [debug]: Compiled SQL for node model.banking_dbt.stg_customers at target\.lsp\compiled\banking_dbt\models\staging\stg_customers.sql
12:22:10.746660 [debug]: Finished rendering [  0.00s] model ANALYSTICS.stg_customers [success]
12:22:10.746689 [info ]: Finished rendering [  0.00s] (1 nodes, 0 skipped, 0 errors)
12:22:10.746716 [info ]: Started analyzing (1 nodes)
12:22:10.746730 [debug]: Started analyzing model ANALYSTICS.stg_customers
12:22:10.747144 [debug]: Finished analyzing [  0.00s] model ANALYSTICS.stg_customers [success]
12:22:10.747173 [info ]: Finished analyzing [  0.00s] (1 nodes, 0 skipped, 0 errors)
12:22:10.747198 [info ]:  Succeeded [-------] model ANALYSTICS.stg_customers (view)
12:22:10.756321 [info ]: Started scheduling
12:22:10.756372 [info ]: Finished scheduling [  0.00s]
12:22:10.756587 [info ]: Cached model count updated: 1 models (accurate)
12:22:11.020612 [debug]: License check failed: Feature not licensed: 'lineage'
12:22:21.005205 [debug]: License check failed: Feature not licensed: 'lineage'
12:22:22.930568 [info ]: Started loading project
12:22:22.931113 [info ]: Loading profiles.yml
12:22:22.978836 [info ]: Cached model count updated: 1 models (accurate)
12:22:22.978831 [info ]: Finished loading project [  0.05s]
12:22:23.014483 [info ]: Started scheduling
12:22:23.014552 [info ]: Finished scheduling [  0.00s]
12:22:23.015808 [debug]: License check failed: Feature not licensed: 'lineage'
12:22:23.016123 [info ]: Started building task graph
12:22:23.018131 [info ]: Finished building task graph [  0.00s]
12:22:23.024169 [info ]: Started rendering (1 nodes)
12:22:23.024212 [info ]: Started model ANALYSTICS.stg_customers
12:22:23.024237 [debug]: Started rendering model ANALYSTICS.stg_customers
12:22:23.024970 [debug]: Compiled SQL for node model.banking_dbt.stg_customers at target\.lsp\compiled\banking_dbt\models\staging\stg_customers.sql
12:22:23.025046 [debug]: Finished rendering [  0.00s] model ANALYSTICS.stg_customers [success]
12:22:23.025091 [info ]: Finished rendering [  0.00s] (1 nodes, 0 skipped, 0 errors)
12:22:23.025126 [info ]: Started analyzing (1 nodes)
12:22:23.025147 [debug]: Started analyzing model ANALYSTICS.stg_customers
12:22:23.026115 [debug]: Finished analyzing [  0.00s] model ANALYSTICS.stg_customers [success]
12:22:23.026160 [info ]: Finished analyzing [  0.00s] (1 nodes, 0 skipped, 0 errors)
12:22:23.026198 [info ]: Started running (1 nodes)
12:22:23.026219 [info ]: Started running model ANALYSTICS.stg_customers
12:22:23.241359 [debug]: License check failed: Feature not licensed: 'lineage'
12:22:24.713343 [debug]: Query executed on node unknown:

  
  

with ranked as(
    select
        string as customer_id,
        string as first_name,
        string as last_name,
        string as email,
        timestamp as created_time,
        timestamp as updated_time,
        rank()
        over(partition by id order by created_time) as rnk
    from
        BANKING.RAW.customers
)
select 
    customer_id,
    first_name,
    last_name,
    email,
    created_time,
    updated_time
from ranked
where rnk = 1
  
  limit 1000

12:22:24.881553 [error]: [Generic (dbt1000)]: Internal: [Snowflake] 000904 (42000): SQL compilation error: error line 7 at position 8
invalid identifier 'STRING' (sqlstate: [52, 50, 48, 48, 48], vendor_code: 904)
12:22:24.883549 [info ]: Finished running [  1.86s] model ANALYSTICS.stg_customers [error]
12:22:24.883574 [info ]: Finished running [  1.86s] (1 nodes, 0 skipped, 1 errors)
12:22:24.883588 [info ]:     Failed [  1.86s] model ANALYSTICS.stg_customers (view)
12:22:26.591855 [info ]: Started loading project
12:22:26.592394 [info ]: Loading profiles.yml
12:22:26.631712 [info ]: Cached model count updated: 1 models (estimate)
12:22:26.631734 [info ]: Cached model count updated: 1 models (accurate)
12:22:26.631754 [info ]: Started scheduling
12:22:26.631800 [info ]: Finished scheduling [  0.00s]
12:22:26.631811 [debug]: Compilation - 1 nodes selected: {"model.banking_dbt.stg_customers"}
12:22:26.632673 [debug]: License check failed: Feature not licensed: 'lineage'
12:22:26.632918 [info ]: Started building task graph
12:22:26.632953 [info ]: Finished building task graph [  0.00s]
12:22:26.634470 [info ]: Started rendering (1 nodes)
12:22:26.634490 [info ]: Started model ANALYSTICS.stg_customers
12:22:26.634502 [debug]: Started rendering model ANALYSTICS.stg_customers
12:22:26.634544 [info ]: Finished loading project [  0.04s]
12:22:26.634980 [debug]: Compiled SQL for node model.banking_dbt.stg_customers at target\.lsp\compiled\banking_dbt\models\staging\stg_customers.sql
12:22:26.635053 [debug]: Finished rendering [  0.00s] model ANALYSTICS.stg_customers [success]
12:22:26.635074 [info ]: Finished rendering [  0.00s] (1 nodes, 0 skipped, 0 errors)
12:22:26.635097 [info ]: Started analyzing (1 nodes)
12:22:26.635113 [debug]: Started analyzing model ANALYSTICS.stg_customers
12:22:26.635389 [debug]: Finished analyzing [  0.00s] model ANALYSTICS.stg_customers [success]
12:22:26.635403 [info ]: Finished analyzing [  0.00s] (1 nodes, 0 skipped, 0 errors)
12:22:26.635410 [info ]:  Succeeded [-------] model ANALYSTICS.stg_customers (view)
12:22:26.638149 [info ]: Started scheduling
12:22:26.638189 [info ]: Finished scheduling [  0.00s]
12:22:26.638286 [info ]: Cached model count updated: 1 models (accurate)
12:22:26.902002 [debug]: License check failed: Feature not licensed: 'lineage'
12:23:55.422193 [debug]: License check failed: Feature not licensed: 'lineage'
12:23:58.751802 [debug]: License check failed: Feature not licensed: 'lineage'
12:24:53.557825 [debug]: License check failed: Feature not licensed: 'lineage'
12:24:57.485402 [info ]: Started loading project
12:24:57.485941 [info ]: Loading profiles.yml
12:24:57.544149 [info ]: Started parsing
12:24:58.199382 [info ]: Finished loading project [  0.71s]
12:24:58.203118 [debug]: Finished parsing models/staging/stg_customers.sql [  0.00s]
12:24:58.344319 [warn ]: [UnusedResourceConfigPath (dbt1097)]: Configuration paths exist in your dbt_project.yml file which do not apply to any resources.
There are 1 unused configuration paths:
- models.banking_dbt.example
12:24:58.356618 [info ]: Cached model count updated: 1 models (estimate)
12:24:58.356643 [info ]: Cached model count updated: 1 models (accurate)
12:24:58.356676 [info ]: Started scheduling
12:24:58.356741 [info ]: Finished scheduling [  0.00s]
12:24:58.356764 [debug]: Compilation - 1 nodes selected: {"model.banking_dbt.stg_customers"}
12:24:58.357798 [debug]: License check failed: Feature not licensed: 'lineage'
12:24:58.358175 [info ]: Started building task graph
12:24:58.358259 [info ]: Finished building task graph [  0.00s]
12:24:58.360148 [info ]: Started rendering (1 nodes)
12:24:58.360181 [info ]: Started model ANALYSTICS.stg_customers
12:24:58.360197 [debug]: Started rendering model ANALYSTICS.stg_customers
12:24:58.360264 [info ]: Finished parsing [  0.82s]
12:24:58.362390 [debug]: Compiled SQL for node model.banking_dbt.stg_customers at target\.lsp\compiled\banking_dbt\models\staging\stg_customers.sql
12:24:58.362689 [debug]: Finished rendering [  0.00s] model ANALYSTICS.stg_customers [success]
12:24:58.362727 [info ]: Finished rendering [  0.00s] (1 nodes, 0 skipped, 0 errors)
12:24:58.362761 [info ]: Started analyzing (1 nodes)
12:24:58.362788 [debug]: Started analyzing model ANALYSTICS.stg_customers
12:24:58.369461 [debug]: Finished analyzing [  0.01s] model ANALYSTICS.stg_customers [success]
12:24:58.369492 [info ]: Finished analyzing [  0.01s] (1 nodes, 0 skipped, 0 errors)
12:24:58.369502 [info ]:  Succeeded [  0.01s] model ANALYSTICS.stg_customers (view)
12:24:58.373303 [info ]: Started scheduling
12:24:58.373364 [info ]: Finished scheduling [  0.00s]
12:24:58.374515 [info ]: Cached model count updated: 1 models (accurate)
12:24:58.456570 [info ]: Started loading project
12:24:58.457111 [info ]: Loading profiles.yml
12:24:58.505640 [info ]: Finished loading project [  0.05s]
12:24:58.506055 [info ]: Cached model count updated: 1 models (accurate)
12:24:58.530602 [info ]: Started scheduling
12:24:58.530664 [info ]: Finished scheduling [  0.00s]
12:24:58.531511 [debug]: License check failed: Feature not licensed: 'lineage'
12:24:58.531936 [info ]: Started building task graph
12:24:58.532007 [info ]: Finished building task graph [  0.00s]
12:24:58.534451 [info ]: Started rendering (1 nodes)
12:24:58.534499 [info ]: Started model ANALYSTICS.stg_customers
12:24:58.534516 [debug]: Started rendering model ANALYSTICS.stg_customers
12:24:58.534980 [debug]: Compiled SQL for node model.banking_dbt.stg_customers at target\.lsp\compiled\banking_dbt\models\staging\stg_customers.sql
12:24:58.535072 [debug]: Finished rendering [  0.00s] model ANALYSTICS.stg_customers [success]
12:24:58.535098 [info ]: Finished rendering [  0.00s] (1 nodes, 0 skipped, 0 errors)
12:24:58.535119 [info ]: Started analyzing (1 nodes)
12:24:58.535129 [debug]: Started analyzing model ANALYSTICS.stg_customers
12:24:58.535931 [debug]: Finished analyzing [  0.00s] model ANALYSTICS.stg_customers [success]
12:24:58.535963 [info ]: Finished analyzing [  0.00s] (1 nodes, 0 skipped, 0 errors)
12:24:58.535986 [info ]: Started running (1 nodes)
12:24:58.536001 [info ]: Started running model ANALYSTICS.stg_customers
12:24:58.765627 [debug]: License check failed: Feature not licensed: 'lineage'
12:24:59.618133 [debug]: Query executed on node unknown:

  
  

with ranked as (
    select
        customer_id::string as customer_id,
        first_name::string as first_name,
        last_name::string as last_name,
        email::string as email,
        created_time::timestamp as created_time,
        updated_time::timestamp as updated_time,
        rank() over(partition by id order by created_time) as rnk
    from
        BANKING.RAW.customers
)
select 
    customer_id,
    first_name,
    last_name,
    email,
    created_time,
    updated_time
from ranked
where rnk = 1
  
  limit 1000

12:24:59.754601 [error]: [Generic (dbt1000)]: Internal: [Snowflake] 000904 (42000): SQL compilation error: error line 7 at position 8
invalid identifier 'CUSTOMER_ID' (sqlstate: [52, 50, 48, 48, 48], vendor_code: 904)
12:24:59.754702 [info ]: Finished running [  1.22s] model ANALYSTICS.stg_customers [error]
12:24:59.754717 [info ]: Finished running [  1.22s] (1 nodes, 0 skipped, 1 errors)
12:24:59.754730 [info ]:     Failed [  1.22s] model ANALYSTICS.stg_customers (view)
12:25:01.361412 [info ]: Started loading project
12:25:01.362323 [info ]: Loading profiles.yml
12:25:01.407825 [info ]: Cached model count updated: 1 models (estimate)
12:25:01.407847 [info ]: Cached model count updated: 1 models (accurate)
12:25:01.407867 [info ]: Started scheduling
12:25:01.407907 [info ]: Finished scheduling [  0.00s]
12:25:01.407918 [debug]: Compilation - 1 nodes selected: {"model.banking_dbt.stg_customers"}
12:25:01.408790 [debug]: License check failed: Feature not licensed: 'lineage'
12:25:01.409020 [info ]: Started building task graph
12:25:01.409050 [info ]: Finished building task graph [  0.00s]
12:25:01.410429 [info ]: Started rendering (1 nodes)
12:25:01.410449 [info ]: Started model ANALYSTICS.stg_customers
12:25:01.410459 [debug]: Started rendering model ANALYSTICS.stg_customers
12:25:01.410494 [info ]: Finished loading project [  0.05s]
12:25:01.410948 [debug]: Compiled SQL for node model.banking_dbt.stg_customers at target\.lsp\compiled\banking_dbt\models\staging\stg_customers.sql
12:25:01.411025 [debug]: Finished rendering [  0.00s] model ANALYSTICS.stg_customers [success]
12:25:01.411045 [info ]: Finished rendering [  0.00s] (1 nodes, 0 skipped, 0 errors)
12:25:01.411077 [info ]: Started analyzing (1 nodes)
12:25:01.411095 [debug]: Started analyzing model ANALYSTICS.stg_customers
12:25:01.411633 [debug]: Finished analyzing [  0.00s] model ANALYSTICS.stg_customers [success]
12:25:01.411649 [info ]: Finished analyzing [  0.00s] (1 nodes, 0 skipped, 0 errors)
12:25:01.411657 [info ]:  Succeeded [-------] model ANALYSTICS.stg_customers (view)
12:25:01.414531 [info ]: Started scheduling
12:25:01.414567 [info ]: Finished scheduling [  0.00s]
12:25:01.414695 [info ]: Cached model count updated: 1 models (accurate)
12:25:01.684622 [debug]: License check failed: Feature not licensed: 'lineage'
12:25:05.166901 [debug]: License check failed: Feature not licensed: 'lineage'
12:25:13.781476 [debug]: License check failed: Feature not licensed: 'lineage'
12:26:31.318242 [debug]: License check failed: Feature not licensed: 'lineage'
12:26:39.266308 [info ]: Started loading project
12:26:39.267038 [info ]: Loading profiles.yml
12:26:39.340592 [info ]: Started parsing
12:26:39.969664 [info ]: Finished loading project [  0.70s]
12:26:39.972938 [debug]: Finished parsing models/staging/stg_customers.sql [  0.00s]
12:26:40.109818 [warn ]: [UnusedResourceConfigPath (dbt1097)]: Configuration paths exist in your dbt_project.yml file which do not apply to any resources.
There are 1 unused configuration paths:
- models.banking_dbt.example
12:26:40.116565 [info ]: Cached model count updated: 1 models (estimate)
12:26:40.116586 [info ]: Cached model count updated: 1 models (accurate)
12:26:40.116617 [info ]: Started scheduling
12:26:40.116684 [info ]: Finished scheduling [  0.00s]
12:26:40.116700 [debug]: Compilation - 1 nodes selected: {"model.banking_dbt.stg_customers"}
12:26:40.117480 [debug]: License check failed: Feature not licensed: 'lineage'
12:26:40.117729 [info ]: Started building task graph
12:26:40.117768 [info ]: Finished building task graph [  0.00s]
12:26:40.119272 [info ]: Started rendering (1 nodes)
12:26:40.119297 [info ]: Started model ANALYSTICS.stg_customers
12:26:40.119308 [debug]: Started rendering model ANALYSTICS.stg_customers
12:26:40.119350 [info ]: Finished parsing [  0.78s]
12:26:40.121044 [debug]: Compiled SQL for node model.banking_dbt.stg_customers at target\.lsp\compiled\banking_dbt\models\staging\stg_customers.sql
12:26:40.121271 [debug]: Finished rendering [  0.00s] model ANALYSTICS.stg_customers [success]
12:26:40.121307 [info ]: Finished rendering [  0.00s] (1 nodes, 0 skipped, 0 errors)
12:26:40.121344 [info ]: Started analyzing (1 nodes)
12:26:40.121362 [debug]: Started analyzing model ANALYSTICS.stg_customers
12:26:40.122282 [debug]: Finished analyzing [  0.00s] model ANALYSTICS.stg_customers [success]
12:26:40.122342 [info ]: Finished analyzing [  0.00s] (1 nodes, 0 skipped, 0 errors)
12:26:40.122366 [info ]:  Succeeded [  0.00s] model ANALYSTICS.stg_customers (view)
12:26:40.127329 [info ]: Started scheduling
12:26:40.127579 [info ]: Finished scheduling [  0.00s]
12:26:40.128936 [info ]: Cached model count updated: 1 models (accurate)
12:26:40.383910 [debug]: License check failed: Feature not licensed: 'lineage'
12:26:41.772940 [info ]: Started loading project
12:26:41.773563 [info ]: Loading profiles.yml
12:26:41.813578 [info ]: Cached model count updated: 1 models (estimate)
12:26:41.813599 [info ]: Cached model count updated: 1 models (accurate)
12:26:41.813618 [info ]: Started scheduling
12:26:41.813661 [info ]: Finished scheduling [  0.00s]
12:26:41.813672 [debug]: Compilation - 1 nodes selected: {"model.banking_dbt.stg_customers"}
12:26:41.814546 [debug]: License check failed: Feature not licensed: 'lineage'
12:26:41.814824 [info ]: Started building task graph
12:26:41.814948 [info ]: Finished building task graph [  0.00s]
12:26:41.818187 [info ]: Started rendering (1 nodes)
12:26:41.818228 [info ]: Started model ANALYSTICS.stg_customers
12:26:41.818246 [debug]: Started rendering model ANALYSTICS.stg_customers
12:26:41.818327 [info ]: Finished loading project [  0.05s]
12:26:41.818845 [debug]: Compiled SQL for node model.banking_dbt.stg_customers at target\.lsp\compiled\banking_dbt\models\staging\stg_customers.sql
12:26:41.818982 [debug]: Finished rendering [  0.00s] model ANALYSTICS.stg_customers [success]
12:26:41.819010 [info ]: Finished rendering [  0.00s] (1 nodes, 0 skipped, 0 errors)
12:26:41.819037 [info ]: Started analyzing (1 nodes)
12:26:41.819048 [debug]: Started analyzing model ANALYSTICS.stg_customers
12:26:41.819746 [debug]: Finished analyzing [  0.00s] model ANALYSTICS.stg_customers [success]
12:26:41.819784 [info ]: Finished analyzing [  0.00s] (1 nodes, 0 skipped, 0 errors)
12:26:41.819792 [info ]:  Succeeded [-------] model ANALYSTICS.stg_customers (view)
12:26:41.822517 [info ]: Started scheduling
12:26:41.822551 [info ]: Finished scheduling [  0.00s]
12:26:41.822713 [info ]: Cached model count updated: 1 models (accurate)
12:26:42.085167 [debug]: License check failed: Feature not licensed: 'lineage'
12:26:45.702966 [info ]: Started loading project
12:26:45.703636 [info ]: Loading profiles.yml
12:26:45.779686 [info ]: Started parsing
12:26:46.421369 [info ]: Finished loading project [  0.72s]
12:26:46.424588 [debug]: Finished parsing models/staging/stg_customers.sql [  0.00s]
12:26:46.574227 [warn ]: [UnusedResourceConfigPath (dbt1097)]: Configuration paths exist in your dbt_project.yml file which do not apply to any resources.
There are 1 unused configuration paths:
- models.banking_dbt.example
12:26:46.581623 [info ]: Cached model count updated: 1 models (estimate)
12:26:46.581642 [info ]: Cached model count updated: 1 models (accurate)
12:26:46.581663 [info ]: Started scheduling
12:26:46.581726 [info ]: Finished scheduling [  0.00s]
12:26:46.581741 [debug]: Compilation - 1 nodes selected: {"model.banking_dbt.stg_customers"}
12:26:46.582598 [debug]: License check failed: Feature not licensed: 'lineage'
12:26:46.582837 [info ]: Started building task graph
12:26:46.582869 [info ]: Finished building task graph [  0.00s]
12:26:46.584380 [info ]: Started rendering (1 nodes)
12:26:46.584401 [info ]: Started model ANALYSTICS.stg_customers
12:26:46.584410 [debug]: Started rendering model ANALYSTICS.stg_customers
12:26:46.584451 [info ]: Finished parsing [  0.80s]
12:26:46.586187 [debug]: Compiled SQL for node model.banking_dbt.stg_customers at target\.lsp\compiled\banking_dbt\models\staging\stg_customers.sql
12:26:46.586414 [debug]: Finished rendering [  0.00s] model ANALYSTICS.stg_customers [success]
12:26:46.586439 [info ]: Finished rendering [  0.00s] (1 nodes, 0 skipped, 0 errors)
12:26:46.586462 [info ]: Started analyzing (1 nodes)
12:26:46.586471 [debug]: Started analyzing model ANALYSTICS.stg_customers
12:26:46.587053 [debug]: Finished analyzing [  0.00s] model ANALYSTICS.stg_customers [success]
12:26:46.587071 [info ]: Finished analyzing [  0.00s] (1 nodes, 0 skipped, 0 errors)
12:26:46.587085 [info ]:  Succeeded [  0.00s] model ANALYSTICS.stg_customers (view)
12:26:46.591749 [info ]: Started scheduling
12:26:46.591826 [info ]: Finished scheduling [  0.00s]
12:26:46.593531 [info ]: Cached model count updated: 1 models (accurate)
12:26:46.850331 [debug]: License check failed: Feature not licensed: 'lineage'
12:26:48.258173 [info ]: Started loading project
12:26:48.258686 [info ]: Loading profiles.yml
12:26:48.300474 [info ]: Cached model count updated: 1 models (estimate)
12:26:48.300494 [info ]: Cached model count updated: 1 models (accurate)
12:26:48.300514 [info ]: Started scheduling
12:26:48.300572 [info ]: Finished scheduling [  0.00s]
12:26:48.300583 [debug]: Compilation - 1 nodes selected: {"model.banking_dbt.stg_customers"}
12:26:48.301379 [debug]: License check failed: Feature not licensed: 'lineage'
12:26:48.301619 [info ]: Started building task graph
12:26:48.301649 [info ]: Finished building task graph [  0.00s]
12:26:48.303049 [info ]: Started rendering (1 nodes)
12:26:48.303074 [info ]: Started model ANALYSTICS.stg_customers
12:26:48.303090 [debug]: Started rendering model ANALYSTICS.stg_customers
12:26:48.303125 [info ]: Finished loading project [  0.04s]
12:26:48.303471 [debug]: Compiled SQL for node model.banking_dbt.stg_customers at target\.lsp\compiled\banking_dbt\models\staging\stg_customers.sql
12:26:48.303561 [debug]: Finished rendering [  0.00s] model ANALYSTICS.stg_customers [success]
12:26:48.303579 [info ]: Finished rendering [  0.00s] (1 nodes, 0 skipped, 0 errors)
12:26:48.303593 [info ]: Started analyzing (1 nodes)
12:26:48.303603 [debug]: Started analyzing model ANALYSTICS.stg_customers
12:26:48.304059 [debug]: Finished analyzing [  0.00s] model ANALYSTICS.stg_customers [success]
12:26:48.304074 [info ]: Finished analyzing [  0.00s] (1 nodes, 0 skipped, 0 errors)
12:26:48.304081 [info ]:  Succeeded [-------] model ANALYSTICS.stg_customers (view)
12:26:48.307043 [info ]: Started scheduling
12:26:48.307077 [info ]: Finished scheduling [  0.00s]
12:26:48.307264 [info ]: Cached model count updated: 1 models (accurate)
12:26:50.979759 [info ]: Started loading project
12:26:50.980326 [info ]: Loading profiles.yml
12:26:51.037761 [info ]: Started parsing
12:26:51.691628 [info ]: Finished loading project [  0.71s]
12:26:51.696690 [debug]: Finished parsing models/staging/stg_customers.sql [  0.00s]
12:26:51.831721 [warn ]: [UnusedResourceConfigPath (dbt1097)]: Configuration paths exist in your dbt_project.yml file which do not apply to any resources.
There are 1 unused configuration paths:
- models.banking_dbt.example
12:26:51.838821 [info ]: Cached model count updated: 1 models (estimate)
12:26:51.838840 [info ]: Cached model count updated: 1 models (accurate)
12:26:51.838875 [info ]: Started scheduling
12:26:51.838928 [info ]: Finished scheduling [  0.00s]
12:26:51.838943 [debug]: Compilation - 1 nodes selected: {"model.banking_dbt.stg_customers"}
12:26:51.839779 [debug]: License check failed: Feature not licensed: 'lineage'
12:26:51.840022 [info ]: Started building task graph
12:26:51.840061 [info ]: Finished building task graph [  0.00s]
12:26:51.841515 [info ]: Started rendering (1 nodes)
12:26:51.841535 [info ]: Started model ANALYSTICS.stg_customers
12:26:51.841549 [debug]: Started rendering model ANALYSTICS.stg_customers
12:26:51.841592 [info ]: Finished parsing [  0.80s]
12:26:51.844663 [debug]: Compiled SQL for node model.banking_dbt.stg_customers at target\.lsp\compiled\banking_dbt\models\staging\stg_customers.sql
12:26:51.844955 [debug]: Finished rendering [  0.00s] model ANALYSTICS.stg_customers [success]
12:26:51.844994 [info ]: Finished rendering [  0.00s] (1 nodes, 0 skipped, 0 errors)
12:26:51.845029 [info ]: Started analyzing (1 nodes)
12:26:51.845047 [debug]: Started analyzing model ANALYSTICS.stg_customers
12:26:51.845717 [debug]: Finished analyzing [  0.00s] model ANALYSTICS.stg_customers [success]
12:26:51.845737 [info ]: Finished analyzing [  0.00s] (1 nodes, 0 skipped, 0 errors)
12:26:51.845746 [info ]:  Succeeded [  0.00s] model ANALYSTICS.stg_customers (view)
12:26:51.848827 [info ]: Started scheduling
12:26:51.848883 [info ]: Finished scheduling [  0.00s]
12:26:51.849878 [info ]: Cached model count updated: 1 models (accurate)
12:26:52.121855 [debug]: License check failed: Feature not licensed: 'lineage'
12:26:53.545777 [info ]: Started loading project
12:26:53.546376 [info ]: Loading profiles.yml
12:26:53.588253 [info ]: Cached model count updated: 1 models (estimate)
12:26:53.588303 [info ]: Cached model count updated: 1 models (accurate)
12:26:53.588351 [info ]: Started scheduling
12:26:53.588406 [info ]: Finished scheduling [  0.00s]
12:26:53.588434 [debug]: Compilation - 1 nodes selected: {"model.banking_dbt.stg_customers"}
12:26:53.589530 [debug]: License check failed: Feature not licensed: 'lineage'
12:26:53.589844 [info ]: Started building task graph
12:26:53.589898 [info ]: Finished building task graph [  0.00s]
12:26:53.591690 [info ]: Started rendering (1 nodes)
12:26:53.591738 [info ]: Started model ANALYSTICS.stg_customers
12:26:53.591749 [debug]: Started rendering model ANALYSTICS.stg_customers
12:26:53.591789 [info ]: Finished loading project [  0.05s]
12:26:53.592256 [debug]: Compiled SQL for node model.banking_dbt.stg_customers at target\.lsp\compiled\banking_dbt\models\staging\stg_customers.sql
12:26:53.592366 [debug]: Finished rendering [  0.00s] model ANALYSTICS.stg_customers [success]
12:26:53.592426 [info ]: Finished rendering [  0.00s] (1 nodes, 0 skipped, 0 errors)
12:26:53.592451 [info ]: Started analyzing (1 nodes)
12:26:53.592490 [debug]: Started analyzing model ANALYSTICS.stg_customers
12:26:53.593995 [debug]: Finished analyzing [  0.00s] model ANALYSTICS.stg_customers [success]
12:26:53.594090 [info ]: Finished analyzing [  0.00s] (1 nodes, 0 skipped, 0 errors)
12:26:53.594099 [info ]:  Succeeded [  0.00s] model ANALYSTICS.stg_customers (view)
12:26:53.596843 [info ]: Started scheduling
12:26:53.596879 [info ]: Finished scheduling [  0.00s]
12:26:53.597064 [info ]: Cached model count updated: 1 models (accurate)
12:26:53.854155 [debug]: License check failed: Feature not licensed: 'lineage'
12:27:00.052234 [info ]: Started loading project
12:27:00.052773 [info ]: Loading profiles.yml
12:27:00.095498 [info ]: Cached model count updated: 1 models (accurate)
12:27:00.095487 [info ]: Finished loading project [  0.04s]
12:27:00.120661 [info ]: Started scheduling
12:27:00.120719 [info ]: Finished scheduling [  0.00s]
12:27:00.121595 [debug]: License check failed: Feature not licensed: 'lineage'
12:27:00.121828 [info ]: Started building task graph
12:27:00.121880 [info ]: Finished building task graph [  0.00s]
12:27:00.123379 [info ]: Started rendering (1 nodes)
12:27:00.123400 [info ]: Started model ANALYSTICS.stg_customers
12:27:00.123409 [debug]: Started rendering model ANALYSTICS.stg_customers
12:27:00.123897 [debug]: Compiled SQL for node model.banking_dbt.stg_customers at target\.lsp\compiled\banking_dbt\models\staging\stg_customers.sql
12:27:00.124030 [debug]: Finished rendering [  0.00s] model ANALYSTICS.stg_customers [success]
12:27:00.124049 [info ]: Finished rendering [  0.00s] (1 nodes, 0 skipped, 0 errors)
12:27:00.124064 [info ]: Started analyzing (1 nodes)
12:27:00.124070 [debug]: Started analyzing model ANALYSTICS.stg_customers
12:27:00.124600 [debug]: Finished analyzing [  0.00s] model ANALYSTICS.stg_customers [success]
12:27:00.124619 [info ]: Finished analyzing [  0.00s] (1 nodes, 0 skipped, 0 errors)
12:27:00.124632 [info ]: Started running (1 nodes)
12:27:00.124638 [info ]: Started running model ANALYSTICS.stg_customers
12:27:00.361619 [debug]: License check failed: Feature not licensed: 'lineage'
12:27:01.191718 [debug]: Query executed on node unknown:

  
  

with ranked as (
    select
        id::string as id,
        first_name::string as first_name,
        last_name::string as last_name,
        email::string as email,
        created_time::timestamp as created_time,
        updated_time::timestamp as updated_time,
        rank() over(partition by id order by created_time) as rnk
    from
        BANKING.RAW.customers
)
select 
    id,
    first_name,
    last_name,
    email,
    created_time,
    updated_time
from ranked
where rnk = 1
  
  limit 1000

12:27:01.309795 [error]: [Generic (dbt1000)]: Internal: [Snowflake] 000904 (42000): SQL compilation error: error line 7 at position 8
invalid identifier 'ID' (sqlstate: [52, 50, 48, 48, 48], vendor_code: 904)
12:27:01.309879 [info ]: Finished running [  1.19s] model ANALYSTICS.stg_customers [error]
12:27:01.309894 [info ]: Finished running [  1.19s] (1 nodes, 0 skipped, 1 errors)
12:27:01.309904 [info ]:     Failed [  1.19s] model ANALYSTICS.stg_customers (view)
12:27:01.363755 [debug]: License check failed: Feature not licensed: 'lineage'
12:27:02.941696 [info ]: Started loading project
12:27:02.942212 [info ]: Loading profiles.yml
12:27:02.980557 [info ]: Cached model count updated: 1 models (estimate)
12:27:02.980577 [info ]: Cached model count updated: 1 models (accurate)
12:27:02.980596 [info ]: Started scheduling
12:27:02.980639 [info ]: Finished scheduling [  0.00s]
12:27:02.980650 [debug]: Compilation - 1 nodes selected: {"model.banking_dbt.stg_customers"}
12:27:02.981460 [debug]: License check failed: Feature not licensed: 'lineage'
12:27:02.981683 [info ]: Started building task graph
12:27:02.981714 [info ]: Finished building task graph [  0.00s]
12:27:02.983100 [info ]: Started rendering (1 nodes)
12:27:02.983119 [info ]: Started model ANALYSTICS.stg_customers
12:27:02.983128 [debug]: Started rendering model ANALYSTICS.stg_customers
12:27:02.983163 [info ]: Finished loading project [  0.04s]
12:27:02.983587 [debug]: Compiled SQL for node model.banking_dbt.stg_customers at target\.lsp\compiled\banking_dbt\models\staging\stg_customers.sql
12:27:02.983688 [debug]: Finished rendering [  0.00s] model ANALYSTICS.stg_customers [success]
12:27:02.983706 [info ]: Finished rendering [  0.00s] (1 nodes, 0 skipped, 0 errors)
12:27:02.983719 [info ]: Started analyzing (1 nodes)
12:27:02.983726 [debug]: Started analyzing model ANALYSTICS.stg_customers
12:27:02.984153 [debug]: Finished analyzing [  0.00s] model ANALYSTICS.stg_customers [success]
12:27:02.984169 [info ]: Finished analyzing [  0.00s] (1 nodes, 0 skipped, 0 errors)
12:27:02.984176 [info ]:  Succeeded [-------] model ANALYSTICS.stg_customers (view)
12:27:02.987351 [info ]: Started scheduling
12:27:02.987390 [info ]: Finished scheduling [  0.00s]
12:27:02.987502 [info ]: Cached model count updated: 1 models (accurate)
12:27:03.285897 [info ]: Started loading project
12:27:03.286438 [info ]: Loading profiles.yml
12:27:03.343919 [info ]: Started parsing
12:27:03.964148 [info ]: Finished loading project [  0.68s]
12:27:03.966860 [debug]: Finished parsing models/staging/stg_customers.sql [  0.00s]
12:27:04.097458 [warn ]: [UnusedResourceConfigPath (dbt1097)]: Configuration paths exist in your dbt_project.yml file which do not apply to any resources.
There are 1 unused configuration paths:
- models.banking_dbt.example
12:27:04.105925 [info ]: Cached model count updated: 1 models (estimate)
12:27:04.105943 [info ]: Cached model count updated: 1 models (accurate)
12:27:04.105963 [info ]: Started scheduling
12:27:04.106026 [info ]: Finished scheduling [  0.00s]
12:27:04.106040 [debug]: Compilation - 1 nodes selected: {"model.banking_dbt.stg_customers"}
12:27:04.106932 [debug]: License check failed: Feature not licensed: 'lineage'
12:27:04.107174 [info ]: Started building task graph
12:27:04.107206 [info ]: Finished building task graph [  0.00s]
12:27:04.108635 [info ]: Started rendering (1 nodes)
12:27:04.108656 [info ]: Started model ANALYSTICS.stg_customers
12:27:04.108665 [debug]: Started rendering model ANALYSTICS.stg_customers
12:27:04.108705 [info ]: Finished parsing [  0.76s]
12:27:04.110216 [debug]: Compiled SQL for node model.banking_dbt.stg_customers at target\.lsp\compiled\banking_dbt\models\staging\stg_customers.sql
12:27:04.110417 [debug]: Finished rendering [  0.00s] model ANALYSTICS.stg_customers [success]
12:27:04.110467 [info ]: Finished rendering [  0.00s] (1 nodes, 0 skipped, 0 errors)
12:27:04.110500 [info ]: Started analyzing (1 nodes)
12:27:04.110516 [debug]: Started analyzing model ANALYSTICS.stg_customers
12:27:04.111070 [debug]: Finished analyzing [  0.00s] model ANALYSTICS.stg_customers [success]
12:27:04.111087 [info ]: Finished analyzing [  0.00s] (1 nodes, 0 skipped, 0 errors)
12:27:04.111095 [info ]:  Succeeded [  0.00s] model ANALYSTICS.stg_customers (view)
12:27:04.114481 [info ]: Started scheduling
12:27:04.114593 [info ]: Finished scheduling [  0.00s]
12:27:04.116149 [info ]: Cached model count updated: 1 models (accurate)
12:27:04.383461 [debug]: License check failed: Feature not licensed: 'lineage'
12:27:05.779001 [info ]: Started loading project
12:27:05.779505 [info ]: Loading profiles.yml
12:27:05.818768 [info ]: Cached model count updated: 1 models (estimate)
12:27:05.818789 [info ]: Cached model count updated: 1 models (accurate)
12:27:05.818808 [info ]: Started scheduling
12:27:05.818851 [info ]: Finished scheduling [  0.00s]
12:27:05.818862 [debug]: Compilation - 1 nodes selected: {"model.banking_dbt.stg_customers"}
12:27:05.819662 [debug]: License check failed: Feature not licensed: 'lineage'
12:27:05.819907 [info ]: Started building task graph
12:27:05.819940 [info ]: Finished building task graph [  0.00s]
12:27:05.821322 [info ]: Started rendering (1 nodes)
12:27:05.821343 [info ]: Started model ANALYSTICS.stg_customers
12:27:05.821353 [debug]: Started rendering model ANALYSTICS.stg_customers
12:27:05.821387 [info ]: Finished loading project [  0.04s]
12:27:05.821813 [debug]: Compiled SQL for node model.banking_dbt.stg_customers at target\.lsp\compiled\banking_dbt\models\staging\stg_customers.sql
12:27:05.821910 [debug]: Finished rendering [  0.00s] model ANALYSTICS.stg_customers [success]
12:27:05.821926 [info ]: Finished rendering [  0.00s] (1 nodes, 0 skipped, 0 errors)
12:27:05.821942 [info ]: Started analyzing (1 nodes)
12:27:05.821952 [debug]: Started analyzing model ANALYSTICS.stg_customers
12:27:05.822405 [debug]: Finished analyzing [  0.00s] model ANALYSTICS.stg_customers [success]
12:27:05.822419 [info ]: Finished analyzing [  0.00s] (1 nodes, 0 skipped, 0 errors)
12:27:05.822426 [info ]:  Succeeded [-------] model ANALYSTICS.stg_customers (view)
12:27:05.826639 [info ]: Started scheduling
12:27:05.826681 [info ]: Finished scheduling [  0.00s]
12:27:05.826809 [info ]: Cached model count updated: 1 models (accurate)
12:27:06.092769 [debug]: License check failed: Feature not licensed: 'lineage'
12:27:08.770212 [info ]: Started loading project
12:27:08.770718 [info ]: Loading profiles.yml
12:27:08.813999 [info ]: Cached model count updated: 1 models (accurate)
12:27:08.814121 [info ]: Finished loading project [  0.04s]
12:27:08.838901 [info ]: Started scheduling
12:27:08.838957 [info ]: Finished scheduling [  0.00s]
12:27:08.839811 [debug]: License check failed: Feature not licensed: 'lineage'
12:27:08.840017 [info ]: Started building task graph
12:27:08.840054 [info ]: Finished building task graph [  0.00s]
12:27:08.841594 [info ]: Started rendering (1 nodes)
12:27:08.841615 [info ]: Started model ANALYSTICS.stg_customers
12:27:08.841625 [debug]: Started rendering model ANALYSTICS.stg_customers
12:27:08.842168 [debug]: Compiled SQL for node model.banking_dbt.stg_customers at target\.lsp\compiled\banking_dbt\models\staging\stg_customers.sql
12:27:08.842279 [debug]: Finished rendering [  0.00s] model ANALYSTICS.stg_customers [success]
12:27:08.842296 [info ]: Finished rendering [  0.00s] (1 nodes, 0 skipped, 0 errors)
12:27:08.842309 [info ]: Started analyzing (1 nodes)
12:27:08.842316 [debug]: Started analyzing model ANALYSTICS.stg_customers
12:27:08.842860 [debug]: Finished analyzing [  0.00s] model ANALYSTICS.stg_customers [success]
12:27:08.842901 [info ]: Finished analyzing [  0.00s] (1 nodes, 0 skipped, 0 errors)
12:27:08.842932 [info ]: Started running (1 nodes)
12:27:08.842962 [info ]: Started running model ANALYSTICS.stg_customers
12:27:09.075840 [debug]: License check failed: Feature not licensed: 'lineage'
12:27:09.264606 [debug]: Query executed on node unknown:

  
  

with ranked as (
    select
        id::string as id,
        first_name::string as first_name,
        last_name::string as last_name,
        email::string as email,
        created_time::timestamp as created_time,
        updated_time::timestamp as updated_time,
        rank() over(partition by id order by created_time) as rnk
    from
        BANKING.RAW.customers
)
select 
    id,
    first_name,
    last_name,
    email,
    created_time,
    updated_time
from ranked
where rnk = 1
  
  limit 1000

12:27:09.371697 [error]: [Generic (dbt1000)]: Internal: [Snowflake] 000904 (42000): SQL compilation error: error line 7 at position 8
invalid identifier 'ID' (sqlstate: [52, 50, 48, 48, 48], vendor_code: 904)
12:27:09.371780 [info ]: Finished running [  0.53s] model ANALYSTICS.stg_customers [error]
12:27:09.371813 [info ]: Finished running [  0.53s] (1 nodes, 0 skipped, 1 errors)
12:27:09.371824 [info ]:     Failed [  0.53s] model ANALYSTICS.stg_customers (view)
12:27:10.987311 [info ]: Started loading project
12:27:10.987936 [info ]: Loading profiles.yml
12:27:11.027401 [info ]: Cached model count updated: 1 models (estimate)
12:27:11.027423 [info ]: Cached model count updated: 1 models (accurate)
12:27:11.027443 [info ]: Started scheduling
12:27:11.027489 [info ]: Finished scheduling [  0.00s]
12:27:11.027502 [debug]: Compilation - 1 nodes selected: {"model.banking_dbt.stg_customers"}
12:27:11.028344 [debug]: License check failed: Feature not licensed: 'lineage'
12:27:11.028580 [info ]: Started building task graph
12:27:11.028613 [info ]: Finished building task graph [  0.00s]
12:27:11.029993 [info ]: Started rendering (1 nodes)
12:27:11.030015 [info ]: Started model ANALYSTICS.stg_customers
12:27:11.030025 [debug]: Started rendering model ANALYSTICS.stg_customers
12:27:11.030059 [info ]: Finished loading project [  0.04s]
12:27:11.030504 [debug]: Compiled SQL for node model.banking_dbt.stg_customers at target\.lsp\compiled\banking_dbt\models\staging\stg_customers.sql
12:27:11.030578 [debug]: Finished rendering [  0.00s] model ANALYSTICS.stg_customers [success]
12:27:11.030601 [info ]: Finished rendering [  0.00s] (1 nodes, 0 skipped, 0 errors)
12:27:11.030621 [info ]: Started analyzing (1 nodes)
12:27:11.030630 [debug]: Started analyzing model ANALYSTICS.stg_customers
12:27:11.031103 [debug]: Finished analyzing [  0.00s] model ANALYSTICS.stg_customers [success]
12:27:11.031117 [info ]: Finished analyzing [  0.00s] (1 nodes, 0 skipped, 0 errors)
12:27:11.031125 [info ]:  Succeeded [-------] model ANALYSTICS.stg_customers (view)
12:27:11.034036 [info ]: Started scheduling
12:27:11.034069 [info ]: Finished scheduling [  0.00s]
12:27:11.034196 [info ]: Cached model count updated: 1 models (accurate)
12:27:11.414017 [debug]: License check failed: Feature not licensed: 'lineage'
12:27:13.091411 [info ]: Started loading project
12:27:13.091993 [info ]: Loading profiles.yml
12:27:13.151649 [info ]: Started parsing
12:27:13.809890 [info ]: Finished loading project [  0.72s]
12:27:13.812845 [debug]: Finished parsing models/staging/stg_customers.sql [  0.00s]
12:27:13.959405 [warn ]: [UnusedResourceConfigPath (dbt1097)]: Configuration paths exist in your dbt_project.yml file which do not apply to any resources.
There are 1 unused configuration paths:
- models.banking_dbt.example
12:27:13.965764 [info ]: Cached model count updated: 1 models (estimate)
12:27:13.965782 [info ]: Cached model count updated: 1 models (accurate)
12:27:13.965802 [info ]: Started scheduling
12:27:13.965848 [info ]: Finished scheduling [  0.00s]
12:27:13.965860 [debug]: Compilation - 1 nodes selected: {"model.banking_dbt.stg_customers"}
12:27:13.966631 [debug]: License check failed: Feature not licensed: 'lineage'
12:27:13.966847 [info ]: Started building task graph
12:27:13.966878 [info ]: Finished building task graph [  0.00s]
12:27:13.969815 [info ]: Started rendering (1 nodes)
12:27:13.969850 [info ]: Started model ANALYSTICS.stg_customers
12:27:13.969861 [debug]: Started rendering model ANALYSTICS.stg_customers
12:27:13.969909 [info ]: Finished parsing [  0.82s]
12:27:13.971516 [debug]: Compiled SQL for node model.banking_dbt.stg_customers at target\.lsp\compiled\banking_dbt\models\staging\stg_customers.sql
12:27:13.971714 [debug]: Finished rendering [  0.00s] model ANALYSTICS.stg_customers [success]
12:27:13.971743 [info ]: Finished rendering [  0.00s] (1 nodes, 0 skipped, 0 errors)
12:27:13.971791 [info ]: Started analyzing (1 nodes)
12:27:13.971809 [debug]: Started analyzing model ANALYSTICS.stg_customers
12:27:13.972375 [debug]: Finished analyzing [  0.00s] model ANALYSTICS.stg_customers [success]
12:27:13.972391 [info ]: Finished analyzing [  0.00s] (1 nodes, 0 skipped, 0 errors)
12:27:13.972399 [info ]:  Succeeded [  0.00s] model ANALYSTICS.stg_customers (view)
12:27:13.975569 [info ]: Started scheduling
12:27:13.975621 [info ]: Finished scheduling [  0.00s]
12:27:13.976634 [info ]: Cached model count updated: 1 models (accurate)
12:27:14.230927 [debug]: License check failed: Feature not licensed: 'lineage'
12:27:15.692926 [info ]: Started loading project
12:27:15.693524 [info ]: Loading profiles.yml
12:27:15.750697 [info ]: Cached model count updated: 1 models (estimate)
12:27:15.750718 [info ]: Cached model count updated: 1 models (accurate)
12:27:15.750737 [info ]: Started scheduling
12:27:15.750778 [info ]: Finished scheduling [  0.00s]
12:27:15.750789 [debug]: Compilation - 1 nodes selected: {"model.banking_dbt.stg_customers"}
12:27:15.752074 [debug]: License check failed: Feature not licensed: 'lineage'
12:27:15.753062 [info ]: Started building task graph
12:27:15.753534 [info ]: Finished building task graph [  0.00s]
12:27:15.756145 [info ]: Started rendering (1 nodes)
12:27:15.756200 [info ]: Started model ANALYSTICS.stg_customers
12:27:15.756223 [debug]: Started rendering model ANALYSTICS.stg_customers
12:27:15.756278 [info ]: Finished loading project [  0.06s]
12:27:15.756960 [debug]: Compiled SQL for node model.banking_dbt.stg_customers at target\.lsp\compiled\banking_dbt\models\staging\stg_customers.sql
12:27:15.757197 [debug]: Finished rendering [  0.00s] model ANALYSTICS.stg_customers [success]
12:27:15.757270 [info ]: Finished rendering [  0.00s] (1 nodes, 0 skipped, 0 errors)
12:27:15.757318 [info ]: Started analyzing (1 nodes)
12:27:15.757339 [debug]: Started analyzing model ANALYSTICS.stg_customers
12:27:15.758250 [debug]: Finished analyzing [  0.00s] model ANALYSTICS.stg_customers [success]
12:27:15.758296 [info ]: Finished analyzing [  0.00s] (1 nodes, 0 skipped, 0 errors)
12:27:15.758311 [info ]:  Succeeded [-------] model ANALYSTICS.stg_customers (view)
12:27:15.765243 [info ]: Started scheduling
12:27:15.765295 [info ]: Finished scheduling [  0.00s]
12:27:15.765431 [info ]: Cached model count updated: 1 models (accurate)
12:27:16.028206 [debug]: License check failed: Feature not licensed: 'lineage'
12:27:20.421269 [debug]: License check failed: Feature not licensed: 'lineage'
12:27:25.733483 [info ]: Started loading project
12:27:25.734050 [info ]: Loading profiles.yml
12:27:25.793632 [info ]: Started parsing
12:27:26.451088 [info ]: Finished loading project [  0.72s]
12:27:26.453592 [debug]: Finished parsing models/staging/stg_customers.sql [  0.00s]
12:27:26.661637 [warn ]: [UnusedResourceConfigPath (dbt1097)]: Configuration paths exist in your dbt_project.yml file which do not apply to any resources.
There are 1 unused configuration paths:
- models.banking_dbt.example
12:27:26.668148 [info ]: Cached model count updated: 1 models (estimate)
12:27:26.668168 [info ]: Cached model count updated: 1 models (accurate)
12:27:26.668189 [info ]: Started scheduling
12:27:26.668240 [info ]: Finished scheduling [  0.00s]
12:27:26.668257 [debug]: Compilation - 1 nodes selected: {"model.banking_dbt.stg_customers"}
12:27:26.669077 [debug]: License check failed: Feature not licensed: 'lineage'
12:27:26.669332 [info ]: Started building task graph
12:27:26.669364 [info ]: Finished building task graph [  0.00s]
12:27:26.670802 [info ]: Started rendering (1 nodes)
12:27:26.670834 [info ]: Started model ANALYSTICS.stg_customers
12:27:26.670843 [debug]: Started rendering model ANALYSTICS.stg_customers
12:27:26.670885 [info ]: Finished parsing [  0.88s]
12:27:26.672713 [debug]: Compiled SQL for node model.banking_dbt.stg_customers at target\.lsp\compiled\banking_dbt\models\staging\stg_customers.sql
12:27:26.672943 [debug]: Finished rendering [  0.00s] model ANALYSTICS.stg_customers [success]
12:27:26.672983 [info ]: Finished rendering [  0.00s] (1 nodes, 0 skipped, 0 errors)
12:27:26.673023 [info ]: Started analyzing (1 nodes)
12:27:26.673047 [debug]: Started analyzing model ANALYSTICS.stg_customers
12:27:26.674828 [warn ]: [SyntaxInvalid (dbt0101)]: no viable alternative at input 'ranked as (
    select
        id::string id as'
  --> models/staging/stg_customers.sql:5:23 (target\.lsp\compiled\banking_dbt\models\staging\stg_customers.sql:5:23)
12:27:26.675009 [info ]:  Succeeded [  0.00s] model ANALYSTICS.stg_customers (view)
12:27:26.675029 [debug]: Finished analyzing [  0.00s] model ANALYSTICS.stg_customers [success]
12:27:26.675043 [info ]: Finished analyzing [  0.00s] (1 nodes, 0 skipped, 0 errors)
12:27:26.680908 [info ]: Started scheduling
12:27:26.681001 [info ]: Finished scheduling [  0.00s]
12:27:26.682264 [info ]: Cached model count updated: 1 models (accurate)
12:27:28.407741 [info ]: Started loading project
12:27:28.408357 [info ]: Loading profiles.yml
12:27:28.447032 [info ]: Cached model count updated: 1 models (estimate)
12:27:28.447053 [info ]: Cached model count updated: 1 models (accurate)
12:27:28.447072 [info ]: Started scheduling
12:27:28.447113 [info ]: Finished scheduling [  0.00s]
12:27:28.447124 [debug]: Compilation - 1 nodes selected: {"model.banking_dbt.stg_customers"}
12:27:28.447900 [debug]: License check failed: Feature not licensed: 'lineage'
12:27:28.448114 [info ]: Started building task graph
12:27:28.448145 [info ]: Finished building task graph [  0.00s]
12:27:28.449530 [info ]: Started rendering (1 nodes)
12:27:28.449551 [info ]: Started model ANALYSTICS.stg_customers
12:27:28.449560 [debug]: Started rendering model ANALYSTICS.stg_customers
12:27:28.449594 [info ]: Finished loading project [  0.04s]
12:27:28.450018 [debug]: Compiled SQL for node model.banking_dbt.stg_customers at target\.lsp\compiled\banking_dbt\models\staging\stg_customers.sql
12:27:28.450098 [debug]: Finished rendering [  0.00s] model ANALYSTICS.stg_customers [success]
12:27:28.450113 [info ]: Finished rendering [  0.00s] (1 nodes, 0 skipped, 0 errors)
12:27:28.450127 [info ]: Started analyzing (1 nodes)
12:27:28.450133 [debug]: Started analyzing model ANALYSTICS.stg_customers
12:27:28.450592 [warn ]: [SyntaxInvalid (dbt0101)]: no viable alternative at input 'ranked as (
    select
        id::string id as'
  --> models/staging/stg_customers.sql:5:23 (target\.lsp\compiled\banking_dbt\models\staging\stg_customers.sql:5:23)
12:27:28.450647 [info ]:  Succeeded [-------] model ANALYSTICS.stg_customers (view)
12:27:28.450704 [debug]: Finished analyzing [  0.00s] model ANALYSTICS.stg_customers [success]
12:27:28.450719 [info ]: Finished analyzing [  0.00s] (1 nodes, 0 skipped, 0 errors)
12:27:28.453572 [info ]: Started scheduling
12:27:28.453615 [info ]: Finished scheduling [  0.00s]
12:27:28.453757 [info ]: Cached model count updated: 1 models (accurate)
12:27:29.579639 [info ]: Started loading project
12:27:29.580297 [info ]: Loading profiles.yml
12:27:29.646617 [info ]: Started parsing
12:27:30.432756 [info ]: Finished loading project [  0.85s]
12:27:30.436095 [debug]: Finished parsing models/staging/stg_customers.sql [  0.00s]
12:27:30.588575 [warn ]: [UnusedResourceConfigPath (dbt1097)]: Configuration paths exist in your dbt_project.yml file which do not apply to any resources.
There are 1 unused configuration paths:
- models.banking_dbt.example
12:27:30.597527 [info ]: Cached model count updated: 1 models (estimate)
12:27:30.597547 [info ]: Cached model count updated: 1 models (accurate)
12:27:30.597567 [info ]: Started scheduling
12:27:30.597621 [info ]: Finished scheduling [  0.00s]
12:27:30.597637 [debug]: Compilation - 1 nodes selected: {"model.banking_dbt.stg_customers"}
12:27:30.598617 [debug]: License check failed: Feature not licensed: 'lineage'
12:27:30.598861 [info ]: Started building task graph
12:27:30.598895 [info ]: Finished building task graph [  0.00s]
12:27:30.600547 [info ]: Started rendering (1 nodes)
12:27:30.600568 [info ]: Started model ANALYSTICS.stg_customers
12:27:30.600578 [debug]: Started rendering model ANALYSTICS.stg_customers
12:27:30.600656 [info ]: Finished parsing [  0.95s]
12:27:30.602369 [debug]: Compiled SQL for node model.banking_dbt.stg_customers at target\.lsp\compiled\banking_dbt\models\staging\stg_customers.sql
12:27:30.602609 [debug]: Finished rendering [  0.00s] model ANALYSTICS.stg_customers [success]
12:27:30.602644 [info ]: Finished rendering [  0.00s] (1 nodes, 0 skipped, 0 errors)
12:27:30.602677 [info ]: Started analyzing (1 nodes)
12:27:30.602706 [debug]: Started analyzing model ANALYSTICS.stg_customers
12:27:30.603436 [warn ]: [SyntaxInvalid (dbt0101)]: no viable alternative at input 'ranked as (
    select
        id::string id as'
  --> models/staging/stg_customers.sql:5:23 (target\.lsp\compiled\banking_dbt\models\staging\stg_customers.sql:5:23)
12:27:30.603579 [info ]:  Succeeded [  0.00s] model ANALYSTICS.stg_customers (view)
12:27:30.603621 [debug]: Finished analyzing [  0.00s] model ANALYSTICS.stg_customers [success]
12:27:30.603639 [info ]: Finished analyzing [  0.00s] (1 nodes, 0 skipped, 0 errors)
12:27:30.608312 [info ]: Started scheduling
12:27:30.608434 [info ]: Finished scheduling [  0.00s]
12:27:30.610380 [info ]: Cached model count updated: 1 models (accurate)
12:27:30.877034 [debug]: License check failed: Feature not licensed: 'lineage'
12:27:32.285509 [info ]: Started loading project
12:27:32.286060 [info ]: Loading profiles.yml
12:27:32.335185 [info ]: Cached model count updated: 1 models (estimate)
12:27:32.335205 [info ]: Cached model count updated: 1 models (accurate)
12:27:32.335224 [info ]: Started scheduling
12:27:32.335265 [info ]: Finished scheduling [  0.00s]
12:27:32.335276 [debug]: Compilation - 1 nodes selected: {"model.banking_dbt.stg_customers"}
12:27:32.336114 [debug]: License check failed: Feature not licensed: 'lineage'
12:27:32.336346 [info ]: Started building task graph
12:27:32.336377 [info ]: Finished building task graph [  0.00s]
12:27:32.337778 [info ]: Started rendering (1 nodes)
12:27:32.337798 [info ]: Started model ANALYSTICS.stg_customers
12:27:32.337807 [debug]: Started rendering model ANALYSTICS.stg_customers
12:27:32.337840 [info ]: Finished loading project [  0.05s]
12:27:32.338350 [debug]: Compiled SQL for node model.banking_dbt.stg_customers at target\.lsp\compiled\banking_dbt\models\staging\stg_customers.sql
12:27:32.338464 [debug]: Finished rendering [  0.00s] model ANALYSTICS.stg_customers [success]
12:27:32.338493 [info ]: Finished rendering [  0.00s] (1 nodes, 0 skipped, 0 errors)
12:27:32.338524 [info ]: Started analyzing (1 nodes)
12:27:32.338538 [debug]: Started analyzing model ANALYSTICS.stg_customers
12:27:32.339322 [warn ]: [SyntaxInvalid (dbt0101)]: no viable alternative at input 'ranked as (
    select
        id::string id as'
  --> models/staging/stg_customers.sql:5:23 (target\.lsp\compiled\banking_dbt\models\staging\stg_customers.sql:5:23)
12:27:32.339457 [info ]:  Succeeded [-------] model ANALYSTICS.stg_customers (view)
12:27:32.339506 [debug]: Finished analyzing [  0.00s] model ANALYSTICS.stg_customers [success]
12:27:32.339526 [info ]: Finished analyzing [  0.00s] (1 nodes, 0 skipped, 0 errors)
12:27:32.347692 [info ]: Started scheduling
12:27:32.347775 [info ]: Finished scheduling [  0.00s]
12:27:32.348078 [info ]: Cached model count updated: 1 models (accurate)
12:27:32.611126 [debug]: License check failed: Feature not licensed: 'lineage'
12:27:45.286748 [info ]: Started loading project
12:27:45.287561 [info ]: Loading profiles.yml
12:27:45.422935 [info ]: Started parsing
12:27:46.217183 [info ]: Finished loading project [  0.93s]
12:27:46.219964 [debug]: Finished parsing models/staging/stg_customers.sql [  0.00s]
12:27:46.371520 [warn ]: [UnusedResourceConfigPath (dbt1097)]: Configuration paths exist in your dbt_project.yml file which do not apply to any resources.
There are 1 unused configuration paths:
- models.banking_dbt.example
12:27:46.387055 [info ]: Cached model count updated: 1 models (estimate)
12:27:46.387101 [info ]: Cached model count updated: 1 models (accurate)
12:27:46.387152 [info ]: Started scheduling
12:27:46.387241 [info ]: Finished scheduling [  0.00s]
12:27:46.387269 [debug]: Compilation - 1 nodes selected: {"model.banking_dbt.stg_customers"}
12:27:46.388828 [debug]: License check failed: Feature not licensed: 'lineage'
12:27:46.389105 [info ]: Started building task graph
12:27:46.389141 [info ]: Finished building task graph [  0.00s]
12:27:46.390931 [info ]: Started rendering (1 nodes)
12:27:46.390960 [info ]: Started model ANALYSTICS.stg_customers
12:27:46.390971 [debug]: Started rendering model ANALYSTICS.stg_customers
12:27:46.391023 [info ]: Finished parsing [  0.97s]
12:27:46.393096 [debug]: Compiled SQL for node model.banking_dbt.stg_customers at target\.lsp\compiled\banking_dbt\models\staging\stg_customers.sql
12:27:46.393263 [debug]: Finished rendering [  0.00s] model ANALYSTICS.stg_customers [success]
12:27:46.393286 [info ]: Finished rendering [  0.00s] (1 nodes, 0 skipped, 0 errors)
12:27:46.393304 [info ]: Started analyzing (1 nodes)
12:27:46.393313 [debug]: Started analyzing model ANALYSTICS.stg_customers
12:27:46.393805 [debug]: Finished analyzing [  0.00s] model ANALYSTICS.stg_customers [success]
12:27:46.393821 [info ]: Finished analyzing [  0.00s] (1 nodes, 0 skipped, 0 errors)
12:27:46.393829 [info ]:  Succeeded [  0.00s] model ANALYSTICS.stg_customers (view)
12:27:46.398783 [info ]: Started scheduling
12:27:46.398881 [info ]: Finished scheduling [  0.00s]
12:27:46.401306 [info ]: Cached model count updated: 1 models (accurate)
12:27:46.659330 [debug]: License check failed: Feature not licensed: 'lineage'
12:27:48.054547 [info ]: Started loading project
12:27:48.055099 [info ]: Loading profiles.yml
12:27:48.096755 [info ]: Cached model count updated: 1 models (estimate)
12:27:48.096778 [info ]: Cached model count updated: 1 models (accurate)
12:27:48.096799 [info ]: Started scheduling
12:27:48.096886 [info ]: Finished scheduling [  0.00s]
12:27:48.096914 [debug]: Compilation - 1 nodes selected: {"model.banking_dbt.stg_customers"}
12:27:48.098484 [debug]: License check failed: Feature not licensed: 'lineage'
12:27:48.098889 [info ]: Started building task graph
12:27:48.098925 [info ]: Finished building task graph [  0.00s]
12:27:48.100373 [info ]: Started rendering (1 nodes)
12:27:48.100394 [info ]: Started model ANALYSTICS.stg_customers
12:27:48.100403 [debug]: Started rendering model ANALYSTICS.stg_customers
12:27:48.100438 [info ]: Finished loading project [  0.05s]
12:27:48.100795 [debug]: Compiled SQL for node model.banking_dbt.stg_customers at target\.lsp\compiled\banking_dbt\models\staging\stg_customers.sql
12:27:48.100862 [debug]: Finished rendering [  0.00s] model ANALYSTICS.stg_customers [success]
12:27:48.100886 [info ]: Finished rendering [  0.00s] (1 nodes, 0 skipped, 0 errors)
12:27:48.100903 [info ]: Started analyzing (1 nodes)
12:27:48.100917 [debug]: Started analyzing model ANALYSTICS.stg_customers
12:27:48.101419 [debug]: Finished analyzing [  0.00s] model ANALYSTICS.stg_customers [success]
12:27:48.101435 [info ]: Finished analyzing [  0.00s] (1 nodes, 0 skipped, 0 errors)
12:27:48.101442 [info ]:  Succeeded [-------] model ANALYSTICS.stg_customers (view)
12:27:48.104180 [info ]: Started scheduling
12:27:48.104226 [info ]: Finished scheduling [  0.00s]
12:27:48.104367 [info ]: Cached model count updated: 1 models (accurate)
12:27:48.366241 [debug]: License check failed: Feature not licensed: 'lineage'
12:27:51.064583 [info ]: Started loading project
12:27:51.065310 [info ]: Loading profiles.yml
12:27:51.108119 [info ]: Finished loading project [  0.04s]
12:27:51.108157 [info ]: Cached model count updated: 1 models (accurate)
12:27:51.135152 [info ]: Started scheduling
12:27:51.135218 [info ]: Finished scheduling [  0.00s]
12:27:51.136092 [debug]: License check failed: Feature not licensed: 'lineage'
12:27:51.136317 [info ]: Started building task graph
12:27:51.136356 [info ]: Finished building task graph [  0.00s]
12:27:51.137881 [info ]: Started rendering (1 nodes)
12:27:51.137912 [info ]: Started model ANALYSTICS.stg_customers
12:27:51.137925 [debug]: Started rendering model ANALYSTICS.stg_customers
12:27:51.138299 [debug]: Compiled SQL for node model.banking_dbt.stg_customers at target\.lsp\compiled\banking_dbt\models\staging\stg_customers.sql
12:27:51.138406 [debug]: Finished rendering [  0.00s] model ANALYSTICS.stg_customers [success]
12:27:51.138422 [info ]: Finished rendering [  0.00s] (1 nodes, 0 skipped, 0 errors)
12:27:51.138434 [info ]: Started analyzing (1 nodes)
12:27:51.138439 [debug]: Started analyzing model ANALYSTICS.stg_customers
12:27:51.138887 [debug]: Finished analyzing [  0.00s] model ANALYSTICS.stg_customers [success]
12:27:51.138901 [info ]: Finished analyzing [  0.00s] (1 nodes, 0 skipped, 0 errors)
12:27:51.138915 [info ]: Started running (1 nodes)
12:27:51.138920 [info ]: Started running model ANALYSTICS.stg_customers
12:27:51.368472 [debug]: License check failed: Feature not licensed: 'lineage'
12:27:51.959295 [debug]: Query executed on node unknown:

  
  

with ranked as (
    select
        id::string as customer_id,
        first_name::string as first_name,
        last_name::string as last_name,
        email::string as email,
        created_time::timestamp as created_time,
        updated_time::timestamp as updated_time,
        rank() over(partition by id order by created_time) as rnk
    from
        BANKING.RAW.customers
)
select 
    id,
    first_name,
    last_name,
    email,
    created_time,
    updated_time
from ranked
where rnk = 1
  
  limit 1000

12:27:52.088675 [error]: [Generic (dbt1000)]: Internal: [Snowflake] 000904 (42000): SQL compilation error: error line 7 at position 8
invalid identifier 'ID' (sqlstate: [52, 50, 48, 48, 48], vendor_code: 904)
12:27:52.088761 [info ]: Finished running [  0.95s] model ANALYSTICS.stg_customers [error]
12:27:52.088779 [info ]: Finished running [  0.95s] (1 nodes, 0 skipped, 1 errors)
12:27:52.088787 [info ]:     Failed [  0.95s] model ANALYSTICS.stg_customers (view)
12:27:53.655080 [info ]: Started loading project
12:27:53.655863 [info ]: Loading profiles.yml
12:27:53.698712 [info ]: Cached model count updated: 1 models (estimate)
12:27:53.698735 [info ]: Cached model count updated: 1 models (accurate)
12:27:53.698754 [info ]: Started scheduling
12:27:53.698796 [info ]: Finished scheduling [  0.00s]
12:27:53.698806 [debug]: Compilation - 1 nodes selected: {"model.banking_dbt.stg_customers"}
12:27:53.699820 [debug]: License check failed: Feature not licensed: 'lineage'
12:27:53.700131 [info ]: Started building task graph
12:27:53.700186 [info ]: Finished building task graph [  0.00s]
12:27:53.701724 [info ]: Started rendering (1 nodes)
12:27:53.701749 [info ]: Started model ANALYSTICS.stg_customers
12:27:53.701760 [debug]: Started rendering model ANALYSTICS.stg_customers
12:27:53.701795 [info ]: Finished loading project [  0.05s]
12:27:53.702163 [debug]: Compiled SQL for node model.banking_dbt.stg_customers at target\.lsp\compiled\banking_dbt\models\staging\stg_customers.sql
12:27:53.702242 [debug]: Finished rendering [  0.00s] model ANALYSTICS.stg_customers [success]
12:27:53.702262 [info ]: Finished rendering [  0.00s] (1 nodes, 0 skipped, 0 errors)
12:27:53.702276 [info ]: Started analyzing (1 nodes)
12:27:53.702283 [debug]: Started analyzing model ANALYSTICS.stg_customers
12:27:53.702853 [debug]: Finished analyzing [  0.00s] model ANALYSTICS.stg_customers [success]
12:27:53.702869 [info ]: Finished analyzing [  0.00s] (1 nodes, 0 skipped, 0 errors)
12:27:53.702876 [info ]:  Succeeded [-------] model ANALYSTICS.stg_customers (view)
12:27:53.705665 [info ]: Started scheduling
12:27:53.705700 [info ]: Finished scheduling [  0.00s]
12:27:53.705812 [info ]: Cached model count updated: 1 models (accurate)
12:27:53.967779 [debug]: License check failed: Feature not licensed: 'lineage'
12:28:29.994220 [debug]: License check failed: Feature not licensed: 'lineage'
12:28:33.743036 [info ]: Started loading project
12:28:33.743583 [info ]: Loading profiles.yml
12:28:33.807150 [info ]: Started parsing
12:28:34.490155 [info ]: Finished loading project [  0.75s]
12:28:34.492670 [debug]: Finished parsing models/staging/stg_customers.sql [  0.00s]
12:28:34.628726 [warn ]: [UnusedResourceConfigPath (dbt1097)]: Configuration paths exist in your dbt_project.yml file which do not apply to any resources.
There are 1 unused configuration paths:
- models.banking_dbt.example
12:28:34.636888 [info ]: Cached model count updated: 1 models (estimate)
12:28:34.636933 [info ]: Cached model count updated: 1 models (accurate)
12:28:34.636954 [info ]: Started scheduling
12:28:34.637000 [info ]: Finished scheduling [  0.00s]
12:28:34.637013 [debug]: Compilation - 1 nodes selected: {"model.banking_dbt.stg_customers"}
12:28:34.637860 [debug]: License check failed: Feature not licensed: 'lineage'
12:28:34.638073 [info ]: Started building task graph
12:28:34.638105 [info ]: Finished building task graph [  0.00s]
12:28:34.639602 [info ]: Started rendering (1 nodes)
12:28:34.639623 [info ]: Started model ANALYSTICS.stg_customers
12:28:34.639633 [debug]: Started rendering model ANALYSTICS.stg_customers
12:28:34.639674 [info ]: Finished parsing [  0.83s]
12:28:34.641238 [debug]: Compiled SQL for node model.banking_dbt.stg_customers at target\.lsp\compiled\banking_dbt\models\staging\stg_customers.sql
12:28:34.641452 [debug]: Finished rendering [  0.00s] model ANALYSTICS.stg_customers [success]
12:28:34.641482 [info ]: Finished rendering [  0.00s] (1 nodes, 0 skipped, 0 errors)
12:28:34.641506 [info ]: Started analyzing (1 nodes)
12:28:34.641519 [debug]: Started analyzing model ANALYSTICS.stg_customers
12:28:34.642104 [debug]: Finished analyzing [  0.00s] model ANALYSTICS.stg_customers [success]
12:28:34.642120 [info ]: Finished analyzing [  0.00s] (1 nodes, 0 skipped, 0 errors)
12:28:34.642128 [info ]:  Succeeded [  0.00s] model ANALYSTICS.stg_customers (view)
12:28:34.645281 [info ]: Started scheduling
12:28:34.645364 [info ]: Finished scheduling [  0.00s]
12:28:34.646368 [info ]: Cached model count updated: 1 models (accurate)
12:28:34.905915 [debug]: License check failed: Feature not licensed: 'lineage'
12:28:36.311976 [info ]: Started loading project
12:28:36.312487 [info ]: Loading profiles.yml
12:28:36.353870 [info ]: Cached model count updated: 1 models (estimate)
12:28:36.353890 [info ]: Cached model count updated: 1 models (accurate)
12:28:36.353910 [info ]: Started scheduling
12:28:36.353952 [info ]: Finished scheduling [  0.00s]
12:28:36.353969 [debug]: Compilation - 1 nodes selected: {"model.banking_dbt.stg_customers"}
12:28:36.354830 [debug]: License check failed: Feature not licensed: 'lineage'
12:28:36.355094 [info ]: Started building task graph
12:28:36.355127 [info ]: Finished building task graph [  0.00s]
12:28:36.356587 [info ]: Started rendering (1 nodes)
12:28:36.356608 [info ]: Started model ANALYSTICS.stg_customers
12:28:36.356618 [debug]: Started rendering model ANALYSTICS.stg_customers
12:28:36.356653 [info ]: Finished loading project [  0.04s]
12:28:36.357043 [debug]: Compiled SQL for node model.banking_dbt.stg_customers at target\.lsp\compiled\banking_dbt\models\staging\stg_customers.sql
12:28:36.357114 [debug]: Finished rendering [  0.00s] model ANALYSTICS.stg_customers [success]
12:28:36.357130 [info ]: Finished rendering [  0.00s] (1 nodes, 0 skipped, 0 errors)
12:28:36.357144 [info ]: Started analyzing (1 nodes)
12:28:36.357154 [debug]: Started analyzing model ANALYSTICS.stg_customers
12:28:36.357596 [debug]: Finished analyzing [  0.00s] model ANALYSTICS.stg_customers [success]
12:28:36.357611 [info ]: Finished analyzing [  0.00s] (1 nodes, 0 skipped, 0 errors)
12:28:36.357618 [info ]:  Succeeded [-------] model ANALYSTICS.stg_customers (view)
12:28:36.360371 [info ]: Started scheduling
12:28:36.360405 [info ]: Finished scheduling [  0.00s]
12:28:36.360549 [info ]: Cached model count updated: 1 models (accurate)
12:28:36.614765 [debug]: License check failed: Feature not licensed: 'lineage'
12:30:11.521144 [debug]: License check failed: Feature not licensed: 'lineage'
12:54:54.876825 [debug]: License check failed: Feature not licensed: 'lineage'
12:54:58.167144 [info ]: Started loading project
12:54:58.168748 [info ]: Loading profiles.yml
12:54:58.301955 [info ]: Started parsing
12:54:59.845621 [info ]: Finished loading project [  1.68s]
12:54:59.851782 [debug]: Finished parsing models/staging/stg_customers.sql [  0.00s]
12:55:00.123521 [warn ]: [UnusedResourceConfigPath (dbt1097)]: Configuration paths exist in your dbt_project.yml file which do not apply to any resources.
There are 1 unused configuration paths:
- models.banking_dbt.example
12:55:00.143741 [info ]: Cached model count updated: 1 models (estimate)
12:55:00.143769 [info ]: Cached model count updated: 1 models (accurate)
12:55:00.143809 [info ]: Started scheduling
12:55:00.143908 [info ]: Finished scheduling [  0.00s]
12:55:00.143936 [debug]: Compilation - 1 nodes selected: {"model.banking_dbt.stg_customers"}
12:55:00.145218 [debug]: License check failed: Feature not licensed: 'lineage'
12:55:00.145624 [info ]: Started building task graph
12:55:00.145695 [info ]: Finished building task graph [  0.00s]
12:55:00.148323 [info ]: Started rendering (1 nodes)
12:55:00.148362 [info ]: Started model ANALYSTICS.stg_customers
12:55:00.148380 [debug]: Started rendering model ANALYSTICS.stg_customers
12:55:00.148448 [info ]: Finished parsing [  1.85s]
12:55:00.151456 [debug]: Compiled SQL for node model.banking_dbt.stg_customers at target\.lsp\compiled\banking_dbt\models\staging\stg_customers.sql
12:55:00.151874 [debug]: Finished rendering [  0.00s] model ANALYSTICS.stg_customers [success]
12:55:00.151940 [info ]: Finished rendering [  0.00s] (1 nodes, 0 skipped, 0 errors)
12:55:00.152021 [info ]: Started analyzing (1 nodes)
12:55:00.152143 [debug]: Started analyzing model ANALYSTICS.stg_customers
12:55:00.166472 [debug]: Finished analyzing [  0.01s] model ANALYSTICS.stg_customers [success]
12:55:00.166797 [info ]: Finished analyzing [  0.01s] (1 nodes, 0 skipped, 0 errors)
12:55:00.166831 [info ]:  Succeeded [  0.02s] model ANALYSTICS.stg_customers (view)
12:55:00.172381 [info ]: Started scheduling
12:55:00.172472 [info ]: Finished scheduling [  0.00s]
12:55:00.174119 [info ]: Cached model count updated: 1 models (accurate)
12:55:00.356501 [info ]: Started loading project
12:55:00.357464 [info ]: Loading profiles.yml
12:55:00.466372 [info ]: Started parsing
12:55:01.995215 [info ]: Finished loading project [  1.64s]
12:55:01.999238 [debug]: Finished parsing models/staging/stg_customers.sql [  0.00s]
12:55:02.238453 [warn ]: [UnusedResourceConfigPath (dbt1097)]: Configuration paths exist in your dbt_project.yml file which do not apply to any resources.
There are 1 unused configuration paths:
- models.banking_dbt.example
12:55:02.250505 [info ]: Cached model count updated: 1 models (estimate)
12:55:02.250534 [info ]: Cached model count updated: 1 models (accurate)
12:55:02.250575 [info ]: Started scheduling
12:55:02.250661 [info ]: Finished scheduling [  0.00s]
12:55:02.250687 [debug]: Compilation - 1 nodes selected: {"model.banking_dbt.stg_customers"}
12:55:02.252096 [debug]: License check failed: Feature not licensed: 'lineage'
12:55:02.252555 [info ]: Started building task graph
12:55:02.252641 [info ]: Finished building task graph [  0.00s]
12:55:02.255404 [info ]: Started rendering (1 nodes)
12:55:02.255451 [info ]: Started model ANALYSTICS.stg_customers
12:55:02.255469 [debug]: Started rendering model ANALYSTICS.stg_customers
12:55:02.255534 [info ]: Finished parsing [  1.79s]
12:55:02.257876 [debug]: Compiled SQL for node model.banking_dbt.stg_customers at target\.lsp\compiled\banking_dbt\models\staging\stg_customers.sql
12:55:02.258137 [debug]: Finished rendering [  0.00s] model ANALYSTICS.stg_customers [success]
12:55:02.258177 [info ]: Finished rendering [  0.00s] (1 nodes, 0 skipped, 0 errors)
12:55:02.258205 [info ]: Started analyzing (1 nodes)
12:55:02.258217 [debug]: Started analyzing model ANALYSTICS.stg_customers
12:55:02.259094 [debug]: Finished analyzing [  0.00s] model ANALYSTICS.stg_customers [success]
12:55:02.259122 [info ]: Finished analyzing [  0.00s] (1 nodes, 0 skipped, 0 errors)
12:55:02.259135 [info ]:  Succeeded [  0.00s] model ANALYSTICS.stg_customers (view)
12:55:02.264419 [info ]: Started scheduling
12:55:02.264504 [info ]: Finished scheduling [  0.00s]
12:55:02.266299 [info ]: Cached model count updated: 1 models (accurate)
12:55:02.482651 [info ]: Started loading project
12:55:02.483561 [info ]: Loading profiles.yml
12:55:02.560449 [info ]: Finished loading project [  0.08s]
12:55:02.561305 [info ]: Cached model count updated: 1 models (accurate)
12:55:02.603972 [info ]: Started scheduling
12:55:02.604130 [info ]: Finished scheduling [  0.00s]
12:55:02.605632 [debug]: License check failed: Feature not licensed: 'lineage'
12:55:02.606167 [info ]: Started building task graph
12:55:02.606251 [info ]: Finished building task graph [  0.00s]
12:55:02.609006 [info ]: Started rendering (1 nodes)
12:55:02.609048 [info ]: Started model ANALYSTICS.stg_customers
12:55:02.609065 [debug]: Started rendering model ANALYSTICS.stg_customers
12:55:02.609770 [debug]: Compiled SQL for node model.banking_dbt.stg_customers at target\.lsp\compiled\banking_dbt\models\staging\stg_customers.sql
12:55:02.609928 [debug]: Finished rendering [  0.00s] model ANALYSTICS.stg_customers [success]
12:55:02.609974 [info ]: Finished rendering [  0.00s] (1 nodes, 0 skipped, 0 errors)
12:55:02.610011 [info ]: Started analyzing (1 nodes)
12:55:02.610039 [debug]: Started analyzing model ANALYSTICS.stg_customers
12:55:02.611095 [debug]: Finished analyzing [  0.00s] model ANALYSTICS.stg_customers [success]
12:55:02.611142 [info ]: Finished analyzing [  0.00s] (1 nodes, 0 skipped, 0 errors)
12:55:02.611240 [info ]: Started running (1 nodes)
12:55:02.611277 [info ]: Started running model ANALYSTICS.stg_customers
12:55:02.837491 [debug]: License check failed: Feature not licensed: 'lineage'
12:55:04.692607 [debug]: Query executed on node unknown:

  
  

with parsed as (
    select
        v:id::string as customer_id,
        v:first_name::string as first_name,
        v:last_name::string as last_name,
        v:email::string as email,
        v:created_at::timestamp as created_time,
        v:updated_at::timestamp as updated_time
    from
        BANKING.RAW.customers
),

ranked as (
    select
        customer_id,
        first_name,
        last_name,
        email,
        created_time,
        updated_time,
        rank() over(partition by customer_id order by created_time) as rnk
    from
        parsed
)

select 
    customer_id,
    first_name,
    last_name,
    email,
    created_time,
    updated_time
from ranked
where rnk = 1
  
  limit 1000

12:55:04.783608 [info ]: Query show_model_banking_dbt_stg_customers
┌─────────────┬─────────────┬────────────┬───────────────────────────────┬────────────────────────────┬──────────────┐
│ CUSTOMER_ID ┆ FIRST_NAME  ┆ LAST_NAME  ┆ EMAIL                         ┆ CREATED_TIME               ┆ UPDATED_TIME │
╞═════════════╪═════════════╪════════════╪═══════════════════════════════╪════════════════════════════╪══════════════╡
│ 1           ┆ Docker      ┆ Test       ┆ docker@test.com               ┆ 2026-07-22T04:57:40.402208 ┆              │
│ 10          ┆ Daniel      ┆ Stark      ┆ robinsonlinda@example.org     ┆ 2026-07-22T05:22:54.026228 ┆              │
│ 11          ┆ April       ┆ Smith      ┆ sarah96@example.org           ┆ 2026-07-22T05:22:54.034366 ┆              │
│ 12          ┆ Christopher ┆ Poole      ┆ kelly15@example.com           ┆ 2026-07-22T05:23:25.274969 ┆              │
│ 13          ┆ Jeremiah    ┆ Robinson   ┆ michaelpeter@example.com      ┆ 2026-07-22T05:23:25.281671 ┆              │
│ 14          ┆ Michael     ┆ Harris     ┆ kathrynbryant@example.net     ┆ 2026-07-22T05:23:25.286330 ┆              │
│ 15          ┆ Michael     ┆ Williams   ┆ hahntiffany@example.com       ┆ 2026-07-22T05:23:25.291278 ┆              │
│ 16          ┆ Roy         ┆ Lawson     ┆ marieperez@example.com        ┆ 2026-07-22T05:23:25.296821 ┆              │
│ 17          ┆ Brian       ┆ Rodriguez  ┆ laurie39@example.com          ┆ 2026-07-22T05:23:25.300955 ┆              │
│ 18          ┆ Linda       ┆ Lee        ┆ linwhitney@example.org        ┆ 2026-07-22T05:23:25.305415 ┆              │
│ 19          ┆ William     ┆ Sims       ┆ zsmith@example.net            ┆ 2026-07-22T05:23:25.309791 ┆              │
│ 2           ┆ Ian         ┆ Kidd       ┆ reeseelizabeth@example.net    ┆ 2026-07-22T05:22:53.947706 ┆              │
│ 20          ┆ Kenneth     ┆ Ward       ┆ achaney@example.net           ┆ 2026-07-22T05:23:25.313904 ┆              │
│ 21          ┆ Marcus      ┆ Dunlap     ┆ sandra03@example.org          ┆ 2026-07-22T05:23:25.317917 ┆              │
│ 22          ┆ Jessica     ┆ Turner     ┆ nicole12@example.net          ┆ 2026-07-22T05:23:36.457365 ┆              │
│ 23          ┆ Tony        ┆ Hinton     ┆ jpayne@example.net            ┆ 2026-07-22T05:23:36.465101 ┆              │
│ 24          ┆ Jeremiah    ┆ Davis      ┆ foxkevin@example.com          ┆ 2026-07-22T05:23:36.470705 ┆              │
│ 25          ┆ Kimberly    ┆ Glass      ┆ jimenezdavid@example.org      ┆ 2026-07-22T05:23:36.476155 ┆              │
│ 26          ┆ David       ┆ Burns      ┆ smithsusan@example.org        ┆ 2026-07-22T05:23:36.481791 ┆              │
│ 27          ┆ Christopher ┆ Franklin   ┆ faulknerpatrick@example.com   ┆ 2026-07-22T05:23:36.487391 ┆              │
│ 28          ┆ Tony        ┆ Chen       ┆ jalvarez@example.com          ┆ 2026-07-22T05:23:36.493495 ┆              │
│ 29          ┆ Lee         ┆ Tate       ┆ lmorrison@example.net         ┆ 2026-07-22T05:23:36.499190 ┆              │
│ 3           ┆ Devin       ┆ Johns      ┆ krystalvelasquez@example.net  ┆ 2026-07-22T05:22:53.975171 ┆              │
│ 30          ┆ Elizabeth   ┆ Abbott     ┆ johnsonjessica@example.net    ┆ 2026-07-22T05:23:36.504638 ┆              │
│ 31          ┆ Samantha    ┆ Boyd       ┆ nunezmelinda@example.com      ┆ 2026-07-22T05:23:36.510171 ┆              │
│ 32          ┆ Joseph      ┆ Meyers     ┆ groberts@example.net          ┆ 2026-07-22T05:23:40.798249 ┆              │
│ 33          ┆ Mark        ┆ Ewing      ┆ qking@example.org             ┆ 2026-07-22T05:23:40.804903 ┆              │
│ 34          ┆ Anthony     ┆ Knapp      ┆ crawfordrandy@example.org     ┆ 2026-07-22T05:23:40.809866 ┆              │
│ 35          ┆ Regina      ┆ Nguyen     ┆ barrettjanet@example.org      ┆ 2026-07-22T05:23:40.814630 ┆              │
│ 36          ┆ Jeffery     ┆ Little     ┆ icross@example.org            ┆ 2026-07-22T05:23:40.819368 ┆              │
│ 37          ┆ Andrea      ┆ Green      ┆ xsmith@example.org            ┆ 2026-07-22T05:23:40.824162 ┆              │
│ 38          ┆ Tammy       ┆ Calhoun    ┆ ann24@example.org             ┆ 2026-07-22T05:23:40.829302 ┆              │
│ 39          ┆ Monique     ┆ Rodriguez  ┆ ufischer@example.com          ┆ 2026-07-22T05:23:40.834696 ┆              │
│ 4           ┆ Denise      ┆ Garcia     ┆ ahernandez@example.com        ┆ 2026-07-22T05:22:53.981438 ┆              │
│ 40          ┆ Warren      ┆ Rhodes     ┆ wandarogers@example.com       ┆ 2026-07-22T05:23:40.840863 ┆              │
│ 41          ┆ Anthony     ┆ Gay        ┆ jonesdanielle@example.org     ┆ 2026-07-22T05:23:40.846766 ┆              │
│ 42          ┆ Tracy       ┆ Mcdaniel   ┆ kayla72@example.net           ┆ 2026-07-22T05:23:44.608694 ┆              │
│ 43          ┆ Brittany    ┆ Baker      ┆ stephenstiffany@example.org   ┆ 2026-07-22T05:23:44.616371 ┆              │
│ 44          ┆ James       ┆ Harrington ┆ mark57@example.com            ┆ 2026-07-22T05:23:44.622123 ┆              │
│ 45          ┆ Vincent     ┆ Robinson   ┆ robertmoyer@example.org       ┆ 2026-07-22T05:23:44.628994 ┆              │
│ 46          ┆ Brian       ┆ Callahan   ┆ phillipwells@example.net      ┆ 2026-07-22T05:23:44.635404 ┆              │
│ 47          ┆ Cindy       ┆ Hodges     ┆ jacquelinejohnson@example.org ┆ 2026-07-22T05:23:44.641743 ┆              │
│ 48          ┆ Michael     ┆ Arnold     ┆ petersenamanda@example.com    ┆ 2026-07-22T05:23:44.647089 ┆              │
│ 49          ┆ Nancy       ┆ Miller     ┆ douglas73@example.org         ┆ 2026-07-22T05:23:44.653019 ┆              │
│ 5           ┆ Monique     ┆ Murray     ┆ lopezwanda@example.net        ┆ 2026-07-22T05:22:53.987404 ┆              │
│ 50          ┆ Wendy       ┆ Forbes     ┆ mirandalopez@example.org      ┆ 2026-07-22T05:23:44.659954 ┆              │
│ 51          ┆ Pamela      ┆ Hale       ┆ mossjennifer@example.org      ┆ 2026-07-22T05:23:44.666139 ┆              │
│ 52          ┆ Russell     ┆ Bentley    ┆ erin76@example.org            ┆ 2026-07-22T05:23:48.164923 ┆              │
│ 53          ┆ John        ┆ Miller     ┆ karen61@example.net           ┆ 2026-07-22T05:23:48.175347 ┆              │
│ 54          ┆ William     ┆ Walter     ┆ gainessherri@example.com      ┆ 2026-07-22T05:23:48.181916 ┆              │
│ 55          ┆ Peter       ┆ Webb       ┆ rosskimberly@example.com      ┆ 2026-07-22T05:23:48.188783 ┆              │
│ 56          ┆ Shawn       ┆ Rivera     ┆ tracylopez@example.com        ┆ 2026-07-22T05:23:48.199631 ┆              │
│ 57          ┆ Christopher ┆ Bennett    ┆ sarah81@example.com           ┆ 2026-07-22T05:23:48.206692 ┆              │
│ 58          ┆ Timothy     ┆ Skinner    ┆ ccastillo@example.com         ┆ 2026-07-22T05:23:48.212869 ┆              │
│ 59          ┆ Zachary     ┆ Williams   ┆ allenjared@example.com        ┆ 2026-07-22T05:23:48.221143 ┆              │
│ 6           ┆ Christine   ┆ Jackson    ┆ monica55@example.org          ┆ 2026-07-22T05:22:54.002890 ┆              │
│ 60          ┆ Kevin       ┆ Clark      ┆ theresaray@example.net        ┆ 2026-07-22T05:23:48.228808 ┆              │
│ 61          ┆ Lisa        ┆ Harris     ┆ dylanjones@example.com        ┆ 2026-07-22T05:23:48.234658 ┆              │
│ 62          ┆ Victoria    ┆ Hanson     ┆ johnsmith@example.com         ┆ 2026-07-22T05:30:16.744925 ┆              │
│ 63          ┆ Heather     ┆ Johnson    ┆ blakebailey@example.org       ┆ 2026-07-22T05:30:16.750334 ┆              │
│ 64          ┆ Michael     ┆ Graham     ┆ zmoore@example.com            ┆ 2026-07-22T05:30:16.752906 ┆              │
│ 65          ┆ Tracy       ┆ Hall       ┆ krystalcox@example.com        ┆ 2026-07-22T05:30:16.755504 ┆              │
│ 66          ┆ Curtis      ┆ Ramos      ┆ colton94@example.org          ┆ 2026-07-22T05:30:16.757963 ┆              │
│ 67          ┆ Bryce       ┆ Jackson    ┆ clarkteresa@example.org       ┆ 2026-07-22T05:30:16.760802 ┆              │
│ 68          ┆ James       ┆ Henry      ┆ dale69@example.com            ┆ 2026-07-22T05:30:16.763638 ┆              │
│ 69          ┆ Stephen     ┆ Anderson   ┆ adrian49@example.net          ┆ 2026-07-22T05:30:16.768287 ┆              │
│ 7           ┆ Yvette      ┆ Gould      ┆ charles21@example.org         ┆ 2026-07-22T05:22:54.008252 ┆              │
│ 70          ┆ Jacob       ┆ Patel      ┆ pkennedy@example.org          ┆ 2026-07-22T05:30:16.771651 ┆              │
│ 71          ┆ Julie       ┆ Savage     ┆ wongmichael@example.net       ┆ 2026-07-22T05:30:16.774475 ┆              │
│ 72          ┆ Michelle    ┆ Ramirez    ┆ samantha36@example.org        ┆ 2026-07-22T05:34:38.904130 ┆              │
│ 73          ┆ Brian       ┆ Hernandez  ┆ scottbright@example.com       ┆ 2026-07-22T05:34:38.909303 ┆              │
│ 74          ┆ Nicolas     ┆ Ross       ┆ yhowell@example.com           ┆ 2026-07-22T05:34:38.914742 ┆              │
│ 75          ┆ Amy         ┆ Hunter     ┆ williamsscott@example.org     ┆ 2026-07-22T05:34:38.918598 ┆              │
│ 76          ┆ Gregory     ┆ Joseph     ┆ melissa75@example.com         ┆ 2026-07-22T05:34:38.922041 ┆              │
│ 77          ┆ Kelly       ┆ King       ┆ amy23@example.com             ┆ 2026-07-22T05:34:38.925438 ┆              │
│ 78          ┆ Amanda      ┆ Stone      ┆ dwalker@example.com           ┆ 2026-07-22T05:34:38.930736 ┆              │
│ 79          ┆ Amy         ┆ Phillips   ┆ anthonymckee@example.com      ┆ 2026-07-22T05:34:38.934330 ┆              │
│ 8           ┆ James       ┆ Crawford   ┆ sowens@example.net            ┆ 2026-07-22T05:22:54.014215 ┆              │
│ 80          ┆ Kaitlyn     ┆ Brown      ┆ maxwell10@example.net         ┆ 2026-07-22T05:34:38.937883 ┆              │
│ 81          ┆ Shane       ┆ Nolan      ┆ daniellam@example.net         ┆ 2026-07-22T05:34:38.941608 ┆              │
│ 9           ┆ Laurie      ┆ Middleton  ┆ kimberlywilson@example.org    ┆ 2026-07-22T05:22:54.020005 ┆              │
└─────────────┴─────────────┴────────────┴───────────────────────────────┴────────────────────────────┴──────────────┘
81 rows.
12:55:04.783770 [info ]: Finished running [  2.17s] model ANALYSTICS.stg_customers [success]
12:55:04.783799 [info ]: Finished running [  2.17s] (1 nodes, 0 skipped, 0 errors)
12:55:04.783812 [info ]:  Succeeded [  2.17s] model ANALYSTICS.stg_customers (view)
12:55:06.447472 [info ]: Started loading project
12:55:06.448346 [info ]: Loading profiles.yml
12:55:06.517775 [info ]: Cached model count updated: 1 models (estimate)
12:55:06.517807 [info ]: Cached model count updated: 1 models (accurate)
12:55:06.517836 [info ]: Started scheduling
12:55:06.517911 [info ]: Finished scheduling [  0.00s]
12:55:06.517928 [debug]: Compilation - 1 nodes selected: {"model.banking_dbt.stg_customers"}
12:55:06.519198 [debug]: License check failed: Feature not licensed: 'lineage'
12:55:06.519533 [info ]: Started building task graph
12:55:06.519583 [info ]: Finished building task graph [  0.00s]
12:55:06.522460 [info ]: Started rendering (1 nodes)
12:55:06.522530 [info ]: Started model ANALYSTICS.stg_customers
12:55:06.522551 [debug]: Started rendering model ANALYSTICS.stg_customers
12:55:06.522606 [info ]: Finished loading project [  0.08s]
12:55:06.523409 [debug]: Compiled SQL for node model.banking_dbt.stg_customers at target\.lsp\compiled\banking_dbt\models\staging\stg_customers.sql
12:55:06.523529 [debug]: Finished rendering [  0.00s] model ANALYSTICS.stg_customers [success]
12:55:06.523575 [info ]: Finished rendering [  0.00s] (1 nodes, 0 skipped, 0 errors)
12:55:06.523625 [info ]: Started analyzing (1 nodes)
12:55:06.523655 [debug]: Started analyzing model ANALYSTICS.stg_customers
12:55:06.524539 [debug]: Finished analyzing [  0.00s] model ANALYSTICS.stg_customers [success]
12:55:06.524568 [info ]: Finished analyzing [  0.00s] (1 nodes, 0 skipped, 0 errors)
12:55:06.524596 [info ]:  Succeeded [-------] model ANALYSTICS.stg_customers (view)
12:55:06.528844 [info ]: Started scheduling
12:55:06.528896 [info ]: Finished scheduling [  0.00s]
12:55:06.529096 [info ]: Cached model count updated: 1 models (accurate)
12:55:06.804137 [debug]: License check failed: Feature not licensed: 'lineage'
12:55:38.248791 [debug]: License check failed: Feature not licensed: 'lineage'
12:55:54.120539 [debug]: License check failed: Feature not licensed: 'lineage'
12:56:08.645655 [info ]: Started loading project
12:56:08.646618 [info ]: Loading profiles.yml
12:56:08.729114 [info ]: Started loading project
12:56:08.731629 [info ]: Loading profiles.yml
12:56:08.734013 [info ]: Finished loading project [  0.09s]
12:56:08.766688 [debug]:    Started loading packages
12:56:08.777976 [debug]:     Loaded [  0.01s] packages
12:56:08.781249 [info ]: Finished loading project [  0.05s]
12:56:08.782027 [info ]: Started parsing
12:56:08.901640 [debug]: Finished parsing models/source.yml [  0.00s]
12:56:08.904177 [debug]: Finished parsing models/staging/stg_accounts.sql [  0.00s]
12:56:08.905627 [debug]: Finished parsing models/staging/stg_customers.sql [  0.00s]
12:56:09.254463 [warn ]: [UnusedResourceConfigPath (dbt1097)]: Configuration paths exist in your dbt_project.yml file which do not apply to any resources.
There are 1 unused configuration paths:
- models.banking_dbt.example
12:56:09.259012 [info ]: Cached model count updated: 2 models (estimate)
12:56:09.259056 [info ]: Cached model count updated: 2 models (accurate)
12:56:09.259100 [info ]: Started scheduling
12:56:09.259158 [info ]: Finished scheduling [  0.00s]
12:56:09.259195 [debug]: Compilation - 0 nodes selected: {}
12:56:09.259234 [warn ]: [NoNodesForSelectionCriteria (dbt1092)]: The selection criterion '' does not match any enabled nodes
12:56:09.259262 [warn ]: [NoNodesSelected (dbt1601)]: Nothing to do. Try checking your model configs and model specification args
12:56:09.259286 [info ]: Started scheduling
12:56:09.259367 [info ]: Finished scheduling [  0.00s]
12:56:09.264145 [debug]: Initializing schema store with entry: Frontier(CanonicalFqn { catalog: "BANKING", schema: "RAW", table: "CUSTOMERS" }) and interval: None
12:56:09.268432 [debug]: License check failed: Feature not licensed: 'lineage'
12:56:09.269224 [info ]: Started building task graph
12:56:09.269285 [info ]: Finished building task graph [  0.00s]
12:56:09.281603 [info ]: Started scheduling
12:56:09.281666 [info ]: Finished scheduling [  0.00s]
12:56:09.322213 [info ]: Cached model count updated: 2 models (accurate)
12:56:09.322559 [info ]: Finished parsing [  0.54s]
12:56:10.232297 [info ]: Started loading project
12:56:10.234936 [info ]: Loading profiles.yml
12:56:10.253253 [info ]: Started parsing
12:56:10.406067 [info ]: Finished loading project [  0.17s]
12:56:10.415029 [debug]: Finished parsing models/staging/stg_accounts.sql [  0.00s]
12:56:10.770422 [warn ]: [UnusedResourceConfigPath (dbt1097)]: Configuration paths exist in your dbt_project.yml file which do not apply to any resources.
There are 1 unused configuration paths:
- models.banking_dbt.example
12:56:10.781133 [info ]: Cached model count updated: 2 models (estimate)
12:56:10.781202 [info ]: Cached model count updated: 2 models (accurate)
12:56:10.781298 [info ]: Started scheduling
12:56:10.782716 [info ]: Finished scheduling [  0.00s]
12:56:10.782781 [debug]: Compilation - 1 nodes selected: {"model.banking_dbt.stg_accounts"}
12:56:10.785956 [debug]: License check failed: Feature not licensed: 'lineage'
12:56:10.787001 [info ]: Started building task graph
12:56:10.787137 [info ]: Finished building task graph [  0.00s]
12:56:10.790824 [info ]: Started rendering (1 nodes)
12:56:10.790885 [info ]: Started model ANALYSTICS.stg_accounts
12:56:10.790926 [debug]: Started rendering model ANALYSTICS.stg_accounts
12:56:10.791059 [info ]: Finished parsing [  0.54s]
12:56:10.800553 [debug]: Compiled SQL for node model.banking_dbt.stg_accounts at target\.lsp\compiled\banking_dbt\models\staging\stg_accounts.sql
12:56:10.801120 [debug]: Finished rendering [  0.01s] model ANALYSTICS.stg_accounts [success]
12:56:10.801188 [info ]: Finished rendering [  0.01s] (1 nodes, 0 skipped, 0 errors)
12:56:10.801247 [info ]: Started analyzing (1 nodes)
12:56:10.801295 [debug]: Started analyzing model ANALYSTICS.stg_accounts
12:56:10.802591 [debug]: Finished analyzing [  0.00s] model ANALYSTICS.stg_accounts [success]
12:56:10.802654 [info ]: Finished analyzing [  0.00s] (1 nodes, 0 skipped, 0 errors)
12:56:10.802668 [info ]:  Succeeded [  0.01s] model ANALYSTICS.stg_accounts (view)
12:56:10.808921 [info ]: Started scheduling
12:56:10.809066 [info ]: Finished scheduling [  0.00s]
12:56:10.812383 [info ]: Cached model count updated: 2 models (accurate)
12:56:11.498311 [debug]: License check failed: Feature not licensed: 'lineage'
12:56:12.525073 [info ]: Started loading project
12:56:12.527364 [info ]: Loading profiles.yml
12:56:12.672249 [info ]: Cached model count updated: 2 models (estimate)
12:56:12.672303 [info ]: Cached model count updated: 2 models (accurate)
12:56:12.672383 [info ]: Started scheduling
12:56:12.672973 [info ]: Finished scheduling [  0.00s]
12:56:12.673017 [debug]: Compilation - 2 nodes selected: {"model.banking_dbt.stg_accounts", "model.banking_dbt.stg_customers"}
12:56:12.677932 [debug]: License check failed: Feature not licensed: 'lineage'
12:56:12.680308 [info ]: Started building task graph
12:56:12.680477 [info ]: Finished building task graph [  0.00s]
12:56:12.685414 [info ]: Started rendering (2 nodes)
12:56:12.685482 [info ]: Started model ANALYSTICS.stg_customers
12:56:12.685519 [debug]: Started rendering model ANALYSTICS.stg_customers
12:56:12.685581 [info ]: Started model ANALYSTICS.stg_accounts
12:56:12.685628 [debug]: Started rendering model ANALYSTICS.stg_accounts
12:56:12.685682 [info ]: Finished loading project [  0.16s]
12:56:12.686515 [debug]: Compiled SQL for node model.banking_dbt.stg_accounts at target\.lsp\compiled\banking_dbt\models\staging\stg_accounts.sql
12:56:12.686728 [debug]: Finished rendering [  0.00s] model ANALYSTICS.stg_accounts [success]
12:56:12.686808 [info ]: Started analyzing (2 nodes)
12:56:12.686846 [debug]: Started analyzing model ANALYSTICS.stg_accounts
12:56:12.689199 [debug]: Finished analyzing [  0.00s] model ANALYSTICS.stg_accounts [success]
12:56:12.689260 [info ]:  Succeeded [  0.00s] model ANALYSTICS.stg_accounts (view)
12:56:12.689945 [debug]: Compiled SQL for node model.banking_dbt.stg_customers at target\.lsp\compiled\banking_dbt\models\staging\stg_customers.sql
12:56:12.690257 [debug]: Finished rendering [  0.00s] model ANALYSTICS.stg_customers [success]
12:56:12.690324 [info ]: Finished rendering [  0.00s] (2 nodes, 0 skipped, 0 errors)
12:56:12.690371 [debug]: Started analyzing model ANALYSTICS.stg_customers
12:56:12.693222 [debug]: Finished analyzing [  0.00s] model ANALYSTICS.stg_customers [success]
12:56:12.693281 [info ]: Finished analyzing [  0.01s] (2 nodes, 0 skipped, 0 errors)
12:56:12.693308 [info ]:  Succeeded [  0.01s] model ANALYSTICS.stg_customers (view)
12:56:12.706085 [info ]: Started scheduling
12:56:12.706251 [info ]: Finished scheduling [  0.00s]
12:56:12.706907 [info ]: Cached model count updated: 2 models (accurate)
12:56:12.982079 [debug]: License check failed: Feature not licensed: 'lineage'
12:56:37.223509 [debug]: License check failed: Feature not licensed: 'lineage'
12:56:41.113644 [info ]: Started loading project
12:56:41.114614 [info ]: Loading profiles.yml
12:56:41.127496 [info ]: Started parsing
12:56:41.244183 [info ]: Finished loading project [  0.13s]
12:56:41.247439 [debug]: Finished parsing models/staging/stg_accounts.sql [  0.00s]
12:56:41.556631 [warn ]: [UnusedResourceConfigPath (dbt1097)]: Configuration paths exist in your dbt_project.yml file which do not apply to any resources.
There are 1 unused configuration paths:
- models.banking_dbt.example
12:56:41.561456 [info ]: Cached model count updated: 2 models (estimate)
12:56:41.561484 [info ]: Cached model count updated: 2 models (accurate)
12:56:41.561514 [info ]: Started scheduling
12:56:41.561591 [info ]: Finished scheduling [  0.00s]
12:56:41.561617 [debug]: Compilation - 1 nodes selected: {"model.banking_dbt.stg_accounts"}
12:56:41.562803 [debug]: License check failed: Feature not licensed: 'lineage'
12:56:41.563726 [info ]: Started building task graph
12:56:41.563799 [info ]: Finished building task graph [  0.00s]
12:56:41.566397 [info ]: Started rendering (1 nodes)
12:56:41.566432 [info ]: Started model ANALYSTICS.stg_accounts
12:56:41.566449 [debug]: Started rendering model ANALYSTICS.stg_accounts
12:56:41.566517 [info ]: Finished parsing [  0.44s]
12:56:41.569770 [debug]: Compiled SQL for node model.banking_dbt.stg_accounts at target\.lsp\compiled\banking_dbt\models\staging\stg_accounts.sql
12:56:41.570036 [debug]: Finished rendering [  0.00s] model ANALYSTICS.stg_accounts [success]
12:56:41.570087 [info ]: Finished rendering [  0.00s] (1 nodes, 0 skipped, 0 errors)
12:56:41.570126 [info ]: Started analyzing (1 nodes)
12:56:41.570147 [debug]: Started analyzing model ANALYSTICS.stg_accounts
12:56:41.573280 [debug]: Finished analyzing [  0.00s] model ANALYSTICS.stg_accounts [success]
12:56:41.573324 [info ]: Finished analyzing [  0.00s] (1 nodes, 0 skipped, 0 errors)
12:56:41.573338 [info ]:  Succeeded [  0.01s] model ANALYSTICS.stg_accounts (view)
12:56:41.579386 [info ]: Started scheduling
12:56:41.579515 [info ]: Finished scheduling [  0.00s]
12:56:41.582131 [info ]: Cached model count updated: 2 models (accurate)
12:56:43.338680 [info ]: Started loading project
12:56:43.340298 [info ]: Loading profiles.yml
12:56:43.411649 [info ]: Cached model count updated: 2 models (estimate)
12:56:43.411682 [info ]: Cached model count updated: 2 models (accurate)
12:56:43.411715 [info ]: Started scheduling
12:56:43.411806 [info ]: Finished scheduling [  0.00s]
12:56:43.411891 [debug]: Compilation - 2 nodes selected: {"model.banking_dbt.stg_accounts", "model.banking_dbt.stg_customers"}
12:56:43.413282 [debug]: License check failed: Feature not licensed: 'lineage'
12:56:43.413786 [info ]: Started building task graph
12:56:43.413852 [info ]: Finished building task graph [  0.00s]
12:56:43.416657 [info ]: Started rendering (2 nodes)
12:56:43.416698 [info ]: Started model ANALYSTICS.stg_customers
12:56:43.416716 [debug]: Started rendering model ANALYSTICS.stg_customers
12:56:43.416755 [info ]: Started model ANALYSTICS.stg_accounts
12:56:43.416778 [debug]: Started rendering model ANALYSTICS.stg_accounts
12:56:43.416823 [info ]: Finished loading project [  0.08s]
12:56:43.417702 [debug]: Compiled SQL for node model.banking_dbt.stg_customers at target\.lsp\compiled\banking_dbt\models\staging\stg_customers.sql
12:56:43.417702 [debug]: Compiled SQL for node model.banking_dbt.stg_accounts at target\.lsp\compiled\banking_dbt\models\staging\stg_accounts.sql
12:56:43.417852 [debug]: Finished rendering [  0.00s] model ANALYSTICS.stg_accounts [success]
12:56:43.417921 [info ]: Started analyzing (2 nodes)
12:56:43.417954 [debug]: Started analyzing model ANALYSTICS.stg_accounts
12:56:43.418023 [debug]: Finished rendering [  0.00s] model ANALYSTICS.stg_customers [success]
12:56:43.418048 [info ]: Finished rendering [  0.00s] (2 nodes, 0 skipped, 0 errors)
12:56:43.418153 [debug]: Started analyzing model ANALYSTICS.stg_customers
12:56:43.419022 [debug]: Finished analyzing [  0.00s] model ANALYSTICS.stg_accounts [success]
12:56:43.419060 [info ]:  Succeeded [  0.00s] model ANALYSTICS.stg_accounts (view)
12:56:43.419626 [debug]: Finished analyzing [  0.00s] model ANALYSTICS.stg_customers [success]
12:56:43.419675 [info ]: Finished analyzing [  0.00s] (2 nodes, 0 skipped, 0 errors)
12:56:43.419705 [info ]:  Succeeded [  0.00s] model ANALYSTICS.stg_customers (view)
12:56:43.426040 [info ]: Started scheduling
12:56:43.426141 [info ]: Finished scheduling [  0.00s]
12:56:43.426495 [info ]: Cached model count updated: 2 models (accurate)
12:56:43.698460 [debug]: License check failed: Feature not licensed: 'lineage'
12:56:56.290643 [debug]: License check failed: Feature not licensed: 'lineage'
12:57:08.955607 [info ]: Started loading project
12:57:08.959350 [info ]: Loading profiles.yml
12:57:08.996103 [info ]: Started loading project
12:57:09.000986 [info ]: Loading profiles.yml
12:57:09.003507 [info ]: Finished loading project [  0.05s]
12:57:09.029165 [debug]:    Started loading packages
12:57:09.038052 [debug]:     Loaded [  0.01s] packages
12:57:09.040367 [info ]: Finished loading project [  0.04s]
12:57:09.040980 [info ]: Started parsing
12:57:09.144754 [debug]: Finished parsing models/source.yml [  0.00s]
12:57:09.149421 [debug]: Finished parsing models/staging/stg_accounts.sql [  0.00s]
12:57:09.151193 [debug]: Finished parsing models/staging/stg_customers.sql [  0.00s]
12:57:09.152354 [debug]: Finished parsing models/staging/stg_transactions.sql [  0.00s]
12:57:09.501382 [warn ]: [UnusedResourceConfigPath (dbt1097)]: Configuration paths exist in your dbt_project.yml file which do not apply to any resources.
There are 1 unused configuration paths:
- models.banking_dbt.example
12:57:09.505904 [info ]: Cached model count updated: 3 models (estimate)
12:57:09.505962 [info ]: Cached model count updated: 3 models (accurate)
12:57:09.506010 [info ]: Started scheduling
12:57:09.506082 [info ]: Finished scheduling [  0.00s]
12:57:09.506122 [debug]: Compilation - 0 nodes selected: {}
12:57:09.506175 [warn ]: [NoNodesForSelectionCriteria (dbt1092)]: The selection criterion '' does not match any enabled nodes
12:57:09.506215 [warn ]: [NoNodesSelected (dbt1601)]: Nothing to do. Try checking your model configs and model specification args
12:57:09.506240 [info ]: Started scheduling
12:57:09.506340 [info ]: Finished scheduling [  0.00s]
12:57:09.506421 [debug]: Initializing schema store with entry: Frontier(CanonicalFqn { catalog: "BANKING", schema: "RAW", table: "CUSTOMERS" }) and interval: None
12:57:09.506547 [debug]: Initializing schema store with entry: Frontier(CanonicalFqn { catalog: "BANKING", schema: "RAW", table: "ACCOUNTS" }) and interval: None
12:57:09.509908 [debug]: License check failed: Feature not licensed: 'lineage'
12:57:09.510899 [info ]: Started building task graph
12:57:09.510968 [info ]: Finished building task graph [  0.00s]
12:57:09.523902 [info ]: Started scheduling
12:57:09.524015 [info ]: Finished scheduling [  0.00s]
12:57:09.528666 [info ]: Cached model count updated: 3 models (accurate)
12:57:09.528801 [info ]: Finished parsing [  0.49s]
12:57:10.586127 [info ]: Started loading project
12:57:10.587148 [info ]: Loading profiles.yml
12:57:10.598454 [info ]: Started parsing
12:57:10.673923 [info ]: Finished loading project [  0.09s]
12:57:10.677873 [debug]: Finished parsing models/staging/stg_transactions.sql [  0.00s]
12:57:10.933708 [warn ]: [UnusedResourceConfigPath (dbt1097)]: Configuration paths exist in your dbt_project.yml file which do not apply to any resources.
There are 1 unused configuration paths:
- models.banking_dbt.example
12:57:10.938541 [info ]: Cached model count updated: 3 models (estimate)
12:57:10.938566 [info ]: Cached model count updated: 3 models (accurate)
12:57:10.938599 [info ]: Started scheduling
12:57:10.938706 [info ]: Finished scheduling [  0.00s]
12:57:10.938733 [debug]: Compilation - 1 nodes selected: {"model.banking_dbt.stg_transactions"}
12:57:10.939912 [debug]: License check failed: Feature not licensed: 'lineage'
12:57:10.940269 [info ]: Started building task graph
12:57:10.940321 [info ]: Finished building task graph [  0.00s]
12:57:10.942951 [info ]: Started rendering (1 nodes)
12:57:10.942987 [info ]: Started model ANALYSTICS.stg_transactions
12:57:10.943003 [debug]: Started rendering model ANALYSTICS.stg_transactions
12:57:10.943066 [info ]: Finished parsing [  0.34s]
12:57:10.946224 [debug]: Compiled SQL for node model.banking_dbt.stg_transactions at target\.lsp\compiled\banking_dbt\models\staging\stg_transactions.sql
12:57:10.946420 [debug]: Finished rendering [  0.00s] model ANALYSTICS.stg_transactions [success]
12:57:10.946462 [info ]: Finished rendering [  0.00s] (1 nodes, 0 skipped, 0 errors)
12:57:10.946505 [info ]: Started analyzing (1 nodes)
12:57:10.946547 [debug]: Started analyzing model ANALYSTICS.stg_transactions
12:57:10.947389 [debug]: Finished analyzing [  0.00s] model ANALYSTICS.stg_transactions [success]
12:57:10.947418 [info ]: Finished analyzing [  0.00s] (1 nodes, 0 skipped, 0 errors)
12:57:10.947430 [info ]:  Succeeded [  0.00s] model ANALYSTICS.stg_transactions (view)
12:57:10.952119 [info ]: Started scheduling
12:57:10.952220 [info ]: Finished scheduling [  0.00s]
12:57:10.953755 [info ]: Cached model count updated: 3 models (accurate)
12:57:11.217264 [debug]: License check failed: Feature not licensed: 'lineage'
12:57:12.227399 [info ]: Started loading project
12:57:12.228691 [info ]: Loading profiles.yml
12:57:12.291316 [info ]: Finished loading project [  0.06s]
12:57:12.292555 [info ]: Cached model count updated: 3 models (accurate)
12:57:12.352717 [info ]: Started scheduling
12:57:12.352866 [info ]: Finished scheduling [  0.00s]
12:57:12.354903 [debug]: License check failed: Feature not licensed: 'lineage'
12:57:12.355473 [info ]: Started building task graph
12:57:12.355557 [info ]: Finished building task graph [  0.00s]
12:57:12.359404 [info ]: Started rendering (1 nodes)
12:57:12.359472 [info ]: Started model ANALYSTICS.stg_transactions
12:57:12.359499 [debug]: Started rendering model ANALYSTICS.stg_transactions
12:57:12.360493 [debug]: Compiled SQL for node model.banking_dbt.stg_transactions at target\.lsp\compiled\banking_dbt\models\staging\stg_transactions.sql
12:57:12.360634 [debug]: Finished rendering [  0.00s] model ANALYSTICS.stg_transactions [success]
12:57:12.360669 [info ]: Finished rendering [  0.00s] (1 nodes, 0 skipped, 0 errors)
12:57:12.360710 [info ]: Started analyzing (1 nodes)
12:57:12.360722 [debug]: Started analyzing model ANALYSTICS.stg_transactions
12:57:12.361576 [debug]: Finished analyzing [  0.00s] model ANALYSTICS.stg_transactions [success]
12:57:12.361613 [info ]: Finished analyzing [  0.00s] (1 nodes, 0 skipped, 0 errors)
12:57:12.361663 [info ]: Started running (1 nodes)
12:57:12.361682 [info ]: Started running model ANALYSTICS.stg_transactions
12:57:12.561124 [debug]: License check failed: Feature not licensed: 'lineage'
12:57:14.774845 [debug]: Query executed on node unknown:

  
  

SELECT
    v:id::string                 AS transaction_id,
    v:account_id::string         AS account_id,
    v:amount::float              AS amount,
    v:txn_type::string           AS transaction_type,
    v:related_account_id::string AS related_account_id,
    v:status::string             AS status,
    v:created_at::timestamp      AS transaction_time,
    CURRENT_TIMESTAMP            AS load_timestamp
FROM BANKING.RAW.transactions
  
  limit 1000

12:57:14.842898 [info ]: Query show_model_banking_dbt_stg_transactions
┌────────────────┬────────────┬────────┬──────────────────┬────────────────────┬───────────┬────────────────────────────┬──────────────────────────┐
│ TRANSACTION_ID ┆ ACCOUNT_ID ┆ AMOUNT ┆ TRANSACTION_TYPE ┆ RELATED_ACCOUNT_ID ┆ STATUS    ┆ TRANSACTION_TIME           ┆ LOAD_TIMESTAMP           │
╞════════════════╪════════════╪════════╪══════════════════╪════════════════════╪═══════════╪════════════════════════════╪══════════════════════════╡
│ 3              ┆ 7          ┆ 805.19 ┆ DEPOSIT          ┆                    ┆ COMPLETED ┆ 2026-07-22T05:22:54.203408 ┆ 2026-08-10T12:57:12.733Z │
│ 12             ┆ 1          ┆ 451.44 ┆ DEPOSIT          ┆                    ┆ COMPLETED ┆ 2026-07-22T05:22:54.242391 ┆ 2026-08-10T12:57:12.733Z │
│ 19             ┆ 11         ┆ 690.53 ┆ TRANSFER         ┆ 13                 ┆ COMPLETED ┆ 2026-07-22T05:22:54.273912 ┆ 2026-08-10T12:57:12.733Z │
│ 27             ┆ 2          ┆ 367.44 ┆ DEPOSIT          ┆                    ┆ COMPLETED ┆ 2026-07-22T05:22:54.306783 ┆ 2026-08-10T12:57:12.733Z │
│ 35             ┆ 9          ┆ 704.72 ┆ DEPOSIT          ┆                    ┆ COMPLETED ┆ 2026-07-22T05:22:54.340306 ┆ 2026-08-10T12:57:12.733Z │
│ 43             ┆ 2          ┆ 375.97 ┆ TRANSFER         ┆ 6                  ┆ COMPLETED ┆ 2026-07-22T05:22:54.378047 ┆ 2026-08-10T12:57:12.733Z │
│ 51             ┆ 33         ┆ 623.08 ┆ DEPOSIT          ┆                    ┆ COMPLETED ┆ 2026-07-22T05:23:25.405518 ┆ 2026-08-10T12:57:12.733Z │
│ 58             ┆ 34         ┆ 431.23 ┆ TRANSFER         ┆ 33                 ┆ COMPLETED ┆ 2026-07-22T05:23:25.437476 ┆ 2026-08-10T12:57:12.733Z │
│ 66             ┆ 37         ┆ 83.58  ┆ WITHDRAWAL       ┆                    ┆ COMPLETED ┆ 2026-07-22T05:23:25.471643 ┆ 2026-08-10T12:57:12.733Z │
│ 75             ┆ 32         ┆ 668.43 ┆ DEPOSIT          ┆                    ┆ COMPLETED ┆ 2026-07-22T05:23:25.507394 ┆ 2026-08-10T12:57:12.733Z │
│ 83             ┆ 31         ┆ 377.61 ┆ DEPOSIT          ┆                    ┆ COMPLETED ┆ 2026-07-22T05:23:25.540517 ┆ 2026-08-10T12:57:12.733Z │
│ 109            ┆ 47         ┆ 213.36 ┆ WITHDRAWAL       ┆                    ┆ COMPLETED ┆ 2026-07-22T05:23:36.773598 ┆ 2026-08-10T12:57:12.733Z │
│ 115            ┆ 42         ┆ 526.33 ┆ TRANSFER         ┆ 58                 ┆ COMPLETED ┆ 2026-07-22T05:23:36.796985 ┆ 2026-08-10T12:57:12.733Z │
│ 123            ┆ 41         ┆ 548.03 ┆ WITHDRAWAL       ┆                    ┆ COMPLETED ┆ 2026-07-22T05:23:36.828327 ┆ 2026-08-10T12:57:12.733Z │
│ 131            ┆ 53         ┆ 600.16 ┆ DEPOSIT          ┆                    ┆ COMPLETED ┆ 2026-07-22T05:23:36.862096 ┆ 2026-08-10T12:57:12.733Z │
│ 138            ┆ 43         ┆ 581.48 ┆ DEPOSIT          ┆                    ┆ COMPLETED ┆ 2026-07-22T05:23:36.890687 ┆ 2026-08-10T12:57:12.733Z │
│ 146            ┆ 60         ┆ 342.08 ┆ TRANSFER         ┆ 52                 ┆ COMPLETED ┆ 2026-07-22T05:23:36.923201 ┆ 2026-08-10T12:57:12.733Z │
│ 154            ┆ 71         ┆ 270.78 ┆ WITHDRAWAL       ┆                    ┆ COMPLETED ┆ 2026-07-22T05:23:40.955847 ┆ 2026-08-10T12:57:12.733Z │
│ 162            ┆ 80         ┆ 78.5   ┆ WITHDRAWAL       ┆                    ┆ COMPLETED ┆ 2026-07-22T05:23:40.989718 ┆ 2026-08-10T12:57:12.733Z │
│ 170            ┆ 66         ┆ 913.71 ┆ DEPOSIT          ┆                    ┆ COMPLETED ┆ 2026-07-22T05:23:41.021970 ┆ 2026-08-10T12:57:12.733Z │
│ 178            ┆ 69         ┆ 5.96   ┆ WITHDRAWAL       ┆                    ┆ COMPLETED ┆ 2026-07-22T05:23:41.055348 ┆ 2026-08-10T12:57:12.733Z │
│ 186            ┆ 69         ┆ 740.03 ┆ WITHDRAWAL       ┆                    ┆ COMPLETED ┆ 2026-07-22T05:23:41.085957 ┆ 2026-08-10T12:57:12.733Z │
│ 195            ┆ 69         ┆ 592.7  ┆ DEPOSIT          ┆                    ┆ COMPLETED ┆ 2026-07-22T05:23:41.118284 ┆ 2026-08-10T12:57:12.733Z │
│ 201            ┆ 92         ┆ 711.64 ┆ WITHDRAWAL       ┆                    ┆ COMPLETED ┆ 2026-07-22T05:23:44.770574 ┆ 2026-08-10T12:57:12.733Z │
│ 209            ┆ 81         ┆ 730.5  ┆ WITHDRAWAL       ┆                    ┆ COMPLETED ┆ 2026-07-22T05:23:44.808536 ┆ 2026-08-10T12:57:12.733Z │
│ 216            ┆ 82         ┆ 432.92 ┆ DEPOSIT          ┆                    ┆ COMPLETED ┆ 2026-07-22T05:23:44.837183 ┆ 2026-08-10T12:57:12.733Z │
│ 225            ┆ 94         ┆ 636.52 ┆ DEPOSIT          ┆                    ┆ COMPLETED ┆ 2026-07-22T05:23:44.876884 ┆ 2026-08-10T12:57:12.733Z │
│ 232            ┆ 88         ┆ 427.92 ┆ WITHDRAWAL       ┆                    ┆ COMPLETED ┆ 2026-07-22T05:23:44.910233 ┆ 2026-08-10T12:57:12.733Z │
│ 239            ┆ 93         ┆ 725.43 ┆ DEPOSIT          ┆                    ┆ COMPLETED ┆ 2026-07-22T05:23:44.940555 ┆ 2026-08-10T12:57:12.733Z │
│ 248            ┆ 91         ┆ 39.16  ┆ DEPOSIT          ┆                    ┆ COMPLETED ┆ 2026-07-22T05:23:44.978841 ┆ 2026-08-10T12:57:12.733Z │
│ 256            ┆ 115        ┆ 342.81 ┆ WITHDRAWAL       ┆                    ┆ COMPLETED ┆ 2026-07-22T05:23:48.379832 ┆ 2026-08-10T12:57:12.733Z │
│ 263            ┆ 117        ┆ 162.9  ┆ DEPOSIT          ┆                    ┆ COMPLETED ┆ 2026-07-22T05:23:48.417627 ┆ 2026-08-10T12:57:12.733Z │
│ 272            ┆ 120        ┆ 313.54 ┆ DEPOSIT          ┆                    ┆ COMPLETED ┆ 2026-07-22T05:23:48.466539 ┆ 2026-08-10T12:57:12.733Z │
│ 279            ┆ 101        ┆ 121.51 ┆ DEPOSIT          ┆                    ┆ COMPLETED ┆ 2026-07-22T05:23:48.519092 ┆ 2026-08-10T12:57:12.733Z │
│ 287            ┆ 119        ┆ 69.42  ┆ WITHDRAWAL       ┆                    ┆ COMPLETED ┆ 2026-07-22T05:23:48.570580 ┆ 2026-08-10T12:57:12.733Z │
│ 295            ┆ 102        ┆ 620.29 ┆ DEPOSIT          ┆                    ┆ COMPLETED ┆ 2026-07-22T05:23:48.614326 ┆ 2026-08-10T12:57:12.733Z │
│ 303            ┆ 121        ┆ 880.2  ┆ WITHDRAWAL       ┆                    ┆ COMPLETED ┆ 2026-07-22T05:30:16.831256 ┆ 2026-08-10T12:57:12.733Z │
│ 311            ┆ 132        ┆ 747.81 ┆ DEPOSIT          ┆                    ┆ COMPLETED ┆ 2026-07-22T05:30:16.846718 ┆ 2026-08-10T12:57:12.733Z │
│ 319            ┆ 129        ┆ 262.62 ┆ WITHDRAWAL       ┆                    ┆ COMPLETED ┆ 2026-07-22T05:30:16.861926 ┆ 2026-08-10T12:57:12.733Z │
│ 327            ┆ 128        ┆ 888.07 ┆ WITHDRAWAL       ┆                    ┆ COMPLETED ┆ 2026-07-22T05:30:16.878338 ┆ 2026-08-10T12:57:12.733Z │
│ 338            ┆ 131        ┆ 122.36 ┆ WITHDRAWAL       ┆                    ┆ COMPLETED ┆ 2026-07-22T05:30:16.897755 ┆ 2026-08-10T12:57:12.733Z │
│ 346            ┆ 131        ┆ 675.42 ┆ TRANSFER         ┆ 137                ┆ COMPLETED ┆ 2026-07-22T05:30:16.913097 ┆ 2026-08-10T12:57:12.733Z │
│ 354            ┆ 150        ┆ 491.71 ┆ WITHDRAWAL       ┆                    ┆ COMPLETED ┆ 2026-07-22T05:34:39.000467 ┆ 2026-08-10T12:57:12.733Z │
│ 361            ┆ 150        ┆ 348.45 ┆ DEPOSIT          ┆                    ┆ COMPLETED ┆ 2026-07-22T05:34:39.021243 ┆ 2026-08-10T12:57:12.733Z │
│ 367            ┆ 152        ┆ 367.27 ┆ WITHDRAWAL       ┆                    ┆ COMPLETED ┆ 2026-07-22T05:34:39.041494 ┆ 2026-08-10T12:57:12.733Z │
│ 376            ┆ 158        ┆ 836.93 ┆ DEPOSIT          ┆                    ┆ COMPLETED ┆ 2026-07-22T05:34:39.075408 ┆ 2026-08-10T12:57:12.733Z │
│ 384            ┆ 145        ┆ 652.09 ┆ TRANSFER         ┆ 156                ┆ COMPLETED ┆ 2026-07-22T05:34:39.105764 ┆ 2026-08-10T12:57:12.733Z │
│ 398            ┆ 160        ┆ 596.91 ┆ DEPOSIT          ┆                    ┆ COMPLETED ┆ 2026-07-22T05:34:39.154660 ┆ 2026-08-10T12:57:12.733Z │
│ 7              ┆ 11         ┆ 546.79 ┆ DEPOSIT          ┆                    ┆ COMPLETED ┆ 2026-07-22T05:22:54.220840 ┆ 2026-08-10T12:57:12.733Z │
│ 10             ┆ 18         ┆ 453.91 ┆ DEPOSIT          ┆                    ┆ COMPLETED ┆ 2026-07-22T05:22:54.233858 ┆ 2026-08-10T12:57:12.733Z │
│ 15             ┆ 14         ┆ 722.57 ┆ DEPOSIT          ┆                    ┆ COMPLETED ┆ 2026-07-22T05:22:54.255938 ┆ 2026-08-10T12:57:12.733Z │
│ 26             ┆ 3          ┆ 344.6  ┆ TRANSFER         ┆ 6                  ┆ COMPLETED ┆ 2026-07-22T05:22:54.302909 ┆ 2026-08-10T12:57:12.733Z │
│ 34             ┆ 14         ┆ 548.66 ┆ WITHDRAWAL       ┆                    ┆ COMPLETED ┆ 2026-07-22T05:22:54.336310 ┆ 2026-08-10T12:57:12.733Z │
│ 42             ┆ 9          ┆ 911.81 ┆ WITHDRAWAL       ┆                    ┆ COMPLETED ┆ 2026-07-22T05:22:54.372488 ┆ 2026-08-10T12:57:12.733Z │
│ 50             ┆ 7          ┆ 719.63 ┆ DEPOSIT          ┆                    ┆ COMPLETED ┆ 2026-07-22T05:22:54.411179 ┆ 2026-08-10T12:57:12.733Z │
│ 59             ┆ 39         ┆ 276.84 ┆ TRANSFER         ┆ 24                 ┆ COMPLETED ┆ 2026-07-22T05:23:25.442540 ┆ 2026-08-10T12:57:12.733Z │
│ 67             ┆ 37         ┆ 102.71 ┆ DEPOSIT          ┆                    ┆ COMPLETED ┆ 2026-07-22T05:23:25.475922 ┆ 2026-08-10T12:57:12.733Z │
│ 74             ┆ 31         ┆ 34.61  ┆ DEPOSIT          ┆                    ┆ COMPLETED ┆ 2026-07-22T05:23:25.503829 ┆ 2026-08-10T12:57:12.733Z │
│ 82             ┆ 28         ┆ 711.18 ┆ DEPOSIT          ┆                    ┆ COMPLETED ┆ 2026-07-22T05:23:25.536799 ┆ 2026-08-10T12:57:12.733Z │
│ 89             ┆ 37         ┆ 789.69 ┆ TRANSFER         ┆ 28                 ┆ COMPLETED ┆ 2026-07-22T05:23:25.562646 ┆ 2026-08-10T12:57:12.733Z │
│ 96             ┆ 27         ┆ 440.46 ┆ DEPOSIT          ┆                    ┆ COMPLETED ┆ 2026-07-22T05:23:25.588942 ┆ 2026-08-10T12:57:12.733Z │
│ 103            ┆ 47         ┆ 165.67 ┆ TRANSFER         ┆ 60                 ┆ COMPLETED ┆ 2026-07-22T05:23:36.719650 ┆ 2026-08-10T12:57:12.733Z │
│ 110            ┆ 43         ┆ 321.35 ┆ TRANSFER         ┆ 56                 ┆ COMPLETED ┆ 2026-07-22T05:23:36.777995 ┆ 2026-08-10T12:57:12.733Z │
│ 118            ┆ 50         ┆ 266.72 ┆ TRANSFER         ┆ 48                 ┆ COMPLETED ┆ 2026-07-22T05:23:36.808832 ┆ 2026-08-10T12:57:12.733Z │
│ 126            ┆ 43         ┆ 290.32 ┆ DEPOSIT          ┆                    ┆ COMPLETED ┆ 2026-07-22T05:23:36.840374 ┆ 2026-08-10T12:57:12.733Z │
│ 132            ┆ 54         ┆ 379.18 ┆ DEPOSIT          ┆                    ┆ COMPLETED ┆ 2026-07-22T05:23:36.866479 ┆ 2026-08-10T12:57:12.733Z │
│ 141            ┆ 49         ┆ 471.18 ┆ DEPOSIT          ┆                    ┆ COMPLETED ┆ 2026-07-22T05:23:36.903219 ┆ 2026-08-10T12:57:12.733Z │
│ 149            ┆ 41         ┆ 645.78 ┆ DEPOSIT          ┆                    ┆ COMPLETED ┆ 2026-07-22T05:23:36.935499 ┆ 2026-08-10T12:57:12.733Z │
│ 156            ┆ 67         ┆ 62.2   ┆ DEPOSIT          ┆                    ┆ COMPLETED ┆ 2026-07-22T05:23:40.964635 ┆ 2026-08-10T12:57:12.733Z │
│ 164            ┆ 64         ┆ 119.32 ┆ TRANSFER         ┆ 63                 ┆ COMPLETED ┆ 2026-07-22T05:23:40.998810 ┆ 2026-08-10T12:57:12.733Z │
│ 174            ┆ 72         ┆ 888.7  ┆ TRANSFER         ┆ 79                 ┆ COMPLETED ┆ 2026-07-22T05:23:41.039474 ┆ 2026-08-10T12:57:12.733Z │
│ 182            ┆ 65         ┆ 968.03 ┆ WITHDRAWAL       ┆                    ┆ COMPLETED ┆ 2026-07-22T05:23:41.070116 ┆ 2026-08-10T12:57:12.733Z │
│ 193            ┆ 79         ┆ 308.58 ┆ WITHDRAWAL       ┆                    ┆ COMPLETED ┆ 2026-07-22T05:23:41.111803 ┆ 2026-08-10T12:57:12.733Z │
│ 202            ┆ 100        ┆ 685.24 ┆ DEPOSIT          ┆                    ┆ COMPLETED ┆ 2026-07-22T05:23:44.778666 ┆ 2026-08-10T12:57:12.733Z │
│ 208            ┆ 82         ┆ 76.12  ┆ DEPOSIT          ┆                    ┆ COMPLETED ┆ 2026-07-22T05:23:44.804670 ┆ 2026-08-10T12:57:12.733Z │
│ 217            ┆ 91         ┆ 661.1  ┆ TRANSFER         ┆ 83                 ┆ COMPLETED ┆ 2026-07-22T05:23:44.840999 ┆ 2026-08-10T12:57:12.733Z │
│ 224            ┆ 86         ┆ 706.48 ┆ TRANSFER         ┆ 92                 ┆ COMPLETED ┆ 2026-07-22T05:23:44.871968 ┆ 2026-08-10T12:57:12.733Z │
│ 233            ┆ 99         ┆ 499.09 ┆ TRANSFER         ┆ 83                 ┆ COMPLETED ┆ 2026-07-22T05:23:44.914696 ┆ 2026-08-10T12:57:12.733Z │
│ 240            ┆ 89         ┆ 686.32 ┆ DEPOSIT          ┆                    ┆ COMPLETED ┆ 2026-07-22T05:23:44.944704 ┆ 2026-08-10T12:57:12.733Z │
│ 247            ┆ 93         ┆ 846.04 ┆ DEPOSIT          ┆                    ┆ COMPLETED ┆ 2026-07-22T05:23:44.974490 ┆ 2026-08-10T12:57:12.733Z │
│ 255            ┆ 104        ┆ 244.08 ┆ DEPOSIT          ┆                    ┆ COMPLETED ┆ 2026-07-22T05:23:48.375054 ┆ 2026-08-10T12:57:12.733Z │
│ 266            ┆ 103        ┆ 371.89 ┆ DEPOSIT          ┆                    ┆ COMPLETED ┆ 2026-07-22T05:23:48.436093 ┆ 2026-08-10T12:57:12.733Z │
│ 273            ┆ 110        ┆ 179.5  ┆ DEPOSIT          ┆                    ┆ COMPLETED ┆ 2026-07-22T05:23:48.470909 ┆ 2026-08-10T12:57:12.733Z │
│ 281            ┆ 114        ┆ 987.64 ┆ TRANSFER         ┆ 101                ┆ COMPLETED ┆ 2026-07-22T05:23:48.534709 ┆ 2026-08-10T12:57:12.733Z │
│ 290            ┆ 113        ┆ 829.06 ┆ DEPOSIT          ┆                    ┆ COMPLETED ┆ 2026-07-22T05:23:48.585228 ┆ 2026-08-10T12:57:12.733Z │
│ 298            ┆ 108        ┆ 537.54 ┆ TRANSFER         ┆ 106                ┆ COMPLETED ┆ 2026-07-22T05:23:48.627995 ┆ 2026-08-10T12:57:12.733Z │
│ 305            ┆ 134        ┆ 501.33 ┆ DEPOSIT          ┆                    ┆ COMPLETED ┆ 2026-07-22T05:30:16.835169 ┆ 2026-08-10T12:57:12.733Z │
│ 313            ┆ 130        ┆ 326.62 ┆ WITHDRAWAL       ┆                    ┆ COMPLETED ┆ 2026-07-22T05:30:16.850269 ┆ 2026-08-10T12:57:12.733Z │
│ 320            ┆ 127        ┆ 192.4  ┆ TRANSFER         ┆ 136                ┆ COMPLETED ┆ 2026-07-22T05:30:16.863836 ┆ 2026-08-10T12:57:12.733Z │
│ 329            ┆ 137        ┆ 270.52 ┆ WITHDRAWAL       ┆                    ┆ COMPLETED ┆ 2026-07-22T05:30:16.882410 ┆ 2026-08-10T12:57:12.733Z │
│ 335            ┆ 135        ┆ 214.2  ┆ DEPOSIT          ┆                    ┆ COMPLETED ┆ 2026-07-22T05:30:16.892760 ┆ 2026-08-10T12:57:12.733Z │
│ 343            ┆ 135        ┆ 778.13 ┆ TRANSFER         ┆ 132                ┆ COMPLETED ┆ 2026-07-22T05:30:16.906929 ┆ 2026-08-10T12:57:12.733Z │
│ 351            ┆ 144        ┆ 477.08 ┆ DEPOSIT          ┆                    ┆ COMPLETED ┆ 2026-07-22T05:34:38.992343 ┆ 2026-08-10T12:57:12.733Z │
│ 373            ┆ 159        ┆ 866.94 ┆ DEPOSIT          ┆                    ┆ COMPLETED ┆ 2026-07-22T05:34:39.065726 ┆ 2026-08-10T12:57:12.733Z │
│ 380            ┆ 151        ┆ 855.26 ┆ WITHDRAWAL       ┆                    ┆ COMPLETED ┆ 2026-07-22T05:34:39.090017 ┆ 2026-08-10T12:57:12.733Z │
│ 388            ┆ 148        ┆ 782.58 ┆ WITHDRAWAL       ┆                    ┆ COMPLETED ┆ 2026-07-22T05:34:39.121200 ┆ 2026-08-10T12:57:12.733Z │
│ 397            ┆ 147        ┆ 728.83 ┆ WITHDRAWAL       ┆                    ┆ COMPLETED ┆ 2026-07-22T05:34:39.151378 ┆ 2026-08-10T12:57:12.733Z │
│ 5              ┆ 6          ┆ 862.19 ┆ DEPOSIT          ┆                    ┆ COMPLETED ┆ 2026-07-22T05:22:54.212217 ┆ 2026-08-10T12:57:12.733Z │
│ 17             ┆ 16         ┆ 669.6  ┆ TRANSFER         ┆ 13                 ┆ COMPLETED ┆ 2026-07-22T05:22:54.264443 ┆ 2026-08-10T12:57:12.733Z │
│ 23             ┆ 3          ┆ 715.78 ┆ DEPOSIT          ┆                    ┆ COMPLETED ┆ 2026-07-22T05:22:54.290680 ┆ 2026-08-10T12:57:12.733Z │
│ 31             ┆ 3          ┆ 114.34 ┆ DEPOSIT          ┆                    ┆ COMPLETED ┆ 2026-07-22T05:22:54.324223 ┆ 2026-08-10T12:57:12.733Z │
│ 39             ┆ 3          ┆ 142.85 ┆ DEPOSIT          ┆                    ┆ COMPLETED ┆ 2026-07-22T05:22:54.359208 ┆ 2026-08-10T12:57:12.733Z │
│ 46             ┆ 18         ┆ 608.43 ┆ WITHDRAWAL       ┆                    ┆ COMPLETED ┆ 2026-07-22T05:22:54.392188 ┆ 2026-08-10T12:57:12.733Z │
│ 54             ┆ 23         ┆ 146.48 ┆ WITHDRAWAL       ┆                    ┆ COMPLETED ┆ 2026-07-22T05:23:25.420716 ┆ 2026-08-10T12:57:12.733Z │
│ 62             ┆ 38         ┆ 129.71 ┆ TRANSFER         ┆ 39                 ┆ COMPLETED ┆ 2026-07-22T05:23:25.455340 ┆ 2026-08-10T12:57:12.733Z │
│ 71             ┆ 36         ┆ 246.4  ┆ WITHDRAWAL       ┆                    ┆ COMPLETED ┆ 2026-07-22T05:23:25.492353 ┆ 2026-08-10T12:57:12.733Z │
│ 80             ┆ 29         ┆ 452.67 ┆ DEPOSIT          ┆                    ┆ COMPLETED ┆ 2026-07-22T05:23:25.528645 ┆ 2026-08-10T12:57:12.733Z │
│ 88             ┆ 25         ┆ 443.88 ┆ TRANSFER         ┆ 31                 ┆ COMPLETED ┆ 2026-07-22T05:23:25.559034 ┆ 2026-08-10T12:57:12.733Z │
│ 95             ┆ 37         ┆ 895.19 ┆ DEPOSIT          ┆                    ┆ COMPLETED ┆ 2026-07-22T05:23:25.585102 ┆ 2026-08-10T12:57:12.733Z │
│ 102            ┆ 45         ┆ 164.84 ┆ TRANSFER         ┆ 60                 ┆ COMPLETED ┆ 2026-07-22T05:23:36.714621 ┆ 2026-08-10T12:57:12.733Z │
│ 111            ┆ 45         ┆ 104.22 ┆ DEPOSIT          ┆                    ┆ COMPLETED ┆ 2026-07-22T05:23:36.781541 ┆ 2026-08-10T12:57:12.733Z │
│ 117            ┆ 45         ┆ 67.36  ┆ WITHDRAWAL       ┆                    ┆ COMPLETED ┆ 2026-07-22T05:23:36.804809 ┆ 2026-08-10T12:57:12.733Z │
│ 127            ┆ 53         ┆ 543.07 ┆ TRANSFER         ┆ 51                 ┆ COMPLETED ┆ 2026-07-22T05:23:36.844558 ┆ 2026-08-10T12:57:12.733Z │
│ 134            ┆ 43         ┆ 886.53 ┆ WITHDRAWAL       ┆                    ┆ COMPLETED ┆ 2026-07-22T05:23:36.874347 ┆ 2026-08-10T12:57:12.733Z │
│ 139            ┆ 49         ┆ 474.38 ┆ TRANSFER         ┆ 51                 ┆ COMPLETED ┆ 2026-07-22T05:23:36.894627 ┆ 2026-08-10T12:57:12.733Z │
│ 147            ┆ 45         ┆ 804.73 ┆ DEPOSIT          ┆                    ┆ COMPLETED ┆ 2026-07-22T05:23:36.927047 ┆ 2026-08-10T12:57:12.733Z │
│ 155            ┆ 68         ┆ 315.43 ┆ WITHDRAWAL       ┆                    ┆ COMPLETED ┆ 2026-07-22T05:23:40.960326 ┆ 2026-08-10T12:57:12.733Z │
│ 163            ┆ 76         ┆ 639.99 ┆ TRANSFER         ┆ 69                 ┆ COMPLETED ┆ 2026-07-22T05:23:40.994456 ┆ 2026-08-10T12:57:12.733Z │
│ 171            ┆ 66         ┆ 747.88 ┆ DEPOSIT          ┆                    ┆ COMPLETED ┆ 2026-07-22T05:23:41.025472 ┆ 2026-08-10T12:57:12.733Z │
│ 179            ┆ 69         ┆ 713.7  ┆ TRANSFER         ┆ 71                 ┆ COMPLETED ┆ 2026-07-22T05:23:41.058770 ┆ 2026-08-10T12:57:12.733Z │
│ 187            ┆ 65         ┆ 390.13 ┆ TRANSFER         ┆ 69                 ┆ COMPLETED ┆ 2026-07-22T05:23:41.089611 ┆ 2026-08-10T12:57:12.733Z │
│ 194            ┆ 69         ┆ 747.78 ┆ WITHDRAWAL       ┆                    ┆ COMPLETED ┆ 2026-07-22T05:23:41.114970 ┆ 2026-08-10T12:57:12.733Z │
│ 203            ┆ 85         ┆ 793.65 ┆ TRANSFER         ┆ 82                 ┆ COMPLETED ┆ 2026-07-22T05:23:44.782823 ┆ 2026-08-10T12:57:12.733Z │
│ 210            ┆ 95         ┆ 946.03 ┆ DEPOSIT          ┆                    ┆ COMPLETED ┆ 2026-07-22T05:23:44.813859 ┆ 2026-08-10T12:57:12.733Z │
│ 218            ┆ 88         ┆ 88.86  ┆ DEPOSIT          ┆                    ┆ COMPLETED ┆ 2026-07-22T05:23:44.845151 ┆ 2026-08-10T12:57:12.733Z │
│ 226            ┆ 96         ┆ 860.5  ┆ DEPOSIT          ┆                    ┆ COMPLETED ┆ 2026-07-22T05:23:44.881541 ┆ 2026-08-10T12:57:12.733Z │
│ 234            ┆ 98         ┆ 874.79 ┆ WITHDRAWAL       ┆                    ┆ COMPLETED ┆ 2026-07-22T05:23:44.919360 ┆ 2026-08-10T12:57:12.733Z │
│ 241            ┆ 92         ┆ 914.94 ┆ DEPOSIT          ┆                    ┆ COMPLETED ┆ 2026-07-22T05:23:44.948932 ┆ 2026-08-10T12:57:12.733Z │
│ 251            ┆ 113        ┆ 391.47 ┆ WITHDRAWAL       ┆                    ┆ COMPLETED ┆ 2026-07-22T05:23:48.351663 ┆ 2026-08-10T12:57:12.733Z │
│ 258            ┆ 105        ┆ 283.75 ┆ DEPOSIT          ┆                    ┆ COMPLETED ┆ 2026-07-22T05:23:48.392596 ┆ 2026-08-10T12:57:12.733Z │
│ 265            ┆ 116        ┆ 167.49 ┆ DEPOSIT          ┆                    ┆ COMPLETED ┆ 2026-07-22T05:23:48.427521 ┆ 2026-08-10T12:57:12.733Z │
│ 274            ┆ 102        ┆ 842.63 ┆ TRANSFER         ┆ 106                ┆ COMPLETED ┆ 2026-07-22T05:23:48.475190 ┆ 2026-08-10T12:57:12.733Z │
│ 280            ┆ 111        ┆ 847.44 ┆ TRANSFER         ┆ 119                ┆ COMPLETED ┆ 2026-07-22T05:23:48.529980 ┆ 2026-08-10T12:57:12.733Z │
│ 288            ┆ 108        ┆ 648.34 ┆ TRANSFER         ┆ 105                ┆ COMPLETED ┆ 2026-07-22T05:23:48.574626 ┆ 2026-08-10T12:57:12.733Z │
│ 297            ┆ 116        ┆ 377.02 ┆ TRANSFER         ┆ 101                ┆ COMPLETED ┆ 2026-07-22T05:23:48.623447 ┆ 2026-08-10T12:57:12.733Z │
│ 304            ┆ 125        ┆ 854.52 ┆ DEPOSIT          ┆                    ┆ COMPLETED ┆ 2026-07-22T05:30:16.833116 ┆ 2026-08-10T12:57:12.733Z │
│ 312            ┆ 130        ┆ 480.55 ┆ TRANSFER         ┆ 137                ┆ COMPLETED ┆ 2026-07-22T05:30:16.848529 ┆ 2026-08-10T12:57:12.733Z │
│ 321            ┆ 124        ┆ 407.7  ┆ WITHDRAWAL       ┆                    ┆ COMPLETED ┆ 2026-07-22T05:30:16.865724 ┆ 2026-08-10T12:57:12.733Z │
│ 328            ┆ 128        ┆ 416.08 ┆ WITHDRAWAL       ┆                    ┆ COMPLETED ┆ 2026-07-22T05:30:16.880376 ┆ 2026-08-10T12:57:12.733Z │
│ 336            ┆ 132        ┆ 219.3  ┆ WITHDRAWAL       ┆                    ┆ COMPLETED ┆ 2026-07-22T05:30:16.894434 ┆ 2026-08-10T12:57:12.733Z │
│ 344            ┆ 134        ┆ 570.33 ┆ DEPOSIT          ┆                    ┆ COMPLETED ┆ 2026-07-22T05:30:16.909152 ┆ 2026-08-10T12:57:12.733Z │
│ 352            ┆ 160        ┆ 672.95 ┆ TRANSFER         ┆ 158                ┆ COMPLETED ┆ 2026-07-22T05:34:38.995977 ┆ 2026-08-10T12:57:12.733Z │
│ 360            ┆ 160        ┆ 854.32 ┆ WITHDRAWAL       ┆                    ┆ COMPLETED ┆ 2026-07-22T05:34:39.018004 ┆ 2026-08-10T12:57:12.733Z │
│ 366            ┆ 156        ┆ 946.88 ┆ TRANSFER         ┆ 154                ┆ COMPLETED ┆ 2026-07-22T05:34:39.038080 ┆ 2026-08-10T12:57:12.733Z │
│ 374            ┆ 160        ┆ 450.15 ┆ WITHDRAWAL       ┆                    ┆ COMPLETED ┆ 2026-07-22T05:34:39.068986 ┆ 2026-08-10T12:57:12.733Z │
│ 382            ┆ 141        ┆ 623.97 ┆ WITHDRAWAL       ┆                    ┆ COMPLETED ┆ 2026-07-22T05:34:39.097270 ┆ 2026-08-10T12:57:12.733Z │
│ 390            ┆ 144        ┆ 858.46 ┆ TRANSFER         ┆ 148                ┆ COMPLETED ┆ 2026-07-22T05:34:39.128821 ┆ 2026-08-10T12:57:12.733Z │
│ 396            ┆ 156        ┆ 770.86 ┆ TRANSFER         ┆ 149                ┆ COMPLETED ┆ 2026-07-22T05:34:39.148528 ┆ 2026-08-10T12:57:12.733Z │
│ 1              ┆ 2          ┆ 796.08 ┆ DEPOSIT          ┆                    ┆ COMPLETED ┆ 2026-07-22T05:22:54.182689 ┆ 2026-08-10T12:57:12.733Z │
│ 21             ┆ 13         ┆ 500.73 ┆ DEPOSIT          ┆                    ┆ COMPLETED ┆ 2026-07-22T05:22:54.282551 ┆ 2026-08-10T12:57:12.733Z │
│ 28             ┆ 2          ┆ 946.25 ┆ TRANSFER         ┆ 14                 ┆ COMPLETED ┆ 2026-07-22T05:22:54.311391 ┆ 2026-08-10T12:57:12.733Z │
│ 36             ┆ 14         ┆ 17.04  ┆ TRANSFER         ┆ 12                 ┆ COMPLETED ┆ 2026-07-22T05:22:54.345913 ┆ 2026-08-10T12:57:12.733Z │
│ 44             ┆ 2          ┆ 566.67 ┆ DEPOSIT          ┆                    ┆ COMPLETED ┆ 2026-07-22T05:22:54.382524 ┆ 2026-08-10T12:57:12.733Z │
│ 52             ┆ 25         ┆ 260.42 ┆ DEPOSIT          ┆                    ┆ COMPLETED ┆ 2026-07-22T05:23:25.412086 ┆ 2026-08-10T12:57:12.733Z │
│ 60             ┆ 25         ┆ 338.67 ┆ WITHDRAWAL       ┆                    ┆ COMPLETED ┆ 2026-07-22T05:23:25.446915 ┆ 2026-08-10T12:57:12.733Z │
│ 68             ┆ 30         ┆ 934.21 ┆ DEPOSIT          ┆                    ┆ COMPLETED ┆ 2026-07-22T05:23:25.479823 ┆ 2026-08-10T12:57:12.733Z │
│ 76             ┆ 22         ┆ 739.23 ┆ WITHDRAWAL       ┆                    ┆ COMPLETED ┆ 2026-07-22T05:23:25.511335 ┆ 2026-08-10T12:57:12.733Z │
│ 84             ┆ 38         ┆ 412.45 ┆ DEPOSIT          ┆                    ┆ COMPLETED ┆ 2026-07-22T05:23:25.544156 ┆ 2026-08-10T12:57:12.733Z │
│ 91             ┆ 33         ┆ 568.94 ┆ WITHDRAWAL       ┆                    ┆ COMPLETED ┆ 2026-07-22T05:23:25.569384 ┆ 2026-08-10T12:57:12.733Z │
│ 98             ┆ 24         ┆ 692.55 ┆ DEPOSIT          ┆                    ┆ COMPLETED ┆ 2026-07-22T05:23:25.596118 ┆ 2026-08-10T12:57:12.733Z │
│ 105            ┆ 48         ┆ 140.04 ┆ DEPOSIT          ┆                    ┆ COMPLETED ┆ 2026-07-22T05:23:36.746966 ┆ 2026-08-10T12:57:12.733Z │
│ 113            ┆ 60         ┆ 876.98 ┆ WITHDRAWAL       ┆                    ┆ COMPLETED ┆ 2026-07-22T05:23:36.789142 ┆ 2026-08-10T12:57:12.733Z │
│ 120            ┆ 50         ┆ 471.26 ┆ DEPOSIT          ┆                    ┆ COMPLETED ┆ 2026-07-22T05:23:36.816863 ┆ 2026-08-10T12:57:12.733Z │
│ 128            ┆ 45         ┆ 875.47 ┆ DEPOSIT          ┆                    ┆ COMPLETED ┆ 2026-07-22T05:23:36.849024 ┆ 2026-08-10T12:57:12.733Z │
│ 135            ┆ 42         ┆ 456.81 ┆ TRANSFER         ┆ 57                 ┆ COMPLETED ┆ 2026-07-22T05:23:36.878463 ┆ 2026-08-10T12:57:12.733Z │
│ 143            ┆ 44         ┆ 212.37 ┆ DEPOSIT          ┆                    ┆ COMPLETED ┆ 2026-07-22T05:23:36.911535 ┆ 2026-08-10T12:57:12.733Z │
│ 151            ┆ 78         ┆ 634.41 ┆ WITHDRAWAL       ┆                    ┆ COMPLETED ┆ 2026-07-22T05:23:40.939546 ┆ 2026-08-10T12:57:12.733Z │
│ 160            ┆ 64         ┆ 421.87 ┆ WITHDRAWAL       ┆                    ┆ COMPLETED ┆ 2026-07-22T05:23:40.981506 ┆ 2026-08-10T12:57:12.733Z │
│ 168            ┆ 66         ┆ 344.05 ┆ WITHDRAWAL       ┆                    ┆ COMPLETED ┆ 2026-07-22T05:23:41.014669 ┆ 2026-08-10T12:57:12.733Z │
│ 176            ┆ 66         ┆ 61.99  ┆ DEPOSIT          ┆                    ┆ COMPLETED ┆ 2026-07-22T05:23:41.047157 ┆ 2026-08-10T12:57:12.733Z │
│ 184            ┆ 68         ┆ 397.67 ┆ WITHDRAWAL       ┆                    ┆ COMPLETED ┆ 2026-07-22T05:23:41.078482 ┆ 2026-08-10T12:57:12.733Z │
│ 192            ┆ 63         ┆ 103.89 ┆ TRANSFER         ┆ 65                 ┆ COMPLETED ┆ 2026-07-22T05:23:41.108309 ┆ 2026-08-10T12:57:12.733Z │
│ 200            ┆ 78         ┆ 255.12 ┆ DEPOSIT          ┆                    ┆ COMPLETED ┆ 2026-07-22T05:23:41.141735 ┆ 2026-08-10T12:57:12.733Z │
│ 212            ┆ 81         ┆ 959.02 ┆ TRANSFER         ┆ 99                 ┆ COMPLETED ┆ 2026-07-22T05:23:44.821833 ┆ 2026-08-10T12:57:12.733Z │
│ 219            ┆ 92         ┆ 10.26  ┆ WITHDRAWAL       ┆                    ┆ COMPLETED ┆ 2026-07-22T05:23:44.849563 ┆ 2026-08-10T12:57:12.733Z │
│ 227            ┆ 93         ┆ 151.92 ┆ WITHDRAWAL       ┆                    ┆ COMPLETED ┆ 2026-07-22T05:23:44.886027 ┆ 2026-08-10T12:57:12.733Z │
│ 235            ┆ 93         ┆ 443.88 ┆ WITHDRAWAL       ┆                    ┆ COMPLETED ┆ 2026-07-22T05:23:44.923237 ┆ 2026-08-10T12:57:12.733Z │
│ 242            ┆ 94         ┆ 325.53 ┆ TRANSFER         ┆ 89                 ┆ COMPLETED ┆ 2026-07-22T05:23:44.953079 ┆ 2026-08-10T12:57:12.733Z │
│ 249            ┆ 96         ┆ 373.72 ┆ TRANSFER         ┆ 99                 ┆ COMPLETED ┆ 2026-07-22T05:23:44.982922 ┆ 2026-08-10T12:57:12.733Z │
│ 257            ┆ 117        ┆ 558.9  ┆ WITHDRAWAL       ┆                    ┆ COMPLETED ┆ 2026-07-22T05:23:48.386069 ┆ 2026-08-10T12:57:12.733Z │
│ 264            ┆ 101        ┆ 251.35 ┆ WITHDRAWAL       ┆                    ┆ COMPLETED ┆ 2026-07-22T05:23:48.422492 ┆ 2026-08-10T12:57:12.733Z │
│ 271            ┆ 112        ┆ 530.57 ┆ TRANSFER         ┆ 116                ┆ COMPLETED ┆ 2026-07-22T05:23:48.462140 ┆ 2026-08-10T12:57:12.733Z │
│ 283            ┆ 104        ┆ 114.39 ┆ DEPOSIT          ┆                    ┆ COMPLETED ┆ 2026-07-22T05:23:48.545620 ┆ 2026-08-10T12:57:12.733Z │
│ 291            ┆ 109        ┆ 225.95 ┆ TRANSFER         ┆ 119                ┆ COMPLETED ┆ 2026-07-22T05:23:48.589533 ┆ 2026-08-10T12:57:12.733Z │
│ 299            ┆ 101        ┆ 544.4  ┆ TRANSFER         ┆ 119                ┆ COMPLETED ┆ 2026-07-22T05:23:48.632400 ┆ 2026-08-10T12:57:12.733Z │
│ 307            ┆ 131        ┆ 184.72 ┆ WITHDRAWAL       ┆                    ┆ COMPLETED ┆ 2026-07-22T05:30:16.838900 ┆ 2026-08-10T12:57:12.733Z │
│ 315            ┆ 135        ┆ 282.8  ┆ DEPOSIT          ┆                    ┆ COMPLETED ┆ 2026-07-22T05:30:16.854195 ┆ 2026-08-10T12:57:12.733Z │
│ 323            ┆ 139        ┆ 379.43 ┆ DEPOSIT          ┆                    ┆ COMPLETED ┆ 2026-07-22T05:30:16.869503 ┆ 2026-08-10T12:57:12.733Z │
│ 331            ┆ 136        ┆ 712.78 ┆ DEPOSIT          ┆                    ┆ COMPLETED ┆ 2026-07-22T05:30:16.885761 ┆ 2026-08-10T12:57:12.733Z │
│ 341            ┆ 131        ┆ 581.01 ┆ TRANSFER         ┆ 139                ┆ COMPLETED ┆ 2026-07-22T05:30:16.903133 ┆ 2026-08-10T12:57:12.733Z │
│ 349            ┆ 125        ┆ 667.35 ┆ DEPOSIT          ┆                    ┆ COMPLETED ┆ 2026-07-22T05:30:16.918989 ┆ 2026-08-10T12:57:12.733Z │
│ 355            ┆ 142        ┆ 35.83  ┆ WITHDRAWAL       ┆                    ┆ COMPLETED ┆ 2026-07-22T05:34:39.003364 ┆ 2026-08-10T12:57:12.733Z │
│ 362            ┆ 143        ┆ 899.49 ┆ WITHDRAWAL       ┆                    ┆ COMPLETED ┆ 2026-07-22T05:34:39.024259 ┆ 2026-08-10T12:57:12.733Z │
│ 368            ┆ 146        ┆ 401.58 ┆ DEPOSIT          ┆                    ┆ COMPLETED ┆ 2026-07-22T05:34:39.047057 ┆ 2026-08-10T12:57:12.733Z │
│ 375            ┆ 155        ┆ 479.61 ┆ TRANSFER         ┆ 147                ┆ COMPLETED ┆ 2026-07-22T05:34:39.072134 ┆ 2026-08-10T12:57:12.733Z │
│ 386            ┆ 148        ┆ 280.66 ┆ DEPOSIT          ┆                    ┆ COMPLETED ┆ 2026-07-22T05:34:39.113465 ┆ 2026-08-10T12:57:12.733Z │
│ 393            ┆ 155        ┆ 749.35 ┆ TRANSFER         ┆ 143                ┆ COMPLETED ┆ 2026-07-22T05:34:39.138997 ┆ 2026-08-10T12:57:12.733Z │
│ 399            ┆ 160        ┆ 704.03 ┆ DEPOSIT          ┆                    ┆ COMPLETED ┆ 2026-07-22T05:34:39.157829 ┆ 2026-08-10T12:57:12.733Z │
│ 6              ┆ 9          ┆ 394.57 ┆ WITHDRAWAL       ┆                    ┆ COMPLETED ┆ 2026-07-22T05:22:54.216427 ┆ 2026-08-10T12:57:12.733Z │
│ 14             ┆ 4          ┆ 697.29 ┆ WITHDRAWAL       ┆                    ┆ COMPLETED ┆ 2026-07-22T05:22:54.251469 ┆ 2026-08-10T12:57:12.733Z │
│ 24             ┆ 15         ┆ 920.57 ┆ DEPOSIT          ┆                    ┆ COMPLETED ┆ 2026-07-22T05:22:54.294792 ┆ 2026-08-10T12:57:12.733Z │
│ 32             ┆ 11         ┆ 308.92 ┆ TRANSFER         ┆ 5                  ┆ COMPLETED ┆ 2026-07-22T05:22:54.328338 ┆ 2026-08-10T12:57:12.733Z │
│ 40             ┆ 15         ┆ 226.84 ┆ DEPOSIT          ┆                    ┆ COMPLETED ┆ 2026-07-22T05:22:54.363720 ┆ 2026-08-10T12:57:12.733Z │
│ 47             ┆ 20         ┆ 923.82 ┆ WITHDRAWAL       ┆                    ┆ COMPLETED ┆ 2026-07-22T05:22:54.397244 ┆ 2026-08-10T12:57:12.733Z │
│ 55             ┆ 37         ┆ 186.21 ┆ WITHDRAWAL       ┆                    ┆ COMPLETED ┆ 2026-07-22T05:23:25.425226 ┆ 2026-08-10T12:57:12.733Z │
│ 64             ┆ 31         ┆ 627.54 ┆ WITHDRAWAL       ┆                    ┆ COMPLETED ┆ 2026-07-22T05:23:25.463505 ┆ 2026-08-10T12:57:12.733Z │
│ 72             ┆ 25         ┆ 944.03 ┆ DEPOSIT          ┆                    ┆ COMPLETED ┆ 2026-07-22T05:23:25.496211 ┆ 2026-08-10T12:57:12.733Z │
│ 79             ┆ 38         ┆ 73.07  ┆ TRANSFER         ┆ 37                 ┆ COMPLETED ┆ 2026-07-22T05:23:25.524612 ┆ 2026-08-10T12:57:12.733Z │
│ 87             ┆ 21         ┆ 58.34  ┆ TRANSFER         ┆ 40                 ┆ COMPLETED ┆ 2026-07-22T05:23:25.555613 ┆ 2026-08-10T12:57:12.733Z │
│ 93             ┆ 34         ┆ 866.12 ┆ DEPOSIT          ┆                    ┆ COMPLETED ┆ 2026-07-22T05:23:25.577479 ┆ 2026-08-10T12:57:12.733Z │
│ 100            ┆ 32         ┆ 226.56 ┆ WITHDRAWAL       ┆                    ┆ COMPLETED ┆ 2026-07-22T05:23:25.603915 ┆ 2026-08-10T12:57:12.733Z │
│ 107            ┆ 42         ┆ 787.02 ┆ WITHDRAWAL       ┆                    ┆ COMPLETED ┆ 2026-07-22T05:23:36.765739 ┆ 2026-08-10T12:57:12.733Z │
│ 114            ┆ 59         ┆ 968.81 ┆ WITHDRAWAL       ┆                    ┆ COMPLETED ┆ 2026-07-22T05:23:36.792939 ┆ 2026-08-10T12:57:12.733Z │
│ 121            ┆ 49         ┆ 621.72 ┆ DEPOSIT          ┆                    ┆ COMPLETED ┆ 2026-07-22T05:23:36.820589 ┆ 2026-08-10T12:57:12.733Z │
│ 129            ┆ 47         ┆ 396.59 ┆ WITHDRAWAL       ┆                    ┆ COMPLETED ┆ 2026-07-22T05:23:36.853259 ┆ 2026-08-10T12:57:12.733Z │
│ 136            ┆ 49         ┆ 248.24 ┆ DEPOSIT          ┆                    ┆ COMPLETED ┆ 2026-07-22T05:23:36.882601 ┆ 2026-08-10T12:57:12.733Z │
│ 144            ┆ 54         ┆ 321.31 ┆ DEPOSIT          ┆                    ┆ COMPLETED ┆ 2026-07-22T05:23:36.915461 ┆ 2026-08-10T12:57:12.733Z │
│ 152            ┆ 73         ┆ 705.59 ┆ TRANSFER         ┆ 63                 ┆ COMPLETED ┆ 2026-07-22T05:23:40.947054 ┆ 2026-08-10T12:57:12.733Z │
│ 159            ┆ 80         ┆ 149.09 ┆ WITHDRAWAL       ┆                    ┆ COMPLETED ┆ 2026-07-22T05:23:40.977385 ┆ 2026-08-10T12:57:12.733Z │
│ 167            ┆ 73         ┆ 276.16 ┆ WITHDRAWAL       ┆                    ┆ COMPLETED ┆ 2026-07-22T05:23:41.010771 ┆ 2026-08-10T12:57:12.733Z │
│ 175            ┆ 67         ┆ 142.41 ┆ DEPOSIT          ┆                    ┆ COMPLETED ┆ 2026-07-22T05:23:41.043453 ┆ 2026-08-10T12:57:12.733Z │
│ 183            ┆ 72         ┆ 322.46 ┆ DEPOSIT          ┆                    ┆ COMPLETED ┆ 2026-07-22T05:23:41.074379 ┆ 2026-08-10T12:57:12.733Z │
│ 189            ┆ 65         ┆ 215.82 ┆ DEPOSIT          ┆                    ┆ COMPLETED ┆ 2026-07-22T05:23:41.097109 ┆ 2026-08-10T12:57:12.733Z │
│ 197            ┆ 75         ┆ 495.76 ┆ WITHDRAWAL       ┆                    ┆ COMPLETED ┆ 2026-07-22T05:23:41.129216 ┆ 2026-08-10T12:57:12.733Z │
│ 205            ┆ 99         ┆ 87.0   ┆ WITHDRAWAL       ┆                    ┆ COMPLETED ┆ 2026-07-22T05:23:44.792489 ┆ 2026-08-10T12:57:12.733Z │
│ 213            ┆ 81         ┆ 115.32 ┆ WITHDRAWAL       ┆                    ┆ COMPLETED ┆ 2026-07-22T05:23:44.825702 ┆ 2026-08-10T12:57:12.733Z │
│ 221            ┆ 100        ┆ 238.86 ┆ TRANSFER         ┆ 96                 ┆ COMPLETED ┆ 2026-07-22T05:23:44.858698 ┆ 2026-08-10T12:57:12.733Z │
│ 229            ┆ 84         ┆ 528.33 ┆ DEPOSIT          ┆                    ┆ COMPLETED ┆ 2026-07-22T05:23:44.895350 ┆ 2026-08-10T12:57:12.733Z │
│ 237            ┆ 94         ┆ 787.75 ┆ DEPOSIT          ┆                    ┆ COMPLETED ┆ 2026-07-22T05:23:44.932499 ┆ 2026-08-10T12:57:12.733Z │
│ 245            ┆ 93         ┆ 737.1  ┆ TRANSFER         ┆ 96                 ┆ COMPLETED ┆ 2026-07-22T05:23:44.966274 ┆ 2026-08-10T12:57:12.733Z │
│ 253            ┆ 112        ┆ 973.95 ┆ DEPOSIT          ┆                    ┆ COMPLETED ┆ 2026-07-22T05:23:48.364700 ┆ 2026-08-10T12:57:12.733Z │
│ 261            ┆ 107        ┆ 265.66 ┆ WITHDRAWAL       ┆                    ┆ COMPLETED ┆ 2026-07-22T05:23:48.407612 ┆ 2026-08-10T12:57:12.733Z │
│ 269            ┆ 106        ┆ 313.33 ┆ TRANSFER         ┆ 104                ┆ COMPLETED ┆ 2026-07-22T05:23:48.448621 ┆ 2026-08-10T12:57:12.733Z │
│ 277            ┆ 119        ┆ 903.67 ┆ DEPOSIT          ┆                    ┆ COMPLETED ┆ 2026-07-22T05:23:48.492514 ┆ 2026-08-10T12:57:12.733Z │
│ 284            ┆ 106        ┆ 343.6  ┆ TRANSFER         ┆ 116                ┆ COMPLETED ┆ 2026-07-22T05:23:48.555756 ┆ 2026-08-10T12:57:12.733Z │
│ 292            ┆ 109        ┆ 19.36  ┆ DEPOSIT          ┆                    ┆ COMPLETED ┆ 2026-07-22T05:23:48.593643 ┆ 2026-08-10T12:57:12.733Z │
│ 300            ┆ 115        ┆ 450.57 ┆ WITHDRAWAL       ┆                    ┆ COMPLETED ┆ 2026-07-22T05:23:48.636299 ┆ 2026-08-10T12:57:12.733Z │
│ 309            ┆ 125        ┆ 414.05 ┆ DEPOSIT          ┆                    ┆ COMPLETED ┆ 2026-07-22T05:30:16.843022 ┆ 2026-08-10T12:57:12.733Z │
│ 316            ┆ 136        ┆ 821.44 ┆ WITHDRAWAL       ┆                    ┆ COMPLETED ┆ 2026-07-22T05:30:16.855826 ┆ 2026-08-10T12:57:12.733Z │
│ 324            ┆ 140        ┆ 581.9  ┆ DEPOSIT          ┆                    ┆ COMPLETED ┆ 2026-07-22T05:30:16.871594 ┆ 2026-08-10T12:57:12.733Z │
│ 332            ┆ 138        ┆ 329.4  ┆ TRANSFER         ┆ 133                ┆ COMPLETED ┆ 2026-07-22T05:30:16.887392 ┆ 2026-08-10T12:57:12.733Z │
│ 340            ┆ 135        ┆ 934.15 ┆ DEPOSIT          ┆                    ┆ COMPLETED ┆ 2026-07-22T05:30:16.900998 ┆ 2026-08-10T12:57:12.733Z │
│ 348            ┆ 140        ┆ 922.9  ┆ WITHDRAWAL       ┆                    ┆ COMPLETED ┆ 2026-07-22T05:30:16.917052 ┆ 2026-08-10T12:57:12.733Z │
│ 356            ┆ 155        ┆ 437.87 ┆ WITHDRAWAL       ┆                    ┆ COMPLETED ┆ 2026-07-22T05:34:39.005833 ┆ 2026-08-10T12:57:12.733Z │
│ 364            ┆ 160        ┆ 600.59 ┆ WITHDRAWAL       ┆                    ┆ COMPLETED ┆ 2026-07-22T05:34:39.030871 ┆ 2026-08-10T12:57:12.733Z │
│ 370            ┆ 150        ┆ 273.05 ┆ TRANSFER         ┆ 146                ┆ COMPLETED ┆ 2026-07-22T05:34:39.054123 ┆ 2026-08-10T12:57:12.733Z │
│ 378            ┆ 147        ┆ 372.3  ┆ DEPOSIT          ┆                    ┆ COMPLETED ┆ 2026-07-22T05:34:39.082341 ┆ 2026-08-10T12:57:12.733Z │
│ 385            ┆ 147        ┆ 795.12 ┆ TRANSFER         ┆ 149                ┆ COMPLETED ┆ 2026-07-22T05:34:39.109671 ┆ 2026-08-10T12:57:12.733Z │
│ 391            ┆ 154        ┆ 32.99  ┆ WITHDRAWAL       ┆                    ┆ COMPLETED ┆ 2026-07-22T05:34:39.132693 ┆ 2026-08-10T12:57:12.733Z │
│ 400            ┆ 147        ┆ 261.59 ┆ DEPOSIT          ┆                    ┆ COMPLETED ┆ 2026-07-22T05:34:39.160753 ┆ 2026-08-10T12:57:12.733Z │
│ 8              ┆ 5          ┆ 359.87 ┆ TRANSFER         ┆ 14                 ┆ COMPLETED ┆ 2026-07-22T05:22:54.225202 ┆ 2026-08-10T12:57:12.733Z │
│ 13             ┆ 7          ┆ 330.72 ┆ WITHDRAWAL       ┆                    ┆ COMPLETED ┆ 2026-07-22T05:22:54.246892 ┆ 2026-08-10T12:57:12.733Z │
│ 20             ┆ 5          ┆ 211.26 ┆ WITHDRAWAL       ┆                    ┆ COMPLETED ┆ 2026-07-22T05:22:54.278059 ┆ 2026-08-10T12:57:12.733Z │
│ 29             ┆ 18         ┆ 8.79   ┆ WITHDRAWAL       ┆                    ┆ COMPLETED ┆ 2026-07-22T05:22:54.315343 ┆ 2026-08-10T12:57:12.733Z │
│ 37             ┆ 13         ┆ 869.38 ┆ DEPOSIT          ┆                    ┆ COMPLETED ┆ 2026-07-22T05:22:54.350258 ┆ 2026-08-10T12:57:12.733Z │
│ 45             ┆ 4          ┆ 266.82 ┆ TRANSFER         ┆ 12                 ┆ COMPLETED ┆ 2026-07-22T05:22:54.387274 ┆ 2026-08-10T12:57:12.733Z │
│ 53             ┆ 37         ┆ 779.77 ┆ WITHDRAWAL       ┆                    ┆ COMPLETED ┆ 2026-07-22T05:23:25.416576 ┆ 2026-08-10T12:57:12.733Z │
│ 61             ┆ 28         ┆ 190.45 ┆ DEPOSIT          ┆                    ┆ COMPLETED ┆ 2026-07-22T05:23:25.451063 ┆ 2026-08-10T12:57:12.733Z │
│ 69             ┆ 40         ┆ 425.07 ┆ TRANSFER         ┆ 38                 ┆ COMPLETED ┆ 2026-07-22T05:23:25.483925 ┆ 2026-08-10T12:57:12.733Z │
│ 77             ┆ 24         ┆ 536.45 ┆ TRANSFER         ┆ 21                 ┆ COMPLETED ┆ 2026-07-22T05:23:25.516310 ┆ 2026-08-10T12:57:12.733Z │
│ 85             ┆ 21         ┆ 8.46   ┆ WITHDRAWAL       ┆                    ┆ COMPLETED ┆ 2026-07-22T05:23:25.547825 ┆ 2026-08-10T12:57:12.733Z │
│ 92             ┆ 22         ┆ 964.47 ┆ DEPOSIT          ┆                    ┆ COMPLETED ┆ 2026-07-22T05:23:25.573472 ┆ 2026-08-10T12:57:12.733Z │
│ 99             ┆ 22         ┆ 414.62 ┆ TRANSFER         ┆ 39                 ┆ COMPLETED ┆ 2026-07-22T05:23:25.599960 ┆ 2026-08-10T12:57:12.733Z │
│ 106            ┆ 50         ┆ 468.38 ┆ TRANSFER         ┆ 43                 ┆ COMPLETED ┆ 2026-07-22T05:23:36.761638 ┆ 2026-08-10T12:57:12.733Z │
│ 122            ┆ 48         ┆ 816.79 ┆ TRANSFER         ┆ 53                 ┆ COMPLETED ┆ 2026-07-22T05:23:36.824331 ┆ 2026-08-10T12:57:12.733Z │
│ 130            ┆ 54         ┆ 593.31 ┆ WITHDRAWAL       ┆                    ┆ COMPLETED ┆ 2026-07-22T05:23:36.857596 ┆ 2026-08-10T12:57:12.733Z │
│ 137            ┆ 45         ┆ 705.59 ┆ TRANSFER         ┆ 60                 ┆ COMPLETED ┆ 2026-07-22T05:23:36.886838 ┆ 2026-08-10T12:57:12.733Z │
│ 145            ┆ 53         ┆ 624.7  ┆ TRANSFER         ┆ 49                 ┆ COMPLETED ┆ 2026-07-22T05:23:36.919423 ┆ 2026-08-10T12:57:12.733Z │
│ 153            ┆ 70         ┆ 82.26  ┆ DEPOSIT          ┆                    ┆ COMPLETED ┆ 2026-07-22T05:23:40.951447 ┆ 2026-08-10T12:57:12.733Z │
│ 161            ┆ 73         ┆ 836.89 ┆ DEPOSIT          ┆                    ┆ COMPLETED ┆ 2026-07-22T05:23:40.985613 ┆ 2026-08-10T12:57:12.733Z │
│ 169            ┆ 75         ┆ 782.4  ┆ TRANSFER         ┆ 67                 ┆ COMPLETED ┆ 2026-07-22T05:23:41.018186 ┆ 2026-08-10T12:57:12.733Z │
│ 177            ┆ 62         ┆ 338.68 ┆ DEPOSIT          ┆                    ┆ COMPLETED ┆ 2026-07-22T05:23:41.051230 ┆ 2026-08-10T12:57:12.733Z │
│ 185            ┆ 64         ┆ 966.61 ┆ DEPOSIT          ┆                    ┆ COMPLETED ┆ 2026-07-22T05:23:41.082185 ┆ 2026-08-10T12:57:12.733Z │
│ 190            ┆ 61         ┆ 471.01 ┆ TRANSFER         ┆ 64                 ┆ COMPLETED ┆ 2026-07-22T05:23:41.100706 ┆ 2026-08-10T12:57:12.733Z │
│ 198            ┆ 73         ┆ 625.42 ┆ DEPOSIT          ┆                    ┆ COMPLETED ┆ 2026-07-22T05:23:41.133302 ┆ 2026-08-10T12:57:12.733Z │
│ 206            ┆ 84         ┆ 164.84 ┆ TRANSFER         ┆ 82                 ┆ COMPLETED ┆ 2026-07-22T05:23:44.796766 ┆ 2026-08-10T12:57:12.733Z │
│ 214            ┆ 85         ┆ 619.25 ┆ DEPOSIT          ┆                    ┆ COMPLETED ┆ 2026-07-22T05:23:44.829633 ┆ 2026-08-10T12:57:12.733Z │
│ 223            ┆ 98         ┆ 861.25 ┆ WITHDRAWAL       ┆                    ┆ COMPLETED ┆ 2026-07-22T05:23:44.867205 ┆ 2026-08-10T12:57:12.733Z │
│ 231            ┆ 83         ┆ 409.45 ┆ DEPOSIT          ┆                    ┆ COMPLETED ┆ 2026-07-22T05:23:44.905398 ┆ 2026-08-10T12:57:12.733Z │
│ 243            ┆ 93         ┆ 40.86  ┆ TRANSFER         ┆ 97                 ┆ COMPLETED ┆ 2026-07-22T05:23:44.957982 ┆ 2026-08-10T12:57:12.733Z │
│ 250            ┆ 86         ┆ 391.2  ┆ TRANSFER         ┆ 87                 ┆ COMPLETED ┆ 2026-07-22T05:23:44.986634 ┆ 2026-08-10T12:57:12.733Z │
│ 259            ┆ 116        ┆ 773.31 ┆ TRANSFER         ┆ 117                ┆ COMPLETED ┆ 2026-07-22T05:23:48.397655 ┆ 2026-08-10T12:57:12.733Z │
│ 267            ┆ 109        ┆ 515.67 ┆ WITHDRAWAL       ┆                    ┆ COMPLETED ┆ 2026-07-22T05:23:48.440533 ┆ 2026-08-10T12:57:12.733Z │
│ 275            ┆ 108        ┆ 236.54 ┆ DEPOSIT          ┆                    ┆ COMPLETED ┆ 2026-07-22T05:23:48.479681 ┆ 2026-08-10T12:57:12.733Z │
│ 282            ┆ 110        ┆ 854.53 ┆ DEPOSIT          ┆                    ┆ COMPLETED ┆ 2026-07-22T05:23:48.540928 ┆ 2026-08-10T12:57:12.733Z │
│ 289            ┆ 103        ┆ 915.12 ┆ DEPOSIT          ┆                    ┆ COMPLETED ┆ 2026-07-22T05:23:48.578983 ┆ 2026-08-10T12:57:12.733Z │
│ 296            ┆ 107        ┆ 825.0  ┆ WITHDRAWAL       ┆                    ┆ COMPLETED ┆ 2026-07-22T05:23:48.618903 ┆ 2026-08-10T12:57:12.733Z │
│ 306            ┆ 133        ┆ 216.51 ┆ TRANSFER         ┆ 127                ┆ COMPLETED ┆ 2026-07-22T05:30:16.837045 ┆ 2026-08-10T12:57:12.733Z │
│ 314            ┆ 122        ┆ 86.89  ┆ TRANSFER         ┆ 132                ┆ COMPLETED ┆ 2026-07-22T05:30:16.852525 ┆ 2026-08-10T12:57:12.733Z │
│ 322            ┆ 134        ┆ 799.24 ┆ DEPOSIT          ┆                    ┆ COMPLETED ┆ 2026-07-22T05:30:16.867487 ┆ 2026-08-10T12:57:12.733Z │
│ 330            ┆ 135        ┆ 563.25 ┆ TRANSFER         ┆ 140                ┆ COMPLETED ┆ 2026-07-22T05:30:16.884087 ┆ 2026-08-10T12:57:12.733Z │
│ 337            ┆ 121        ┆ 261.95 ┆ TRANSFER         ┆ 125                ┆ COMPLETED ┆ 2026-07-22T05:30:16.896061 ┆ 2026-08-10T12:57:12.733Z │
│ 345            ┆ 139        ┆ 108.74 ┆ TRANSFER         ┆ 124                ┆ COMPLETED ┆ 2026-07-22T05:30:16.911166 ┆ 2026-08-10T12:57:12.733Z │
│ 353            ┆ 148        ┆ 822.71 ┆ TRANSFER         ┆ 151                ┆ COMPLETED ┆ 2026-07-22T05:34:38.998088 ┆ 2026-08-10T12:57:12.733Z │
│ 359            ┆ 148        ┆ 855.6  ┆ DEPOSIT          ┆                    ┆ COMPLETED ┆ 2026-07-22T05:34:39.014629 ┆ 2026-08-10T12:57:12.733Z │
│ 371            ┆ 154        ┆ 192.9  ┆ WITHDRAWAL       ┆                    ┆ COMPLETED ┆ 2026-07-22T05:34:39.057698 ┆ 2026-08-10T12:57:12.733Z │
│ 379            ┆ 154        ┆ 608.71 ┆ DEPOSIT          ┆                    ┆ COMPLETED ┆ 2026-07-22T05:34:39.085959 ┆ 2026-08-10T12:57:12.733Z │
│ 387            ┆ 156        ┆ 107.44 ┆ WITHDRAWAL       ┆                    ┆ COMPLETED ┆ 2026-07-22T05:34:39.117279 ┆ 2026-08-10T12:57:12.733Z │
│ 394            ┆ 153        ┆ 304.74 ┆ TRANSFER         ┆ 155                ┆ COMPLETED ┆ 2026-07-22T05:34:39.142591 ┆ 2026-08-10T12:57:12.733Z │
│ 4              ┆ 14         ┆ 95.02  ┆ TRANSFER         ┆ 6                  ┆ COMPLETED ┆ 2026-07-22T05:22:54.207824 ┆ 2026-08-10T12:57:12.733Z │
│ 9              ┆ 6          ┆ 402.61 ┆ WITHDRAWAL       ┆                    ┆ COMPLETED ┆ 2026-07-22T05:22:54.229620 ┆ 2026-08-10T12:57:12.733Z │
│ 16             ┆ 19         ┆ 475.97 ┆ DEPOSIT          ┆                    ┆ COMPLETED ┆ 2026-07-22T05:22:54.260352 ┆ 2026-08-10T12:57:12.733Z │
│ 22             ┆ 5          ┆ 604.42 ┆ WITHDRAWAL       ┆                    ┆ COMPLETED ┆ 2026-07-22T05:22:54.286826 ┆ 2026-08-10T12:57:12.733Z │
│ 30             ┆ 18         ┆ 868.47 ┆ WITHDRAWAL       ┆                    ┆ COMPLETED ┆ 2026-07-22T05:22:54.319953 ┆ 2026-08-10T12:57:12.733Z │
│ 38             ┆ 14         ┆ 928.97 ┆ WITHDRAWAL       ┆                    ┆ COMPLETED ┆ 2026-07-22T05:22:54.354605 ┆ 2026-08-10T12:57:12.733Z │
│ 48             ┆ 15         ┆ 529.65 ┆ DEPOSIT          ┆                    ┆ COMPLETED ┆ 2026-07-22T05:22:54.401946 ┆ 2026-08-10T12:57:12.733Z │
│ 56             ┆ 25         ┆ 771.39 ┆ WITHDRAWAL       ┆                    ┆ COMPLETED ┆ 2026-07-22T05:23:25.429086 ┆ 2026-08-10T12:57:12.733Z │
│ 65             ┆ 40         ┆ 781.79 ┆ WITHDRAWAL       ┆                    ┆ COMPLETED ┆ 2026-07-22T05:23:25.467405 ┆ 2026-08-10T12:57:12.733Z │
│ 70             ┆ 21         ┆ 295.5  ┆ DEPOSIT          ┆                    ┆ COMPLETED ┆ 2026-07-22T05:23:25.488390 ┆ 2026-08-10T12:57:12.733Z │
│ 78             ┆ 23         ┆ 570.19 ┆ DEPOSIT          ┆                    ┆ COMPLETED ┆ 2026-07-22T05:23:25.520458 ┆ 2026-08-10T12:57:12.733Z │
│ 86             ┆ 31         ┆ 987.66 ┆ TRANSFER         ┆ 40                 ┆ COMPLETED ┆ 2026-07-22T05:23:25.551521 ┆ 2026-08-10T12:57:12.733Z │
│ 94             ┆ 24         ┆ 569.27 ┆ WITHDRAWAL       ┆                    ┆ COMPLETED ┆ 2026-07-22T05:23:25.581309 ┆ 2026-08-10T12:57:12.733Z │
│ 101            ┆ 45         ┆ 251.93 ┆ WITHDRAWAL       ┆                    ┆ COMPLETED ┆ 2026-07-22T05:23:36.704448 ┆ 2026-08-10T12:57:12.733Z │
│ 108            ┆ 54         ┆ 468.26 ┆ WITHDRAWAL       ┆                    ┆ COMPLETED ┆ 2026-07-22T05:23:36.769858 ┆ 2026-08-10T12:57:12.733Z │
│ 116            ┆ 57         ┆ 978.51 ┆ DEPOSIT          ┆                    ┆ COMPLETED ┆ 2026-07-22T05:23:36.800914 ┆ 2026-08-10T12:57:12.733Z │
│ 124            ┆ 45         ┆ 134.14 ┆ TRANSFER         ┆ 57                 ┆ COMPLETED ┆ 2026-07-22T05:23:36.832399 ┆ 2026-08-10T12:57:12.733Z │
│ 142            ┆ 53         ┆ 904.11 ┆ DEPOSIT          ┆                    ┆ COMPLETED ┆ 2026-07-22T05:23:36.907217 ┆ 2026-08-10T12:57:12.733Z │
│ 150            ┆ 50         ┆ 454.73 ┆ DEPOSIT          ┆                    ┆ COMPLETED ┆ 2026-07-22T05:23:36.939796 ┆ 2026-08-10T12:57:12.733Z │
│ 158            ┆ 73         ┆ 35.78  ┆ WITHDRAWAL       ┆                    ┆ COMPLETED ┆ 2026-07-22T05:23:40.973209 ┆ 2026-08-10T12:57:12.733Z │
│ 166            ┆ 68         ┆ 114.68 ┆ WITHDRAWAL       ┆                    ┆ COMPLETED ┆ 2026-07-22T05:23:41.006772 ┆ 2026-08-10T12:57:12.733Z │
│ 173            ┆ 76         ┆ 799.51 ┆ WITHDRAWAL       ┆                    ┆ COMPLETED ┆ 2026-07-22T05:23:41.033613 ┆ 2026-08-10T12:57:12.733Z │
│ 181            ┆ 67         ┆ 676.31 ┆ WITHDRAWAL       ┆                    ┆ COMPLETED ┆ 2026-07-22T05:23:41.066339 ┆ 2026-08-10T12:57:12.733Z │
│ 191            ┆ 72         ┆ 252.14 ┆ TRANSFER         ┆ 71                 ┆ COMPLETED ┆ 2026-07-22T05:23:41.104638 ┆ 2026-08-10T12:57:12.733Z │
│ 199            ┆ 63         ┆ 352.63 ┆ TRANSFER         ┆ 62                 ┆ COMPLETED ┆ 2026-07-22T05:23:41.137697 ┆ 2026-08-10T12:57:12.733Z │
│ 207            ┆ 82         ┆ 874.55 ┆ TRANSFER         ┆ 91                 ┆ COMPLETED ┆ 2026-07-22T05:23:44.800742 ┆ 2026-08-10T12:57:12.733Z │
│ 215            ┆ 89         ┆ 577.59 ┆ DEPOSIT          ┆                    ┆ COMPLETED ┆ 2026-07-22T05:23:44.833659 ┆ 2026-08-10T12:57:12.733Z │
│ 222            ┆ 83         ┆ 27.22  ┆ TRANSFER         ┆ 87                 ┆ COMPLETED ┆ 2026-07-22T05:23:44.862870 ┆ 2026-08-10T12:57:12.733Z │
│ 230            ┆ 82         ┆ 752.32 ┆ DEPOSIT          ┆                    ┆ COMPLETED ┆ 2026-07-22T05:23:44.899838 ┆ 2026-08-10T12:57:12.733Z │
│ 238            ┆ 97         ┆ 299.32 ┆ DEPOSIT          ┆                    ┆ COMPLETED ┆ 2026-07-22T05:23:44.936604 ┆ 2026-08-10T12:57:12.733Z │
│ 246            ┆ 99         ┆ 66.84  ┆ TRANSFER         ┆ 87                 ┆ COMPLETED ┆ 2026-07-22T05:23:44.970339 ┆ 2026-08-10T12:57:12.733Z │
│ 254            ┆ 109        ┆ 919.32 ┆ DEPOSIT          ┆                    ┆ COMPLETED ┆ 2026-07-22T05:23:48.369628 ┆ 2026-08-10T12:57:12.733Z │
│ 262            ┆ 104        ┆ 919.31 ┆ TRANSFER         ┆ 106                ┆ COMPLETED ┆ 2026-07-22T05:23:48.412822 ┆ 2026-08-10T12:57:12.733Z │
│ 270            ┆ 117        ┆ 163.25 ┆ WITHDRAWAL       ┆                    ┆ COMPLETED ┆ 2026-07-22T05:23:48.452902 ┆ 2026-08-10T12:57:12.733Z │
│ 278            ┆ 101        ┆ 960.46 ┆ DEPOSIT          ┆                    ┆ COMPLETED ┆ 2026-07-22T05:23:48.499414 ┆ 2026-08-10T12:57:12.733Z │
│ 286            ┆ 113        ┆ 9.73   ┆ DEPOSIT          ┆                    ┆ COMPLETED ┆ 2026-07-22T05:23:48.565256 ┆ 2026-08-10T12:57:12.733Z │
│ 294            ┆ 106        ┆ 56.71  ┆ DEPOSIT          ┆                    ┆ COMPLETED ┆ 2026-07-22T05:23:48.609880 ┆ 2026-08-10T12:57:12.733Z │
│ 302            ┆ 126        ┆ 724.54 ┆ DEPOSIT          ┆                    ┆ COMPLETED ┆ 2026-07-22T05:30:16.829234 ┆ 2026-08-10T12:57:12.733Z │
│ 308            ┆ 131        ┆ 689.89 ┆ DEPOSIT          ┆                    ┆ COMPLETED ┆ 2026-07-22T05:30:16.840973 ┆ 2026-08-10T12:57:12.733Z │
│ 317            ┆ 122        ┆ 670.23 ┆ WITHDRAWAL       ┆                    ┆ COMPLETED ┆ 2026-07-22T05:30:16.858084 ┆ 2026-08-10T12:57:12.733Z │
│ 326            ┆ 140        ┆ 524.26 ┆ TRANSFER         ┆ 126                ┆ COMPLETED ┆ 2026-07-22T05:30:16.876229 ┆ 2026-08-10T12:57:12.733Z │
│ 334            ┆ 121        ┆ 542.46 ┆ WITHDRAWAL       ┆                    ┆ COMPLETED ┆ 2026-07-22T05:30:16.890898 ┆ 2026-08-10T12:57:12.733Z │
│ 342            ┆ 134        ┆ 271.93 ┆ DEPOSIT          ┆                    ┆ COMPLETED ┆ 2026-07-22T05:30:16.904899 ┆ 2026-08-10T12:57:12.733Z │
│ 350            ┆ 130        ┆ 334.8  ┆ WITHDRAWAL       ┆                    ┆ COMPLETED ┆ 2026-07-22T05:30:16.921066 ┆ 2026-08-10T12:57:12.733Z │
│ 358            ┆ 159        ┆ 451.06 ┆ DEPOSIT          ┆                    ┆ COMPLETED ┆ 2026-07-22T05:34:39.011880 ┆ 2026-08-10T12:57:12.733Z │
│ 365            ┆ 147        ┆ 90.94  ┆ TRANSFER         ┆ 151                ┆ COMPLETED ┆ 2026-07-22T05:34:39.034777 ┆ 2026-08-10T12:57:12.733Z │
│ 372            ┆ 157        ┆ 996.84 ┆ WITHDRAWAL       ┆                    ┆ COMPLETED ┆ 2026-07-22T05:34:39.061781 ┆ 2026-08-10T12:57:12.733Z │
│ 381            ┆ 144        ┆ 163.91 ┆ WITHDRAWAL       ┆                    ┆ COMPLETED ┆ 2026-07-22T05:34:39.093734 ┆ 2026-08-10T12:57:12.733Z │
│ 389            ┆ 153        ┆ 152.41 ┆ WITHDRAWAL       ┆                    ┆ COMPLETED ┆ 2026-07-22T05:34:39.124984 ┆ 2026-08-10T12:57:12.733Z │
│ 395            ┆ 143        ┆ 34.39  ┆ WITHDRAWAL       ┆                    ┆ COMPLETED ┆ 2026-07-22T05:34:39.145447 ┆ 2026-08-10T12:57:12.733Z │
│ 2              ┆ 15         ┆ 885.29 ┆ WITHDRAWAL       ┆                    ┆ COMPLETED ┆ 2026-07-22T05:22:54.199129 ┆ 2026-08-10T12:57:12.733Z │
│ 11             ┆ 1          ┆ 464.68 ┆ DEPOSIT          ┆                    ┆ COMPLETED ┆ 2026-07-22T05:22:54.237611 ┆ 2026-08-10T12:57:12.733Z │
│ 18             ┆ 10         ┆ 822.27 ┆ DEPOSIT          ┆                    ┆ COMPLETED ┆ 2026-07-22T05:22:54.270017 ┆ 2026-08-10T12:57:12.733Z │
│ 25             ┆ 14         ┆ 504.69 ┆ WITHDRAWAL       ┆                    ┆ COMPLETED ┆ 2026-07-22T05:22:54.298885 ┆ 2026-08-10T12:57:12.733Z │
│ 33             ┆ 15         ┆ 306.0  ┆ WITHDRAWAL       ┆                    ┆ COMPLETED ┆ 2026-07-22T05:22:54.332230 ┆ 2026-08-10T12:57:12.733Z │
│ 41             ┆ 2          ┆ 883.96 ┆ TRANSFER         ┆ 19                 ┆ COMPLETED ┆ 2026-07-22T05:22:54.368021 ┆ 2026-08-10T12:57:12.733Z │
│ 49             ┆ 4          ┆ 205.03 ┆ DEPOSIT          ┆                    ┆ COMPLETED ┆ 2026-07-22T05:22:54.406656 ┆ 2026-08-10T12:57:12.733Z │
│ 57             ┆ 34         ┆ 539.35 ┆ DEPOSIT          ┆                    ┆ COMPLETED ┆ 2026-07-22T05:23:25.433145 ┆ 2026-08-10T12:57:12.733Z │
│ 63             ┆ 33         ┆ 230.91 ┆ WITHDRAWAL       ┆                    ┆ COMPLETED ┆ 2026-07-22T05:23:25.459743 ┆ 2026-08-10T12:57:12.733Z │
│ 73             ┆ 33         ┆ 948.12 ┆ TRANSFER         ┆ 39                 ┆ COMPLETED ┆ 2026-07-22T05:23:25.500086 ┆ 2026-08-10T12:57:12.733Z │
│ 81             ┆ 36         ┆ 731.69 ┆ TRANSFER         ┆ 25                 ┆ COMPLETED ┆ 2026-07-22T05:23:25.532602 ┆ 2026-08-10T12:57:12.733Z │
│ 90             ┆ 33         ┆ 44.96  ┆ TRANSFER         ┆ 28                 ┆ COMPLETED ┆ 2026-07-22T05:23:25.565966 ┆ 2026-08-10T12:57:12.733Z │
│ 97             ┆ 28         ┆ 303.08 ┆ DEPOSIT          ┆                    ┆ COMPLETED ┆ 2026-07-22T05:23:25.592566 ┆ 2026-08-10T12:57:12.733Z │
│ 104            ┆ 41         ┆ 881.78 ┆ WITHDRAWAL       ┆                    ┆ COMPLETED ┆ 2026-07-22T05:23:36.725541 ┆ 2026-08-10T12:57:12.733Z │
│ 112            ┆ 55         ┆ 407.39 ┆ TRANSFER         ┆ 59                 ┆ COMPLETED ┆ 2026-07-22T05:23:36.785248 ┆ 2026-08-10T12:57:12.733Z │
│ 119            ┆ 60         ┆ 996.4  ┆ DEPOSIT          ┆                    ┆ COMPLETED ┆ 2026-07-22T05:23:36.812704 ┆ 2026-08-10T12:57:12.733Z │
│ 125            ┆ 46         ┆ 837.8  ┆ WITHDRAWAL       ┆                    ┆ COMPLETED ┆ 2026-07-22T05:23:36.836637 ┆ 2026-08-10T12:57:12.733Z │
│ 133            ┆ 57         ┆ 229.13 ┆ TRANSFER         ┆ 47                 ┆ COMPLETED ┆ 2026-07-22T05:23:36.870519 ┆ 2026-08-10T12:57:12.733Z │
│ 140            ┆ 50         ┆ 564.24 ┆ TRANSFER         ┆ 47                 ┆ COMPLETED ┆ 2026-07-22T05:23:36.899241 ┆ 2026-08-10T12:57:12.733Z │
│ 148            ┆ 45         ┆ 373.44 ┆ TRANSFER         ┆ 51                 ┆ COMPLETED ┆ 2026-07-22T05:23:36.931223 ┆ 2026-08-10T12:57:12.733Z │
│ 157            ┆ 80         ┆ 858.23 ┆ TRANSFER         ┆ 69                 ┆ COMPLETED ┆ 2026-07-22T05:23:40.969087 ┆ 2026-08-10T12:57:12.733Z │
│ 165            ┆ 79         ┆ 861.78 ┆ WITHDRAWAL       ┆                    ┆ COMPLETED ┆ 2026-07-22T05:23:41.002964 ┆ 2026-08-10T12:57:12.733Z │
│ 172            ┆ 61         ┆ 428.1  ┆ TRANSFER         ┆ 66                 ┆ COMPLETED ┆ 2026-07-22T05:23:41.029475 ┆ 2026-08-10T12:57:12.733Z │
│ 180            ┆ 74         ┆ 319.95 ┆ TRANSFER         ┆ 63                 ┆ COMPLETED ┆ 2026-07-22T05:23:41.062784 ┆ 2026-08-10T12:57:12.733Z │
│ 188            ┆ 71         ┆ 543.18 ┆ DEPOSIT          ┆                    ┆ COMPLETED ┆ 2026-07-22T05:23:41.093666 ┆ 2026-08-10T12:57:12.733Z │
│ 196            ┆ 80         ┆ 138.62 ┆ DEPOSIT          ┆                    ┆ COMPLETED ┆ 2026-07-22T05:23:41.122058 ┆ 2026-08-10T12:57:12.733Z │
│ 204            ┆ 91         ┆ 201.49 ┆ WITHDRAWAL       ┆                    ┆ COMPLETED ┆ 2026-07-22T05:23:44.787100 ┆ 2026-08-10T12:57:12.733Z │
│ 211            ┆ 92         ┆ 600.55 ┆ TRANSFER         ┆ 84                 ┆ COMPLETED ┆ 2026-07-22T05:23:44.817823 ┆ 2026-08-10T12:57:12.733Z │
│ 220            ┆ 95         ┆ 561.0  ┆ DEPOSIT          ┆                    ┆ COMPLETED ┆ 2026-07-22T05:23:44.854443 ┆ 2026-08-10T12:57:12.733Z │
│ 228            ┆ 86         ┆ 560.41 ┆ TRANSFER         ┆ 99                 ┆ COMPLETED ┆ 2026-07-22T05:23:44.890541 ┆ 2026-08-10T12:57:12.733Z │
│ 236            ┆ 86         ┆ 306.38 ┆ DEPOSIT          ┆                    ┆ COMPLETED ┆ 2026-07-22T05:23:44.927671 ┆ 2026-08-10T12:57:12.733Z │
│ 244            ┆ 82         ┆ 343.4  ┆ DEPOSIT          ┆                    ┆ COMPLETED ┆ 2026-07-22T05:23:44.961922 ┆ 2026-08-10T12:57:12.733Z │
│ 252            ┆ 112        ┆ 999.1  ┆ WITHDRAWAL       ┆                    ┆ COMPLETED ┆ 2026-07-22T05:23:48.359764 ┆ 2026-08-10T12:57:12.733Z │
│ 260            ┆ 112        ┆ 631.37 ┆ DEPOSIT          ┆                    ┆ COMPLETED ┆ 2026-07-22T05:23:48.402594 ┆ 2026-08-10T12:57:12.733Z │
│ 268            ┆ 105        ┆ 684.47 ┆ TRANSFER         ┆ 108                ┆ COMPLETED ┆ 2026-07-22T05:23:48.444713 ┆ 2026-08-10T12:57:12.733Z │
│ 276            ┆ 120        ┆ 240.62 ┆ WITHDRAWAL       ┆                    ┆ COMPLETED ┆ 2026-07-22T05:23:48.485223 ┆ 2026-08-10T12:57:12.733Z │
│ 285            ┆ 119        ┆ 999.6  ┆ DEPOSIT          ┆                    ┆ COMPLETED ┆ 2026-07-22T05:23:48.560212 ┆ 2026-08-10T12:57:12.733Z │
│ 293            ┆ 113        ┆ 265.46 ┆ WITHDRAWAL       ┆                    ┆ COMPLETED ┆ 2026-07-22T05:23:48.605267 ┆ 2026-08-10T12:57:12.733Z │
│ 301            ┆ 128        ┆ 400.63 ┆ TRANSFER         ┆ 126                ┆ COMPLETED ┆ 2026-07-22T05:30:16.823897 ┆ 2026-08-10T12:57:12.733Z │
│ 310            ┆ 132        ┆ 491.39 ┆ DEPOSIT          ┆                    ┆ COMPLETED ┆ 2026-07-22T05:30:16.844856 ┆ 2026-08-10T12:57:12.733Z │
│ 318            ┆ 138        ┆ 506.34 ┆ DEPOSIT          ┆                    ┆ COMPLETED ┆ 2026-07-22T05:30:16.860002 ┆ 2026-08-10T12:57:12.733Z │
│ 325            ┆ 126        ┆ 867.45 ┆ WITHDRAWAL       ┆                    ┆ COMPLETED ┆ 2026-07-22T05:30:16.873706 ┆ 2026-08-10T12:57:12.733Z │
│ 333            ┆ 128        ┆ 687.84 ┆ WITHDRAWAL       ┆                    ┆ COMPLETED ┆ 2026-07-22T05:30:16.889161 ┆ 2026-08-10T12:57:12.733Z │
│ 339            ┆ 121        ┆ 225.73 ┆ DEPOSIT          ┆                    ┆ COMPLETED ┆ 2026-07-22T05:30:16.899374 ┆ 2026-08-10T12:57:12.733Z │
│ 347            ┆ 137        ┆ 590.57 ┆ TRANSFER         ┆ 122                ┆ COMPLETED ┆ 2026-07-22T05:30:16.915075 ┆ 2026-08-10T12:57:12.733Z │
│ 357            ┆ 143        ┆ 207.08 ┆ DEPOSIT          ┆                    ┆ COMPLETED ┆ 2026-07-22T05:34:39.009110 ┆ 2026-08-10T12:57:12.733Z │
│ 363            ┆ 148        ┆ 113.45 ┆ WITHDRAWAL       ┆                    ┆ COMPLETED ┆ 2026-07-22T05:34:39.027440 ┆ 2026-08-10T12:57:12.733Z │
│ 369            ┆ 145        ┆ 823.02 ┆ WITHDRAWAL       ┆                    ┆ COMPLETED ┆ 2026-07-22T05:34:39.050681 ┆ 2026-08-10T12:57:12.733Z │
│ 377            ┆ 160        ┆ 344.26 ┆ WITHDRAWAL       ┆                    ┆ COMPLETED ┆ 2026-07-22T05:34:39.078361 ┆ 2026-08-10T12:57:12.733Z │
│ 383            ┆ 150        ┆ 974.43 ┆ TRANSFER         ┆ 156                ┆ COMPLETED ┆ 2026-07-22T05:34:39.101680 ┆ 2026-08-10T12:57:12.733Z │
│ 392            ┆ 154        ┆ 200.76 ┆ WITHDRAWAL       ┆                    ┆ COMPLETED ┆ 2026-07-22T05:34:39.135710 ┆ 2026-08-10T12:57:12.733Z │
└────────────────┴────────────┴────────┴──────────────────┴────────────────────┴───────────┴────────────────────────────┴──────────────────────────┘
400 rows.
12:57:14.843154 [info ]: Finished running [  2.48s] model ANALYSTICS.stg_transactions [success]
12:57:14.843179 [info ]: Finished running [  2.48s] (1 nodes, 0 skipped, 0 errors)
12:57:14.843192 [info ]:  Succeeded [  2.48s] model ANALYSTICS.stg_transactions (view)
12:57:16.581221 [info ]: Started loading project
12:57:16.582105 [info ]: Loading profiles.yml
12:57:16.627102 [info ]: Cached model count updated: 3 models (estimate)
12:57:16.627139 [info ]: Cached model count updated: 3 models (accurate)
12:57:16.627171 [info ]: Started scheduling
12:57:16.627256 [info ]: Finished scheduling [  0.00s]
12:57:16.627282 [debug]: Compilation - 3 nodes selected: {"model.banking_dbt.stg_accounts", "model.banking_dbt.stg_customers", "model.banking_dbt.stg_transactions"}
12:57:16.628714 [debug]: License check failed: Feature not licensed: 'lineage'
12:57:16.629163 [info ]: Started building task graph
12:57:16.629239 [info ]: Finished building task graph [  0.00s]
12:57:16.631942 [info ]: Started rendering (3 nodes)
12:57:16.632014 [info ]: Started model ANALYSTICS.stg_transactions
12:57:16.632046 [debug]: Started rendering model ANALYSTICS.stg_transactions
12:57:16.632101 [info ]: Started model ANALYSTICS.stg_customers
12:57:16.632132 [debug]: Started rendering model ANALYSTICS.stg_customers
12:57:16.632142 [info ]: Finished loading project [  0.05s]
12:57:16.632192 [info ]: Started model ANALYSTICS.stg_accounts
12:57:16.632219 [debug]: Started rendering model ANALYSTICS.stg_accounts
12:57:16.633090 [debug]: Compiled SQL for node model.banking_dbt.stg_transactions at target\.lsp\compiled\banking_dbt\models\staging\stg_transactions.sql
12:57:16.633214 [debug]: Finished rendering [  0.00s] model ANALYSTICS.stg_transactions [success]
12:57:16.633271 [info ]: Started analyzing (3 nodes)
12:57:16.633284 [debug]: Started analyzing model ANALYSTICS.stg_transactions
12:57:16.634309 [debug]: Finished analyzing [  0.00s] model ANALYSTICS.stg_transactions [success]
12:57:16.634352 [info ]:  Succeeded [  0.00s] model ANALYSTICS.stg_transactions (view)
12:57:16.636138 [debug]: Compiled SQL for node model.banking_dbt.stg_accounts at target\.lsp\compiled\banking_dbt\models\staging\stg_accounts.sql
12:57:16.636254 [debug]: Compiled SQL for node model.banking_dbt.stg_customers at target\.lsp\compiled\banking_dbt\models\staging\stg_customers.sql
12:57:16.636345 [debug]: Finished rendering [  0.00s] model ANALYSTICS.stg_accounts [success]
12:57:16.636399 [debug]: Started analyzing model ANALYSTICS.stg_accounts
12:57:16.636470 [debug]: Finished rendering [  0.00s] model ANALYSTICS.stg_customers [success]
12:57:16.636510 [info ]: Finished rendering [  0.00s] (3 nodes, 0 skipped, 0 errors)
12:57:16.636533 [debug]: Started analyzing model ANALYSTICS.stg_customers
12:57:16.637349 [debug]: Finished analyzing [  0.00s] model ANALYSTICS.stg_accounts [success]
12:57:16.637380 [info ]:  Succeeded [  0.00s] model ANALYSTICS.stg_accounts (view)
12:57:16.637598 [debug]: Finished analyzing [  0.00s] model ANALYSTICS.stg_customers [success]
12:57:16.637626 [info ]: Finished analyzing [  0.00s] (3 nodes, 0 skipped, 0 errors)
12:57:16.637639 [info ]:  Succeeded [  0.01s] model ANALYSTICS.stg_customers (view)
12:57:16.642837 [info ]: Started scheduling
12:57:16.642931 [info ]: Finished scheduling [  0.00s]
12:57:16.643200 [info ]: Cached model count updated: 3 models (accurate)
12:57:17.045084 [debug]: License check failed: Feature not licensed: 'lineage'
12:57:18.579922 [info ]: Started loading project
12:57:18.580828 [info ]: Loading profiles.yml
12:57:18.630574 [info ]: Finished loading project [  0.05s]
12:57:18.630592 [info ]: Cached model count updated: 3 models (accurate)
12:57:18.688671 [info ]: Started scheduling
12:57:18.688830 [info ]: Finished scheduling [  0.00s]
12:57:18.691467 [debug]: License check failed: Feature not licensed: 'lineage'
12:57:18.692313 [info ]: Started building task graph
12:57:18.692427 [info ]: Finished building task graph [  0.00s]
12:57:18.696970 [info ]: Started rendering (1 nodes)
12:57:18.697044 [info ]: Started model ANALYSTICS.stg_accounts
12:57:18.697090 [debug]: Started rendering model ANALYSTICS.stg_accounts
12:57:18.698007 [debug]: Compiled SQL for node model.banking_dbt.stg_accounts at target\.lsp\compiled\banking_dbt\models\staging\stg_accounts.sql
12:57:18.698182 [debug]: Finished rendering [  0.00s] model ANALYSTICS.stg_accounts [success]
12:57:18.698236 [info ]: Finished rendering [  0.00s] (1 nodes, 0 skipped, 0 errors)
12:57:18.698274 [info ]: Started analyzing (1 nodes)
12:57:18.698301 [debug]: Started analyzing model ANALYSTICS.stg_accounts
12:57:18.699721 [debug]: Finished analyzing [  0.00s] model ANALYSTICS.stg_accounts [success]
12:57:18.699785 [info ]: Finished analyzing [  0.00s] (1 nodes, 0 skipped, 0 errors)
12:57:18.699845 [info ]: Started running (1 nodes)
12:57:18.699869 [info ]: Started running model ANALYSTICS.stg_accounts
12:57:18.905059 [debug]: License check failed: Feature not licensed: 'lineage'
12:57:20.805306 [debug]: Query executed on node unknown:

  
  

with ranked as (
    select
        v:id::string            as account_id,
        v:customer_id::string   as customer_id,
        v:account_type::string  as account_type,
        v:balance::float        as balance,
        v:currency::string      as currency,
        v:created_at::timestamp as created_at,
        current_timestamp       as load_timestamp,
        row_number() over (
            partition by v:id::string
            order by v:created_at desc
        ) as rn
    from BANKING.RAW.accounts
)

select
    account_id,
    customer_id,
    account_type,
    balance,
    currency,
    created_at,
    load_timestamp
from ranked
where rn = 1
  
  limit 1000

12:57:20.869811 [info ]: Query show_model_banking_dbt_stg_accounts
┌────────────┬─────────────┬──────────────┬─────────┬──────────┬────────────────────────────┬──────────────────────────┐
│ ACCOUNT_ID ┆ CUSTOMER_ID ┆ ACCOUNT_TYPE ┆ BALANCE ┆ CURRENCY ┆ CREATED_AT                 ┆ LOAD_TIMESTAMP           │
╞════════════╪═════════════╪══════════════╪═════════╪══════════╪════════════════════════════╪══════════════════════════╡
│ 1          ┆ 2           ┆ SAVINGS      ┆ 378.67  ┆ USD      ┆ 2026-07-22T05:22:54.043061 ┆ 2026-08-10T12:57:19.644Z │
│ 10         ┆ 6           ┆ CHECKING     ┆ 576.73  ┆ USD      ┆ 2026-07-22T05:22:54.128402 ┆ 2026-08-10T12:57:19.644Z │
│ 100        ┆ 51          ┆ CHECKING     ┆ 976.51  ┆ USD      ┆ 2026-07-22T05:23:44.766339 ┆ 2026-08-10T12:57:19.644Z │
│ 101        ┆ 52          ┆ SAVINGS      ┆ 34.93   ┆ USD      ┆ 2026-07-22T05:23:48.241359 ┆ 2026-08-10T12:57:19.644Z │
│ 102        ┆ 52          ┆ SAVINGS      ┆ 145.19  ┆ USD      ┆ 2026-07-22T05:23:48.253759 ┆ 2026-08-10T12:57:19.644Z │
│ 103        ┆ 53          ┆ SAVINGS      ┆ 280.51  ┆ USD      ┆ 2026-07-22T05:23:48.258532 ┆ 2026-08-10T12:57:19.644Z │
│ 104        ┆ 53          ┆ CHECKING     ┆ 374.72  ┆ USD      ┆ 2026-07-22T05:23:48.263491 ┆ 2026-08-10T12:57:19.644Z │
│ 105        ┆ 54          ┆ CHECKING     ┆ 319.45  ┆ USD      ┆ 2026-07-22T05:23:48.268422 ┆ 2026-08-10T12:57:19.644Z │
│ 106        ┆ 54          ┆ SAVINGS      ┆ 202.72  ┆ USD      ┆ 2026-07-22T05:23:48.273225 ┆ 2026-08-10T12:57:19.644Z │
│ 107        ┆ 55          ┆ CHECKING     ┆ 503.46  ┆ USD      ┆ 2026-07-22T05:23:48.278479 ┆ 2026-08-10T12:57:19.644Z │
│ 108        ┆ 55          ┆ SAVINGS      ┆ 804.86  ┆ USD      ┆ 2026-07-22T05:23:48.282792 ┆ 2026-08-10T12:57:19.644Z │
│ 109        ┆ 56          ┆ CHECKING     ┆ 481.2   ┆ USD      ┆ 2026-07-22T05:23:48.287169 ┆ 2026-08-10T12:57:19.644Z │
│ 11         ┆ 7           ┆ SAVINGS      ┆ 84.59   ┆ USD      ┆ 2026-07-22T05:22:54.133808 ┆ 2026-08-10T12:57:19.644Z │
│ 110        ┆ 56          ┆ CHECKING     ┆ 341.2   ┆ USD      ┆ 2026-07-22T05:23:48.293276 ┆ 2026-08-10T12:57:19.644Z │
│ 111        ┆ 57          ┆ CHECKING     ┆ 84.72   ┆ USD      ┆ 2026-07-22T05:23:48.297731 ┆ 2026-08-10T12:57:19.644Z │
│ 112        ┆ 57          ┆ CHECKING     ┆ 447.16  ┆ USD      ┆ 2026-07-22T05:23:48.302337 ┆ 2026-08-10T12:57:19.644Z │
│ 113        ┆ 58          ┆ SAVINGS      ┆ 326.24  ┆ USD      ┆ 2026-07-22T05:23:48.307195 ┆ 2026-08-10T12:57:19.644Z │
│ 114        ┆ 58          ┆ SAVINGS      ┆ 731.35  ┆ USD      ┆ 2026-07-22T05:23:48.312067 ┆ 2026-08-10T12:57:19.644Z │
│ 115        ┆ 59          ┆ CHECKING     ┆ 824.93  ┆ USD      ┆ 2026-07-22T05:23:48.323898 ┆ 2026-08-10T12:57:19.644Z │
│ 116        ┆ 59          ┆ SAVINGS      ┆ 635.35  ┆ USD      ┆ 2026-07-22T05:23:48.329372 ┆ 2026-08-10T12:57:19.644Z │
│ 117        ┆ 60          ┆ SAVINGS      ┆ 324.85  ┆ USD      ┆ 2026-07-22T05:23:48.334086 ┆ 2026-08-10T12:57:19.644Z │
│ 118        ┆ 60          ┆ SAVINGS      ┆ 731.38  ┆ USD      ┆ 2026-07-22T05:23:48.338380 ┆ 2026-08-10T12:57:19.644Z │
│ 119        ┆ 61          ┆ CHECKING     ┆ 131.01  ┆ USD      ┆ 2026-07-22T05:23:48.343016 ┆ 2026-08-10T12:57:19.644Z │
│ 12         ┆ 7           ┆ CHECKING     ┆ 734.78  ┆ USD      ┆ 2026-07-22T05:22:54.138800 ┆ 2026-08-10T12:57:19.644Z │
│ 120        ┆ 61          ┆ CHECKING     ┆ 453.42  ┆ USD      ┆ 2026-07-22T05:23:48.347232 ┆ 2026-08-10T12:57:19.644Z │
│ 121        ┆ 62          ┆ SAVINGS      ┆ 754.99  ┆ USD      ┆ 2026-07-22T05:30:16.778453 ┆ 2026-08-10T12:57:19.644Z │
│ 122        ┆ 62          ┆ CHECKING     ┆ 552.44  ┆ USD      ┆ 2026-07-22T05:30:16.788139 ┆ 2026-08-10T12:57:19.644Z │
│ 123        ┆ 63          ┆ SAVINGS      ┆ 446.76  ┆ USD      ┆ 2026-07-22T05:30:16.790227 ┆ 2026-08-10T12:57:19.644Z │
│ 124        ┆ 63          ┆ CHECKING     ┆ 55.31   ┆ USD      ┆ 2026-07-22T05:30:16.792219 ┆ 2026-08-10T12:57:19.644Z │
│ 125        ┆ 64          ┆ SAVINGS      ┆ 710.55  ┆ USD      ┆ 2026-07-22T05:30:16.794688 ┆ 2026-08-10T12:57:19.644Z │
│ 126        ┆ 64          ┆ SAVINGS      ┆ 815.75  ┆ USD      ┆ 2026-07-22T05:30:16.796799 ┆ 2026-08-10T12:57:19.644Z │
│ 127        ┆ 65          ┆ SAVINGS      ┆ 460.74  ┆ USD      ┆ 2026-07-22T05:30:16.798703 ┆ 2026-08-10T12:57:19.644Z │
│ 128        ┆ 65          ┆ CHECKING     ┆ 723.21  ┆ USD      ┆ 2026-07-22T05:30:16.800581 ┆ 2026-08-10T12:57:19.644Z │
│ 129        ┆ 66          ┆ CHECKING     ┆ 651.49  ┆ USD      ┆ 2026-07-22T05:30:16.802369 ┆ 2026-08-10T12:57:19.644Z │
│ 13         ┆ 8           ┆ SAVINGS      ┆ 547.28  ┆ USD      ┆ 2026-07-22T05:22:54.143593 ┆ 2026-08-10T12:57:19.644Z │
│ 130        ┆ 66          ┆ CHECKING     ┆ 581.68  ┆ USD      ┆ 2026-07-22T05:30:16.804078 ┆ 2026-08-10T12:57:19.644Z │
│ 131        ┆ 67          ┆ CHECKING     ┆ 545.65  ┆ USD      ┆ 2026-07-22T05:30:16.805854 ┆ 2026-08-10T12:57:19.644Z │
│ 132        ┆ 67          ┆ SAVINGS      ┆ 36.8    ┆ USD      ┆ 2026-07-22T05:30:16.807552 ┆ 2026-08-10T12:57:19.644Z │
│ 133        ┆ 68          ┆ SAVINGS      ┆ 663.87  ┆ USD      ┆ 2026-07-22T05:30:16.809366 ┆ 2026-08-10T12:57:19.644Z │
│ 134        ┆ 68          ┆ SAVINGS      ┆ 946.36  ┆ USD      ┆ 2026-07-22T05:30:16.811561 ┆ 2026-08-10T12:57:19.644Z │
│ 135        ┆ 69          ┆ SAVINGS      ┆ 451.25  ┆ USD      ┆ 2026-07-22T05:30:16.813446 ┆ 2026-08-10T12:57:19.644Z │
│ 136        ┆ 69          ┆ SAVINGS      ┆ 233.63  ┆ USD      ┆ 2026-07-22T05:30:16.815208 ┆ 2026-08-10T12:57:19.644Z │
│ 137        ┆ 70          ┆ CHECKING     ┆ 622.37  ┆ USD      ┆ 2026-07-22T05:30:16.816952 ┆ 2026-08-10T12:57:19.644Z │
│ 138        ┆ 70          ┆ SAVINGS      ┆ 460.79  ┆ USD      ┆ 2026-07-22T05:30:16.818683 ┆ 2026-08-10T12:57:19.644Z │
│ 139        ┆ 71          ┆ CHECKING     ┆ 241.15  ┆ USD      ┆ 2026-07-22T05:30:16.820370 ┆ 2026-08-10T12:57:19.644Z │
│ 14         ┆ 8           ┆ CHECKING     ┆ 47.15   ┆ USD      ┆ 2026-07-22T05:22:54.148747 ┆ 2026-08-10T12:57:19.644Z │
│ 140        ┆ 71          ┆ SAVINGS      ┆ 146.72  ┆ USD      ┆ 2026-07-22T05:30:16.822090 ┆ 2026-08-10T12:57:19.644Z │
│ 141        ┆ 72          ┆ CHECKING     ┆ 701.72  ┆ USD      ┆ 2026-07-22T05:34:38.945458 ┆ 2026-08-10T12:57:19.644Z │
│ 142        ┆ 72          ┆ SAVINGS      ┆ 819.1   ┆ USD      ┆ 2026-07-22T05:34:38.949750 ┆ 2026-08-10T12:57:19.644Z │
│ 143        ┆ 73          ┆ SAVINGS      ┆ 555.8   ┆ USD      ┆ 2026-07-22T05:34:38.951969 ┆ 2026-08-10T12:57:19.644Z │
│ 144        ┆ 73          ┆ SAVINGS      ┆ 161.07  ┆ USD      ┆ 2026-07-22T05:34:38.954461 ┆ 2026-08-10T12:57:19.644Z │
│ 145        ┆ 74          ┆ SAVINGS      ┆ 397.68  ┆ USD      ┆ 2026-07-22T05:34:38.956882 ┆ 2026-08-10T12:57:19.644Z │
│ 146        ┆ 74          ┆ CHECKING     ┆ 111.62  ┆ USD      ┆ 2026-07-22T05:34:38.959277 ┆ 2026-08-10T12:57:19.644Z │
│ 147        ┆ 75          ┆ CHECKING     ┆ 51.19   ┆ USD      ┆ 2026-07-22T05:34:38.961562 ┆ 2026-08-10T12:57:19.644Z │
│ 148        ┆ 75          ┆ CHECKING     ┆ 498.18  ┆ USD      ┆ 2026-07-22T05:34:38.964080 ┆ 2026-08-10T12:57:19.644Z │
│ 149        ┆ 76          ┆ CHECKING     ┆ 867.73  ┆ USD      ┆ 2026-07-22T05:34:38.966243 ┆ 2026-08-10T12:57:19.644Z │
│ 15         ┆ 9           ┆ SAVINGS      ┆ 987.68  ┆ USD      ┆ 2026-07-22T05:22:54.153700 ┆ 2026-08-10T12:57:19.644Z │
│ 150        ┆ 76          ┆ CHECKING     ┆ 499.62  ┆ USD      ┆ 2026-07-22T05:34:38.968497 ┆ 2026-08-10T12:57:19.644Z │
│ 151        ┆ 77          ┆ CHECKING     ┆ 978.66  ┆ USD      ┆ 2026-07-22T05:34:38.971009 ┆ 2026-08-10T12:57:19.644Z │
│ 152        ┆ 77          ┆ CHECKING     ┆ 828.35  ┆ USD      ┆ 2026-07-22T05:34:38.973309 ┆ 2026-08-10T12:57:19.644Z │
│ 153        ┆ 78          ┆ SAVINGS      ┆ 380.93  ┆ USD      ┆ 2026-07-22T05:34:38.975409 ┆ 2026-08-10T12:57:19.644Z │
│ 154        ┆ 78          ┆ SAVINGS      ┆ 33.46   ┆ USD      ┆ 2026-07-22T05:34:38.977522 ┆ 2026-08-10T12:57:19.644Z │
│ 155        ┆ 79          ┆ CHECKING     ┆ 654.69  ┆ USD      ┆ 2026-07-22T05:34:38.979440 ┆ 2026-08-10T12:57:19.644Z │
│ 156        ┆ 79          ┆ SAVINGS      ┆ 300.64  ┆ USD      ┆ 2026-07-22T05:34:38.981355 ┆ 2026-08-10T12:57:19.644Z │
│ 157        ┆ 80          ┆ CHECKING     ┆ 13.07   ┆ USD      ┆ 2026-07-22T05:34:38.983358 ┆ 2026-08-10T12:57:19.644Z │
│ 158        ┆ 80          ┆ SAVINGS      ┆ 845.39  ┆ USD      ┆ 2026-07-22T05:34:38.985813 ┆ 2026-08-10T12:57:19.644Z │
│ 159        ┆ 81          ┆ CHECKING     ┆ 339.08  ┆ USD      ┆ 2026-07-22T05:34:38.988192 ┆ 2026-08-10T12:57:19.644Z │
│ 16         ┆ 9           ┆ SAVINGS      ┆ 173.34  ┆ USD      ┆ 2026-07-22T05:22:54.158706 ┆ 2026-08-10T12:57:19.644Z │
│ 160        ┆ 81          ┆ CHECKING     ┆ 531.05  ┆ USD      ┆ 2026-07-22T05:34:38.990243 ┆ 2026-08-10T12:57:19.644Z │
│ 17         ┆ 10          ┆ SAVINGS      ┆ 584.33  ┆ USD      ┆ 2026-07-22T05:22:54.163412 ┆ 2026-08-10T12:57:19.644Z │
│ 18         ┆ 10          ┆ CHECKING     ┆ 882.64  ┆ USD      ┆ 2026-07-22T05:22:54.168193 ┆ 2026-08-10T12:57:19.644Z │
│ 19         ┆ 11          ┆ CHECKING     ┆ 209.81  ┆ USD      ┆ 2026-07-22T05:22:54.172666 ┆ 2026-08-10T12:57:19.644Z │
│ 2          ┆ 2           ┆ SAVINGS      ┆ 452.29  ┆ USD      ┆ 2026-07-22T05:22:54.084394 ┆ 2026-08-10T12:57:19.644Z │
│ 20         ┆ 11          ┆ CHECKING     ┆ 811.59  ┆ USD      ┆ 2026-07-22T05:22:54.177339 ┆ 2026-08-10T12:57:19.644Z │
│ 21         ┆ 12          ┆ SAVINGS      ┆ 885.91  ┆ USD      ┆ 2026-07-22T05:23:25.322736 ┆ 2026-08-10T12:57:19.644Z │
│ 22         ┆ 12          ┆ SAVINGS      ┆ 979.14  ┆ USD      ┆ 2026-07-22T05:23:25.329499 ┆ 2026-08-10T12:57:19.644Z │
│ 23         ┆ 13          ┆ SAVINGS      ┆ 852.36  ┆ USD      ┆ 2026-07-22T05:23:25.333168 ┆ 2026-08-10T12:57:19.644Z │
│ 24         ┆ 13          ┆ CHECKING     ┆ 547.26  ┆ USD      ┆ 2026-07-22T05:23:25.337391 ┆ 2026-08-10T12:57:19.644Z │
│ 25         ┆ 14          ┆ SAVINGS      ┆ 756.78  ┆ USD      ┆ 2026-07-22T05:23:25.341436 ┆ 2026-08-10T12:57:19.644Z │
│ 26         ┆ 14          ┆ CHECKING     ┆ 126.56  ┆ USD      ┆ 2026-07-22T05:23:25.345301 ┆ 2026-08-10T12:57:19.644Z │
│ 27         ┆ 15          ┆ CHECKING     ┆ 375.59  ┆ USD      ┆ 2026-07-22T05:23:25.348866 ┆ 2026-08-10T12:57:19.644Z │
│ 28         ┆ 15          ┆ CHECKING     ┆ 747.5   ┆ USD      ┆ 2026-07-22T05:23:25.353018 ┆ 2026-08-10T12:57:19.644Z │
│ 29         ┆ 16          ┆ CHECKING     ┆ 593.32  ┆ USD      ┆ 2026-07-22T05:23:25.356977 ┆ 2026-08-10T12:57:19.644Z │
│ 3          ┆ 3           ┆ CHECKING     ┆ 77.64   ┆ USD      ┆ 2026-07-22T05:22:54.088959 ┆ 2026-08-10T12:57:19.644Z │
│ 30         ┆ 16          ┆ CHECKING     ┆ 332.4   ┆ USD      ┆ 2026-07-22T05:23:25.360975 ┆ 2026-08-10T12:57:19.644Z │
│ 31         ┆ 17          ┆ CHECKING     ┆ 482.74  ┆ USD      ┆ 2026-07-22T05:23:25.365169 ┆ 2026-08-10T12:57:19.644Z │
│ 32         ┆ 17          ┆ SAVINGS      ┆ 403.25  ┆ USD      ┆ 2026-07-22T05:23:25.369280 ┆ 2026-08-10T12:57:19.644Z │
│ 33         ┆ 18          ┆ SAVINGS      ┆ 306.54  ┆ USD      ┆ 2026-07-22T05:23:25.373158 ┆ 2026-08-10T12:57:19.644Z │
│ 34         ┆ 18          ┆ CHECKING     ┆ 488.48  ┆ USD      ┆ 2026-07-22T05:23:25.377057 ┆ 2026-08-10T12:57:19.644Z │
│ 35         ┆ 19          ┆ SAVINGS      ┆ 372.95  ┆ USD      ┆ 2026-07-22T05:23:25.380832 ┆ 2026-08-10T12:57:19.644Z │
│ 36         ┆ 19          ┆ CHECKING     ┆ 268.05  ┆ USD      ┆ 2026-07-22T05:23:25.385807 ┆ 2026-08-10T12:57:19.644Z │
│ 37         ┆ 20          ┆ SAVINGS      ┆ 31.4    ┆ USD      ┆ 2026-07-22T05:23:25.389566 ┆ 2026-08-10T12:57:19.644Z │
│ 38         ┆ 20          ┆ CHECKING     ┆ 773.93  ┆ USD      ┆ 2026-07-22T05:23:25.393783 ┆ 2026-08-10T12:57:19.644Z │
│ 39         ┆ 21          ┆ SAVINGS      ┆ 13.74   ┆ USD      ┆ 2026-07-22T05:23:25.397749 ┆ 2026-08-10T12:57:19.644Z │
│ 4          ┆ 3           ┆ SAVINGS      ┆ 331.24  ┆ USD      ┆ 2026-07-22T05:22:54.094028 ┆ 2026-08-10T12:57:19.644Z │
│ 40         ┆ 21          ┆ CHECKING     ┆ 62.08   ┆ USD      ┆ 2026-07-22T05:23:25.401526 ┆ 2026-08-10T12:57:19.644Z │
│ 41         ┆ 22          ┆ CHECKING     ┆ 597.59  ┆ USD      ┆ 2026-07-22T05:23:36.515028 ┆ 2026-08-10T12:57:19.644Z │
│ 42         ┆ 22          ┆ CHECKING     ┆ 41.51   ┆ USD      ┆ 2026-07-22T05:23:36.522270 ┆ 2026-08-10T12:57:19.644Z │
│ 43         ┆ 23          ┆ SAVINGS      ┆ 449.68  ┆ USD      ┆ 2026-07-22T05:23:36.526602 ┆ 2026-08-10T12:57:19.644Z │
│ 44         ┆ 23          ┆ SAVINGS      ┆ 986.45  ┆ USD      ┆ 2026-07-22T05:23:36.530980 ┆ 2026-08-10T12:57:19.644Z │
│ 45         ┆ 24          ┆ SAVINGS      ┆ 636.47  ┆ USD      ┆ 2026-07-22T05:23:36.535329 ┆ 2026-08-10T12:57:19.644Z │
│ 46         ┆ 24          ┆ CHECKING     ┆ 258.1   ┆ USD      ┆ 2026-07-22T05:23:36.539481 ┆ 2026-08-10T12:57:19.644Z │
│ 47         ┆ 25          ┆ SAVINGS      ┆ 186.5   ┆ USD      ┆ 2026-07-22T05:23:36.543971 ┆ 2026-08-10T12:57:19.644Z │
│ 48         ┆ 25          ┆ CHECKING     ┆ 566.27  ┆ USD      ┆ 2026-07-22T05:23:36.547924 ┆ 2026-08-10T12:57:19.644Z │
│ 49         ┆ 26          ┆ SAVINGS      ┆ 803.81  ┆ USD      ┆ 2026-07-22T05:23:36.551711 ┆ 2026-08-10T12:57:19.644Z │
│ 5          ┆ 4           ┆ SAVINGS      ┆ 404.7   ┆ USD      ┆ 2026-07-22T05:22:54.099136 ┆ 2026-08-10T12:57:19.644Z │
│ 50         ┆ 26          ┆ SAVINGS      ┆ 194.54  ┆ USD      ┆ 2026-07-22T05:23:36.555884 ┆ 2026-08-10T12:57:19.644Z │
│ 51         ┆ 27          ┆ CHECKING     ┆ 171.9   ┆ USD      ┆ 2026-07-22T05:23:36.563576 ┆ 2026-08-10T12:57:19.644Z │
│ 52         ┆ 27          ┆ CHECKING     ┆ 450.2   ┆ USD      ┆ 2026-07-22T05:23:36.567680 ┆ 2026-08-10T12:57:19.644Z │
│ 53         ┆ 28          ┆ CHECKING     ┆ 367.1   ┆ USD      ┆ 2026-07-22T05:23:36.571584 ┆ 2026-08-10T12:57:19.644Z │
│ 54         ┆ 28          ┆ SAVINGS      ┆ 548.71  ┆ USD      ┆ 2026-07-22T05:23:36.575812 ┆ 2026-08-10T12:57:19.644Z │
│ 55         ┆ 29          ┆ SAVINGS      ┆ 486.28  ┆ USD      ┆ 2026-07-22T05:23:36.626463 ┆ 2026-08-10T12:57:19.644Z │
│ 56         ┆ 29          ┆ CHECKING     ┆ 792.83  ┆ USD      ┆ 2026-07-22T05:23:36.671339 ┆ 2026-08-10T12:57:19.644Z │
│ 57         ┆ 30          ┆ SAVINGS      ┆ 533.08  ┆ USD      ┆ 2026-07-22T05:23:36.685641 ┆ 2026-08-10T12:57:19.644Z │
│ 58         ┆ 30          ┆ SAVINGS      ┆ 388.07  ┆ USD      ┆ 2026-07-22T05:23:36.690342 ┆ 2026-08-10T12:57:19.644Z │
│ 59         ┆ 31          ┆ SAVINGS      ┆ 995.68  ┆ USD      ┆ 2026-07-22T05:23:36.695091 ┆ 2026-08-10T12:57:19.644Z │
│ 6          ┆ 4           ┆ SAVINGS      ┆ 972.72  ┆ USD      ┆ 2026-07-22T05:22:54.106985 ┆ 2026-08-10T12:57:19.644Z │
│ 60         ┆ 31          ┆ SAVINGS      ┆ 224.58  ┆ USD      ┆ 2026-07-22T05:23:36.699732 ┆ 2026-08-10T12:57:19.644Z │
│ 61         ┆ 32          ┆ SAVINGS      ┆ 237.27  ┆ USD      ┆ 2026-07-22T05:23:40.851082 ┆ 2026-08-10T12:57:19.644Z │
│ 62         ┆ 32          ┆ CHECKING     ┆ 179.7   ┆ USD      ┆ 2026-07-22T05:23:40.858289 ┆ 2026-08-10T12:57:19.644Z │
│ 63         ┆ 33          ┆ SAVINGS      ┆ 681.29  ┆ USD      ┆ 2026-07-22T05:23:40.862683 ┆ 2026-08-10T12:57:19.644Z │
│ 64         ┆ 33          ┆ CHECKING     ┆ 512.25  ┆ USD      ┆ 2026-07-22T05:23:40.866998 ┆ 2026-08-10T12:57:19.644Z │
│ 65         ┆ 34          ┆ SAVINGS      ┆ 238.59  ┆ USD      ┆ 2026-07-22T05:23:40.871363 ┆ 2026-08-10T12:57:19.644Z │
│ 66         ┆ 34          ┆ SAVINGS      ┆ 542.87  ┆ USD      ┆ 2026-07-22T05:23:40.876838 ┆ 2026-08-10T12:57:19.644Z │
│ 67         ┆ 35          ┆ SAVINGS      ┆ 299.17  ┆ USD      ┆ 2026-07-22T05:23:40.881261 ┆ 2026-08-10T12:57:19.644Z │
│ 68         ┆ 35          ┆ CHECKING     ┆ 604.86  ┆ USD      ┆ 2026-07-22T05:23:40.885679 ┆ 2026-08-10T12:57:19.644Z │
│ 69         ┆ 36          ┆ SAVINGS      ┆ 34.88   ┆ USD      ┆ 2026-07-22T05:23:40.890125 ┆ 2026-08-10T12:57:19.644Z │
│ 7          ┆ 5           ┆ CHECKING     ┆ 529.49  ┆ USD      ┆ 2026-07-22T05:22:54.112136 ┆ 2026-08-10T12:57:19.644Z │
│ 70         ┆ 36          ┆ CHECKING     ┆ 669.07  ┆ USD      ┆ 2026-07-22T05:23:40.894698 ┆ 2026-08-10T12:57:19.644Z │
│ 71         ┆ 37          ┆ CHECKING     ┆ 817.11  ┆ USD      ┆ 2026-07-22T05:23:40.899365 ┆ 2026-08-10T12:57:19.644Z │
│ 72         ┆ 37          ┆ SAVINGS      ┆ 579.48  ┆ USD      ┆ 2026-07-22T05:23:40.903522 ┆ 2026-08-10T12:57:19.644Z │
│ 73         ┆ 38          ┆ SAVINGS      ┆ 814.94  ┆ USD      ┆ 2026-07-22T05:23:40.907535 ┆ 2026-08-10T12:57:19.644Z │
│ 74         ┆ 38          ┆ SAVINGS      ┆ 412.2   ┆ USD      ┆ 2026-07-22T05:23:40.911085 ┆ 2026-08-10T12:57:19.644Z │
│ 75         ┆ 39          ┆ SAVINGS      ┆ 804.87  ┆ USD      ┆ 2026-07-22T05:23:40.915005 ┆ 2026-08-10T12:57:19.644Z │
│ 76         ┆ 39          ┆ CHECKING     ┆ 146.24  ┆ USD      ┆ 2026-07-22T05:23:40.918854 ┆ 2026-08-10T12:57:19.644Z │
│ 77         ┆ 40          ┆ CHECKING     ┆ 340.42  ┆ USD      ┆ 2026-07-22T05:23:40.922834 ┆ 2026-08-10T12:57:19.644Z │
│ 78         ┆ 40          ┆ SAVINGS      ┆ 698.58  ┆ USD      ┆ 2026-07-22T05:23:40.926912 ┆ 2026-08-10T12:57:19.644Z │
│ 79         ┆ 41          ┆ SAVINGS      ┆ 693.11  ┆ USD      ┆ 2026-07-22T05:23:40.930853 ┆ 2026-08-10T12:57:19.644Z │
│ 8          ┆ 5           ┆ SAVINGS      ┆ 663.47  ┆ USD      ┆ 2026-07-22T05:22:54.116383 ┆ 2026-08-10T12:57:19.644Z │
│ 80         ┆ 41          ┆ SAVINGS      ┆ 215.79  ┆ USD      ┆ 2026-07-22T05:23:40.935474 ┆ 2026-08-10T12:57:19.644Z │
│ 81         ┆ 42          ┆ CHECKING     ┆ 645.52  ┆ USD      ┆ 2026-07-22T05:23:44.670967 ┆ 2026-08-10T12:57:19.644Z │
│ 82         ┆ 42          ┆ CHECKING     ┆ 529.35  ┆ USD      ┆ 2026-07-22T05:23:44.678098 ┆ 2026-08-10T12:57:19.644Z │
│ 83         ┆ 43          ┆ SAVINGS      ┆ 972.79  ┆ USD      ┆ 2026-07-22T05:23:44.682688 ┆ 2026-08-10T12:57:19.644Z │
│ 84         ┆ 43          ┆ CHECKING     ┆ 723.74  ┆ USD      ┆ 2026-07-22T05:23:44.687492 ┆ 2026-08-10T12:57:19.644Z │
│ 85         ┆ 44          ┆ SAVINGS      ┆ 926.6   ┆ USD      ┆ 2026-07-22T05:23:44.692109 ┆ 2026-08-10T12:57:19.644Z │
│ 86         ┆ 44          ┆ SAVINGS      ┆ 783.69  ┆ USD      ┆ 2026-07-22T05:23:44.696754 ┆ 2026-08-10T12:57:19.644Z │
│ 87         ┆ 45          ┆ SAVINGS      ┆ 401.74  ┆ USD      ┆ 2026-07-22T05:23:44.701175 ┆ 2026-08-10T12:57:19.644Z │
│ 88         ┆ 45          ┆ CHECKING     ┆ 305.34  ┆ USD      ┆ 2026-07-22T05:23:44.706246 ┆ 2026-08-10T12:57:19.644Z │
│ 89         ┆ 46          ┆ SAVINGS      ┆ 374.67  ┆ USD      ┆ 2026-07-22T05:23:44.713413 ┆ 2026-08-10T12:57:19.644Z │
│ 9          ┆ 6           ┆ SAVINGS      ┆ 196.13  ┆ USD      ┆ 2026-07-22T05:22:54.123520 ┆ 2026-08-10T12:57:19.644Z │
│ 90         ┆ 46          ┆ CHECKING     ┆ 997.28  ┆ USD      ┆ 2026-07-22T05:23:44.719356 ┆ 2026-08-10T12:57:19.644Z │
│ 91         ┆ 47          ┆ SAVINGS      ┆ 424.41  ┆ USD      ┆ 2026-07-22T05:23:44.723615 ┆ 2026-08-10T12:57:19.644Z │
│ 92         ┆ 47          ┆ CHECKING     ┆ 515.54  ┆ USD      ┆ 2026-07-22T05:23:44.728175 ┆ 2026-08-10T12:57:19.644Z │
│ 93         ┆ 48          ┆ SAVINGS      ┆ 115.62  ┆ USD      ┆ 2026-07-22T05:23:44.732606 ┆ 2026-08-10T12:57:19.644Z │
│ 94         ┆ 48          ┆ SAVINGS      ┆ 304.94  ┆ USD      ┆ 2026-07-22T05:23:44.737214 ┆ 2026-08-10T12:57:19.644Z │
│ 95         ┆ 49          ┆ SAVINGS      ┆ 236.4   ┆ USD      ┆ 2026-07-22T05:23:44.742451 ┆ 2026-08-10T12:57:19.644Z │
│ 96         ┆ 49          ┆ SAVINGS      ┆ 339.75  ┆ USD      ┆ 2026-07-22T05:23:44.747366 ┆ 2026-08-10T12:57:19.644Z │
│ 97         ┆ 50          ┆ SAVINGS      ┆ 497.5   ┆ USD      ┆ 2026-07-22T05:23:44.752201 ┆ 2026-08-10T12:57:19.644Z │
│ 98         ┆ 50          ┆ CHECKING     ┆ 839.09  ┆ USD      ┆ 2026-07-22T05:23:44.756939 ┆ 2026-08-10T12:57:19.644Z │
│ 99         ┆ 51          ┆ CHECKING     ┆ 942.57  ┆ USD      ┆ 2026-07-22T05:23:44.761709 ┆ 2026-08-10T12:57:19.644Z │
└────────────┴─────────────┴──────────────┴─────────┴──────────┴────────────────────────────┴──────────────────────────┘
160 rows.
12:57:20.870058 [info ]: Finished running [  2.17s] model ANALYSTICS.stg_accounts [success]
12:57:20.870111 [info ]: Finished running [  2.17s] (1 nodes, 0 skipped, 0 errors)
12:57:20.870137 [info ]:  Succeeded [  2.17s] model ANALYSTICS.stg_accounts (view)
12:57:22.585632 [info ]: Started loading project
12:57:22.586601 [info ]: Loading profiles.yml
12:57:22.632039 [info ]: Cached model count updated: 3 models (estimate)
12:57:22.632072 [info ]: Cached model count updated: 3 models (accurate)
12:57:22.632106 [info ]: Started scheduling
12:57:22.632194 [info ]: Finished scheduling [  0.00s]
12:57:22.632230 [debug]: Compilation - 3 nodes selected: {"model.banking_dbt.stg_accounts", "model.banking_dbt.stg_customers", "model.banking_dbt.stg_transactions"}
12:57:22.633503 [debug]: License check failed: Feature not licensed: 'lineage'
12:57:22.633896 [info ]: Started building task graph
12:57:22.633971 [info ]: Finished building task graph [  0.00s]
12:57:22.636534 [info ]: Started rendering (3 nodes)
12:57:22.636566 [info ]: Started model ANALYSTICS.stg_transactions
12:57:22.636584 [debug]: Started rendering model ANALYSTICS.stg_transactions
12:57:22.636621 [info ]: Started model ANALYSTICS.stg_customers
12:57:22.636644 [debug]: Started rendering model ANALYSTICS.stg_customers
12:57:22.636659 [info ]: Finished loading project [  0.05s]
12:57:22.636687 [info ]: Started model ANALYSTICS.stg_accounts
12:57:22.636715 [debug]: Started rendering model ANALYSTICS.stg_accounts
12:57:22.637482 [debug]: Compiled SQL for node model.banking_dbt.stg_customers at target\.lsp\compiled\banking_dbt\models\staging\stg_customers.sql
12:57:22.637525 [debug]: Compiled SQL for node model.banking_dbt.stg_transactions at target\.lsp\compiled\banking_dbt\models\staging\stg_transactions.sql
12:57:22.637543 [debug]: Compiled SQL for node model.banking_dbt.stg_accounts at target\.lsp\compiled\banking_dbt\models\staging\stg_accounts.sql
12:57:22.637591 [debug]: Finished rendering [  0.00s] model ANALYSTICS.stg_customers [success]
12:57:22.637656 [info ]: Started analyzing (3 nodes)
12:57:22.637694 [debug]: Started analyzing model ANALYSTICS.stg_customers
12:57:22.637747 [debug]: Finished rendering [  0.00s] model ANALYSTICS.stg_transactions [success]
12:57:22.637777 [debug]: Started analyzing model ANALYSTICS.stg_transactions
12:57:22.637816 [debug]: Finished rendering [  0.00s] model ANALYSTICS.stg_accounts [success]
12:57:22.637835 [info ]: Finished rendering [  0.00s] (3 nodes, 0 skipped, 0 errors)
12:57:22.637856 [debug]: Started analyzing model ANALYSTICS.stg_accounts
12:57:22.638772 [debug]: Finished analyzing [  0.00s] model ANALYSTICS.stg_transactions [success]
12:57:22.638807 [info ]:  Succeeded [  0.00s] model ANALYSTICS.stg_transactions (view)
12:57:22.639025 [debug]: Finished analyzing [  0.00s] model ANALYSTICS.stg_accounts [success]
12:57:22.639070 [info ]:  Succeeded [  0.00s] model ANALYSTICS.stg_accounts (view)
12:57:22.639127 [debug]: Finished analyzing [  0.00s] model ANALYSTICS.stg_customers [success]
12:57:22.639153 [info ]: Finished analyzing [  0.00s] (3 nodes, 0 skipped, 0 errors)
12:57:22.639164 [info ]:  Succeeded [  0.00s] model ANALYSTICS.stg_customers (view)
12:57:22.643467 [info ]: Started scheduling
12:57:22.643522 [info ]: Finished scheduling [  0.00s]
12:57:22.643703 [info ]: Cached model count updated: 3 models (accurate)
12:57:22.911787 [debug]: License check failed: Feature not licensed: 'lineage'
12:57:24.177817 [debug]: License check failed: Feature not licensed: 'lineage'
12:58:36.886104 [debug]: License check failed: Feature not licensed: 'lineage'
13:07:30.360113 [info ]: Started loading project
13:07:30.361991 [info ]: Loading profiles.yml
13:07:30.381368 [info ]: Started loading project
13:07:30.382629 [info ]: Loading profiles.yml
13:07:30.382698 [info ]: Finished loading project [  0.02s]
13:07:30.407890 [debug]:    Started loading packages
13:07:30.414914 [debug]:     Loaded [  0.01s] packages
13:07:30.417051 [info ]: Finished loading project [  0.04s]
13:07:30.417430 [info ]: Started parsing
13:07:30.506150 [debug]: Finished parsing models/source.yml [  0.00s]
13:07:30.509689 [debug]: Finished parsing models/staging/stg_accounts.sql [  0.00s]
13:07:30.511091 [debug]: Finished parsing models/staging/stg_customers.sql [  0.00s]
13:07:30.512301 [debug]: Finished parsing models/staging/stg_transactions.sql [  0.00s]
13:07:30.786309 [warn ]: [UnusedResourceConfigPath (dbt1097)]: Configuration paths exist in your dbt_project.yml file which do not apply to any resources.
There are 1 unused configuration paths:
- models.banking_dbt.example
13:07:30.788934 [info ]: Cached model count updated: 3 models (estimate)
13:07:30.788973 [info ]: Cached model count updated: 3 models (accurate)
13:07:30.789008 [info ]: Started scheduling
13:07:30.789073 [info ]: Finished scheduling [  0.00s]
13:07:30.789098 [debug]: Compilation - 0 nodes selected: {}
13:07:30.789129 [warn ]: [NoNodesForSelectionCriteria (dbt1092)]: The selection criterion '' does not match any enabled nodes
13:07:30.789150 [warn ]: [NoNodesSelected (dbt1601)]: Nothing to do. Try checking your model configs and model specification args
13:07:30.789164 [info ]: Started scheduling
13:07:30.789237 [info ]: Finished scheduling [  0.00s]
13:07:30.789339 [debug]: Initializing schema store with entry: Frontier(CanonicalFqn { catalog: "BANKING", schema: "RAW", table: "CUSTOMERS" }) and interval: None
13:07:30.789418 [debug]: Initializing schema store with entry: Frontier(CanonicalFqn { catalog: "BANKING", schema: "RAW", table: "TRANSACTIONS" }) and interval: None
13:07:30.789471 [debug]: Initializing schema store with entry: Frontier(CanonicalFqn { catalog: "BANKING", schema: "RAW", table: "ACCOUNTS" }) and interval: None
13:07:30.790897 [debug]: License check failed: Feature not licensed: 'lineage'
13:07:30.791412 [info ]: Started building task graph
13:07:30.791463 [info ]: Finished building task graph [  0.00s]
13:07:30.803707 [info ]: Started scheduling
13:07:30.803776 [info ]: Finished scheduling [  0.00s]
13:07:30.807254 [info ]: Cached model count updated: 3 models (accurate)
13:07:30.807385 [info ]: Finished parsing [  0.39s]
13:07:32.490321 [info ]: Started loading project
13:07:32.491562 [info ]: Loading profiles.yml
13:07:32.507184 [info ]: Started loading project
13:07:32.508618 [info ]: Loading profiles.yml
13:07:32.508728 [info ]: Finished loading project [  0.02s]
13:07:32.537302 [debug]:    Started loading packages
13:07:32.543978 [debug]:     Loaded [  0.01s] packages
13:07:32.545505 [info ]: Finished loading project [  0.04s]
13:07:32.545990 [info ]: Started parsing
13:07:32.616430 [debug]: Finished parsing models/source.yml [  0.00s]
13:07:32.631017 [debug]: Finished parsing snapshots\account_snapshot.sql [  0.01s]
13:07:32.641440 [debug]: Finished parsing models/staging/stg_accounts.sql [  0.00s]
13:07:32.642794 [debug]: Finished parsing models/staging/stg_customers.sql [  0.00s]
13:07:32.644268 [debug]: Finished parsing models/staging/stg_transactions.sql [  0.00s]
13:07:32.899976 [warn ]: [UnusedResourceConfigPath (dbt1097)]: Configuration paths exist in your dbt_project.yml file which do not apply to any resources.
There are 1 unused configuration paths:
- models.banking_dbt.example
13:07:32.902496 [info ]: Cached model count updated: 3 models (estimate)
13:07:32.902519 [info ]: Cached model count updated: 3 models (accurate)
13:07:32.902554 [info ]: Started scheduling
13:07:32.903591 [info ]: Finished scheduling [  0.00s]
13:07:32.903634 [debug]: Compilation - 2 nodes selected: {"model.banking_dbt.stg_accounts", "snapshot.banking_dbt.accounts_snapshot"}
13:07:32.903668 [info ]: Started scheduling
13:07:32.903771 [info ]: Finished scheduling [  0.00s]
13:07:32.903844 [debug]: Initializing schema store with entry: Selected("snapshot.banking_dbt.accounts_snapshot") and interval: None
13:07:32.903937 [debug]: Initializing schema store with entry: Frontier(CanonicalFqn { catalog: "BANKING", schema: "RAW", table: "TRANSACTIONS" }) and interval: None
13:07:32.903993 [debug]: Initializing schema store with entry: Frontier(CanonicalFqn { catalog: "BANKING", schema: "RAW", table: "ACCOUNTS" }) and interval: None
13:07:32.904033 [debug]: Initializing schema store with entry: Frontier(CanonicalFqn { catalog: "BANKING", schema: "RAW", table: "CUSTOMERS" }) and interval: None
13:07:32.906349 [debug]: License check failed: Feature not licensed: 'lineage'
13:07:32.909489 [info ]: Started building task graph
13:07:32.909571 [info ]: Finished building task graph [  0.00s]
13:07:32.913702 [info ]: Started rendering (2 nodes)
13:07:32.914196 [info ]: Started snapshot ANALYTICS.accounts_snapshot
13:07:32.914253 [debug]: Started rendering snapshot ANALYTICS.accounts_snapshot
13:07:32.914304 [info ]: Started model ANALYSTICS.stg_accounts
13:07:32.914329 [debug]: Started rendering model ANALYSTICS.stg_accounts
13:07:32.914359 [info ]: Finished parsing [  0.37s]
13:07:32.918641 [debug]: Compiled SQL for node model.banking_dbt.stg_accounts at target\.lsp\compiled\banking_dbt\models\staging\stg_accounts.sql
13:07:32.918961 [debug]: Finished rendering [  0.00s] model ANALYSTICS.stg_accounts [success]
13:07:32.919043 [info ]: Started analyzing (2 nodes)
13:07:32.919079 [debug]: Started analyzing model ANALYSTICS.stg_accounts
13:07:32.920552 [debug]: Finished analyzing [  0.00s] model ANALYSTICS.stg_accounts [success]
13:07:32.920599 [info ]:  Succeeded [  0.01s] model ANALYSTICS.stg_accounts (view)
13:07:32.920994 [debug]: Compiled SQL for node snapshot.banking_dbt.accounts_snapshot at target\.lsp\compiled\banking_dbt\snapshots\account_snapshot.sql\accounts_snapshot.sql
13:07:32.921209 [debug]: Finished rendering [  0.01s] snapshot ANALYTICS.accounts_snapshot [success]
13:07:32.921238 [info ]: Finished rendering [  0.01s] (2 nodes, 0 skipped, 0 errors)
13:07:32.922126 [debug]: Started analyzing snapshot ANALYTICS.accounts_snapshot
13:07:32.924656 [debug]: Finished analyzing [  0.00s] snapshot ANALYTICS.accounts_snapshot [success]
13:07:32.924776 [info ]: Finished analyzing [  0.01s] (2 nodes, 0 skipped, 0 errors)
13:07:32.924838 [info ]:  Succeeded [  0.01s] snapshot ANALYTICS.accounts_snapshot (snapshot)
13:07:32.932605 [info ]: Started scheduling
13:07:32.932670 [info ]: Finished scheduling [  0.00s]
13:07:32.933858 [info ]: Cached model count updated: 3 models (accurate)
13:07:33.193569 [debug]: License check failed: Feature not licensed: 'lineage'
13:07:34.625686 [info ]: Started loading project
13:07:34.627839 [info ]: Loading profiles.yml
13:07:34.684131 [info ]: Cached model count updated: 3 models (estimate)
13:07:34.684171 [info ]: Cached model count updated: 3 models (accurate)
13:07:34.684220 [info ]: Started scheduling
13:07:34.684353 [info ]: Finished scheduling [  0.00s]
13:07:34.684392 [debug]: Compilation - 4 nodes selected: {"model.banking_dbt.stg_accounts", "model.banking_dbt.stg_customers", "model.banking_dbt.stg_transactions", "snapshot.banking_dbt.accounts_snapshot"}
13:07:34.686678 [debug]: License check failed: Feature not licensed: 'lineage'
13:07:34.688143 [info ]: Started building task graph
13:07:34.688244 [info ]: Finished building task graph [  0.00s]
13:07:34.692545 [info ]: Started rendering (4 nodes)
13:07:34.692669 [info ]: Started snapshot ANALYTICS.accounts_snapshot
13:07:34.692716 [debug]: Started rendering snapshot ANALYTICS.accounts_snapshot
13:07:34.692949 [info ]: Started model ANALYSTICS.stg_transactions
13:07:34.693025 [debug]: Started rendering model ANALYSTICS.stg_transactions
13:07:34.693107 [info ]: Started model ANALYSTICS.stg_customers
13:07:34.693106 [info ]: Finished loading project [  0.07s]
13:07:34.693195 [debug]: Started rendering model ANALYSTICS.stg_customers
13:07:34.693279 [info ]: Started model ANALYSTICS.stg_accounts
13:07:34.693334 [debug]: Started rendering model ANALYSTICS.stg_accounts
13:07:34.694472 [debug]: Compiled SQL for node snapshot.banking_dbt.accounts_snapshot at target\.lsp\compiled\banking_dbt\snapshots\account_snapshot.sql\accounts_snapshot.sql
13:07:34.694600 [debug]: Finished rendering [  0.00s] snapshot ANALYTICS.accounts_snapshot [success]
13:07:34.694707 [info ]: Started analyzing (4 nodes)
13:07:34.694739 [debug]: Started analyzing snapshot ANALYTICS.accounts_snapshot
13:07:34.695151 [debug]: Finished analyzing [  0.00s] snapshot ANALYTICS.accounts_snapshot [success]
13:07:34.695167 [debug]: Compiled SQL for node model.banking_dbt.stg_accounts at target\.lsp\compiled\banking_dbt\models\staging\stg_accounts.sql
13:07:34.695189 [info ]:  Succeeded [  0.00s] snapshot ANALYTICS.accounts_snapshot (snapshot)
13:07:34.695247 [debug]: Finished rendering [  0.00s] model ANALYSTICS.stg_accounts [success]
13:07:34.695276 [debug]: Started analyzing model ANALYSTICS.stg_accounts
13:07:34.696642 [debug]: Finished analyzing [  0.00s] model ANALYSTICS.stg_accounts [success]
13:07:34.696699 [info ]:  Succeeded [  0.00s] model ANALYSTICS.stg_accounts (view)
13:07:34.698052 [debug]: Compiled SQL for node model.banking_dbt.stg_transactions at target\.lsp\compiled\banking_dbt\models\staging\stg_transactions.sql
13:07:34.698095 [debug]: Compiled SQL for node model.banking_dbt.stg_customers at target\.lsp\compiled\banking_dbt\models\staging\stg_customers.sql
13:07:34.698307 [debug]: Finished rendering [  0.01s] model ANALYSTICS.stg_transactions [success]
13:07:34.698372 [debug]: Started analyzing model ANALYSTICS.stg_transactions
13:07:34.698450 [debug]: Finished rendering [  0.01s] model ANALYSTICS.stg_customers [success]
13:07:34.698488 [info ]: Finished rendering [  0.01s] (4 nodes, 0 skipped, 0 errors)
13:07:34.698523 [debug]: Started analyzing model ANALYSTICS.stg_customers
13:07:34.699578 [debug]: Finished analyzing [  0.00s] model ANALYSTICS.stg_customers [success]
13:07:34.699610 [info ]:  Succeeded [  0.01s] model ANALYSTICS.stg_customers (view)
13:07:34.699644 [debug]: Finished analyzing [  0.00s] model ANALYSTICS.stg_transactions [success]
13:07:34.699658 [info ]: Finished analyzing [  0.00s] (4 nodes, 0 skipped, 0 errors)
13:07:34.699677 [info ]:  Succeeded [  0.01s] model ANALYSTICS.stg_transactions (view)
13:07:34.704200 [info ]: Started scheduling
13:07:34.704269 [info ]: Finished scheduling [  0.00s]
13:07:34.704494 [info ]: Cached model count updated: 3 models (accurate)
13:07:34.963066 [debug]: License check failed: Feature not licensed: 'lineage'
13:07:37.500767 [debug]: License check failed: Feature not licensed: 'lineage'
13:07:46.286500 [info ]: Started loading project
13:07:46.287928 [info ]: Loading profiles.yml
13:07:46.307340 [info ]: Started loading project
13:07:46.308958 [info ]: Loading profiles.yml
13:07:46.309244 [info ]: Finished loading project [  0.02s]
13:07:46.327985 [debug]:    Started loading packages
13:07:46.335202 [debug]:     Loaded [  0.01s] packages
13:07:46.337531 [info ]: Finished loading project [  0.03s]
13:07:46.338117 [info ]: Started parsing
13:07:46.435469 [debug]: Finished parsing models/source.yml [  0.00s]
13:07:46.444777 [debug]: Finished parsing snapshots\accounts_snapshot.sql [  0.00s]
13:07:46.453483 [debug]: Finished parsing models/staging/stg_accounts.sql [  0.00s]
13:07:46.456360 [debug]: Finished parsing models/staging/stg_customers.sql [  0.00s]
13:07:46.458384 [debug]: Finished parsing models/staging/stg_transactions.sql [  0.00s]
13:07:46.815319 [warn ]: [UnusedResourceConfigPath (dbt1097)]: Configuration paths exist in your dbt_project.yml file which do not apply to any resources.
There are 1 unused configuration paths:
- models.banking_dbt.example
13:07:46.818032 [info ]: Cached model count updated: 3 models (estimate)
13:07:46.818057 [info ]: Cached model count updated: 3 models (accurate)
13:07:46.818088 [info ]: Started scheduling
13:07:46.818135 [info ]: Finished scheduling [  0.00s]
13:07:46.818153 [debug]: Compilation - 0 nodes selected: {}
13:07:46.818188 [warn ]: [NoNodesForSelectionCriteria (dbt1092)]: The selection criterion '' does not match any enabled nodes
13:07:46.818210 [warn ]: [NoNodesSelected (dbt1601)]: Nothing to do. Try checking your model configs and model specification args
13:07:46.818228 [info ]: Started scheduling
13:07:46.818314 [info ]: Finished scheduling [  0.00s]
13:07:46.818373 [debug]: Initializing schema store with entry: Selected("snapshot.banking_dbt.accounts_snapshot") and interval: None
13:07:46.818443 [debug]: Initializing schema store with entry: Frontier(CanonicalFqn { catalog: "BANKING", schema: "RAW", table: "TRANSACTIONS" }) and interval: None
13:07:46.818516 [debug]: Initializing schema store with entry: Frontier(CanonicalFqn { catalog: "BANKING", schema: "RAW", table: "CUSTOMERS" }) and interval: None
13:07:46.818562 [debug]: Initializing schema store with entry: Frontier(CanonicalFqn { catalog: "BANKING", schema: "RAW", table: "ACCOUNTS" }) and interval: None
13:07:46.820089 [debug]: License check failed: Feature not licensed: 'lineage'
13:07:46.820961 [info ]: Started building task graph
13:07:46.820995 [info ]: Finished building task graph [  0.00s]
13:07:46.829335 [info ]: Started scheduling
13:07:46.829401 [info ]: Finished scheduling [  0.00s]
13:07:46.832439 [info ]: Cached model count updated: 3 models (accurate)
13:07:46.832553 [info ]: Finished parsing [  0.49s]
13:07:47.094409 [debug]: License check failed: Feature not licensed: 'lineage'
13:07:47.485172 [debug]: License check failed: Feature not licensed: 'lineage'
13:07:48.457687 [info ]: Started loading project
13:07:48.458693 [info ]: Loading profiles.yml
13:07:48.523306 [info ]: Cached model count updated: 3 models (estimate)
13:07:48.523338 [info ]: Cached model count updated: 3 models (accurate)
13:07:48.523373 [info ]: Started scheduling
13:07:48.523474 [info ]: Finished scheduling [  0.00s]
13:07:48.523502 [debug]: Compilation - 4 nodes selected: {"model.banking_dbt.stg_accounts", "model.banking_dbt.stg_customers", "model.banking_dbt.stg_transactions", "snapshot.banking_dbt.accounts_snapshot"}
13:07:48.524920 [debug]: License check failed: Feature not licensed: 'lineage'
13:07:48.525868 [info ]: Started building task graph
13:07:48.525987 [info ]: Finished building task graph [  0.00s]
13:07:48.531288 [info ]: Started rendering (4 nodes)
13:07:48.531363 [info ]: Started snapshot ANALYTICS.accounts_snapshot
13:07:48.531411 [debug]: Started rendering snapshot ANALYTICS.accounts_snapshot
13:07:48.531476 [info ]: Started model ANALYSTICS.stg_transactions
13:07:48.531508 [debug]: Started rendering model ANALYSTICS.stg_transactions
13:07:48.531530 [info ]: Finished loading project [  0.07s]
13:07:48.531541 [info ]: Started model ANALYSTICS.stg_customers
13:07:48.531560 [debug]: Started rendering model ANALYSTICS.stg_customers
13:07:48.531589 [info ]: Started model ANALYSTICS.stg_accounts
13:07:48.531626 [debug]: Started rendering model ANALYSTICS.stg_accounts
13:07:48.535786 [debug]: Compiled SQL for node snapshot.banking_dbt.accounts_snapshot at target\.lsp\compiled\banking_dbt\snapshots\accounts_snapshot.sql\accounts_snapshot.sql
13:07:48.536042 [debug]: Finished rendering [  0.00s] snapshot ANALYTICS.accounts_snapshot [success]
13:07:48.536129 [info ]: Started analyzing (4 nodes)
13:07:48.536160 [debug]: Started analyzing snapshot ANALYTICS.accounts_snapshot
13:07:48.536798 [debug]: Finished analyzing [  0.00s] snapshot ANALYTICS.accounts_snapshot [success]
13:07:48.536848 [info ]:  Succeeded [  0.00s] snapshot ANALYTICS.accounts_snapshot (snapshot)
13:07:48.537470 [debug]: Compiled SQL for node model.banking_dbt.stg_transactions at target\.lsp\compiled\banking_dbt\models\staging\stg_transactions.sql
13:07:48.537493 [debug]: Compiled SQL for node model.banking_dbt.stg_customers at target\.lsp\compiled\banking_dbt\models\staging\stg_customers.sql
13:07:48.537737 [debug]: Compiled SQL for node model.banking_dbt.stg_accounts at target\.lsp\compiled\banking_dbt\models\staging\stg_accounts.sql
13:07:48.537744 [debug]: Finished rendering [  0.01s] model ANALYSTICS.stg_transactions [success]
13:07:48.537791 [debug]: Started analyzing model ANALYSTICS.stg_transactions
13:07:48.537835 [debug]: Finished rendering [  0.01s] model ANALYSTICS.stg_customers [success]
13:07:48.537870 [debug]: Started analyzing model ANALYSTICS.stg_customers
13:07:48.537915 [debug]: Finished rendering [  0.01s] model ANALYSTICS.stg_accounts [success]
13:07:48.537948 [info ]: Finished rendering [  0.01s] (4 nodes, 0 skipped, 0 errors)
13:07:48.537975 [debug]: Started analyzing model ANALYSTICS.stg_accounts
13:07:48.538951 [debug]: Finished analyzing [  0.00s] model ANALYSTICS.stg_transactions [success]
13:07:48.538998 [info ]:  Succeeded [  0.01s] model ANALYSTICS.stg_transactions (view)
13:07:48.539044 [debug]: Finished analyzing [  0.00s] model ANALYSTICS.stg_customers [success]
13:07:48.539076 [info ]:  Succeeded [  0.01s] model ANALYSTICS.stg_customers (view)
13:07:48.539125 [debug]: Finished analyzing [  0.00s] model ANALYSTICS.stg_accounts [success]
13:07:48.539159 [info ]: Finished analyzing [  0.00s] (4 nodes, 0 skipped, 0 errors)
13:07:48.539179 [info ]:  Succeeded [  0.01s] model ANALYSTICS.stg_accounts (view)
13:07:48.544635 [info ]: Started scheduling
13:07:48.544740 [info ]: Finished scheduling [  0.00s]
13:07:48.544981 [info ]: Cached model count updated: 3 models (accurate)
13:07:48.810217 [debug]: License check failed: Feature not licensed: 'lineage'
13:07:59.114614 [debug]: License check failed: Feature not licensed: 'lineage'
13:08:10.525294 [info ]: Started loading project
13:08:10.543193 [info ]: Loading profiles.yml
13:08:10.592640 [info ]: Started loading project
13:08:10.595348 [info ]: Loading profiles.yml
13:08:10.595415 [info ]: Finished loading project [  0.07s]
13:08:10.627298 [debug]:    Started loading packages
13:08:10.634632 [debug]:     Loaded [  0.01s] packages
13:08:10.637976 [info ]: Finished loading project [  0.05s]
13:08:10.640308 [info ]: Started parsing
13:08:10.731946 [debug]: Finished parsing models/source.yml [  0.00s]
13:08:10.748581 [debug]: Finished parsing snapshots\accounts_snapshot.sql [  0.01s]
13:08:10.759681 [debug]: Finished parsing models/staging/stg_accounts.sql [  0.01s]
13:08:10.761846 [debug]: Finished parsing models/staging/stg_customers.sql [  0.00s]
13:08:10.764973 [debug]: Finished parsing models/staging/stg_transactions.sql [  0.00s]
13:08:11.117393 [warn ]: [UnusedResourceConfigPath (dbt1097)]: Configuration paths exist in your dbt_project.yml file which do not apply to any resources.
There are 1 unused configuration paths:
- models.banking_dbt.example
13:08:11.122353 [info ]: Cached model count updated: 3 models (estimate)
13:08:11.123489 [info ]: Cached model count updated: 3 models (accurate)
13:08:11.123549 [info ]: Started scheduling
13:08:11.123630 [info ]: Finished scheduling [  0.00s]
13:08:11.123658 [debug]: Compilation - 0 nodes selected: {}
13:08:11.123698 [warn ]: [NoNodesForSelectionCriteria (dbt1092)]: The selection criterion '' does not match any enabled nodes
13:08:11.123733 [warn ]: [NoNodesSelected (dbt1601)]: Nothing to do. Try checking your model configs and model specification args
13:08:11.123755 [info ]: Started scheduling
13:08:11.127547 [info ]: Finished scheduling [  0.00s]
13:08:11.127675 [debug]: Initializing schema store with entry: Selected("snapshot.banking_dbt.accounts_snapshot") and interval: None
13:08:11.127785 [debug]: Initializing schema store with entry: Frontier(CanonicalFqn { catalog: "BANKING", schema: "RAW", table: "CUSTOMERS" }) and interval: None
13:08:11.127839 [debug]: Initializing schema store with entry: Frontier(CanonicalFqn { catalog: "BANKING", schema: "RAW", table: "TRANSACTIONS" }) and interval: None
13:08:11.127884 [debug]: Initializing schema store with entry: Frontier(CanonicalFqn { catalog: "BANKING", schema: "RAW", table: "ACCOUNTS" }) and interval: None
13:08:11.133322 [debug]: License check failed: Feature not licensed: 'lineage'
13:08:11.136562 [info ]: Started building task graph
13:08:11.136629 [info ]: Finished building task graph [  0.00s]
13:08:11.175286 [info ]: Started scheduling
13:08:11.175397 [info ]: Finished scheduling [  0.00s]
13:08:11.185554 [info ]: Cached model count updated: 3 models (accurate)
13:08:11.185678 [info ]: Finished parsing [  0.55s]
13:08:11.981732 [info ]: Started loading project
13:08:11.982967 [info ]: Loading profiles.yml
13:08:12.003308 [info ]: Started loading project
13:08:12.004607 [info ]: Loading profiles.yml
13:08:12.004677 [info ]: Finished loading project [  0.02s]
13:08:12.033535 [debug]:    Started loading packages
13:08:12.043637 [debug]:     Loaded [  0.01s] packages
13:08:12.046413 [info ]: Finished loading project [  0.04s]
13:08:12.047106 [info ]: Started parsing
13:08:12.134773 [debug]: Finished parsing models/source.yml [  0.00s]
13:08:12.142136 [debug]: Finished parsing snapshots\accounts_snapshot.sql [  0.00s]
13:08:12.143482 [debug]: Finished parsing snapshots\customers.snapshot.sql [  0.00s]
13:08:12.150637 [debug]: Finished parsing models/staging/stg_accounts.sql [  0.00s]
13:08:12.153652 [debug]: Finished parsing models/staging/stg_customers.sql [  0.00s]
13:08:12.158191 [debug]: Finished parsing models/staging/stg_transactions.sql [  0.00s]
13:08:12.449227 [warn ]: [UnusedResourceConfigPath (dbt1097)]: Configuration paths exist in your dbt_project.yml file which do not apply to any resources.
There are 1 unused configuration paths:
- models.banking_dbt.example
13:08:12.452506 [info ]: Cached model count updated: 3 models (estimate)
13:08:12.452535 [info ]: Cached model count updated: 3 models (accurate)
13:08:12.452587 [info ]: Started scheduling
13:08:12.452699 [info ]: Finished scheduling [  0.00s]
13:08:12.452727 [debug]: Compilation - 2 nodes selected: {"model.banking_dbt.stg_customers", "snapshot.banking_dbt.customers_snapshot"}
13:08:12.452754 [info ]: Started scheduling
13:08:12.452838 [info ]: Finished scheduling [  0.00s]
13:08:12.452912 [debug]: Initializing schema store with entry: Selected("snapshot.banking_dbt.accounts_snapshot") and interval: None
13:08:12.452988 [debug]: Initializing schema store with entry: Selected("snapshot.banking_dbt.customers_snapshot") and interval: None
13:08:12.453043 [debug]: Initializing schema store with entry: Frontier(CanonicalFqn { catalog: "BANKING", schema: "RAW", table: "CUSTOMERS" }) and interval: None
13:08:12.453110 [debug]: Initializing schema store with entry: Frontier(CanonicalFqn { catalog: "BANKING", schema: "RAW", table: "TRANSACTIONS" }) and interval: None
13:08:12.453166 [debug]: Initializing schema store with entry: Frontier(CanonicalFqn { catalog: "BANKING", schema: "RAW", table: "ACCOUNTS" }) and interval: None
13:08:12.455215 [debug]: License check failed: Feature not licensed: 'lineage'
13:08:12.458215 [info ]: Started building task graph
13:08:12.458303 [info ]: Finished building task graph [  0.00s]
13:08:12.462717 [info ]: Started rendering (2 nodes)
13:08:12.462757 [info ]: Started snapshot ANALYTICS.customers_snapshot
13:08:12.462774 [debug]: Started rendering snapshot ANALYTICS.customers_snapshot
13:08:12.462813 [info ]: Started model ANALYSTICS.stg_customers
13:08:12.462832 [debug]: Started rendering model ANALYSTICS.stg_customers
13:08:12.462898 [info ]: Finished parsing [  0.42s]
13:08:12.469136 [debug]: Compiled SQL for node model.banking_dbt.stg_customers at target\.lsp\compiled\banking_dbt\models\staging\stg_customers.sql
13:08:12.469223 [debug]: Compiled SQL for node snapshot.banking_dbt.customers_snapshot at target\.lsp\compiled\banking_dbt\snapshots\customers.snapshot.sql\customers_snapshot.sql
13:08:12.469504 [debug]: Finished rendering [  0.01s] snapshot ANALYTICS.customers_snapshot [success]
13:08:12.469580 [info ]: Started analyzing (2 nodes)
13:08:12.469611 [debug]: Started analyzing snapshot ANALYTICS.customers_snapshot
13:08:12.470290 [debug]: Finished rendering [  0.01s] model ANALYSTICS.stg_customers [success]
13:08:12.470321 [info ]: Finished rendering [  0.01s] (2 nodes, 0 skipped, 0 errors)
13:08:12.470348 [debug]: Started analyzing model ANALYSTICS.stg_customers
13:08:12.477971 [debug]: Finished analyzing [  0.01s] snapshot ANALYTICS.customers_snapshot [success]
13:08:12.478015 [info ]:  Succeeded [  0.01s] snapshot ANALYTICS.customers_snapshot (snapshot)
13:08:12.478475 [debug]: Finished analyzing [  0.01s] model ANALYSTICS.stg_customers [success]
13:08:12.478514 [info ]: Finished analyzing [  0.01s] (2 nodes, 0 skipped, 0 errors)
13:08:12.478537 [info ]:  Succeeded [  0.01s] model ANALYSTICS.stg_customers (view)
13:08:12.484346 [info ]: Started scheduling
13:08:12.484475 [info ]: Finished scheduling [  0.00s]
13:08:12.485506 [info ]: Cached model count updated: 3 models (accurate)
13:08:12.748385 [debug]: License check failed: Feature not licensed: 'lineage'
13:08:14.167139 [info ]: Started loading project
13:08:14.168089 [info ]: Loading profiles.yml
13:08:14.218898 [info ]: Cached model count updated: 3 models (estimate)
13:08:14.218929 [info ]: Cached model count updated: 3 models (accurate)
13:08:14.218964 [info ]: Started scheduling
13:08:14.219088 [info ]: Finished scheduling [  0.00s]
13:08:14.219116 [debug]: Compilation - 5 nodes selected: {"model.banking_dbt.stg_accounts", "model.banking_dbt.stg_customers", "model.banking_dbt.stg_transactions", "snapshot.banking_dbt.accounts_snapshot", "snapshot.banking_dbt.customers_snapshot"}
13:08:14.220724 [debug]: License check failed: Feature not licensed: 'lineage'
13:08:14.221975 [info ]: Started building task graph
13:08:14.222071 [info ]: Finished building task graph [  0.00s]
13:08:14.232146 [info ]: Started rendering (5 nodes)
13:08:14.232189 [info ]: Started snapshot ANALYTICS.customers_snapshot
13:08:14.232205 [debug]: Started rendering snapshot ANALYTICS.customers_snapshot
13:08:14.232242 [info ]: Started snapshot ANALYTICS.accounts_snapshot
13:08:14.232253 [debug]: Started rendering snapshot ANALYTICS.accounts_snapshot
13:08:14.232270 [info ]: Started model ANALYSTICS.stg_transactions
13:08:14.232281 [debug]: Started rendering model ANALYSTICS.stg_transactions
13:08:14.232299 [info ]: Started model ANALYSTICS.stg_customers
13:08:14.232314 [debug]: Started rendering model ANALYSTICS.stg_customers
13:08:14.232330 [info ]: Started model ANALYSTICS.stg_accounts
13:08:14.232349 [debug]: Started rendering model ANALYSTICS.stg_accounts
13:08:14.232362 [info ]: Finished loading project [  0.07s]
13:08:14.234579 [debug]: Compiled SQL for node model.banking_dbt.stg_customers at target\.lsp\compiled\banking_dbt\models\staging\stg_customers.sql
13:08:14.234893 [debug]: Compiled SQL for node snapshot.banking_dbt.customers_snapshot at target\.lsp\compiled\banking_dbt\snapshots\customers.snapshot.sql\customers_snapshot.sql
13:08:14.236787 [debug]: Finished rendering [  0.00s] model ANALYSTICS.stg_customers [success]
13:08:14.236866 [info ]: Started analyzing (5 nodes)
13:08:14.236895 [debug]: Started analyzing model ANALYSTICS.stg_customers
13:08:14.236969 [debug]: Finished rendering [  0.00s] snapshot ANALYTICS.customers_snapshot [success]
13:08:14.237032 [debug]: Started analyzing snapshot ANALYTICS.customers_snapshot
13:08:14.237489 [debug]: Compiled SQL for node snapshot.banking_dbt.accounts_snapshot at target\.lsp\compiled\banking_dbt\snapshots\accounts_snapshot.sql\accounts_snapshot.sql
13:08:14.237722 [debug]: Finished rendering [  0.01s] snapshot ANALYTICS.accounts_snapshot [success]
13:08:14.237796 [debug]: Started analyzing snapshot ANALYTICS.accounts_snapshot
13:08:14.238076 [debug]: Compiled SQL for node model.banking_dbt.stg_accounts at target\.lsp\compiled\banking_dbt\models\staging\stg_accounts.sql
13:08:14.238292 [debug]: Compiled SQL for node model.banking_dbt.stg_transactions at target\.lsp\compiled\banking_dbt\models\staging\stg_transactions.sql
13:08:14.238257 [debug]: Finished analyzing [  0.00s] snapshot ANALYTICS.customers_snapshot [success]
13:08:14.238378 [info ]:  Succeeded [  0.01s] snapshot ANALYTICS.customers_snapshot (snapshot)
13:08:14.238445 [debug]: Finished rendering [  0.01s] model ANALYSTICS.stg_accounts [success]
13:08:14.239222 [debug]: Started analyzing model ANALYSTICS.stg_accounts
13:08:14.239282 [debug]: Finished rendering [  0.01s] model ANALYSTICS.stg_transactions [success]
13:08:14.239308 [info ]: Finished rendering [  0.01s] (5 nodes, 0 skipped, 0 errors)
13:08:14.239325 [debug]: Started analyzing model ANALYSTICS.stg_transactions
13:08:14.239345 [debug]: Finished analyzing [  0.00s] model ANALYSTICS.stg_customers [success]
13:08:14.239359 [info ]:  Succeeded [  0.00s] model ANALYSTICS.stg_customers (view)
13:08:14.240189 [debug]: Finished analyzing [  0.00s] model ANALYSTICS.stg_accounts [success]
13:08:14.240222 [info ]:  Succeeded [  0.01s] model ANALYSTICS.stg_accounts (view)
13:08:14.240511 [debug]: Finished analyzing [  0.00s] snapshot ANALYTICS.accounts_snapshot [success]
13:08:14.240543 [info ]:  Succeeded [  0.01s] snapshot ANALYTICS.accounts_snapshot (snapshot)
13:08:14.240804 [debug]: Finished analyzing [  0.00s] model ANALYSTICS.stg_transactions [success]
13:08:14.240835 [info ]: Finished analyzing [  0.00s] (5 nodes, 0 skipped, 0 errors)
13:08:14.240848 [info ]:  Succeeded [  0.01s] model ANALYSTICS.stg_transactions (view)
13:08:14.249949 [info ]: Started scheduling
13:08:14.250023 [info ]: Finished scheduling [  0.00s]
13:08:14.250242 [info ]: Cached model count updated: 3 models (accurate)
13:08:14.513348 [debug]: License check failed: Feature not licensed: 'lineage'
13:08:14.990245 [info ]: Started loading project
13:08:14.991334 [info ]: Loading profiles.yml
13:08:15.005534 [info ]: Started loading project
13:08:15.006477 [info ]: Loading profiles.yml
13:08:15.006562 [info ]: Finished loading project [  0.02s]
13:08:15.019604 [debug]:    Started loading packages
13:08:15.025652 [debug]:     Loaded [  0.01s] packages
13:08:15.027190 [info ]: Finished loading project [  0.02s]
13:08:15.027525 [info ]: Started parsing
13:08:15.090922 [debug]: Finished parsing models/source.yml [  0.00s]
13:08:15.095827 [debug]: Finished parsing snapshots\accounts_snapshot.sql [  0.00s]
13:08:15.096971 [debug]: Finished parsing snapshots\customers.snapshot.sql [  0.00s]
13:08:15.101655 [debug]: Finished parsing models/staging/stg_accounts.sql [  0.00s]
13:08:15.102719 [debug]: Finished parsing models/staging/stg_customers.sql [  0.00s]
13:08:15.103847 [debug]: Finished parsing models/staging/stg_transactions.sql [  0.00s]
13:08:15.366916 [warn ]: [UnusedResourceConfigPath (dbt1097)]: Configuration paths exist in your dbt_project.yml file which do not apply to any resources.
There are 1 unused configuration paths:
- models.banking_dbt.example
13:08:15.369454 [info ]: Cached model count updated: 3 models (estimate)
13:08:15.369477 [info ]: Cached model count updated: 3 models (accurate)
13:08:15.369511 [info ]: Started scheduling
13:08:15.369619 [info ]: Finished scheduling [  0.00s]
13:08:15.369656 [debug]: Compilation - 2 nodes selected: {"model.banking_dbt.stg_customers", "snapshot.banking_dbt.customers_snapshot"}
13:08:15.369681 [info ]: Started scheduling
13:08:15.369764 [info ]: Finished scheduling [  0.00s]
13:08:15.374371 [debug]: Initializing schema store with entry: Selected("snapshot.banking_dbt.accounts_snapshot") and interval: None
13:08:15.374494 [debug]: Initializing schema store with entry: Selected("snapshot.banking_dbt.customers_snapshot") and interval: None
13:08:15.374561 [debug]: Initializing schema store with entry: Frontier(CanonicalFqn { catalog: "BANKING", schema: "RAW", table: "ACCOUNTS" }) and interval: None
13:08:15.374642 [debug]: Initializing schema store with entry: Frontier(CanonicalFqn { catalog: "BANKING", schema: "RAW", table: "CUSTOMERS" }) and interval: None
13:08:15.374699 [debug]: Initializing schema store with entry: Frontier(CanonicalFqn { catalog: "BANKING", schema: "RAW", table: "TRANSACTIONS" }) and interval: None
13:08:15.377165 [debug]: License check failed: Feature not licensed: 'lineage'
13:08:15.378453 [info ]: Started building task graph
13:08:15.378529 [info ]: Finished building task graph [  0.00s]
13:08:15.385877 [info ]: Started rendering (2 nodes)
13:08:15.385923 [info ]: Started snapshot ANALYTICS.customers_snapshot
13:08:15.385939 [debug]: Started rendering snapshot ANALYTICS.customers_snapshot
13:08:15.385987 [info ]: Started model ANALYSTICS.stg_customers
13:08:15.386009 [debug]: Started rendering model ANALYSTICS.stg_customers
13:08:15.386117 [info ]: Finished parsing [  0.36s]
13:08:15.389474 [debug]: Compiled SQL for node snapshot.banking_dbt.customers_snapshot at target\.lsp\compiled\banking_dbt\snapshots\customers.snapshot.sql\customers_snapshot.sql
13:08:15.389593 [debug]: Compiled SQL for node model.banking_dbt.stg_customers at target\.lsp\compiled\banking_dbt\models\staging\stg_customers.sql
13:08:15.389829 [debug]: Finished rendering [  0.00s] snapshot ANALYTICS.customers_snapshot [success]
13:08:15.389926 [info ]: Started analyzing (2 nodes)
13:08:15.389956 [debug]: Started analyzing snapshot ANALYTICS.customers_snapshot
13:08:15.390001 [debug]: Finished rendering [  0.00s] model ANALYSTICS.stg_customers [success]
13:08:15.390030 [info ]: Finished rendering [  0.00s] (2 nodes, 0 skipped, 0 errors)
13:08:15.390159 [debug]: Started analyzing model ANALYSTICS.stg_customers
13:08:15.390384 [debug]: Finished analyzing [  0.00s] snapshot ANALYTICS.customers_snapshot [success]
13:08:15.390423 [info ]:  Succeeded [  0.00s] snapshot ANALYTICS.customers_snapshot (snapshot)
13:08:15.392671 [debug]: Finished analyzing [  0.00s] model ANALYSTICS.stg_customers [success]
13:08:15.392709 [info ]: Finished analyzing [  0.00s] (2 nodes, 0 skipped, 0 errors)
13:08:15.392724 [info ]:  Succeeded [  0.01s] model ANALYSTICS.stg_customers (view)
13:08:15.400667 [info ]: Started scheduling
13:08:15.400756 [info ]: Finished scheduling [  0.00s]
13:08:15.401925 [info ]: Cached model count updated: 3 models (accurate)
13:08:15.660844 [debug]: License check failed: Feature not licensed: 'lineage'
13:08:16.602315 [info ]: Started loading project
13:08:16.603306 [info ]: Loading profiles.yml
13:08:16.666098 [info ]: Cached model count updated: 3 models (estimate)
13:08:16.666126 [info ]: Cached model count updated: 3 models (accurate)
13:08:16.666165 [info ]: Started scheduling
13:08:16.666271 [info ]: Finished scheduling [  0.00s]
13:08:16.666299 [debug]: Compilation - 2 nodes selected: {"model.banking_dbt.stg_accounts", "snapshot.banking_dbt.accounts_snapshot"}
13:08:16.667916 [debug]: License check failed: Feature not licensed: 'lineage'
13:08:16.670157 [info ]: Started building task graph
13:08:16.670309 [info ]: Finished building task graph [  0.00s]
13:08:16.679885 [info ]: Started rendering (2 nodes)
13:08:16.679931 [info ]: Started snapshot ANALYTICS.accounts_snapshot
13:08:16.679953 [debug]: Started rendering snapshot ANALYTICS.accounts_snapshot
13:08:16.680004 [info ]: Started model ANALYSTICS.stg_accounts
13:08:16.680041 [debug]: Started rendering model ANALYSTICS.stg_accounts
13:08:16.680068 [info ]: Finished loading project [  0.08s]
13:08:16.684375 [debug]: Compiled SQL for node snapshot.banking_dbt.accounts_snapshot at target\.lsp\compiled\banking_dbt\snapshots\accounts_snapshot.sql\accounts_snapshot.sql
13:08:16.684761 [debug]: Finished rendering [  0.00s] snapshot ANALYTICS.accounts_snapshot [success]
13:08:16.684992 [info ]: Started analyzing (2 nodes)
13:08:16.685028 [debug]: Started analyzing snapshot ANALYTICS.accounts_snapshot
13:08:16.685551 [debug]: Finished analyzing [  0.00s] snapshot ANALYTICS.accounts_snapshot [success]
13:08:16.685629 [info ]:  Succeeded [  0.00s] snapshot ANALYTICS.accounts_snapshot (snapshot)
13:08:16.686587 [debug]: Compiled SQL for node model.banking_dbt.stg_accounts at target\.lsp\compiled\banking_dbt\models\staging\stg_accounts.sql
13:08:16.686988 [debug]: Finished rendering [  0.01s] model ANALYSTICS.stg_accounts [success]
13:08:16.687046 [info ]: Finished rendering [  0.01s] (2 nodes, 0 skipped, 0 errors)
13:08:16.687100 [debug]: Started analyzing model ANALYSTICS.stg_accounts
13:08:16.688478 [debug]: Finished analyzing [  0.00s] model ANALYSTICS.stg_accounts [success]
13:08:16.688521 [info ]: Finished analyzing [  0.00s] (2 nodes, 0 skipped, 0 errors)
13:08:16.688550 [info ]:  Succeeded [  0.01s] model ANALYSTICS.stg_accounts (view)
13:08:16.700664 [info ]: Started scheduling
13:08:16.700765 [info ]: Finished scheduling [  0.00s]
13:08:16.701012 [info ]: Cached model count updated: 3 models (accurate)
13:08:16.804624 [debug]: License check failed: Feature not licensed: 'lineage'
13:08:17.008732 [debug]: License check failed: Feature not licensed: 'lineage'
13:08:17.623983 [debug]: License check failed: Feature not licensed: 'lineage'
13:08:18.406673 [info ]: Started loading project
13:08:18.407655 [info ]: Loading profiles.yml
13:08:18.454837 [info ]: Cached model count updated: 3 models (estimate)
13:08:18.454873 [info ]: Cached model count updated: 3 models (accurate)
13:08:18.454927 [info ]: Started scheduling
13:08:18.455083 [info ]: Finished scheduling [  0.00s]
13:08:18.455121 [debug]: Compilation - 5 nodes selected: {"model.banking_dbt.stg_accounts", "model.banking_dbt.stg_customers", "model.banking_dbt.stg_transactions", "snapshot.banking_dbt.accounts_snapshot", "snapshot.banking_dbt.customers_snapshot"}
13:08:18.457029 [debug]: License check failed: Feature not licensed: 'lineage'
13:08:18.458667 [info ]: Started building task graph
13:08:18.458807 [info ]: Finished building task graph [  0.00s]
13:08:18.463669 [info ]: Started rendering (5 nodes)
13:08:18.463715 [info ]: Started snapshot ANALYTICS.customers_snapshot
13:08:18.463732 [debug]: Started rendering snapshot ANALYTICS.customers_snapshot
13:08:18.463770 [info ]: Started snapshot ANALYTICS.accounts_snapshot
13:08:18.463782 [debug]: Started rendering snapshot ANALYTICS.accounts_snapshot
13:08:18.463802 [info ]: Started model ANALYSTICS.stg_transactions
13:08:18.463813 [debug]: Started rendering model ANALYSTICS.stg_transactions
13:08:18.463830 [info ]: Started model ANALYSTICS.stg_customers
13:08:18.463851 [debug]: Started rendering model ANALYSTICS.stg_customers
13:08:18.463870 [info ]: Finished loading project [  0.06s]
13:08:18.463884 [info ]: Started model ANALYSTICS.stg_accounts
13:08:18.463909 [debug]: Started rendering model ANALYSTICS.stg_accounts
13:08:18.464483 [debug]: Compiled SQL for node snapshot.banking_dbt.accounts_snapshot at target\.lsp\compiled\banking_dbt\snapshots\accounts_snapshot.sql\accounts_snapshot.sql
13:08:18.464619 [debug]: Compiled SQL for node model.banking_dbt.stg_customers at target\.lsp\compiled\banking_dbt\models\staging\stg_customers.sql
13:08:18.464724 [debug]: Compiled SQL for node snapshot.banking_dbt.customers_snapshot at target\.lsp\compiled\banking_dbt\snapshots\customers.snapshot.sql\customers_snapshot.sql
13:08:18.464746 [debug]: Compiled SQL for node model.banking_dbt.stg_accounts at target\.lsp\compiled\banking_dbt\models\staging\stg_accounts.sql
13:08:18.464742 [debug]: Finished rendering [  0.00s] snapshot ANALYTICS.accounts_snapshot [success]
13:08:18.464814 [info ]: Started analyzing (5 nodes)
13:08:18.464839 [debug]: Started analyzing snapshot ANALYTICS.accounts_snapshot
13:08:18.464966 [debug]: Finished rendering [  0.00s] model ANALYSTICS.stg_customers [success]
13:08:18.465024 [debug]: Started analyzing model ANALYSTICS.stg_customers
13:08:18.465066 [debug]: Finished rendering [  0.00s] snapshot ANALYTICS.customers_snapshot [success]
13:08:18.465124 [debug]: Started analyzing snapshot ANALYTICS.customers_snapshot
13:08:18.465180 [debug]: Finished rendering [  0.00s] model ANALYSTICS.stg_accounts [success]
13:08:18.465209 [debug]: Started analyzing model ANALYSTICS.stg_accounts
13:08:18.465353 [debug]: Finished analyzing [  0.00s] snapshot ANALYTICS.accounts_snapshot [success]
13:08:18.465402 [info ]:  Succeeded [-------] snapshot ANALYTICS.accounts_snapshot (snapshot)
13:08:18.465484 [debug]: Finished analyzing [  0.00s] snapshot ANALYTICS.customers_snapshot [success]
13:08:18.465534 [info ]:  Succeeded [  0.00s] snapshot ANALYTICS.customers_snapshot (snapshot)
13:08:18.466224 [debug]: Finished analyzing [  0.00s] model ANALYSTICS.stg_customers [success]
13:08:18.466268 [info ]:  Succeeded [  0.00s] model ANALYSTICS.stg_customers (view)
13:08:18.466512 [debug]: Finished analyzing [  0.00s] model ANALYSTICS.stg_accounts [success]
13:08:18.466555 [info ]:  Succeeded [  0.00s] model ANALYSTICS.stg_accounts (view)
13:08:18.467949 [debug]: Compiled SQL for node model.banking_dbt.stg_transactions at target\.lsp\compiled\banking_dbt\models\staging\stg_transactions.sql
13:08:18.468158 [debug]: Finished rendering [  0.00s] model ANALYSTICS.stg_transactions [success]
13:08:18.468193 [info ]: Finished rendering [  0.00s] (5 nodes, 0 skipped, 0 errors)
13:08:18.468233 [debug]: Started analyzing model ANALYSTICS.stg_transactions
13:08:18.469077 [debug]: Finished analyzing [  0.00s] model ANALYSTICS.stg_transactions [success]
13:08:18.469128 [info ]: Finished analyzing [  0.00s] (5 nodes, 0 skipped, 0 errors)
13:08:18.469144 [info ]:  Succeeded [  0.00s] model ANALYSTICS.stg_transactions (view)
13:08:18.474008 [info ]: Started scheduling
13:08:18.474090 [info ]: Finished scheduling [  0.00s]
13:08:18.474299 [info ]: Cached model count updated: 3 models (accurate)
13:08:18.741691 [debug]: License check failed: Feature not licensed: 'lineage'
13:08:19.982811 [debug]: License check failed: Feature not licensed: 'lineage'
13:08:20.712159 [debug]: License check failed: Feature not licensed: 'lineage'
13:08:21.538268 [info ]: Started loading project
13:08:21.539180 [info ]: Loading profiles.yml
13:08:21.597796 [info ]: Finished loading project [  0.06s]
13:08:21.597805 [info ]: Cached model count updated: 3 models (accurate)
13:08:21.662957 [info ]: Started scheduling
13:08:21.663130 [info ]: Finished scheduling [  0.00s]
13:08:21.665309 [debug]: License check failed: Feature not licensed: 'lineage'
13:08:21.666917 [info ]: Started building task graph
13:08:21.666994 [info ]: Finished building task graph [  0.00s]
13:08:21.671554 [info ]: Started rendering (1 nodes)
13:08:21.671597 [info ]: Started snapshot ANALYTICS.customers_snapshot
13:08:21.671661 [debug]: Started rendering snapshot ANALYTICS.customers_snapshot
13:08:21.673450 [debug]: Compiled SQL for node snapshot.banking_dbt.customers_snapshot at target\.lsp\compiled\banking_dbt\snapshots\customers.snapshot.sql\customers_snapshot.sql
13:08:21.673616 [debug]: Finished rendering [  0.00s] snapshot ANALYTICS.customers_snapshot [success]
13:08:21.673664 [info ]: Finished rendering [  0.00s] (1 nodes, 0 skipped, 0 errors)
13:08:21.673722 [info ]: Started analyzing (1 nodes)
13:08:21.673752 [debug]: Started analyzing snapshot ANALYTICS.customers_snapshot
13:08:21.675387 [debug]: Finished analyzing [  0.00s] snapshot ANALYTICS.customers_snapshot [success]
13:08:21.675444 [info ]: Finished analyzing [  0.00s] (1 nodes, 0 skipped, 0 errors)
13:08:21.675527 [info ]: Started running (1 nodes)
13:08:21.675555 [info ]: Started running snapshot ANALYTICS.customers_snapshot
13:08:21.861374 [debug]: License check failed: Feature not licensed: 'lineage'
13:08:23.597179 [debug]: Query executed on node unknown:

  
  

SELECT * FROM BANKING.ANALYSTICS.stg_customers

  
  limit 1000

13:08:23.639873 [info ]: Query show_snapshot_banking_dbt_customers_snapshot
┌─────────────┬─────────────┬────────────┬───────────────────────────────┬────────────────────────────┬──────────────┐
│ CUSTOMER_ID ┆ FIRST_NAME  ┆ LAST_NAME  ┆ EMAIL                         ┆ CREATED_TIME               ┆ UPDATED_TIME │
╞═════════════╪═════════════╪════════════╪═══════════════════════════════╪════════════════════════════╪══════════════╡
│ 1           ┆ Docker      ┆ Test       ┆ docker@test.com               ┆ 2026-07-22T04:57:40.402208 ┆              │
│ 10          ┆ Daniel      ┆ Stark      ┆ robinsonlinda@example.org     ┆ 2026-07-22T05:22:54.026228 ┆              │
│ 11          ┆ April       ┆ Smith      ┆ sarah96@example.org           ┆ 2026-07-22T05:22:54.034366 ┆              │
│ 12          ┆ Christopher ┆ Poole      ┆ kelly15@example.com           ┆ 2026-07-22T05:23:25.274969 ┆              │
│ 13          ┆ Jeremiah    ┆ Robinson   ┆ michaelpeter@example.com      ┆ 2026-07-22T05:23:25.281671 ┆              │
│ 14          ┆ Michael     ┆ Harris     ┆ kathrynbryant@example.net     ┆ 2026-07-22T05:23:25.286330 ┆              │
│ 15          ┆ Michael     ┆ Williams   ┆ hahntiffany@example.com       ┆ 2026-07-22T05:23:25.291278 ┆              │
│ 16          ┆ Roy         ┆ Lawson     ┆ marieperez@example.com        ┆ 2026-07-22T05:23:25.296821 ┆              │
│ 17          ┆ Brian       ┆ Rodriguez  ┆ laurie39@example.com          ┆ 2026-07-22T05:23:25.300955 ┆              │
│ 18          ┆ Linda       ┆ Lee        ┆ linwhitney@example.org        ┆ 2026-07-22T05:23:25.305415 ┆              │
│ 19          ┆ William     ┆ Sims       ┆ zsmith@example.net            ┆ 2026-07-22T05:23:25.309791 ┆              │
│ 2           ┆ Ian         ┆ Kidd       ┆ reeseelizabeth@example.net    ┆ 2026-07-22T05:22:53.947706 ┆              │
│ 20          ┆ Kenneth     ┆ Ward       ┆ achaney@example.net           ┆ 2026-07-22T05:23:25.313904 ┆              │
│ 21          ┆ Marcus      ┆ Dunlap     ┆ sandra03@example.org          ┆ 2026-07-22T05:23:25.317917 ┆              │
│ 22          ┆ Jessica     ┆ Turner     ┆ nicole12@example.net          ┆ 2026-07-22T05:23:36.457365 ┆              │
│ 23          ┆ Tony        ┆ Hinton     ┆ jpayne@example.net            ┆ 2026-07-22T05:23:36.465101 ┆              │
│ 24          ┆ Jeremiah    ┆ Davis      ┆ foxkevin@example.com          ┆ 2026-07-22T05:23:36.470705 ┆              │
│ 25          ┆ Kimberly    ┆ Glass      ┆ jimenezdavid@example.org      ┆ 2026-07-22T05:23:36.476155 ┆              │
│ 26          ┆ David       ┆ Burns      ┆ smithsusan@example.org        ┆ 2026-07-22T05:23:36.481791 ┆              │
│ 27          ┆ Christopher ┆ Franklin   ┆ faulknerpatrick@example.com   ┆ 2026-07-22T05:23:36.487391 ┆              │
│ 28          ┆ Tony        ┆ Chen       ┆ jalvarez@example.com          ┆ 2026-07-22T05:23:36.493495 ┆              │
│ 29          ┆ Lee         ┆ Tate       ┆ lmorrison@example.net         ┆ 2026-07-22T05:23:36.499190 ┆              │
│ 3           ┆ Devin       ┆ Johns      ┆ krystalvelasquez@example.net  ┆ 2026-07-22T05:22:53.975171 ┆              │
│ 30          ┆ Elizabeth   ┆ Abbott     ┆ johnsonjessica@example.net    ┆ 2026-07-22T05:23:36.504638 ┆              │
│ 31          ┆ Samantha    ┆ Boyd       ┆ nunezmelinda@example.com      ┆ 2026-07-22T05:23:36.510171 ┆              │
│ 32          ┆ Joseph      ┆ Meyers     ┆ groberts@example.net          ┆ 2026-07-22T05:23:40.798249 ┆              │
│ 33          ┆ Mark        ┆ Ewing      ┆ qking@example.org             ┆ 2026-07-22T05:23:40.804903 ┆              │
│ 34          ┆ Anthony     ┆ Knapp      ┆ crawfordrandy@example.org     ┆ 2026-07-22T05:23:40.809866 ┆              │
│ 35          ┆ Regina      ┆ Nguyen     ┆ barrettjanet@example.org      ┆ 2026-07-22T05:23:40.814630 ┆              │
│ 36          ┆ Jeffery     ┆ Little     ┆ icross@example.org            ┆ 2026-07-22T05:23:40.819368 ┆              │
│ 37          ┆ Andrea      ┆ Green      ┆ xsmith@example.org            ┆ 2026-07-22T05:23:40.824162 ┆              │
│ 38          ┆ Tammy       ┆ Calhoun    ┆ ann24@example.org             ┆ 2026-07-22T05:23:40.829302 ┆              │
│ 39          ┆ Monique     ┆ Rodriguez  ┆ ufischer@example.com          ┆ 2026-07-22T05:23:40.834696 ┆              │
│ 4           ┆ Denise      ┆ Garcia     ┆ ahernandez@example.com        ┆ 2026-07-22T05:22:53.981438 ┆              │
│ 40          ┆ Warren      ┆ Rhodes     ┆ wandarogers@example.com       ┆ 2026-07-22T05:23:40.840863 ┆              │
│ 41          ┆ Anthony     ┆ Gay        ┆ jonesdanielle@example.org     ┆ 2026-07-22T05:23:40.846766 ┆              │
│ 42          ┆ Tracy       ┆ Mcdaniel   ┆ kayla72@example.net           ┆ 2026-07-22T05:23:44.608694 ┆              │
│ 43          ┆ Brittany    ┆ Baker      ┆ stephenstiffany@example.org   ┆ 2026-07-22T05:23:44.616371 ┆              │
│ 44          ┆ James       ┆ Harrington ┆ mark57@example.com            ┆ 2026-07-22T05:23:44.622123 ┆              │
│ 45          ┆ Vincent     ┆ Robinson   ┆ robertmoyer@example.org       ┆ 2026-07-22T05:23:44.628994 ┆              │
│ 46          ┆ Brian       ┆ Callahan   ┆ phillipwells@example.net      ┆ 2026-07-22T05:23:44.635404 ┆              │
│ 47          ┆ Cindy       ┆ Hodges     ┆ jacquelinejohnson@example.org ┆ 2026-07-22T05:23:44.641743 ┆              │
│ 48          ┆ Michael     ┆ Arnold     ┆ petersenamanda@example.com    ┆ 2026-07-22T05:23:44.647089 ┆              │
│ 49          ┆ Nancy       ┆ Miller     ┆ douglas73@example.org         ┆ 2026-07-22T05:23:44.653019 ┆              │
│ 5           ┆ Monique     ┆ Murray     ┆ lopezwanda@example.net        ┆ 2026-07-22T05:22:53.987404 ┆              │
│ 50          ┆ Wendy       ┆ Forbes     ┆ mirandalopez@example.org      ┆ 2026-07-22T05:23:44.659954 ┆              │
│ 51          ┆ Pamela      ┆ Hale       ┆ mossjennifer@example.org      ┆ 2026-07-22T05:23:44.666139 ┆              │
│ 52          ┆ Russell     ┆ Bentley    ┆ erin76@example.org            ┆ 2026-07-22T05:23:48.164923 ┆              │
│ 53          ┆ John        ┆ Miller     ┆ karen61@example.net           ┆ 2026-07-22T05:23:48.175347 ┆              │
│ 54          ┆ William     ┆ Walter     ┆ gainessherri@example.com      ┆ 2026-07-22T05:23:48.181916 ┆              │
│ 55          ┆ Peter       ┆ Webb       ┆ rosskimberly@example.com      ┆ 2026-07-22T05:23:48.188783 ┆              │
│ 56          ┆ Shawn       ┆ Rivera     ┆ tracylopez@example.com        ┆ 2026-07-22T05:23:48.199631 ┆              │
│ 57          ┆ Christopher ┆ Bennett    ┆ sarah81@example.com           ┆ 2026-07-22T05:23:48.206692 ┆              │
│ 58          ┆ Timothy     ┆ Skinner    ┆ ccastillo@example.com         ┆ 2026-07-22T05:23:48.212869 ┆              │
│ 59          ┆ Zachary     ┆ Williams   ┆ allenjared@example.com        ┆ 2026-07-22T05:23:48.221143 ┆              │
│ 6           ┆ Christine   ┆ Jackson    ┆ monica55@example.org          ┆ 2026-07-22T05:22:54.002890 ┆              │
│ 60          ┆ Kevin       ┆ Clark      ┆ theresaray@example.net        ┆ 2026-07-22T05:23:48.228808 ┆              │
│ 61          ┆ Lisa        ┆ Harris     ┆ dylanjones@example.com        ┆ 2026-07-22T05:23:48.234658 ┆              │
│ 62          ┆ Victoria    ┆ Hanson     ┆ johnsmith@example.com         ┆ 2026-07-22T05:30:16.744925 ┆              │
│ 63          ┆ Heather     ┆ Johnson    ┆ blakebailey@example.org       ┆ 2026-07-22T05:30:16.750334 ┆              │
│ 64          ┆ Michael     ┆ Graham     ┆ zmoore@example.com            ┆ 2026-07-22T05:30:16.752906 ┆              │
│ 65          ┆ Tracy       ┆ Hall       ┆ krystalcox@example.com        ┆ 2026-07-22T05:30:16.755504 ┆              │
│ 66          ┆ Curtis      ┆ Ramos      ┆ colton94@example.org          ┆ 2026-07-22T05:30:16.757963 ┆              │
│ 67          ┆ Bryce       ┆ Jackson    ┆ clarkteresa@example.org       ┆ 2026-07-22T05:30:16.760802 ┆              │
│ 68          ┆ James       ┆ Henry      ┆ dale69@example.com            ┆ 2026-07-22T05:30:16.763638 ┆              │
│ 69          ┆ Stephen     ┆ Anderson   ┆ adrian49@example.net          ┆ 2026-07-22T05:30:16.768287 ┆              │
│ 7           ┆ Yvette      ┆ Gould      ┆ charles21@example.org         ┆ 2026-07-22T05:22:54.008252 ┆              │
│ 70          ┆ Jacob       ┆ Patel      ┆ pkennedy@example.org          ┆ 2026-07-22T05:30:16.771651 ┆              │
│ 71          ┆ Julie       ┆ Savage     ┆ wongmichael@example.net       ┆ 2026-07-22T05:30:16.774475 ┆              │
│ 72          ┆ Michelle    ┆ Ramirez    ┆ samantha36@example.org        ┆ 2026-07-22T05:34:38.904130 ┆              │
│ 73          ┆ Brian       ┆ Hernandez  ┆ scottbright@example.com       ┆ 2026-07-22T05:34:38.909303 ┆              │
│ 74          ┆ Nicolas     ┆ Ross       ┆ yhowell@example.com           ┆ 2026-07-22T05:34:38.914742 ┆              │
│ 75          ┆ Amy         ┆ Hunter     ┆ williamsscott@example.org     ┆ 2026-07-22T05:34:38.918598 ┆              │
│ 76          ┆ Gregory     ┆ Joseph     ┆ melissa75@example.com         ┆ 2026-07-22T05:34:38.922041 ┆              │
│ 77          ┆ Kelly       ┆ King       ┆ amy23@example.com             ┆ 2026-07-22T05:34:38.925438 ┆              │
│ 78          ┆ Amanda      ┆ Stone      ┆ dwalker@example.com           ┆ 2026-07-22T05:34:38.930736 ┆              │
│ 79          ┆ Amy         ┆ Phillips   ┆ anthonymckee@example.com      ┆ 2026-07-22T05:34:38.934330 ┆              │
│ 8           ┆ James       ┆ Crawford   ┆ sowens@example.net            ┆ 2026-07-22T05:22:54.014215 ┆              │
│ 80          ┆ Kaitlyn     ┆ Brown      ┆ maxwell10@example.net         ┆ 2026-07-22T05:34:38.937883 ┆              │
│ 81          ┆ Shane       ┆ Nolan      ┆ daniellam@example.net         ┆ 2026-07-22T05:34:38.941608 ┆              │
│ 9           ┆ Laurie      ┆ Middleton  ┆ kimberlywilson@example.org    ┆ 2026-07-22T05:22:54.020005 ┆              │
└─────────────┴─────────────┴────────────┴───────────────────────────────┴────────────────────────────┴──────────────┘
81 rows.
13:08:23.640432 [info ]: Finished running [  1.96s] snapshot ANALYTICS.customers_snapshot [success]
13:08:23.640468 [info ]: Finished running [  1.96s] (1 nodes, 0 skipped, 0 errors)
13:08:23.640533 [info ]:  Succeeded [  1.97s] snapshot ANALYTICS.customers_snapshot (snapshot)
13:08:25.348815 [info ]: Started loading project
13:08:25.349775 [info ]: Loading profiles.yml
13:08:25.405287 [info ]: Cached model count updated: 3 models (estimate)
13:08:25.405320 [info ]: Cached model count updated: 3 models (accurate)
13:08:25.405917 [info ]: Started scheduling
13:08:25.406056 [info ]: Finished scheduling [  0.00s]
13:08:25.406086 [debug]: Compilation - 5 nodes selected: {"model.banking_dbt.stg_accounts", "model.banking_dbt.stg_customers", "model.banking_dbt.stg_transactions", "snapshot.banking_dbt.accounts_snapshot", "snapshot.banking_dbt.customers_snapshot"}
13:08:25.407610 [debug]: License check failed: Feature not licensed: 'lineage'
13:08:25.411169 [info ]: Started building task graph
13:08:25.411287 [info ]: Finished building task graph [  0.00s]
13:08:25.417003 [info ]: Started rendering (5 nodes)
13:08:25.417107 [info ]: Started snapshot ANALYTICS.customers_snapshot
13:08:25.417124 [debug]: Started rendering snapshot ANALYTICS.customers_snapshot
13:08:25.417162 [info ]: Started snapshot ANALYTICS.accounts_snapshot
13:08:25.417173 [debug]: Started rendering snapshot ANALYTICS.accounts_snapshot
13:08:25.417202 [info ]: Started model ANALYSTICS.stg_transactions
13:08:25.417238 [debug]: Started rendering model ANALYSTICS.stg_transactions
13:08:25.417279 [info ]: Started model ANALYSTICS.stg_customers
13:08:25.417306 [debug]: Started rendering model ANALYSTICS.stg_customers
13:08:25.417307 [info ]: Finished loading project [  0.07s]
13:08:25.417354 [info ]: Started model ANALYSTICS.stg_accounts
13:08:25.417383 [debug]: Started rendering model ANALYSTICS.stg_accounts
13:08:25.417921 [debug]: Compiled SQL for node snapshot.banking_dbt.customers_snapshot at target\.lsp\compiled\banking_dbt\snapshots\customers.snapshot.sql\customers_snapshot.sql
13:08:25.418054 [debug]: Compiled SQL for node snapshot.banking_dbt.accounts_snapshot at target\.lsp\compiled\banking_dbt\snapshots\accounts_snapshot.sql\accounts_snapshot.sql
13:08:25.418065 [debug]: Compiled SQL for node model.banking_dbt.stg_transactions at target\.lsp\compiled\banking_dbt\models\staging\stg_transactions.sql
13:08:25.418087 [debug]: Finished rendering [  0.00s] snapshot ANALYTICS.customers_snapshot [success]
13:08:25.418202 [debug]: Compiled SQL for node model.banking_dbt.stg_accounts at target\.lsp\compiled\banking_dbt\models\staging\stg_accounts.sql
13:08:25.418152 [info ]: Started analyzing (5 nodes)
13:08:25.418257 [debug]: Started analyzing snapshot ANALYTICS.customers_snapshot
13:08:25.418304 [debug]: Finished rendering [  0.00s] snapshot ANALYTICS.accounts_snapshot [success]
13:08:25.418361 [debug]: Started analyzing snapshot ANALYTICS.accounts_snapshot
13:08:25.418410 [debug]: Finished rendering [  0.00s] model ANALYSTICS.stg_transactions [success]
13:08:25.418440 [debug]: Started analyzing model ANALYSTICS.stg_transactions
13:08:25.418492 [debug]: Finished rendering [  0.00s] model ANALYSTICS.stg_accounts [success]
13:08:25.418523 [debug]: Started analyzing model ANALYSTICS.stg_accounts
13:08:25.418666 [debug]: Finished analyzing [  0.00s] snapshot ANALYTICS.customers_snapshot [success]
13:08:25.418708 [info ]:  Succeeded [-------] snapshot ANALYTICS.customers_snapshot (snapshot)
13:08:25.418814 [debug]: Finished analyzing [  0.00s] snapshot ANALYTICS.accounts_snapshot [success]
13:08:25.418875 [info ]:  Succeeded [  0.00s] snapshot ANALYTICS.accounts_snapshot (snapshot)
13:08:25.419000 [debug]: Compiled SQL for node model.banking_dbt.stg_customers at target\.lsp\compiled\banking_dbt\models\staging\stg_customers.sql
13:08:25.419109 [debug]: Finished rendering [  0.00s] model ANALYSTICS.stg_customers [success]
13:08:25.419150 [info ]: Finished rendering [  0.00s] (5 nodes, 0 skipped, 0 errors)
13:08:25.419186 [debug]: Started analyzing model ANALYSTICS.stg_customers
13:08:25.419577 [debug]: Finished analyzing [  0.00s] model ANALYSTICS.stg_accounts [success]
13:08:25.419614 [info ]:  Succeeded [  0.00s] model ANALYSTICS.stg_accounts (view)
13:08:25.419786 [debug]: Finished analyzing [  0.00s] model ANALYSTICS.stg_transactions [success]
13:08:25.419821 [info ]:  Succeeded [  0.00s] model ANALYSTICS.stg_transactions (view)
13:08:25.421197 [debug]: Finished analyzing [  0.00s] model ANALYSTICS.stg_customers [success]
13:08:25.421228 [info ]: Finished analyzing [  0.00s] (5 nodes, 0 skipped, 0 errors)
13:08:25.421242 [info ]:  Succeeded [  0.00s] model ANALYSTICS.stg_customers (view)
13:08:25.426611 [info ]: Started scheduling
13:08:25.426961 [info ]: Finished scheduling [  0.00s]
13:08:25.427730 [info ]: Cached model count updated: 3 models (accurate)
13:08:25.693395 [debug]: License check failed: Feature not licensed: 'lineage'
13:08:26.435342 [debug]: License check failed: Feature not licensed: 'lineage'
13:08:26.948274 [debug]: License check failed: Feature not licensed: 'lineage'
13:08:27.215506 [info ]: Started loading project
13:08:27.216573 [info ]: Loading profiles.yml
13:08:27.275743 [info ]: Finished loading project [  0.06s]
13:08:27.275989 [info ]: Cached model count updated: 3 models (accurate)
13:08:27.337411 [info ]: Started scheduling
13:08:27.337748 [info ]: Finished scheduling [  0.00s]
13:08:27.339815 [debug]: License check failed: Feature not licensed: 'lineage'
13:08:27.341972 [info ]: Started building task graph
13:08:27.342077 [info ]: Finished building task graph [  0.00s]
13:08:27.348096 [info ]: Started rendering (1 nodes)
13:08:27.348143 [info ]: Started snapshot ANALYTICS.accounts_snapshot
13:08:27.348182 [debug]: Started rendering snapshot ANALYTICS.accounts_snapshot
13:08:27.350160 [debug]: Compiled SQL for node snapshot.banking_dbt.accounts_snapshot at target\.lsp\compiled\banking_dbt\snapshots\accounts_snapshot.sql\accounts_snapshot.sql
13:08:27.350299 [debug]: Finished rendering [  0.00s] snapshot ANALYTICS.accounts_snapshot [success]
13:08:27.350353 [info ]: Finished rendering [  0.00s] (1 nodes, 0 skipped, 0 errors)
13:08:27.350396 [info ]: Started analyzing (1 nodes)
13:08:27.350414 [debug]: Started analyzing snapshot ANALYTICS.accounts_snapshot
13:08:27.350691 [debug]: Finished analyzing [  0.00s] snapshot ANALYTICS.accounts_snapshot [success]
13:08:27.350719 [info ]: Finished analyzing [  0.00s] (1 nodes, 0 skipped, 0 errors)
13:08:27.350759 [info ]: Started running (1 nodes)
13:08:27.350772 [info ]: Started running snapshot ANALYTICS.accounts_snapshot
13:08:27.547423 [debug]: License check failed: Feature not licensed: 'lineage'
13:08:28.592339 [debug]: Query executed on node unknown:

  
  


SELECT * FROM BANKING.ANALYSTICS.stg_accounts


  
  limit 1000

13:08:28.665054 [info ]: Query show_snapshot_banking_dbt_accounts_snapshot
┌────────────┬─────────────┬──────────────┬─────────┬──────────┬────────────────────────────┬──────────────────────────┐
│ ACCOUNT_ID ┆ CUSTOMER_ID ┆ ACCOUNT_TYPE ┆ BALANCE ┆ CURRENCY ┆ CREATED_AT                 ┆ LOAD_TIMESTAMP           │
╞════════════╪═════════════╪══════════════╪═════════╪══════════╪════════════════════════════╪══════════════════════════╡
│ 1          ┆ 2           ┆ SAVINGS      ┆ 378.67  ┆ USD      ┆ 2026-07-22T05:22:54.043061 ┆ 2026-08-10T13:08:28.161Z │
│ 10         ┆ 6           ┆ CHECKING     ┆ 576.73  ┆ USD      ┆ 2026-07-22T05:22:54.128402 ┆ 2026-08-10T13:08:28.161Z │
│ 100        ┆ 51          ┆ CHECKING     ┆ 976.51  ┆ USD      ┆ 2026-07-22T05:23:44.766339 ┆ 2026-08-10T13:08:28.161Z │
│ 101        ┆ 52          ┆ SAVINGS      ┆ 34.93   ┆ USD      ┆ 2026-07-22T05:23:48.241359 ┆ 2026-08-10T13:08:28.161Z │
│ 102        ┆ 52          ┆ SAVINGS      ┆ 145.19  ┆ USD      ┆ 2026-07-22T05:23:48.253759 ┆ 2026-08-10T13:08:28.161Z │
│ 103        ┆ 53          ┆ SAVINGS      ┆ 280.51  ┆ USD      ┆ 2026-07-22T05:23:48.258532 ┆ 2026-08-10T13:08:28.161Z │
│ 104        ┆ 53          ┆ CHECKING     ┆ 374.72  ┆ USD      ┆ 2026-07-22T05:23:48.263491 ┆ 2026-08-10T13:08:28.161Z │
│ 105        ┆ 54          ┆ CHECKING     ┆ 319.45  ┆ USD      ┆ 2026-07-22T05:23:48.268422 ┆ 2026-08-10T13:08:28.161Z │
│ 106        ┆ 54          ┆ SAVINGS      ┆ 202.72  ┆ USD      ┆ 2026-07-22T05:23:48.273225 ┆ 2026-08-10T13:08:28.161Z │
│ 107        ┆ 55          ┆ CHECKING     ┆ 503.46  ┆ USD      ┆ 2026-07-22T05:23:48.278479 ┆ 2026-08-10T13:08:28.161Z │
│ 108        ┆ 55          ┆ SAVINGS      ┆ 804.86  ┆ USD      ┆ 2026-07-22T05:23:48.282792 ┆ 2026-08-10T13:08:28.161Z │
│ 109        ┆ 56          ┆ CHECKING     ┆ 481.2   ┆ USD      ┆ 2026-07-22T05:23:48.287169 ┆ 2026-08-10T13:08:28.161Z │
│ 11         ┆ 7           ┆ SAVINGS      ┆ 84.59   ┆ USD      ┆ 2026-07-22T05:22:54.133808 ┆ 2026-08-10T13:08:28.161Z │
│ 110        ┆ 56          ┆ CHECKING     ┆ 341.2   ┆ USD      ┆ 2026-07-22T05:23:48.293276 ┆ 2026-08-10T13:08:28.161Z │
│ 111        ┆ 57          ┆ CHECKING     ┆ 84.72   ┆ USD      ┆ 2026-07-22T05:23:48.297731 ┆ 2026-08-10T13:08:28.161Z │
│ 112        ┆ 57          ┆ CHECKING     ┆ 447.16  ┆ USD      ┆ 2026-07-22T05:23:48.302337 ┆ 2026-08-10T13:08:28.161Z │
│ 113        ┆ 58          ┆ SAVINGS      ┆ 326.24  ┆ USD      ┆ 2026-07-22T05:23:48.307195 ┆ 2026-08-10T13:08:28.161Z │
│ 114        ┆ 58          ┆ SAVINGS      ┆ 731.35  ┆ USD      ┆ 2026-07-22T05:23:48.312067 ┆ 2026-08-10T13:08:28.161Z │
│ 115        ┆ 59          ┆ CHECKING     ┆ 824.93  ┆ USD      ┆ 2026-07-22T05:23:48.323898 ┆ 2026-08-10T13:08:28.161Z │
│ 116        ┆ 59          ┆ SAVINGS      ┆ 635.35  ┆ USD      ┆ 2026-07-22T05:23:48.329372 ┆ 2026-08-10T13:08:28.161Z │
│ 117        ┆ 60          ┆ SAVINGS      ┆ 324.85  ┆ USD      ┆ 2026-07-22T05:23:48.334086 ┆ 2026-08-10T13:08:28.161Z │
│ 118        ┆ 60          ┆ SAVINGS      ┆ 731.38  ┆ USD      ┆ 2026-07-22T05:23:48.338380 ┆ 2026-08-10T13:08:28.161Z │
│ 119        ┆ 61          ┆ CHECKING     ┆ 131.01  ┆ USD      ┆ 2026-07-22T05:23:48.343016 ┆ 2026-08-10T13:08:28.161Z │
│ 12         ┆ 7           ┆ CHECKING     ┆ 734.78  ┆ USD      ┆ 2026-07-22T05:22:54.138800 ┆ 2026-08-10T13:08:28.161Z │
│ 120        ┆ 61          ┆ CHECKING     ┆ 453.42  ┆ USD      ┆ 2026-07-22T05:23:48.347232 ┆ 2026-08-10T13:08:28.161Z │
│ 121        ┆ 62          ┆ SAVINGS      ┆ 754.99  ┆ USD      ┆ 2026-07-22T05:30:16.778453 ┆ 2026-08-10T13:08:28.161Z │
│ 122        ┆ 62          ┆ CHECKING     ┆ 552.44  ┆ USD      ┆ 2026-07-22T05:30:16.788139 ┆ 2026-08-10T13:08:28.161Z │
│ 123        ┆ 63          ┆ SAVINGS      ┆ 446.76  ┆ USD      ┆ 2026-07-22T05:30:16.790227 ┆ 2026-08-10T13:08:28.161Z │
│ 124        ┆ 63          ┆ CHECKING     ┆ 55.31   ┆ USD      ┆ 2026-07-22T05:30:16.792219 ┆ 2026-08-10T13:08:28.161Z │
│ 125        ┆ 64          ┆ SAVINGS      ┆ 710.55  ┆ USD      ┆ 2026-07-22T05:30:16.794688 ┆ 2026-08-10T13:08:28.161Z │
│ 126        ┆ 64          ┆ SAVINGS      ┆ 815.75  ┆ USD      ┆ 2026-07-22T05:30:16.796799 ┆ 2026-08-10T13:08:28.161Z │
│ 127        ┆ 65          ┆ SAVINGS      ┆ 460.74  ┆ USD      ┆ 2026-07-22T05:30:16.798703 ┆ 2026-08-10T13:08:28.161Z │
│ 128        ┆ 65          ┆ CHECKING     ┆ 723.21  ┆ USD      ┆ 2026-07-22T05:30:16.800581 ┆ 2026-08-10T13:08:28.161Z │
│ 129        ┆ 66          ┆ CHECKING     ┆ 651.49  ┆ USD      ┆ 2026-07-22T05:30:16.802369 ┆ 2026-08-10T13:08:28.161Z │
│ 13         ┆ 8           ┆ SAVINGS      ┆ 547.28  ┆ USD      ┆ 2026-07-22T05:22:54.143593 ┆ 2026-08-10T13:08:28.161Z │
│ 130        ┆ 66          ┆ CHECKING     ┆ 581.68  ┆ USD      ┆ 2026-07-22T05:30:16.804078 ┆ 2026-08-10T13:08:28.161Z │
│ 131        ┆ 67          ┆ CHECKING     ┆ 545.65  ┆ USD      ┆ 2026-07-22T05:30:16.805854 ┆ 2026-08-10T13:08:28.161Z │
│ 132        ┆ 67          ┆ SAVINGS      ┆ 36.8    ┆ USD      ┆ 2026-07-22T05:30:16.807552 ┆ 2026-08-10T13:08:28.161Z │
│ 133        ┆ 68          ┆ SAVINGS      ┆ 663.87  ┆ USD      ┆ 2026-07-22T05:30:16.809366 ┆ 2026-08-10T13:08:28.161Z │
│ 134        ┆ 68          ┆ SAVINGS      ┆ 946.36  ┆ USD      ┆ 2026-07-22T05:30:16.811561 ┆ 2026-08-10T13:08:28.161Z │
│ 135        ┆ 69          ┆ SAVINGS      ┆ 451.25  ┆ USD      ┆ 2026-07-22T05:30:16.813446 ┆ 2026-08-10T13:08:28.161Z │
│ 136        ┆ 69          ┆ SAVINGS      ┆ 233.63  ┆ USD      ┆ 2026-07-22T05:30:16.815208 ┆ 2026-08-10T13:08:28.161Z │
│ 137        ┆ 70          ┆ CHECKING     ┆ 622.37  ┆ USD      ┆ 2026-07-22T05:30:16.816952 ┆ 2026-08-10T13:08:28.161Z │
│ 138        ┆ 70          ┆ SAVINGS      ┆ 460.79  ┆ USD      ┆ 2026-07-22T05:30:16.818683 ┆ 2026-08-10T13:08:28.161Z │
│ 139        ┆ 71          ┆ CHECKING     ┆ 241.15  ┆ USD      ┆ 2026-07-22T05:30:16.820370 ┆ 2026-08-10T13:08:28.161Z │
│ 14         ┆ 8           ┆ CHECKING     ┆ 47.15   ┆ USD      ┆ 2026-07-22T05:22:54.148747 ┆ 2026-08-10T13:08:28.161Z │
│ 140        ┆ 71          ┆ SAVINGS      ┆ 146.72  ┆ USD      ┆ 2026-07-22T05:30:16.822090 ┆ 2026-08-10T13:08:28.161Z │
│ 141        ┆ 72          ┆ CHECKING     ┆ 701.72  ┆ USD      ┆ 2026-07-22T05:34:38.945458 ┆ 2026-08-10T13:08:28.161Z │
│ 142        ┆ 72          ┆ SAVINGS      ┆ 819.1   ┆ USD      ┆ 2026-07-22T05:34:38.949750 ┆ 2026-08-10T13:08:28.161Z │
│ 143        ┆ 73          ┆ SAVINGS      ┆ 555.8   ┆ USD      ┆ 2026-07-22T05:34:38.951969 ┆ 2026-08-10T13:08:28.161Z │
│ 144        ┆ 73          ┆ SAVINGS      ┆ 161.07  ┆ USD      ┆ 2026-07-22T05:34:38.954461 ┆ 2026-08-10T13:08:28.161Z │
│ 145        ┆ 74          ┆ SAVINGS      ┆ 397.68  ┆ USD      ┆ 2026-07-22T05:34:38.956882 ┆ 2026-08-10T13:08:28.161Z │
│ 146        ┆ 74          ┆ CHECKING     ┆ 111.62  ┆ USD      ┆ 2026-07-22T05:34:38.959277 ┆ 2026-08-10T13:08:28.161Z │
│ 147        ┆ 75          ┆ CHECKING     ┆ 51.19   ┆ USD      ┆ 2026-07-22T05:34:38.961562 ┆ 2026-08-10T13:08:28.161Z │
│ 148        ┆ 75          ┆ CHECKING     ┆ 498.18  ┆ USD      ┆ 2026-07-22T05:34:38.964080 ┆ 2026-08-10T13:08:28.161Z │
│ 149        ┆ 76          ┆ CHECKING     ┆ 867.73  ┆ USD      ┆ 2026-07-22T05:34:38.966243 ┆ 2026-08-10T13:08:28.161Z │
│ 15         ┆ 9           ┆ SAVINGS      ┆ 987.68  ┆ USD      ┆ 2026-07-22T05:22:54.153700 ┆ 2026-08-10T13:08:28.161Z │
│ 150        ┆ 76          ┆ CHECKING     ┆ 499.62  ┆ USD      ┆ 2026-07-22T05:34:38.968497 ┆ 2026-08-10T13:08:28.161Z │
│ 151        ┆ 77          ┆ CHECKING     ┆ 978.66  ┆ USD      ┆ 2026-07-22T05:34:38.971009 ┆ 2026-08-10T13:08:28.161Z │
│ 152        ┆ 77          ┆ CHECKING     ┆ 828.35  ┆ USD      ┆ 2026-07-22T05:34:38.973309 ┆ 2026-08-10T13:08:28.161Z │
│ 153        ┆ 78          ┆ SAVINGS      ┆ 380.93  ┆ USD      ┆ 2026-07-22T05:34:38.975409 ┆ 2026-08-10T13:08:28.161Z │
│ 154        ┆ 78          ┆ SAVINGS      ┆ 33.46   ┆ USD      ┆ 2026-07-22T05:34:38.977522 ┆ 2026-08-10T13:08:28.161Z │
│ 155        ┆ 79          ┆ CHECKING     ┆ 654.69  ┆ USD      ┆ 2026-07-22T05:34:38.979440 ┆ 2026-08-10T13:08:28.161Z │
│ 156        ┆ 79          ┆ SAVINGS      ┆ 300.64  ┆ USD      ┆ 2026-07-22T05:34:38.981355 ┆ 2026-08-10T13:08:28.161Z │
│ 157        ┆ 80          ┆ CHECKING     ┆ 13.07   ┆ USD      ┆ 2026-07-22T05:34:38.983358 ┆ 2026-08-10T13:08:28.161Z │
│ 158        ┆ 80          ┆ SAVINGS      ┆ 845.39  ┆ USD      ┆ 2026-07-22T05:34:38.985813 ┆ 2026-08-10T13:08:28.161Z │
│ 159        ┆ 81          ┆ CHECKING     ┆ 339.08  ┆ USD      ┆ 2026-07-22T05:34:38.988192 ┆ 2026-08-10T13:08:28.161Z │
│ 16         ┆ 9           ┆ SAVINGS      ┆ 173.34  ┆ USD      ┆ 2026-07-22T05:22:54.158706 ┆ 2026-08-10T13:08:28.161Z │
│ 160        ┆ 81          ┆ CHECKING     ┆ 531.05  ┆ USD      ┆ 2026-07-22T05:34:38.990243 ┆ 2026-08-10T13:08:28.161Z │
│ 17         ┆ 10          ┆ SAVINGS      ┆ 584.33  ┆ USD      ┆ 2026-07-22T05:22:54.163412 ┆ 2026-08-10T13:08:28.161Z │
│ 18         ┆ 10          ┆ CHECKING     ┆ 882.64  ┆ USD      ┆ 2026-07-22T05:22:54.168193 ┆ 2026-08-10T13:08:28.161Z │
│ 19         ┆ 11          ┆ CHECKING     ┆ 209.81  ┆ USD      ┆ 2026-07-22T05:22:54.172666 ┆ 2026-08-10T13:08:28.161Z │
│ 2          ┆ 2           ┆ SAVINGS      ┆ 452.29  ┆ USD      ┆ 2026-07-22T05:22:54.084394 ┆ 2026-08-10T13:08:28.161Z │
│ 20         ┆ 11          ┆ CHECKING     ┆ 811.59  ┆ USD      ┆ 2026-07-22T05:22:54.177339 ┆ 2026-08-10T13:08:28.161Z │
│ 21         ┆ 12          ┆ SAVINGS      ┆ 885.91  ┆ USD      ┆ 2026-07-22T05:23:25.322736 ┆ 2026-08-10T13:08:28.161Z │
│ 22         ┆ 12          ┆ SAVINGS      ┆ 979.14  ┆ USD      ┆ 2026-07-22T05:23:25.329499 ┆ 2026-08-10T13:08:28.161Z │
│ 23         ┆ 13          ┆ SAVINGS      ┆ 852.36  ┆ USD      ┆ 2026-07-22T05:23:25.333168 ┆ 2026-08-10T13:08:28.161Z │
│ 24         ┆ 13          ┆ CHECKING     ┆ 547.26  ┆ USD      ┆ 2026-07-22T05:23:25.337391 ┆ 2026-08-10T13:08:28.161Z │
│ 25         ┆ 14          ┆ SAVINGS      ┆ 756.78  ┆ USD      ┆ 2026-07-22T05:23:25.341436 ┆ 2026-08-10T13:08:28.161Z │
│ 26         ┆ 14          ┆ CHECKING     ┆ 126.56  ┆ USD      ┆ 2026-07-22T05:23:25.345301 ┆ 2026-08-10T13:08:28.161Z │
│ 27         ┆ 15          ┆ CHECKING     ┆ 375.59  ┆ USD      ┆ 2026-07-22T05:23:25.348866 ┆ 2026-08-10T13:08:28.161Z │
│ 28         ┆ 15          ┆ CHECKING     ┆ 747.5   ┆ USD      ┆ 2026-07-22T05:23:25.353018 ┆ 2026-08-10T13:08:28.161Z │
│ 29         ┆ 16          ┆ CHECKING     ┆ 593.32  ┆ USD      ┆ 2026-07-22T05:23:25.356977 ┆ 2026-08-10T13:08:28.161Z │
│ 3          ┆ 3           ┆ CHECKING     ┆ 77.64   ┆ USD      ┆ 2026-07-22T05:22:54.088959 ┆ 2026-08-10T13:08:28.161Z │
│ 30         ┆ 16          ┆ CHECKING     ┆ 332.4   ┆ USD      ┆ 2026-07-22T05:23:25.360975 ┆ 2026-08-10T13:08:28.161Z │
│ 31         ┆ 17          ┆ CHECKING     ┆ 482.74  ┆ USD      ┆ 2026-07-22T05:23:25.365169 ┆ 2026-08-10T13:08:28.161Z │
│ 32         ┆ 17          ┆ SAVINGS      ┆ 403.25  ┆ USD      ┆ 2026-07-22T05:23:25.369280 ┆ 2026-08-10T13:08:28.161Z │
│ 33         ┆ 18          ┆ SAVINGS      ┆ 306.54  ┆ USD      ┆ 2026-07-22T05:23:25.373158 ┆ 2026-08-10T13:08:28.161Z │
│ 34         ┆ 18          ┆ CHECKING     ┆ 488.48  ┆ USD      ┆ 2026-07-22T05:23:25.377057 ┆ 2026-08-10T13:08:28.161Z │
│ 35         ┆ 19          ┆ SAVINGS      ┆ 372.95  ┆ USD      ┆ 2026-07-22T05:23:25.380832 ┆ 2026-08-10T13:08:28.161Z │
│ 36         ┆ 19          ┆ CHECKING     ┆ 268.05  ┆ USD      ┆ 2026-07-22T05:23:25.385807 ┆ 2026-08-10T13:08:28.161Z │
│ 37         ┆ 20          ┆ SAVINGS      ┆ 31.4    ┆ USD      ┆ 2026-07-22T05:23:25.389566 ┆ 2026-08-10T13:08:28.161Z │
│ 38         ┆ 20          ┆ CHECKING     ┆ 773.93  ┆ USD      ┆ 2026-07-22T05:23:25.393783 ┆ 2026-08-10T13:08:28.161Z │
│ 39         ┆ 21          ┆ SAVINGS      ┆ 13.74   ┆ USD      ┆ 2026-07-22T05:23:25.397749 ┆ 2026-08-10T13:08:28.161Z │
│ 4          ┆ 3           ┆ SAVINGS      ┆ 331.24  ┆ USD      ┆ 2026-07-22T05:22:54.094028 ┆ 2026-08-10T13:08:28.161Z │
│ 40         ┆ 21          ┆ CHECKING     ┆ 62.08   ┆ USD      ┆ 2026-07-22T05:23:25.401526 ┆ 2026-08-10T13:08:28.161Z │
│ 41         ┆ 22          ┆ CHECKING     ┆ 597.59  ┆ USD      ┆ 2026-07-22T05:23:36.515028 ┆ 2026-08-10T13:08:28.161Z │
│ 42         ┆ 22          ┆ CHECKING     ┆ 41.51   ┆ USD      ┆ 2026-07-22T05:23:36.522270 ┆ 2026-08-10T13:08:28.161Z │
│ 43         ┆ 23          ┆ SAVINGS      ┆ 449.68  ┆ USD      ┆ 2026-07-22T05:23:36.526602 ┆ 2026-08-10T13:08:28.161Z │
│ 44         ┆ 23          ┆ SAVINGS      ┆ 986.45  ┆ USD      ┆ 2026-07-22T05:23:36.530980 ┆ 2026-08-10T13:08:28.161Z │
│ 45         ┆ 24          ┆ SAVINGS      ┆ 636.47  ┆ USD      ┆ 2026-07-22T05:23:36.535329 ┆ 2026-08-10T13:08:28.161Z │
│ 46         ┆ 24          ┆ CHECKING     ┆ 258.1   ┆ USD      ┆ 2026-07-22T05:23:36.539481 ┆ 2026-08-10T13:08:28.161Z │
│ 47         ┆ 25          ┆ SAVINGS      ┆ 186.5   ┆ USD      ┆ 2026-07-22T05:23:36.543971 ┆ 2026-08-10T13:08:28.161Z │
│ 48         ┆ 25          ┆ CHECKING     ┆ 566.27  ┆ USD      ┆ 2026-07-22T05:23:36.547924 ┆ 2026-08-10T13:08:28.161Z │
│ 49         ┆ 26          ┆ SAVINGS      ┆ 803.81  ┆ USD      ┆ 2026-07-22T05:23:36.551711 ┆ 2026-08-10T13:08:28.161Z │
│ 5          ┆ 4           ┆ SAVINGS      ┆ 404.7   ┆ USD      ┆ 2026-07-22T05:22:54.099136 ┆ 2026-08-10T13:08:28.161Z │
│ 50         ┆ 26          ┆ SAVINGS      ┆ 194.54  ┆ USD      ┆ 2026-07-22T05:23:36.555884 ┆ 2026-08-10T13:08:28.161Z │
│ 51         ┆ 27          ┆ CHECKING     ┆ 171.9   ┆ USD      ┆ 2026-07-22T05:23:36.563576 ┆ 2026-08-10T13:08:28.161Z │
│ 52         ┆ 27          ┆ CHECKING     ┆ 450.2   ┆ USD      ┆ 2026-07-22T05:23:36.567680 ┆ 2026-08-10T13:08:28.161Z │
│ 53         ┆ 28          ┆ CHECKING     ┆ 367.1   ┆ USD      ┆ 2026-07-22T05:23:36.571584 ┆ 2026-08-10T13:08:28.161Z │
│ 54         ┆ 28          ┆ SAVINGS      ┆ 548.71  ┆ USD      ┆ 2026-07-22T05:23:36.575812 ┆ 2026-08-10T13:08:28.161Z │
│ 55         ┆ 29          ┆ SAVINGS      ┆ 486.28  ┆ USD      ┆ 2026-07-22T05:23:36.626463 ┆ 2026-08-10T13:08:28.161Z │
│ 56         ┆ 29          ┆ CHECKING     ┆ 792.83  ┆ USD      ┆ 2026-07-22T05:23:36.671339 ┆ 2026-08-10T13:08:28.161Z │
│ 57         ┆ 30          ┆ SAVINGS      ┆ 533.08  ┆ USD      ┆ 2026-07-22T05:23:36.685641 ┆ 2026-08-10T13:08:28.161Z │
│ 58         ┆ 30          ┆ SAVINGS      ┆ 388.07  ┆ USD      ┆ 2026-07-22T05:23:36.690342 ┆ 2026-08-10T13:08:28.161Z │
│ 59         ┆ 31          ┆ SAVINGS      ┆ 995.68  ┆ USD      ┆ 2026-07-22T05:23:36.695091 ┆ 2026-08-10T13:08:28.161Z │
│ 6          ┆ 4           ┆ SAVINGS      ┆ 972.72  ┆ USD      ┆ 2026-07-22T05:22:54.106985 ┆ 2026-08-10T13:08:28.161Z │
│ 60         ┆ 31          ┆ SAVINGS      ┆ 224.58  ┆ USD      ┆ 2026-07-22T05:23:36.699732 ┆ 2026-08-10T13:08:28.161Z │
│ 61         ┆ 32          ┆ SAVINGS      ┆ 237.27  ┆ USD      ┆ 2026-07-22T05:23:40.851082 ┆ 2026-08-10T13:08:28.161Z │
│ 62         ┆ 32          ┆ CHECKING     ┆ 179.7   ┆ USD      ┆ 2026-07-22T05:23:40.858289 ┆ 2026-08-10T13:08:28.161Z │
│ 63         ┆ 33          ┆ SAVINGS      ┆ 681.29  ┆ USD      ┆ 2026-07-22T05:23:40.862683 ┆ 2026-08-10T13:08:28.161Z │
│ 64         ┆ 33          ┆ CHECKING     ┆ 512.25  ┆ USD      ┆ 2026-07-22T05:23:40.866998 ┆ 2026-08-10T13:08:28.161Z │
│ 65         ┆ 34          ┆ SAVINGS      ┆ 238.59  ┆ USD      ┆ 2026-07-22T05:23:40.871363 ┆ 2026-08-10T13:08:28.161Z │
│ 66         ┆ 34          ┆ SAVINGS      ┆ 542.87  ┆ USD      ┆ 2026-07-22T05:23:40.876838 ┆ 2026-08-10T13:08:28.161Z │
│ 67         ┆ 35          ┆ SAVINGS      ┆ 299.17  ┆ USD      ┆ 2026-07-22T05:23:40.881261 ┆ 2026-08-10T13:08:28.161Z │
│ 68         ┆ 35          ┆ CHECKING     ┆ 604.86  ┆ USD      ┆ 2026-07-22T05:23:40.885679 ┆ 2026-08-10T13:08:28.161Z │
│ 69         ┆ 36          ┆ SAVINGS      ┆ 34.88   ┆ USD      ┆ 2026-07-22T05:23:40.890125 ┆ 2026-08-10T13:08:28.161Z │
│ 7          ┆ 5           ┆ CHECKING     ┆ 529.49  ┆ USD      ┆ 2026-07-22T05:22:54.112136 ┆ 2026-08-10T13:08:28.161Z │
│ 70         ┆ 36          ┆ CHECKING     ┆ 669.07  ┆ USD      ┆ 2026-07-22T05:23:40.894698 ┆ 2026-08-10T13:08:28.161Z │
│ 71         ┆ 37          ┆ CHECKING     ┆ 817.11  ┆ USD      ┆ 2026-07-22T05:23:40.899365 ┆ 2026-08-10T13:08:28.161Z │
│ 72         ┆ 37          ┆ SAVINGS      ┆ 579.48  ┆ USD      ┆ 2026-07-22T05:23:40.903522 ┆ 2026-08-10T13:08:28.161Z │
│ 73         ┆ 38          ┆ SAVINGS      ┆ 814.94  ┆ USD      ┆ 2026-07-22T05:23:40.907535 ┆ 2026-08-10T13:08:28.161Z │
│ 74         ┆ 38          ┆ SAVINGS      ┆ 412.2   ┆ USD      ┆ 2026-07-22T05:23:40.911085 ┆ 2026-08-10T13:08:28.161Z │
│ 75         ┆ 39          ┆ SAVINGS      ┆ 804.87  ┆ USD      ┆ 2026-07-22T05:23:40.915005 ┆ 2026-08-10T13:08:28.161Z │
│ 76         ┆ 39          ┆ CHECKING     ┆ 146.24  ┆ USD      ┆ 2026-07-22T05:23:40.918854 ┆ 2026-08-10T13:08:28.161Z │
│ 77         ┆ 40          ┆ CHECKING     ┆ 340.42  ┆ USD      ┆ 2026-07-22T05:23:40.922834 ┆ 2026-08-10T13:08:28.161Z │
│ 78         ┆ 40          ┆ SAVINGS      ┆ 698.58  ┆ USD      ┆ 2026-07-22T05:23:40.926912 ┆ 2026-08-10T13:08:28.161Z │
│ 79         ┆ 41          ┆ SAVINGS      ┆ 693.11  ┆ USD      ┆ 2026-07-22T05:23:40.930853 ┆ 2026-08-10T13:08:28.161Z │
│ 8          ┆ 5           ┆ SAVINGS      ┆ 663.47  ┆ USD      ┆ 2026-07-22T05:22:54.116383 ┆ 2026-08-10T13:08:28.161Z │
│ 80         ┆ 41          ┆ SAVINGS      ┆ 215.79  ┆ USD      ┆ 2026-07-22T05:23:40.935474 ┆ 2026-08-10T13:08:28.161Z │
│ 81         ┆ 42          ┆ CHECKING     ┆ 645.52  ┆ USD      ┆ 2026-07-22T05:23:44.670967 ┆ 2026-08-10T13:08:28.161Z │
│ 82         ┆ 42          ┆ CHECKING     ┆ 529.35  ┆ USD      ┆ 2026-07-22T05:23:44.678098 ┆ 2026-08-10T13:08:28.161Z │
│ 83         ┆ 43          ┆ SAVINGS      ┆ 972.79  ┆ USD      ┆ 2026-07-22T05:23:44.682688 ┆ 2026-08-10T13:08:28.161Z │
│ 84         ┆ 43          ┆ CHECKING     ┆ 723.74  ┆ USD      ┆ 2026-07-22T05:23:44.687492 ┆ 2026-08-10T13:08:28.161Z │
│ 85         ┆ 44          ┆ SAVINGS      ┆ 926.6   ┆ USD      ┆ 2026-07-22T05:23:44.692109 ┆ 2026-08-10T13:08:28.161Z │
│ 86         ┆ 44          ┆ SAVINGS      ┆ 783.69  ┆ USD      ┆ 2026-07-22T05:23:44.696754 ┆ 2026-08-10T13:08:28.161Z │
│ 87         ┆ 45          ┆ SAVINGS      ┆ 401.74  ┆ USD      ┆ 2026-07-22T05:23:44.701175 ┆ 2026-08-10T13:08:28.161Z │
│ 88         ┆ 45          ┆ CHECKING     ┆ 305.34  ┆ USD      ┆ 2026-07-22T05:23:44.706246 ┆ 2026-08-10T13:08:28.161Z │
│ 89         ┆ 46          ┆ SAVINGS      ┆ 374.67  ┆ USD      ┆ 2026-07-22T05:23:44.713413 ┆ 2026-08-10T13:08:28.161Z │
│ 9          ┆ 6           ┆ SAVINGS      ┆ 196.13  ┆ USD      ┆ 2026-07-22T05:22:54.123520 ┆ 2026-08-10T13:08:28.161Z │
│ 90         ┆ 46          ┆ CHECKING     ┆ 997.28  ┆ USD      ┆ 2026-07-22T05:23:44.719356 ┆ 2026-08-10T13:08:28.161Z │
│ 91         ┆ 47          ┆ SAVINGS      ┆ 424.41  ┆ USD      ┆ 2026-07-22T05:23:44.723615 ┆ 2026-08-10T13:08:28.161Z │
│ 92         ┆ 47          ┆ CHECKING     ┆ 515.54  ┆ USD      ┆ 2026-07-22T05:23:44.728175 ┆ 2026-08-10T13:08:28.161Z │
│ 93         ┆ 48          ┆ SAVINGS      ┆ 115.62  ┆ USD      ┆ 2026-07-22T05:23:44.732606 ┆ 2026-08-10T13:08:28.161Z │
│ 94         ┆ 48          ┆ SAVINGS      ┆ 304.94  ┆ USD      ┆ 2026-07-22T05:23:44.737214 ┆ 2026-08-10T13:08:28.161Z │
│ 95         ┆ 49          ┆ SAVINGS      ┆ 236.4   ┆ USD      ┆ 2026-07-22T05:23:44.742451 ┆ 2026-08-10T13:08:28.161Z │
│ 96         ┆ 49          ┆ SAVINGS      ┆ 339.75  ┆ USD      ┆ 2026-07-22T05:23:44.747366 ┆ 2026-08-10T13:08:28.161Z │
│ 97         ┆ 50          ┆ SAVINGS      ┆ 497.5   ┆ USD      ┆ 2026-07-22T05:23:44.752201 ┆ 2026-08-10T13:08:28.161Z │
│ 98         ┆ 50          ┆ CHECKING     ┆ 839.09  ┆ USD      ┆ 2026-07-22T05:23:44.756939 ┆ 2026-08-10T13:08:28.161Z │
│ 99         ┆ 51          ┆ CHECKING     ┆ 942.57  ┆ USD      ┆ 2026-07-22T05:23:44.761709 ┆ 2026-08-10T13:08:28.161Z │
└────────────┴─────────────┴──────────────┴─────────┴──────────┴────────────────────────────┴──────────────────────────┘
160 rows.
13:08:28.665231 [info ]: Finished running [  1.31s] snapshot ANALYTICS.accounts_snapshot [success]
13:08:28.665254 [info ]: Finished running [  1.31s] (1 nodes, 0 skipped, 0 errors)
13:08:28.665267 [info ]:  Succeeded [  1.32s] snapshot ANALYTICS.accounts_snapshot (snapshot)
13:08:30.329007 [info ]: Started loading project
13:08:30.330039 [info ]: Loading profiles.yml
13:08:30.383606 [info ]: Cached model count updated: 3 models (estimate)
13:08:30.383639 [info ]: Cached model count updated: 3 models (accurate)
13:08:30.383674 [info ]: Started scheduling
13:08:30.383856 [info ]: Finished scheduling [  0.00s]
13:08:30.383885 [debug]: Compilation - 5 nodes selected: {"model.banking_dbt.stg_accounts", "model.banking_dbt.stg_customers", "model.banking_dbt.stg_transactions", "snapshot.banking_dbt.accounts_snapshot", "snapshot.banking_dbt.customers_snapshot"}
13:08:30.385241 [debug]: License check failed: Feature not licensed: 'lineage'
13:08:30.386470 [info ]: Started building task graph
13:08:30.386569 [info ]: Finished building task graph [  0.00s]
13:08:30.392723 [info ]: Started rendering (5 nodes)
13:08:30.392801 [info ]: Started snapshot ANALYTICS.customers_snapshot
13:08:30.392835 [debug]: Started rendering snapshot ANALYTICS.customers_snapshot
13:08:30.392942 [info ]: Finished loading project [  0.06s]
13:08:30.392915 [info ]: Started snapshot ANALYTICS.accounts_snapshot
13:08:30.392989 [debug]: Started rendering snapshot ANALYTICS.accounts_snapshot
13:08:30.393051 [info ]: Started model ANALYSTICS.stg_transactions
13:08:30.393077 [debug]: Started rendering model ANALYSTICS.stg_transactions
13:08:30.393113 [info ]: Started model ANALYSTICS.stg_customers
13:08:30.393142 [debug]: Started rendering model ANALYSTICS.stg_customers
13:08:30.393183 [info ]: Started model ANALYSTICS.stg_accounts
13:08:30.393215 [debug]: Started rendering model ANALYSTICS.stg_accounts
13:08:30.393800 [debug]: Compiled SQL for node snapshot.banking_dbt.accounts_snapshot at target\.lsp\compiled\banking_dbt\snapshots\accounts_snapshot.sql\accounts_snapshot.sql
13:08:30.393814 [debug]: Compiled SQL for node snapshot.banking_dbt.customers_snapshot at target\.lsp\compiled\banking_dbt\snapshots\customers.snapshot.sql\customers_snapshot.sql
13:08:30.393910 [debug]: Compiled SQL for node model.banking_dbt.stg_customers at target\.lsp\compiled\banking_dbt\models\staging\stg_customers.sql
13:08:30.393939 [debug]: Finished rendering [  0.00s] snapshot ANALYTICS.customers_snapshot [success]
13:08:30.393984 [debug]: Compiled SQL for node model.banking_dbt.stg_transactions at target\.lsp\compiled\banking_dbt\models\staging\stg_transactions.sql
13:08:30.394002 [info ]: Started analyzing (5 nodes)
13:08:30.394107 [debug]: Compiled SQL for node model.banking_dbt.stg_accounts at target\.lsp\compiled\banking_dbt\models\staging\stg_accounts.sql
13:08:30.394020 [debug]: Started analyzing snapshot ANALYTICS.customers_snapshot
13:08:30.394629 [debug]: Finished rendering [  0.00s] snapshot ANALYTICS.accounts_snapshot [success]
13:08:30.394668 [debug]: Started analyzing snapshot ANALYTICS.accounts_snapshot
13:08:30.394704 [debug]: Finished rendering [  0.00s] model ANALYSTICS.stg_customers [success]
13:08:30.394732 [debug]: Started analyzing model ANALYSTICS.stg_customers
13:08:30.394787 [debug]: Finished rendering [  0.00s] model ANALYSTICS.stg_transactions [success]
13:08:30.394828 [debug]: Started analyzing model ANALYSTICS.stg_transactions
13:08:30.394863 [debug]: Finished rendering [  0.00s] model ANALYSTICS.stg_accounts [success]
13:08:30.394897 [info ]: Finished rendering [  0.00s] (5 nodes, 0 skipped, 0 errors)
13:08:30.394924 [debug]: Started analyzing model ANALYSTICS.stg_accounts
13:08:30.395042 [debug]: Finished analyzing [  0.00s] snapshot ANALYTICS.customers_snapshot [success]
13:08:30.395094 [info ]:  Succeeded [  0.00s] snapshot ANALYTICS.customers_snapshot (snapshot)
13:08:30.395130 [debug]: Finished analyzing [  0.00s] snapshot ANALYTICS.accounts_snapshot [success]
13:08:30.395153 [info ]:  Succeeded [  0.00s] snapshot ANALYTICS.accounts_snapshot (snapshot)
13:08:30.397276 [debug]: Finished analyzing [  0.00s] model ANALYSTICS.stg_transactions [success]
13:08:30.397310 [info ]:  Succeeded [  0.00s] model ANALYSTICS.stg_transactions (view)
13:08:30.397362 [debug]: Finished analyzing [  0.00s] model ANALYSTICS.stg_customers [success]
13:08:30.397385 [info ]:  Succeeded [  0.00s] model ANALYSTICS.stg_customers (view)
13:08:30.397426 [debug]: Finished analyzing [  0.00s] model ANALYSTICS.stg_accounts [success]
13:08:30.397438 [info ]: Finished analyzing [  0.00s] (5 nodes, 0 skipped, 0 errors)
13:08:30.397448 [info ]:  Succeeded [  0.00s] model ANALYSTICS.stg_accounts (view)
13:08:30.402302 [info ]: Started scheduling
13:08:30.402362 [info ]: Finished scheduling [  0.00s]
13:08:30.402526 [info ]: Cached model count updated: 3 models (accurate)
13:08:30.669413 [debug]: License check failed: Feature not licensed: 'lineage'
13:08:32.904871 [debug]: License check failed: Feature not licensed: 'lineage'
