[2026-08-05T08:46:00.147+0000] {local_task_job_runner.py:120} INFO - ::group::Pre task execution logs
[2026-08-05T08:46:00.197+0000] {taskinstance.py:2076} INFO - Dependencies all met for dep_context=non-requeueable deps ti=<TaskInstance: minio_to_snowflake_banking.download_minio scheduled__2026-08-05T08:44:00+00:00 [queued]>
[2026-08-05T08:46:00.211+0000] {taskinstance.py:2076} INFO - Dependencies all met for dep_context=requeueable deps ti=<TaskInstance: minio_to_snowflake_banking.download_minio scheduled__2026-08-05T08:44:00+00:00 [queued]>
[2026-08-05T08:46:00.213+0000] {taskinstance.py:2306} INFO - Starting attempt 1 of 2
[2026-08-05T08:46:00.231+0000] {taskinstance.py:2330} INFO - Executing <Task(PythonOperator): download_minio> on 2026-08-05 08:44:00+00:00
[2026-08-05T08:46:00.253+0000] {standard_task_runner.py:90} INFO - Running: ['***', 'tasks', 'run', 'minio_to_snowflake_banking', 'download_minio', 'scheduled__2026-08-05T08:44:00+00:00', '--job-id', '25', '--raw', '--subdir', 'DAGS_FOLDER/minio_to_snowflake_dag.py', '--cfg-path', '/tmp/tmpm4z3efpw']
[2026-08-05T08:46:00.258+0000] {logging_mixin.py:188} WARNING - /home/***/.local/lib/python3.12/site-packages/***/task/task_runner/standard_task_runner.py:62 DeprecationWarning: This process (pid=22200) is multi-threaded, use of fork() may lead to deadlocks in the child.
[2026-08-05T08:46:00.259+0000] {standard_task_runner.py:91} INFO - Job 25: Subtask download_minio
[2026-08-05T08:46:00.260+0000] {standard_task_runner.py:64} INFO - Started process 22211 to run task
[2026-08-05T08:46:00.368+0000] {task_command.py:426} INFO - Running <TaskInstance: minio_to_snowflake_banking.download_minio scheduled__2026-08-05T08:44:00+00:00 [running]> on host dbaa032e7d7c
[2026-08-05T08:46:00.531+0000] {taskinstance.py:2648} INFO - Exporting env vars: AIRFLOW_CTX_DAG_OWNER='***' AIRFLOW_CTX_DAG_ID='minio_to_snowflake_banking' AIRFLOW_CTX_TASK_ID='download_minio' AIRFLOW_CTX_EXECUTION_DATE='2026-08-05T08:44:00+00:00' AIRFLOW_CTX_TRY_NUMBER='1' AIRFLOW_CTX_DAG_RUN_ID='scheduled__2026-08-05T08:44:00+00:00'
[2026-08-05T08:46:00.534+0000] {taskinstance.py:430} INFO - ::endgroup::
[2026-08-05T08:46:01.586+0000] {logging_mixin.py:188} INFO - Downloaded customers/date=2026-07-27/customers_090401672966.parquet -> /tmp/minio_downloads/customers_090401672966.parquet
[2026-08-05T08:46:01.615+0000] {logging_mixin.py:188} INFO - Downloaded customers/date=2026-07-27/customers_090401722071.parquet -> /tmp/minio_downloads/customers_090401722071.parquet
[2026-08-05T08:46:01.641+0000] {logging_mixin.py:188} INFO - Downloaded customers/date=2026-07-27/customers_090401771134.parquet -> /tmp/minio_downloads/customers_090401771134.parquet
[2026-08-05T08:46:01.667+0000] {logging_mixin.py:188} INFO - Downloaded customers/date=2026-07-27/customers_090401818881.parquet -> /tmp/minio_downloads/customers_090401818881.parquet
[2026-08-05T08:46:01.696+0000] {logging_mixin.py:188} INFO - Downloaded customers/date=2026-07-27/customers_090401869659.parquet -> /tmp/minio_downloads/customers_090401869659.parquet
[2026-08-05T08:46:01.725+0000] {logging_mixin.py:188} INFO - Downloaded customers/date=2026-07-27/customers_090401931845.parquet -> /tmp/minio_downloads/customers_090401931845.parquet
[2026-08-05T08:46:01.751+0000] {logging_mixin.py:188} INFO - Downloaded customers/date=2026-07-27/customers_090401994043.parquet -> /tmp/minio_downloads/customers_090401994043.parquet
[2026-08-05T08:46:01.781+0000] {logging_mixin.py:188} INFO - Downloaded customers/date=2026-07-27/customers_090402069924.parquet -> /tmp/minio_downloads/customers_090402069924.parquet
[2026-08-05T08:46:01.808+0000] {logging_mixin.py:188} INFO - Downloaded customers/date=2026-07-27/customers_090402133350.parquet -> /tmp/minio_downloads/customers_090402133350.parquet
[2026-08-05T08:46:01.837+0000] {logging_mixin.py:188} INFO - Downloaded customers/date=2026-07-27/customers_090402184633.parquet -> /tmp/minio_downloads/customers_090402184633.parquet
[2026-08-05T08:46:01.866+0000] {logging_mixin.py:188} INFO - Downloaded customers/date=2026-07-27/customers_090402234780.parquet -> /tmp/minio_downloads/customers_090402234780.parquet
[2026-08-05T08:46:01.890+0000] {logging_mixin.py:188} INFO - Downloaded customers/date=2026-07-27/customers_090402284973.parquet -> /tmp/minio_downloads/customers_090402284973.parquet
[2026-08-05T08:46:01.914+0000] {logging_mixin.py:188} INFO - Downloaded customers/date=2026-07-27/customers_090402342610.parquet -> /tmp/minio_downloads/customers_090402342610.parquet
[2026-08-05T08:46:01.939+0000] {logging_mixin.py:188} INFO - Downloaded customers/date=2026-07-27/customers_090402385711.parquet -> /tmp/minio_downloads/customers_090402385711.parquet
[2026-08-05T08:46:01.964+0000] {logging_mixin.py:188} INFO - Downloaded customers/date=2026-07-27/customers_090402449594.parquet -> /tmp/minio_downloads/customers_090402449594.parquet
[2026-08-05T08:46:01.991+0000] {logging_mixin.py:188} INFO - Downloaded customers/date=2026-07-27/customers_090402513017.parquet -> /tmp/minio_downloads/customers_090402513017.parquet
[2026-08-05T08:46:02.016+0000] {logging_mixin.py:188} INFO - Downloaded customers/date=2026-07-27/customers_090402644591.parquet -> /tmp/minio_downloads/customers_090402644591.parquet
[2026-08-05T08:46:02.044+0000] {logging_mixin.py:188} INFO - Downloaded customers/date=2026-07-27/customers_090402707127.parquet -> /tmp/minio_downloads/customers_090402707127.parquet
[2026-08-05T08:46:02.079+0000] {logging_mixin.py:188} INFO - Downloaded customers/date=2026-07-27/customers_090402799962.parquet -> /tmp/minio_downloads/customers_090402799962.parquet
[2026-08-05T08:46:02.105+0000] {logging_mixin.py:188} INFO - Downloaded customers/date=2026-07-27/customers_090402929400.parquet -> /tmp/minio_downloads/customers_090402929400.parquet
[2026-08-05T08:46:02.135+0000] {logging_mixin.py:188} INFO - Downloaded customers/date=2026-07-27/customers_090402974349.parquet -> /tmp/minio_downloads/customers_090402974349.parquet
[2026-08-05T08:46:02.166+0000] {logging_mixin.py:188} INFO - Downloaded customers/date=2026-07-27/customers_090403023880.parquet -> /tmp/minio_downloads/customers_090403023880.parquet
[2026-08-05T08:46:02.191+0000] {logging_mixin.py:188} INFO - Downloaded customers/date=2026-07-27/customers_090403076220.parquet -> /tmp/minio_downloads/customers_090403076220.parquet
[2026-08-05T08:46:02.219+0000] {logging_mixin.py:188} INFO - Downloaded customers/date=2026-07-27/customers_090403139454.parquet -> /tmp/minio_downloads/customers_090403139454.parquet
[2026-08-05T08:46:02.252+0000] {logging_mixin.py:188} INFO - Downloaded customers/date=2026-07-27/customers_090403183405.parquet -> /tmp/minio_downloads/customers_090403183405.parquet
[2026-08-05T08:46:02.284+0000] {logging_mixin.py:188} INFO - Downloaded customers/date=2026-07-27/customers_090403246298.parquet -> /tmp/minio_downloads/customers_090403246298.parquet
[2026-08-05T08:46:02.315+0000] {logging_mixin.py:188} INFO - Downloaded customers/date=2026-07-27/customers_090403286232.parquet -> /tmp/minio_downloads/customers_090403286232.parquet
[2026-08-05T08:46:02.344+0000] {logging_mixin.py:188} INFO - Downloaded customers/date=2026-07-27/customers_090403337856.parquet -> /tmp/minio_downloads/customers_090403337856.parquet
[2026-08-05T08:46:02.374+0000] {logging_mixin.py:188} INFO - Downloaded customers/date=2026-07-27/customers_090403384511.parquet -> /tmp/minio_downloads/customers_090403384511.parquet
[2026-08-05T08:46:02.398+0000] {logging_mixin.py:188} INFO - Downloaded customers/date=2026-07-27/customers_090403430840.parquet -> /tmp/minio_downloads/customers_090403430840.parquet
[2026-08-05T08:46:02.425+0000] {logging_mixin.py:188} INFO - Downloaded customers/date=2026-07-27/customers_090403472396.parquet -> /tmp/minio_downloads/customers_090403472396.parquet
[2026-08-05T08:46:02.450+0000] {logging_mixin.py:188} INFO - Downloaded customers/date=2026-07-27/customers_090403524071.parquet -> /tmp/minio_downloads/customers_090403524071.parquet
[2026-08-05T08:46:02.477+0000] {logging_mixin.py:188} INFO - Downloaded customers/date=2026-07-27/customers_090403571705.parquet -> /tmp/minio_downloads/customers_090403571705.parquet
[2026-08-05T08:46:02.500+0000] {logging_mixin.py:188} INFO - Downloaded customers/date=2026-07-27/customers_090403614708.parquet -> /tmp/minio_downloads/customers_090403614708.parquet
[2026-08-05T08:46:02.524+0000] {logging_mixin.py:188} INFO - Downloaded customers/date=2026-07-27/customers_090403654848.parquet -> /tmp/minio_downloads/customers_090403654848.parquet
[2026-08-05T08:46:02.551+0000] {logging_mixin.py:188} INFO - Downloaded customers/date=2026-07-27/customers_090403702724.parquet -> /tmp/minio_downloads/customers_090403702724.parquet
[2026-08-05T08:46:02.578+0000] {logging_mixin.py:188} INFO - Downloaded customers/date=2026-07-27/customers_090403763292.parquet -> /tmp/minio_downloads/customers_090403763292.parquet
[2026-08-05T08:46:02.605+0000] {logging_mixin.py:188} INFO - Downloaded customers/date=2026-07-27/customers_090403806078.parquet -> /tmp/minio_downloads/customers_090403806078.parquet
[2026-08-05T08:46:02.633+0000] {logging_mixin.py:188} INFO - Downloaded customers/date=2026-07-27/customers_090403851544.parquet -> /tmp/minio_downloads/customers_090403851544.parquet
[2026-08-05T08:46:02.661+0000] {logging_mixin.py:188} INFO - Downloaded customers/date=2026-07-27/customers_090403894193.parquet -> /tmp/minio_downloads/customers_090403894193.parquet
[2026-08-05T08:46:02.693+0000] {logging_mixin.py:188} INFO - Downloaded customers/date=2026-07-27/customers_090403939509.parquet -> /tmp/minio_downloads/customers_090403939509.parquet
[2026-08-05T08:46:02.729+0000] {logging_mixin.py:188} INFO - Downloaded customers/date=2026-07-27/customers_090403987646.parquet -> /tmp/minio_downloads/customers_090403987646.parquet
[2026-08-05T08:46:02.764+0000] {logging_mixin.py:188} INFO - Downloaded customers/date=2026-07-27/customers_090404049607.parquet -> /tmp/minio_downloads/customers_090404049607.parquet
[2026-08-05T08:46:02.803+0000] {logging_mixin.py:188} INFO - Downloaded customers/date=2026-07-27/customers_090404098181.parquet -> /tmp/minio_downloads/customers_090404098181.parquet
[2026-08-05T08:46:02.866+0000] {logging_mixin.py:188} INFO - Downloaded customers/date=2026-07-27/customers_090404171962.parquet -> /tmp/minio_downloads/customers_090404171962.parquet
[2026-08-05T08:46:02.915+0000] {logging_mixin.py:188} INFO - Downloaded customers/date=2026-07-27/customers_090404227529.parquet -> /tmp/minio_downloads/customers_090404227529.parquet
[2026-08-05T08:46:02.955+0000] {logging_mixin.py:188} INFO - Downloaded customers/date=2026-07-27/customers_090404283728.parquet -> /tmp/minio_downloads/customers_090404283728.parquet
[2026-08-05T08:46:03.002+0000] {logging_mixin.py:188} INFO - Downloaded customers/date=2026-07-27/customers_090404337621.parquet -> /tmp/minio_downloads/customers_090404337621.parquet
[2026-08-05T08:46:03.059+0000] {logging_mixin.py:188} INFO - Downloaded customers/date=2026-07-27/customers_090404397305.parquet -> /tmp/minio_downloads/customers_090404397305.parquet
[2026-08-05T08:46:03.102+0000] {logging_mixin.py:188} INFO - Downloaded customers/date=2026-07-27/customers_090404443612.parquet -> /tmp/minio_downloads/customers_090404443612.parquet
[2026-08-05T08:46:03.126+0000] {logging_mixin.py:188} INFO - Downloaded customers/date=2026-07-27/customers_090404503420.parquet -> /tmp/minio_downloads/customers_090404503420.parquet
[2026-08-05T08:46:03.150+0000] {logging_mixin.py:188} INFO - Downloaded customers/date=2026-07-27/customers_090404569754.parquet -> /tmp/minio_downloads/customers_090404569754.parquet
[2026-08-05T08:46:03.176+0000] {logging_mixin.py:188} INFO - Downloaded customers/date=2026-07-27/customers_090404616505.parquet -> /tmp/minio_downloads/customers_090404616505.parquet
[2026-08-05T08:46:03.202+0000] {logging_mixin.py:188} INFO - Downloaded customers/date=2026-07-27/customers_090404676784.parquet -> /tmp/minio_downloads/customers_090404676784.parquet
[2026-08-05T08:46:03.228+0000] {logging_mixin.py:188} INFO - Downloaded customers/date=2026-07-27/customers_090404719565.parquet -> /tmp/minio_downloads/customers_090404719565.parquet
[2026-08-05T08:46:03.258+0000] {logging_mixin.py:188} INFO - Downloaded customers/date=2026-07-27/customers_090404776580.parquet -> /tmp/minio_downloads/customers_090404776580.parquet
[2026-08-05T08:46:03.288+0000] {logging_mixin.py:188} INFO - Downloaded customers/date=2026-07-27/customers_090404821131.parquet -> /tmp/minio_downloads/customers_090404821131.parquet
[2026-08-05T08:46:03.316+0000] {logging_mixin.py:188} INFO - Downloaded customers/date=2026-07-27/customers_090404867684.parquet -> /tmp/minio_downloads/customers_090404867684.parquet
[2026-08-05T08:46:03.345+0000] {logging_mixin.py:188} INFO - Downloaded customers/date=2026-07-27/customers_090404914078.parquet -> /tmp/minio_downloads/customers_090404914078.parquet
[2026-08-05T08:46:03.392+0000] {logging_mixin.py:188} INFO - Downloaded customers/date=2026-07-27/customers_090404956516.parquet -> /tmp/minio_downloads/customers_090404956516.parquet
[2026-08-05T08:46:03.427+0000] {logging_mixin.py:188} INFO - Downloaded customers/date=2026-07-27/customers_090405003694.parquet -> /tmp/minio_downloads/customers_090405003694.parquet
[2026-08-05T08:46:03.457+0000] {logging_mixin.py:188} INFO - Downloaded customers/date=2026-07-27/customers_090405050878.parquet -> /tmp/minio_downloads/customers_090405050878.parquet
[2026-08-05T08:46:03.485+0000] {logging_mixin.py:188} INFO - Downloaded customers/date=2026-07-27/customers_090405103797.parquet -> /tmp/minio_downloads/customers_090405103797.parquet
[2026-08-05T08:46:03.520+0000] {logging_mixin.py:188} INFO - Downloaded customers/date=2026-07-27/customers_090405150219.parquet -> /tmp/minio_downloads/customers_090405150219.parquet
[2026-08-05T08:46:03.555+0000] {logging_mixin.py:188} INFO - Downloaded customers/date=2026-07-27/customers_090405196488.parquet -> /tmp/minio_downloads/customers_090405196488.parquet
[2026-08-05T08:46:03.590+0000] {logging_mixin.py:188} INFO - Downloaded customers/date=2026-07-27/customers_090405243111.parquet -> /tmp/minio_downloads/customers_090405243111.parquet
[2026-08-05T08:46:03.625+0000] {logging_mixin.py:188} INFO - Downloaded customers/date=2026-07-27/customers_090405289533.parquet -> /tmp/minio_downloads/customers_090405289533.parquet
[2026-08-05T08:46:03.655+0000] {logging_mixin.py:188} INFO - Downloaded customers/date=2026-07-27/customers_090405335259.parquet -> /tmp/minio_downloads/customers_090405335259.parquet
[2026-08-05T08:46:03.684+0000] {logging_mixin.py:188} INFO - Downloaded customers/date=2026-07-27/customers_090405383930.parquet -> /tmp/minio_downloads/customers_090405383930.parquet
[2026-08-05T08:46:03.713+0000] {logging_mixin.py:188} INFO - Downloaded customers/date=2026-07-27/customers_090405425934.parquet -> /tmp/minio_downloads/customers_090405425934.parquet
[2026-08-05T08:46:03.744+0000] {logging_mixin.py:188} INFO - Downloaded customers/date=2026-07-27/customers_090405469859.parquet -> /tmp/minio_downloads/customers_090405469859.parquet
[2026-08-05T08:46:03.772+0000] {logging_mixin.py:188} INFO - Downloaded customers/date=2026-07-27/customers_090405511786.parquet -> /tmp/minio_downloads/customers_090405511786.parquet
[2026-08-05T08:46:03.801+0000] {logging_mixin.py:188} INFO - Downloaded customers/date=2026-07-27/customers_090405562635.parquet -> /tmp/minio_downloads/customers_090405562635.parquet
[2026-08-05T08:46:03.827+0000] {logging_mixin.py:188} INFO - Downloaded customers/date=2026-07-27/customers_090405606410.parquet -> /tmp/minio_downloads/customers_090405606410.parquet
[2026-08-05T08:46:03.856+0000] {logging_mixin.py:188} INFO - Downloaded customers/date=2026-07-27/customers_090405651960.parquet -> /tmp/minio_downloads/customers_090405651960.parquet
[2026-08-05T08:46:03.882+0000] {logging_mixin.py:188} INFO - Downloaded customers/date=2026-07-27/customers_090405695356.parquet -> /tmp/minio_downloads/customers_090405695356.parquet
[2026-08-05T08:46:03.909+0000] {logging_mixin.py:188} INFO - Downloaded customers/date=2026-07-27/customers_090405739251.parquet -> /tmp/minio_downloads/customers_090405739251.parquet
[2026-08-05T08:46:03.935+0000] {logging_mixin.py:188} INFO - Downloaded customers/date=2026-07-27/customers_090405796269.parquet -> /tmp/minio_downloads/customers_090405796269.parquet
[2026-08-05T08:46:03.961+0000] {logging_mixin.py:188} INFO - Downloaded customers/date=2026-07-27/customers_090405841506.parquet -> /tmp/minio_downloads/customers_090405841506.parquet
[2026-08-05T08:46:03.989+0000] {logging_mixin.py:188} INFO - Downloaded customers/date=2026-07-27/customers_090405899071.parquet -> /tmp/minio_downloads/customers_090405899071.parquet
[2026-08-05T08:46:04.018+0000] {logging_mixin.py:188} INFO - Downloaded customers/date=2026-07-27/customers_090405946991.parquet -> /tmp/minio_downloads/customers_090405946991.parquet
[2026-08-05T08:46:05.044+0000] {logging_mixin.py:188} INFO - Downloaded accounts/date=2026-07-27/accounts_090335091997.parquet -> /tmp/minio_downloads/accounts_090335091997.parquet
[2026-08-05T08:46:05.110+0000] {logging_mixin.py:188} INFO - Downloaded accounts/date=2026-07-27/accounts_090335176229.parquet -> /tmp/minio_downloads/accounts_090335176229.parquet
[2026-08-05T08:46:05.141+0000] {logging_mixin.py:188} INFO - Downloaded accounts/date=2026-07-27/accounts_090335225617.parquet -> /tmp/minio_downloads/accounts_090335225617.parquet
[2026-08-05T08:46:05.167+0000] {logging_mixin.py:188} INFO - Downloaded accounts/date=2026-07-27/accounts_090335282589.parquet -> /tmp/minio_downloads/accounts_090335282589.parquet
[2026-08-05T08:46:05.198+0000] {logging_mixin.py:188} INFO - Downloaded accounts/date=2026-07-27/accounts_090335330376.parquet -> /tmp/minio_downloads/accounts_090335330376.parquet
[2026-08-05T08:46:05.323+0000] {logging_mixin.py:188} INFO - Downloaded accounts/date=2026-07-27/accounts_090335387463.parquet -> /tmp/minio_downloads/accounts_090335387463.parquet
[2026-08-05T08:46:05.381+0000] {logging_mixin.py:188} INFO - Downloaded accounts/date=2026-07-27/accounts_090335440093.parquet -> /tmp/minio_downloads/accounts_090335440093.parquet
[2026-08-05T08:46:05.417+0000] {logging_mixin.py:188} INFO - Downloaded accounts/date=2026-07-27/accounts_090335487667.parquet -> /tmp/minio_downloads/accounts_090335487667.parquet
[2026-08-05T08:46:05.445+0000] {logging_mixin.py:188} INFO - Downloaded accounts/date=2026-07-27/accounts_090335532736.parquet -> /tmp/minio_downloads/accounts_090335532736.parquet
[2026-08-05T08:46:05.473+0000] {logging_mixin.py:188} INFO - Downloaded accounts/date=2026-07-27/accounts_090335590697.parquet -> /tmp/minio_downloads/accounts_090335590697.parquet
[2026-08-05T08:46:05.498+0000] {logging_mixin.py:188} INFO - Downloaded accounts/date=2026-07-27/accounts_090335653590.parquet -> /tmp/minio_downloads/accounts_090335653590.parquet
[2026-08-05T08:46:05.524+0000] {logging_mixin.py:188} INFO - Downloaded accounts/date=2026-07-27/accounts_090335716922.parquet -> /tmp/minio_downloads/accounts_090335716922.parquet
[2026-08-05T08:46:05.549+0000] {logging_mixin.py:188} INFO - Downloaded accounts/date=2026-07-27/accounts_090335792915.parquet -> /tmp/minio_downloads/accounts_090335792915.parquet
[2026-08-05T08:46:05.575+0000] {logging_mixin.py:188} INFO - Downloaded accounts/date=2026-07-27/accounts_090335849416.parquet -> /tmp/minio_downloads/accounts_090335849416.parquet
[2026-08-05T08:46:05.601+0000] {logging_mixin.py:188} INFO - Downloaded accounts/date=2026-07-27/accounts_090335918492.parquet -> /tmp/minio_downloads/accounts_090335918492.parquet
[2026-08-05T08:46:05.628+0000] {logging_mixin.py:188} INFO - Downloaded accounts/date=2026-07-27/accounts_090336083229.parquet -> /tmp/minio_downloads/accounts_090336083229.parquet
[2026-08-05T08:46:05.664+0000] {logging_mixin.py:188} INFO - Downloaded accounts/date=2026-07-27/accounts_090336168129.parquet -> /tmp/minio_downloads/accounts_090336168129.parquet
[2026-08-05T08:46:05.702+0000] {logging_mixin.py:188} INFO - Downloaded accounts/date=2026-07-27/accounts_090336236734.parquet -> /tmp/minio_downloads/accounts_090336236734.parquet
[2026-08-05T08:46:05.737+0000] {logging_mixin.py:188} INFO - Downloaded accounts/date=2026-07-27/accounts_090336310038.parquet -> /tmp/minio_downloads/accounts_090336310038.parquet
[2026-08-05T08:46:05.766+0000] {logging_mixin.py:188} INFO - Downloaded accounts/date=2026-07-27/accounts_090336375803.parquet -> /tmp/minio_downloads/accounts_090336375803.parquet
[2026-08-05T08:46:05.797+0000] {logging_mixin.py:188} INFO - Downloaded accounts/date=2026-07-27/accounts_090336437610.parquet -> /tmp/minio_downloads/accounts_090336437610.parquet
[2026-08-05T08:46:05.826+0000] {logging_mixin.py:188} INFO - Downloaded accounts/date=2026-07-27/accounts_090336509130.parquet -> /tmp/minio_downloads/accounts_090336509130.parquet
[2026-08-05T08:46:05.854+0000] {logging_mixin.py:188} INFO - Downloaded accounts/date=2026-07-27/accounts_090336561573.parquet -> /tmp/minio_downloads/accounts_090336561573.parquet
[2026-08-05T08:46:05.879+0000] {logging_mixin.py:188} INFO - Downloaded accounts/date=2026-07-27/accounts_090336619969.parquet -> /tmp/minio_downloads/accounts_090336619969.parquet
[2026-08-05T08:46:05.904+0000] {logging_mixin.py:188} INFO - Downloaded accounts/date=2026-07-27/accounts_090336705658.parquet -> /tmp/minio_downloads/accounts_090336705658.parquet
[2026-08-05T08:46:05.931+0000] {logging_mixin.py:188} INFO - Downloaded accounts/date=2026-07-27/accounts_090336825221.parquet -> /tmp/minio_downloads/accounts_090336825221.parquet
[2026-08-05T08:46:05.958+0000] {logging_mixin.py:188} INFO - Downloaded accounts/date=2026-07-27/accounts_090336934222.parquet -> /tmp/minio_downloads/accounts_090336934222.parquet
[2026-08-05T08:46:05.985+0000] {logging_mixin.py:188} INFO - Downloaded accounts/date=2026-07-27/accounts_090336997264.parquet -> /tmp/minio_downloads/accounts_090336997264.parquet
[2026-08-05T08:46:06.012+0000] {logging_mixin.py:188} INFO - Downloaded accounts/date=2026-07-27/accounts_090337048145.parquet -> /tmp/minio_downloads/accounts_090337048145.parquet
[2026-08-05T08:46:06.042+0000] {logging_mixin.py:188} INFO - Downloaded accounts/date=2026-07-27/accounts_090337100657.parquet -> /tmp/minio_downloads/accounts_090337100657.parquet
[2026-08-05T08:46:06.068+0000] {logging_mixin.py:188} INFO - Downloaded accounts/date=2026-07-27/accounts_090337167701.parquet -> /tmp/minio_downloads/accounts_090337167701.parquet
[2026-08-05T08:46:06.095+0000] {logging_mixin.py:188} INFO - Downloaded accounts/date=2026-07-27/accounts_090337230404.parquet -> /tmp/minio_downloads/accounts_090337230404.parquet
[2026-08-05T08:46:06.123+0000] {logging_mixin.py:188} INFO - Downloaded accounts/date=2026-07-27/accounts_090337287200.parquet -> /tmp/minio_downloads/accounts_090337287200.parquet
[2026-08-05T08:46:06.151+0000] {logging_mixin.py:188} INFO - Downloaded accounts/date=2026-07-27/accounts_090337352500.parquet -> /tmp/minio_downloads/accounts_090337352500.parquet
[2026-08-05T08:46:06.182+0000] {logging_mixin.py:188} INFO - Downloaded accounts/date=2026-07-27/accounts_090337409970.parquet -> /tmp/minio_downloads/accounts_090337409970.parquet
[2026-08-05T08:46:06.210+0000] {logging_mixin.py:188} INFO - Downloaded accounts/date=2026-07-27/accounts_090337468206.parquet -> /tmp/minio_downloads/accounts_090337468206.parquet
[2026-08-05T08:46:06.236+0000] {logging_mixin.py:188} INFO - Downloaded accounts/date=2026-07-27/accounts_090337522740.parquet -> /tmp/minio_downloads/accounts_090337522740.parquet
[2026-08-05T08:46:06.263+0000] {logging_mixin.py:188} INFO - Downloaded accounts/date=2026-07-27/accounts_090337569811.parquet -> /tmp/minio_downloads/accounts_090337569811.parquet
[2026-08-05T08:46:06.291+0000] {logging_mixin.py:188} INFO - Downloaded accounts/date=2026-07-27/accounts_090337620416.parquet -> /tmp/minio_downloads/accounts_090337620416.parquet
[2026-08-05T08:46:06.323+0000] {logging_mixin.py:188} INFO - Downloaded accounts/date=2026-07-27/accounts_090337676744.parquet -> /tmp/minio_downloads/accounts_090337676744.parquet
[2026-08-05T08:46:06.354+0000] {logging_mixin.py:188} INFO - Downloaded accounts/date=2026-07-27/accounts_090337733973.parquet -> /tmp/minio_downloads/accounts_090337733973.parquet
[2026-08-05T08:46:06.381+0000] {logging_mixin.py:188} INFO - Downloaded accounts/date=2026-07-27/accounts_090337779357.parquet -> /tmp/minio_downloads/accounts_090337779357.parquet
[2026-08-05T08:46:06.407+0000] {logging_mixin.py:188} INFO - Downloaded accounts/date=2026-07-27/accounts_090337830813.parquet -> /tmp/minio_downloads/accounts_090337830813.parquet
[2026-08-05T08:46:06.434+0000] {logging_mixin.py:188} INFO - Downloaded accounts/date=2026-07-27/accounts_090337876213.parquet -> /tmp/minio_downloads/accounts_090337876213.parquet
[2026-08-05T08:46:06.463+0000] {logging_mixin.py:188} INFO - Downloaded accounts/date=2026-07-27/accounts_090337924905.parquet -> /tmp/minio_downloads/accounts_090337924905.parquet
[2026-08-05T08:46:06.490+0000] {logging_mixin.py:188} INFO - Downloaded accounts/date=2026-07-27/accounts_090337972586.parquet -> /tmp/minio_downloads/accounts_090337972586.parquet
[2026-08-05T08:46:06.515+0000] {logging_mixin.py:188} INFO - Downloaded accounts/date=2026-07-27/accounts_090338036313.parquet -> /tmp/minio_downloads/accounts_090338036313.parquet
[2026-08-05T08:46:06.542+0000] {logging_mixin.py:188} INFO - Downloaded accounts/date=2026-07-27/accounts_090338087498.parquet -> /tmp/minio_downloads/accounts_090338087498.parquet
[2026-08-05T08:46:06.567+0000] {logging_mixin.py:188} INFO - Downloaded accounts/date=2026-07-27/accounts_090338169836.parquet -> /tmp/minio_downloads/accounts_090338169836.parquet
[2026-08-05T08:46:06.592+0000] {logging_mixin.py:188} INFO - Downloaded accounts/date=2026-07-27/accounts_090338285836.parquet -> /tmp/minio_downloads/accounts_090338285836.parquet
[2026-08-05T08:46:06.619+0000] {logging_mixin.py:188} INFO - Downloaded accounts/date=2026-07-27/accounts_090338348416.parquet -> /tmp/minio_downloads/accounts_090338348416.parquet
[2026-08-05T08:46:06.644+0000] {logging_mixin.py:188} INFO - Downloaded accounts/date=2026-07-27/accounts_090338411783.parquet -> /tmp/minio_downloads/accounts_090338411783.parquet
[2026-08-05T08:46:06.668+0000] {logging_mixin.py:188} INFO - Downloaded accounts/date=2026-07-27/accounts_090338473298.parquet -> /tmp/minio_downloads/accounts_090338473298.parquet
[2026-08-05T08:46:06.692+0000] {logging_mixin.py:188} INFO - Downloaded accounts/date=2026-07-27/accounts_090338539756.parquet -> /tmp/minio_downloads/accounts_090338539756.parquet
[2026-08-05T08:46:06.717+0000] {logging_mixin.py:188} INFO - Downloaded accounts/date=2026-07-27/accounts_090338595444.parquet -> /tmp/minio_downloads/accounts_090338595444.parquet
[2026-08-05T08:46:06.741+0000] {logging_mixin.py:188} INFO - Downloaded accounts/date=2026-07-27/accounts_090338653969.parquet -> /tmp/minio_downloads/accounts_090338653969.parquet
[2026-08-05T08:46:06.768+0000] {logging_mixin.py:188} INFO - Downloaded accounts/date=2026-07-27/accounts_090338722877.parquet -> /tmp/minio_downloads/accounts_090338722877.parquet
[2026-08-05T08:46:06.794+0000] {logging_mixin.py:188} INFO - Downloaded accounts/date=2026-07-27/accounts_090338784168.parquet -> /tmp/minio_downloads/accounts_090338784168.parquet
[2026-08-05T08:46:06.821+0000] {logging_mixin.py:188} INFO - Downloaded accounts/date=2026-07-27/accounts_090338833026.parquet -> /tmp/minio_downloads/accounts_090338833026.parquet
[2026-08-05T08:46:06.846+0000] {logging_mixin.py:188} INFO - Downloaded accounts/date=2026-07-27/accounts_090338879214.parquet -> /tmp/minio_downloads/accounts_090338879214.parquet
[2026-08-05T08:46:06.871+0000] {logging_mixin.py:188} INFO - Downloaded accounts/date=2026-07-27/accounts_090338926904.parquet -> /tmp/minio_downloads/accounts_090338926904.parquet
[2026-08-05T08:46:06.895+0000] {logging_mixin.py:188} INFO - Downloaded accounts/date=2026-07-27/accounts_090338983217.parquet -> /tmp/minio_downloads/accounts_090338983217.parquet
[2026-08-05T08:46:06.921+0000] {logging_mixin.py:188} INFO - Downloaded accounts/date=2026-07-27/accounts_090339036915.parquet -> /tmp/minio_downloads/accounts_090339036915.parquet
[2026-08-05T08:46:06.946+0000] {logging_mixin.py:188} INFO - Downloaded accounts/date=2026-07-27/accounts_090339085807.parquet -> /tmp/minio_downloads/accounts_090339085807.parquet
[2026-08-05T08:46:06.971+0000] {logging_mixin.py:188} INFO - Downloaded accounts/date=2026-07-27/accounts_090339132135.parquet -> /tmp/minio_downloads/accounts_090339132135.parquet
[2026-08-05T08:46:06.996+0000] {logging_mixin.py:188} INFO - Downloaded accounts/date=2026-07-27/accounts_090339207270.parquet -> /tmp/minio_downloads/accounts_090339207270.parquet
[2026-08-05T08:46:07.022+0000] {logging_mixin.py:188} INFO - Downloaded accounts/date=2026-07-27/accounts_090339254198.parquet -> /tmp/minio_downloads/accounts_090339254198.parquet
[2026-08-05T08:46:07.049+0000] {logging_mixin.py:188} INFO - Downloaded accounts/date=2026-07-27/accounts_090339304672.parquet -> /tmp/minio_downloads/accounts_090339304672.parquet
[2026-08-05T08:46:07.074+0000] {logging_mixin.py:188} INFO - Downloaded accounts/date=2026-07-27/accounts_090339356197.parquet -> /tmp/minio_downloads/accounts_090339356197.parquet
[2026-08-05T08:46:07.099+0000] {logging_mixin.py:188} INFO - Downloaded accounts/date=2026-07-27/accounts_090339400231.parquet -> /tmp/minio_downloads/accounts_090339400231.parquet
[2026-08-05T08:46:07.124+0000] {logging_mixin.py:188} INFO - Downloaded accounts/date=2026-07-27/accounts_090339447900.parquet -> /tmp/minio_downloads/accounts_090339447900.parquet
[2026-08-05T08:46:07.150+0000] {logging_mixin.py:188} INFO - Downloaded accounts/date=2026-07-27/accounts_090339510332.parquet -> /tmp/minio_downloads/accounts_090339510332.parquet
[2026-08-05T08:46:07.175+0000] {logging_mixin.py:188} INFO - Downloaded accounts/date=2026-07-27/accounts_090339622965.parquet -> /tmp/minio_downloads/accounts_090339622965.parquet
[2026-08-05T08:46:07.200+0000] {logging_mixin.py:188} INFO - Downloaded accounts/date=2026-07-27/accounts_090339735170.parquet -> /tmp/minio_downloads/accounts_090339735170.parquet
[2026-08-05T08:46:07.226+0000] {logging_mixin.py:188} INFO - Downloaded accounts/date=2026-07-27/accounts_090339802636.parquet -> /tmp/minio_downloads/accounts_090339802636.parquet
[2026-08-05T08:46:07.251+0000] {logging_mixin.py:188} INFO - Downloaded accounts/date=2026-07-27/accounts_090339854967.parquet -> /tmp/minio_downloads/accounts_090339854967.parquet
[2026-08-05T08:46:07.275+0000] {logging_mixin.py:188} INFO - Downloaded accounts/date=2026-07-27/accounts_090339969786.parquet -> /tmp/minio_downloads/accounts_090339969786.parquet
[2026-08-05T08:46:07.301+0000] {logging_mixin.py:188} INFO - Downloaded accounts/date=2026-07-27/accounts_090340009828.parquet -> /tmp/minio_downloads/accounts_090340009828.parquet
[2026-08-05T08:46:07.331+0000] {logging_mixin.py:188} INFO - Downloaded accounts/date=2026-07-27/accounts_090340068304.parquet -> /tmp/minio_downloads/accounts_090340068304.parquet
[2026-08-05T08:46:07.358+0000] {logging_mixin.py:188} INFO - Downloaded accounts/date=2026-07-27/accounts_090340120996.parquet -> /tmp/minio_downloads/accounts_090340120996.parquet
[2026-08-05T08:46:07.385+0000] {logging_mixin.py:188} INFO - Downloaded accounts/date=2026-07-27/accounts_090340165119.parquet -> /tmp/minio_downloads/accounts_090340165119.parquet
[2026-08-05T08:46:07.412+0000] {logging_mixin.py:188} INFO - Downloaded accounts/date=2026-07-27/accounts_090340212592.parquet -> /tmp/minio_downloads/accounts_090340212592.parquet
[2026-08-05T08:46:07.436+0000] {logging_mixin.py:188} INFO - Downloaded accounts/date=2026-07-27/accounts_090340260214.parquet -> /tmp/minio_downloads/accounts_090340260214.parquet
[2026-08-05T08:46:07.460+0000] {logging_mixin.py:188} INFO - Downloaded accounts/date=2026-07-27/accounts_090340312209.parquet -> /tmp/minio_downloads/accounts_090340312209.parquet
[2026-08-05T08:46:07.485+0000] {logging_mixin.py:188} INFO - Downloaded accounts/date=2026-07-27/accounts_090340374831.parquet -> /tmp/minio_downloads/accounts_090340374831.parquet
[2026-08-05T08:46:07.510+0000] {logging_mixin.py:188} INFO - Downloaded accounts/date=2026-07-27/accounts_090340432009.parquet -> /tmp/minio_downloads/accounts_090340432009.parquet
[2026-08-05T08:46:07.534+0000] {logging_mixin.py:188} INFO - Downloaded accounts/date=2026-07-27/accounts_090340485198.parquet -> /tmp/minio_downloads/accounts_090340485198.parquet
[2026-08-05T08:46:07.560+0000] {logging_mixin.py:188} INFO - Downloaded accounts/date=2026-07-27/accounts_090340538086.parquet -> /tmp/minio_downloads/accounts_090340538086.parquet
[2026-08-05T08:46:07.586+0000] {logging_mixin.py:188} INFO - Downloaded accounts/date=2026-07-27/accounts_090340597267.parquet -> /tmp/minio_downloads/accounts_090340597267.parquet
[2026-08-05T08:46:07.611+0000] {logging_mixin.py:188} INFO - Downloaded accounts/date=2026-07-27/accounts_090340643366.parquet -> /tmp/minio_downloads/accounts_090340643366.parquet
[2026-08-05T08:46:07.637+0000] {logging_mixin.py:188} INFO - Downloaded accounts/date=2026-07-27/accounts_090340692918.parquet -> /tmp/minio_downloads/accounts_090340692918.parquet
[2026-08-05T08:46:07.663+0000] {logging_mixin.py:188} INFO - Downloaded accounts/date=2026-07-27/accounts_090340744816.parquet -> /tmp/minio_downloads/accounts_090340744816.parquet
[2026-08-05T08:46:07.687+0000] {logging_mixin.py:188} INFO - Downloaded accounts/date=2026-07-27/accounts_090340797221.parquet -> /tmp/minio_downloads/accounts_090340797221.parquet
[2026-08-05T08:46:07.713+0000] {logging_mixin.py:188} INFO - Downloaded accounts/date=2026-07-27/accounts_090340847915.parquet -> /tmp/minio_downloads/accounts_090340847915.parquet
[2026-08-05T08:46:07.738+0000] {logging_mixin.py:188} INFO - Downloaded accounts/date=2026-07-27/accounts_090340899651.parquet -> /tmp/minio_downloads/accounts_090340899651.parquet
[2026-08-05T08:46:07.764+0000] {logging_mixin.py:188} INFO - Downloaded accounts/date=2026-07-27/accounts_090340945226.parquet -> /tmp/minio_downloads/accounts_090340945226.parquet
[2026-08-05T08:46:07.789+0000] {logging_mixin.py:188} INFO - Downloaded accounts/date=2026-07-27/accounts_090341002128.parquet -> /tmp/minio_downloads/accounts_090341002128.parquet
[2026-08-05T08:46:07.814+0000] {logging_mixin.py:188} INFO - Downloaded accounts/date=2026-07-27/accounts_090341048588.parquet -> /tmp/minio_downloads/accounts_090341048588.parquet
[2026-08-05T08:46:07.838+0000] {logging_mixin.py:188} INFO - Downloaded accounts/date=2026-07-27/accounts_090341112017.parquet -> /tmp/minio_downloads/accounts_090341112017.parquet
[2026-08-05T08:46:07.879+0000] {logging_mixin.py:188} INFO - Downloaded accounts/date=2026-07-27/accounts_090341158981.parquet -> /tmp/minio_downloads/accounts_090341158981.parquet
[2026-08-05T08:46:07.969+0000] {logging_mixin.py:188} INFO - Downloaded accounts/date=2026-07-27/accounts_090341202568.parquet -> /tmp/minio_downloads/accounts_090341202568.parquet
[2026-08-05T08:46:07.995+0000] {logging_mixin.py:188} INFO - Downloaded accounts/date=2026-07-27/accounts_090341253926.parquet -> /tmp/minio_downloads/accounts_090341253926.parquet
[2026-08-05T08:46:08.022+0000] {logging_mixin.py:188} INFO - Downloaded accounts/date=2026-07-27/accounts_090341309247.parquet -> /tmp/minio_downloads/accounts_090341309247.parquet
[2026-08-05T08:46:08.053+0000] {logging_mixin.py:188} INFO - Downloaded accounts/date=2026-07-27/accounts_090341358146.parquet -> /tmp/minio_downloads/accounts_090341358146.parquet
[2026-08-05T08:46:08.079+0000] {logging_mixin.py:188} INFO - Downloaded accounts/date=2026-07-27/accounts_090341414601.parquet -> /tmp/minio_downloads/accounts_090341414601.parquet
[2026-08-05T08:46:08.104+0000] {logging_mixin.py:188} INFO - Downloaded accounts/date=2026-07-27/accounts_090341460477.parquet -> /tmp/minio_downloads/accounts_090341460477.parquet
[2026-08-05T08:46:08.129+0000] {logging_mixin.py:188} INFO - Downloaded accounts/date=2026-07-27/accounts_090341508932.parquet -> /tmp/minio_downloads/accounts_090341508932.parquet
[2026-08-05T08:46:08.153+0000] {logging_mixin.py:188} INFO - Downloaded accounts/date=2026-07-27/accounts_090341566052.parquet -> /tmp/minio_downloads/accounts_090341566052.parquet
[2026-08-05T08:46:08.177+0000] {logging_mixin.py:188} INFO - Downloaded accounts/date=2026-07-27/accounts_090341619353.parquet -> /tmp/minio_downloads/accounts_090341619353.parquet
[2026-08-05T08:46:08.201+0000] {logging_mixin.py:188} INFO - Downloaded accounts/date=2026-07-27/accounts_090341668762.parquet -> /tmp/minio_downloads/accounts_090341668762.parquet
[2026-08-05T08:46:08.224+0000] {logging_mixin.py:188} INFO - Downloaded accounts/date=2026-07-27/accounts_090341718138.parquet -> /tmp/minio_downloads/accounts_090341718138.parquet
[2026-08-05T08:46:08.250+0000] {logging_mixin.py:188} INFO - Downloaded accounts/date=2026-07-27/accounts_090341776387.parquet -> /tmp/minio_downloads/accounts_090341776387.parquet
[2026-08-05T08:46:08.275+0000] {logging_mixin.py:188} INFO - Downloaded accounts/date=2026-07-27/accounts_090341838405.parquet -> /tmp/minio_downloads/accounts_090341838405.parquet
[2026-08-05T08:46:08.300+0000] {logging_mixin.py:188} INFO - Downloaded accounts/date=2026-07-27/accounts_090341981608.parquet -> /tmp/minio_downloads/accounts_090341981608.parquet
[2026-08-05T08:46:08.329+0000] {logging_mixin.py:188} INFO - Downloaded accounts/date=2026-07-27/accounts_090342055992.parquet -> /tmp/minio_downloads/accounts_090342055992.parquet
[2026-08-05T08:46:08.356+0000] {logging_mixin.py:188} INFO - Downloaded accounts/date=2026-07-27/accounts_090342130644.parquet -> /tmp/minio_downloads/accounts_090342130644.parquet
[2026-08-05T08:46:08.384+0000] {logging_mixin.py:188} INFO - Downloaded accounts/date=2026-07-27/accounts_090342179195.parquet -> /tmp/minio_downloads/accounts_090342179195.parquet
[2026-08-05T08:46:08.410+0000] {logging_mixin.py:188} INFO - Downloaded accounts/date=2026-07-27/accounts_090342243528.parquet -> /tmp/minio_downloads/accounts_090342243528.parquet
[2026-08-05T08:46:08.438+0000] {logging_mixin.py:188} INFO - Downloaded accounts/date=2026-07-27/accounts_090342306582.parquet -> /tmp/minio_downloads/accounts_090342306582.parquet
[2026-08-05T08:46:08.460+0000] {logging_mixin.py:188} INFO - Downloaded accounts/date=2026-07-27/accounts_090342357790.parquet -> /tmp/minio_downloads/accounts_090342357790.parquet
[2026-08-05T08:46:08.485+0000] {logging_mixin.py:188} INFO - Downloaded accounts/date=2026-07-27/accounts_090342419173.parquet -> /tmp/minio_downloads/accounts_090342419173.parquet
[2026-08-05T08:46:08.510+0000] {logging_mixin.py:188} INFO - Downloaded accounts/date=2026-07-27/accounts_090342483724.parquet -> /tmp/minio_downloads/accounts_090342483724.parquet
[2026-08-05T08:46:08.536+0000] {logging_mixin.py:188} INFO - Downloaded accounts/date=2026-07-27/accounts_090342544707.parquet -> /tmp/minio_downloads/accounts_090342544707.parquet
[2026-08-05T08:46:08.560+0000] {logging_mixin.py:188} INFO - Downloaded accounts/date=2026-07-27/accounts_090342599697.parquet -> /tmp/minio_downloads/accounts_090342599697.parquet
[2026-08-05T08:46:08.587+0000] {logging_mixin.py:188} INFO - Downloaded accounts/date=2026-07-27/accounts_090342676207.parquet -> /tmp/minio_downloads/accounts_090342676207.parquet
[2026-08-05T08:46:08.613+0000] {logging_mixin.py:188} INFO - Downloaded accounts/date=2026-07-27/accounts_090342736945.parquet -> /tmp/minio_downloads/accounts_090342736945.parquet
[2026-08-05T08:46:08.637+0000] {logging_mixin.py:188} INFO - Downloaded accounts/date=2026-07-27/accounts_090342792308.parquet -> /tmp/minio_downloads/accounts_090342792308.parquet
[2026-08-05T08:46:08.662+0000] {logging_mixin.py:188} INFO - Downloaded accounts/date=2026-07-27/accounts_090342856333.parquet -> /tmp/minio_downloads/accounts_090342856333.parquet
[2026-08-05T08:46:08.688+0000] {logging_mixin.py:188} INFO - Downloaded accounts/date=2026-07-27/accounts_090342912162.parquet -> /tmp/minio_downloads/accounts_090342912162.parquet
[2026-08-05T08:46:08.714+0000] {logging_mixin.py:188} INFO - Downloaded accounts/date=2026-07-27/accounts_090342961837.parquet -> /tmp/minio_downloads/accounts_090342961837.parquet
[2026-08-05T08:46:08.740+0000] {logging_mixin.py:188} INFO - Downloaded accounts/date=2026-07-27/accounts_090343020787.parquet -> /tmp/minio_downloads/accounts_090343020787.parquet
[2026-08-05T08:46:08.765+0000] {logging_mixin.py:188} INFO - Downloaded accounts/date=2026-07-27/accounts_090343073815.parquet -> /tmp/minio_downloads/accounts_090343073815.parquet
[2026-08-05T08:46:08.790+0000] {logging_mixin.py:188} INFO - Downloaded accounts/date=2026-07-27/accounts_090343145518.parquet -> /tmp/minio_downloads/accounts_090343145518.parquet
[2026-08-05T08:46:08.815+0000] {logging_mixin.py:188} INFO - Downloaded accounts/date=2026-07-27/accounts_090343197072.parquet -> /tmp/minio_downloads/accounts_090343197072.parquet
[2026-08-05T08:46:08.844+0000] {logging_mixin.py:188} INFO - Downloaded accounts/date=2026-07-27/accounts_090343253148.parquet -> /tmp/minio_downloads/accounts_090343253148.parquet
[2026-08-05T08:46:08.873+0000] {logging_mixin.py:188} INFO - Downloaded accounts/date=2026-07-27/accounts_090343304398.parquet -> /tmp/minio_downloads/accounts_090343304398.parquet
[2026-08-05T08:46:08.905+0000] {logging_mixin.py:188} INFO - Downloaded accounts/date=2026-07-27/accounts_090343363086.parquet -> /tmp/minio_downloads/accounts_090343363086.parquet
[2026-08-05T08:46:08.931+0000] {logging_mixin.py:188} INFO - Downloaded accounts/date=2026-07-27/accounts_090343413316.parquet -> /tmp/minio_downloads/accounts_090343413316.parquet
[2026-08-05T08:46:08.958+0000] {logging_mixin.py:188} INFO - Downloaded accounts/date=2026-07-27/accounts_090343474555.parquet -> /tmp/minio_downloads/accounts_090343474555.parquet
[2026-08-05T08:46:08.984+0000] {logging_mixin.py:188} INFO - Downloaded accounts/date=2026-07-27/accounts_090343527458.parquet -> /tmp/minio_downloads/accounts_090343527458.parquet
[2026-08-05T08:46:09.010+0000] {logging_mixin.py:188} INFO - Downloaded accounts/date=2026-07-27/accounts_090343585034.parquet -> /tmp/minio_downloads/accounts_090343585034.parquet
[2026-08-05T08:46:09.037+0000] {logging_mixin.py:188} INFO - Downloaded accounts/date=2026-07-27/accounts_090343634679.parquet -> /tmp/minio_downloads/accounts_090343634679.parquet
[2026-08-05T08:46:09.066+0000] {logging_mixin.py:188} INFO - Downloaded accounts/date=2026-07-27/accounts_090343680435.parquet -> /tmp/minio_downloads/accounts_090343680435.parquet
[2026-08-05T08:46:09.095+0000] {logging_mixin.py:188} INFO - Downloaded accounts/date=2026-07-27/accounts_090343728598.parquet -> /tmp/minio_downloads/accounts_090343728598.parquet
[2026-08-05T08:46:09.120+0000] {logging_mixin.py:188} INFO - Downloaded accounts/date=2026-07-27/accounts_090343779632.parquet -> /tmp/minio_downloads/accounts_090343779632.parquet
[2026-08-05T08:46:09.146+0000] {logging_mixin.py:188} INFO - Downloaded accounts/date=2026-07-27/accounts_090343833916.parquet -> /tmp/minio_downloads/accounts_090343833916.parquet
[2026-08-05T08:46:09.175+0000] {logging_mixin.py:188} INFO - Downloaded accounts/date=2026-07-27/accounts_090343888730.parquet -> /tmp/minio_downloads/accounts_090343888730.parquet
[2026-08-05T08:46:09.205+0000] {logging_mixin.py:188} INFO - Downloaded accounts/date=2026-07-27/accounts_090343934679.parquet -> /tmp/minio_downloads/accounts_090343934679.parquet
[2026-08-05T08:46:09.231+0000] {logging_mixin.py:188} INFO - Downloaded accounts/date=2026-07-27/accounts_090343976827.parquet -> /tmp/minio_downloads/accounts_090343976827.parquet
[2026-08-05T08:46:09.257+0000] {logging_mixin.py:188} INFO - Downloaded accounts/date=2026-07-27/accounts_090344021032.parquet -> /tmp/minio_downloads/accounts_090344021032.parquet
[2026-08-05T08:46:09.281+0000] {logging_mixin.py:188} INFO - Downloaded accounts/date=2026-07-27/accounts_090344070350.parquet -> /tmp/minio_downloads/accounts_090344070350.parquet
[2026-08-05T08:46:09.308+0000] {logging_mixin.py:188} INFO - Downloaded accounts/date=2026-07-27/accounts_090344114475.parquet -> /tmp/minio_downloads/accounts_090344114475.parquet
[2026-08-05T08:46:09.337+0000] {logging_mixin.py:188} INFO - Downloaded accounts/date=2026-07-27/accounts_090344178771.parquet -> /tmp/minio_downloads/accounts_090344178771.parquet
[2026-08-05T08:46:09.366+0000] {logging_mixin.py:188} INFO - Downloaded accounts/date=2026-07-27/accounts_090344234782.parquet -> /tmp/minio_downloads/accounts_090344234782.parquet
[2026-08-05T08:46:09.395+0000] {logging_mixin.py:188} INFO - Downloaded accounts/date=2026-07-27/accounts_090344295645.parquet -> /tmp/minio_downloads/accounts_090344295645.parquet
[2026-08-05T08:46:09.422+0000] {logging_mixin.py:188} INFO - Downloaded accounts/date=2026-07-27/accounts_090344355098.parquet -> /tmp/minio_downloads/accounts_090344355098.parquet
[2026-08-05T08:46:09.450+0000] {logging_mixin.py:188} INFO - Downloaded accounts/date=2026-07-27/accounts_090344408224.parquet -> /tmp/minio_downloads/accounts_090344408224.parquet
[2026-08-05T08:46:09.478+0000] {logging_mixin.py:188} INFO - Downloaded accounts/date=2026-07-27/accounts_090344461455.parquet -> /tmp/minio_downloads/accounts_090344461455.parquet
[2026-08-05T08:46:09.504+0000] {logging_mixin.py:188} INFO - Downloaded accounts/date=2026-07-27/accounts_090344517205.parquet -> /tmp/minio_downloads/accounts_090344517205.parquet
[2026-08-05T08:46:09.529+0000] {logging_mixin.py:188} INFO - Downloaded accounts/date=2026-07-27/accounts_090344564860.parquet -> /tmp/minio_downloads/accounts_090344564860.parquet
[2026-08-05T08:46:12.012+0000] {logging_mixin.py:188} INFO - Downloaded transactions/date=2026-07-27/transactions_090344635325.parquet -> /tmp/minio_downloads/transactions_090344635325.parquet
[2026-08-05T08:46:12.038+0000] {logging_mixin.py:188} INFO - Downloaded transactions/date=2026-07-27/transactions_090344698403.parquet -> /tmp/minio_downloads/transactions_090344698403.parquet
[2026-08-05T08:46:12.067+0000] {logging_mixin.py:188} INFO - Downloaded transactions/date=2026-07-27/transactions_090344744646.parquet -> /tmp/minio_downloads/transactions_090344744646.parquet
[2026-08-05T08:46:12.095+0000] {logging_mixin.py:188} INFO - Downloaded transactions/date=2026-07-27/transactions_090344795789.parquet -> /tmp/minio_downloads/transactions_090344795789.parquet
[2026-08-05T08:46:12.123+0000] {logging_mixin.py:188} INFO - Downloaded transactions/date=2026-07-27/transactions_090344850100.parquet -> /tmp/minio_downloads/transactions_090344850100.parquet
[2026-08-05T08:46:12.151+0000] {logging_mixin.py:188} INFO - Downloaded transactions/date=2026-07-27/transactions_090344900109.parquet -> /tmp/minio_downloads/transactions_090344900109.parquet
[2026-08-05T08:46:12.179+0000] {logging_mixin.py:188} INFO - Downloaded transactions/date=2026-07-27/transactions_090344947492.parquet -> /tmp/minio_downloads/transactions_090344947492.parquet
[2026-08-05T08:46:12.205+0000] {logging_mixin.py:188} INFO - Downloaded transactions/date=2026-07-27/transactions_090344993567.parquet -> /tmp/minio_downloads/transactions_090344993567.parquet
[2026-08-05T08:46:12.235+0000] {logging_mixin.py:188} INFO - Downloaded transactions/date=2026-07-27/transactions_090345052242.parquet -> /tmp/minio_downloads/transactions_090345052242.parquet
[2026-08-05T08:46:12.261+0000] {logging_mixin.py:188} INFO - Downloaded transactions/date=2026-07-27/transactions_090345100340.parquet -> /tmp/minio_downloads/transactions_090345100340.parquet
[2026-08-05T08:46:12.287+0000] {logging_mixin.py:188} INFO - Downloaded transactions/date=2026-07-27/transactions_090345147085.parquet -> /tmp/minio_downloads/transactions_090345147085.parquet
[2026-08-05T08:46:12.313+0000] {logging_mixin.py:188} INFO - Downloaded transactions/date=2026-07-27/transactions_090345192944.parquet -> /tmp/minio_downloads/transactions_090345192944.parquet
[2026-08-05T08:46:12.347+0000] {logging_mixin.py:188} INFO - Downloaded transactions/date=2026-07-27/transactions_090345308408.parquet -> /tmp/minio_downloads/transactions_090345308408.parquet
[2026-08-05T08:46:12.375+0000] {logging_mixin.py:188} INFO - Downloaded transactions/date=2026-07-27/transactions_090345357692.parquet -> /tmp/minio_downloads/transactions_090345357692.parquet
[2026-08-05T08:46:12.409+0000] {logging_mixin.py:188} INFO - Downloaded transactions/date=2026-07-27/transactions_090345402851.parquet -> /tmp/minio_downloads/transactions_090345402851.parquet
[2026-08-05T08:46:12.437+0000] {logging_mixin.py:188} INFO - Downloaded transactions/date=2026-07-27/transactions_090345456814.parquet -> /tmp/minio_downloads/transactions_090345456814.parquet
[2026-08-05T08:46:12.464+0000] {logging_mixin.py:188} INFO - Downloaded transactions/date=2026-07-27/transactions_090345501980.parquet -> /tmp/minio_downloads/transactions_090345501980.parquet
[2026-08-05T08:46:12.491+0000] {logging_mixin.py:188} INFO - Downloaded transactions/date=2026-07-27/transactions_090345551838.parquet -> /tmp/minio_downloads/transactions_090345551838.parquet
[2026-08-05T08:46:12.516+0000] {logging_mixin.py:188} INFO - Downloaded transactions/date=2026-07-27/transactions_090345595622.parquet -> /tmp/minio_downloads/transactions_090345595622.parquet
[2026-08-05T08:46:12.539+0000] {logging_mixin.py:188} INFO - Downloaded transactions/date=2026-07-27/transactions_090345662310.parquet -> /tmp/minio_downloads/transactions_090345662310.parquet
[2026-08-05T08:46:12.565+0000] {logging_mixin.py:188} INFO - Downloaded transactions/date=2026-07-27/transactions_090345710767.parquet -> /tmp/minio_downloads/transactions_090345710767.parquet
[2026-08-05T08:46:12.590+0000] {logging_mixin.py:188} INFO - Downloaded transactions/date=2026-07-27/transactions_090345754288.parquet -> /tmp/minio_downloads/transactions_090345754288.parquet
[2026-08-05T08:46:12.616+0000] {logging_mixin.py:188} INFO - Downloaded transactions/date=2026-07-27/transactions_090345804973.parquet -> /tmp/minio_downloads/transactions_090345804973.parquet
[2026-08-05T08:46:12.642+0000] {logging_mixin.py:188} INFO - Downloaded transactions/date=2026-07-27/transactions_090345861683.parquet -> /tmp/minio_downloads/transactions_090345861683.parquet
[2026-08-05T08:46:12.666+0000] {logging_mixin.py:188} INFO - Downloaded transactions/date=2026-07-27/transactions_090345909777.parquet -> /tmp/minio_downloads/transactions_090345909777.parquet
[2026-08-05T08:46:12.693+0000] {logging_mixin.py:188} INFO - Downloaded transactions/date=2026-07-27/transactions_090345961293.parquet -> /tmp/minio_downloads/transactions_090345961293.parquet
[2026-08-05T08:46:12.724+0000] {logging_mixin.py:188} INFO - Downloaded transactions/date=2026-07-27/transactions_090346008937.parquet -> /tmp/minio_downloads/transactions_090346008937.parquet
[2026-08-05T08:46:12.760+0000] {logging_mixin.py:188} INFO - Downloaded transactions/date=2026-07-27/transactions_090346056562.parquet -> /tmp/minio_downloads/transactions_090346056562.parquet
[2026-08-05T08:46:12.797+0000] {logging_mixin.py:188} INFO - Downloaded transactions/date=2026-07-27/transactions_090346102527.parquet -> /tmp/minio_downloads/transactions_090346102527.parquet
[2026-08-05T08:46:12.844+0000] {logging_mixin.py:188} INFO - Downloaded transactions/date=2026-07-27/transactions_090346152705.parquet -> /tmp/minio_downloads/transactions_090346152705.parquet
[2026-08-05T08:46:12.890+0000] {logging_mixin.py:188} INFO - Downloaded transactions/date=2026-07-27/transactions_090346198936.parquet -> /tmp/minio_downloads/transactions_090346198936.parquet
[2026-08-05T08:46:12.927+0000] {logging_mixin.py:188} INFO - Downloaded transactions/date=2026-07-27/transactions_090346247151.parquet -> /tmp/minio_downloads/transactions_090346247151.parquet
[2026-08-05T08:46:12.970+0000] {logging_mixin.py:188} INFO - Downloaded transactions/date=2026-07-27/transactions_090346296845.parquet -> /tmp/minio_downloads/transactions_090346296845.parquet
[2026-08-05T08:46:13.017+0000] {logging_mixin.py:188} INFO - Downloaded transactions/date=2026-07-27/transactions_090346362045.parquet -> /tmp/minio_downloads/transactions_090346362045.parquet
[2026-08-05T08:46:13.073+0000] {logging_mixin.py:188} INFO - Downloaded transactions/date=2026-07-27/transactions_090346407218.parquet -> /tmp/minio_downloads/transactions_090346407218.parquet
[2026-08-05T08:46:13.098+0000] {logging_mixin.py:188} INFO - Downloaded transactions/date=2026-07-27/transactions_090346456355.parquet -> /tmp/minio_downloads/transactions_090346456355.parquet
[2026-08-05T08:46:13.122+0000] {logging_mixin.py:188} INFO - Downloaded transactions/date=2026-07-27/transactions_090346503975.parquet -> /tmp/minio_downloads/transactions_090346503975.parquet
[2026-08-05T08:46:13.144+0000] {logging_mixin.py:188} INFO - Downloaded transactions/date=2026-07-27/transactions_090346552820.parquet -> /tmp/minio_downloads/transactions_090346552820.parquet
[2026-08-05T08:46:13.171+0000] {logging_mixin.py:188} INFO - Downloaded transactions/date=2026-07-27/transactions_090346595247.parquet -> /tmp/minio_downloads/transactions_090346595247.parquet
[2026-08-05T08:46:13.195+0000] {logging_mixin.py:188} INFO - Downloaded transactions/date=2026-07-27/transactions_090346646157.parquet -> /tmp/minio_downloads/transactions_090346646157.parquet
[2026-08-05T08:46:13.221+0000] {logging_mixin.py:188} INFO - Downloaded transactions/date=2026-07-27/transactions_090346718780.parquet -> /tmp/minio_downloads/transactions_090346718780.parquet
[2026-08-05T08:46:13.246+0000] {logging_mixin.py:188} INFO - Downloaded transactions/date=2026-07-27/transactions_090346804433.parquet -> /tmp/minio_downloads/transactions_090346804433.parquet
[2026-08-05T08:46:13.273+0000] {logging_mixin.py:188} INFO - Downloaded transactions/date=2026-07-27/transactions_090346901001.parquet -> /tmp/minio_downloads/transactions_090346901001.parquet
[2026-08-05T08:46:13.297+0000] {logging_mixin.py:188} INFO - Downloaded transactions/date=2026-07-27/transactions_090346944243.parquet -> /tmp/minio_downloads/transactions_090346944243.parquet
[2026-08-05T08:46:13.324+0000] {logging_mixin.py:188} INFO - Downloaded transactions/date=2026-07-27/transactions_090346989485.parquet -> /tmp/minio_downloads/transactions_090346989485.parquet
[2026-08-05T08:46:13.352+0000] {logging_mixin.py:188} INFO - Downloaded transactions/date=2026-07-27/transactions_090347034187.parquet -> /tmp/minio_downloads/transactions_090347034187.parquet
[2026-08-05T08:46:13.381+0000] {logging_mixin.py:188} INFO - Downloaded transactions/date=2026-07-27/transactions_090347079809.parquet -> /tmp/minio_downloads/transactions_090347079809.parquet
[2026-08-05T08:46:13.412+0000] {logging_mixin.py:188} INFO - Downloaded transactions/date=2026-07-27/transactions_090347125087.parquet -> /tmp/minio_downloads/transactions_090347125087.parquet
[2026-08-05T08:46:13.443+0000] {logging_mixin.py:188} INFO - Downloaded transactions/date=2026-07-27/transactions_090347178696.parquet -> /tmp/minio_downloads/transactions_090347178696.parquet
[2026-08-05T08:46:13.471+0000] {logging_mixin.py:188} INFO - Downloaded transactions/date=2026-07-27/transactions_090347229220.parquet -> /tmp/minio_downloads/transactions_090347229220.parquet
[2026-08-05T08:46:13.500+0000] {logging_mixin.py:188} INFO - Downloaded transactions/date=2026-07-27/transactions_090347275437.parquet -> /tmp/minio_downloads/transactions_090347275437.parquet
[2026-08-05T08:46:13.524+0000] {logging_mixin.py:188} INFO - Downloaded transactions/date=2026-07-27/transactions_090347329417.parquet -> /tmp/minio_downloads/transactions_090347329417.parquet
[2026-08-05T08:46:13.549+0000] {logging_mixin.py:188} INFO - Downloaded transactions/date=2026-07-27/transactions_090347384750.parquet -> /tmp/minio_downloads/transactions_090347384750.parquet
[2026-08-05T08:46:13.574+0000] {logging_mixin.py:188} INFO - Downloaded transactions/date=2026-07-27/transactions_090347434686.parquet -> /tmp/minio_downloads/transactions_090347434686.parquet
[2026-08-05T08:46:13.599+0000] {logging_mixin.py:188} INFO - Downloaded transactions/date=2026-07-27/transactions_090347488696.parquet -> /tmp/minio_downloads/transactions_090347488696.parquet
[2026-08-05T08:46:13.625+0000] {logging_mixin.py:188} INFO - Downloaded transactions/date=2026-07-27/transactions_090347536914.parquet -> /tmp/minio_downloads/transactions_090347536914.parquet
[2026-08-05T08:46:13.650+0000] {logging_mixin.py:188} INFO - Downloaded transactions/date=2026-07-27/transactions_090347596012.parquet -> /tmp/minio_downloads/transactions_090347596012.parquet
[2026-08-05T08:46:13.675+0000] {logging_mixin.py:188} INFO - Downloaded transactions/date=2026-07-27/transactions_090347711514.parquet -> /tmp/minio_downloads/transactions_090347711514.parquet
[2026-08-05T08:46:13.700+0000] {logging_mixin.py:188} INFO - Downloaded transactions/date=2026-07-27/transactions_090347754828.parquet -> /tmp/minio_downloads/transactions_090347754828.parquet
[2026-08-05T08:46:13.727+0000] {logging_mixin.py:188} INFO - Downloaded transactions/date=2026-07-27/transactions_090347804639.parquet -> /tmp/minio_downloads/transactions_090347804639.parquet
[2026-08-05T08:46:13.752+0000] {logging_mixin.py:188} INFO - Downloaded transactions/date=2026-07-27/transactions_090347847633.parquet -> /tmp/minio_downloads/transactions_090347847633.parquet
[2026-08-05T08:46:13.777+0000] {logging_mixin.py:188} INFO - Downloaded transactions/date=2026-07-27/transactions_090347911934.parquet -> /tmp/minio_downloads/transactions_090347911934.parquet
[2026-08-05T08:46:13.802+0000] {logging_mixin.py:188} INFO - Downloaded transactions/date=2026-07-27/transactions_090347957527.parquet -> /tmp/minio_downloads/transactions_090347957527.parquet
[2026-08-05T08:46:13.826+0000] {logging_mixin.py:188} INFO - Downloaded transactions/date=2026-07-27/transactions_090348008862.parquet -> /tmp/minio_downloads/transactions_090348008862.parquet
[2026-08-05T08:46:13.852+0000] {logging_mixin.py:188} INFO - Downloaded transactions/date=2026-07-27/transactions_090348059997.parquet -> /tmp/minio_downloads/transactions_090348059997.parquet
[2026-08-05T08:46:13.876+0000] {logging_mixin.py:188} INFO - Downloaded transactions/date=2026-07-27/transactions_090348110511.parquet -> /tmp/minio_downloads/transactions_090348110511.parquet
[2026-08-05T08:46:13.902+0000] {logging_mixin.py:188} INFO - Downloaded transactions/date=2026-07-27/transactions_090348157671.parquet -> /tmp/minio_downloads/transactions_090348157671.parquet
[2026-08-05T08:46:13.927+0000] {logging_mixin.py:188} INFO - Downloaded transactions/date=2026-07-27/transactions_090348204374.parquet -> /tmp/minio_downloads/transactions_090348204374.parquet
[2026-08-05T08:46:13.953+0000] {logging_mixin.py:188} INFO - Downloaded transactions/date=2026-07-27/transactions_090348252573.parquet -> /tmp/minio_downloads/transactions_090348252573.parquet
[2026-08-05T08:46:13.978+0000] {logging_mixin.py:188} INFO - Downloaded transactions/date=2026-07-27/transactions_090348298605.parquet -> /tmp/minio_downloads/transactions_090348298605.parquet
[2026-08-05T08:46:14.002+0000] {logging_mixin.py:188} INFO - Downloaded transactions/date=2026-07-27/transactions_090348342378.parquet -> /tmp/minio_downloads/transactions_090348342378.parquet
[2026-08-05T08:46:14.032+0000] {logging_mixin.py:188} INFO - Downloaded transactions/date=2026-07-27/transactions_090348401092.parquet -> /tmp/minio_downloads/transactions_090348401092.parquet
[2026-08-05T08:46:14.059+0000] {logging_mixin.py:188} INFO - Downloaded transactions/date=2026-07-27/transactions_090348459158.parquet -> /tmp/minio_downloads/transactions_090348459158.parquet
[2026-08-05T08:46:14.082+0000] {logging_mixin.py:188} INFO - Downloaded transactions/date=2026-07-27/transactions_090348510411.parquet -> /tmp/minio_downloads/transactions_090348510411.parquet
[2026-08-05T08:46:14.106+0000] {logging_mixin.py:188} INFO - Downloaded transactions/date=2026-07-27/transactions_090348559775.parquet -> /tmp/minio_downloads/transactions_090348559775.parquet
[2026-08-05T08:46:14.131+0000] {logging_mixin.py:188} INFO - Downloaded transactions/date=2026-07-27/transactions_090348607300.parquet -> /tmp/minio_downloads/transactions_090348607300.parquet
[2026-08-05T08:46:14.155+0000] {logging_mixin.py:188} INFO - Downloaded transactions/date=2026-07-27/transactions_090348653264.parquet -> /tmp/minio_downloads/transactions_090348653264.parquet
[2026-08-05T08:46:14.180+0000] {logging_mixin.py:188} INFO - Downloaded transactions/date=2026-07-27/transactions_090348708374.parquet -> /tmp/minio_downloads/transactions_090348708374.parquet
[2026-08-05T08:46:14.204+0000] {logging_mixin.py:188} INFO - Downloaded transactions/date=2026-07-27/transactions_090348757425.parquet -> /tmp/minio_downloads/transactions_090348757425.parquet
[2026-08-05T08:46:14.230+0000] {logging_mixin.py:188} INFO - Downloaded transactions/date=2026-07-27/transactions_090348808601.parquet -> /tmp/minio_downloads/transactions_090348808601.parquet
[2026-08-05T08:46:14.254+0000] {logging_mixin.py:188} INFO - Downloaded transactions/date=2026-07-27/transactions_090348853162.parquet -> /tmp/minio_downloads/transactions_090348853162.parquet
[2026-08-05T08:46:14.279+0000] {logging_mixin.py:188} INFO - Downloaded transactions/date=2026-07-27/transactions_090348917946.parquet -> /tmp/minio_downloads/transactions_090348917946.parquet
[2026-08-05T08:46:14.303+0000] {logging_mixin.py:188} INFO - Downloaded transactions/date=2026-07-27/transactions_090348986480.parquet -> /tmp/minio_downloads/transactions_090348986480.parquet
[2026-08-05T08:46:14.332+0000] {logging_mixin.py:188} INFO - Downloaded transactions/date=2026-07-27/transactions_090349047306.parquet -> /tmp/minio_downloads/transactions_090349047306.parquet
[2026-08-05T08:46:14.363+0000] {logging_mixin.py:188} INFO - Downloaded transactions/date=2026-07-27/transactions_090349092982.parquet -> /tmp/minio_downloads/transactions_090349092982.parquet
[2026-08-05T08:46:14.392+0000] {logging_mixin.py:188} INFO - Downloaded transactions/date=2026-07-27/transactions_090349140604.parquet -> /tmp/minio_downloads/transactions_090349140604.parquet
[2026-08-05T08:46:14.422+0000] {logging_mixin.py:188} INFO - Downloaded transactions/date=2026-07-27/transactions_090349185139.parquet -> /tmp/minio_downloads/transactions_090349185139.parquet
[2026-08-05T08:46:14.452+0000] {logging_mixin.py:188} INFO - Downloaded transactions/date=2026-07-27/transactions_090349238746.parquet -> /tmp/minio_downloads/transactions_090349238746.parquet
[2026-08-05T08:46:14.478+0000] {logging_mixin.py:188} INFO - Downloaded transactions/date=2026-07-27/transactions_090349290508.parquet -> /tmp/minio_downloads/transactions_090349290508.parquet
[2026-08-05T08:46:14.502+0000] {logging_mixin.py:188} INFO - Downloaded transactions/date=2026-07-27/transactions_090349340716.parquet -> /tmp/minio_downloads/transactions_090349340716.parquet
[2026-08-05T08:46:14.527+0000] {logging_mixin.py:188} INFO - Downloaded transactions/date=2026-07-27/transactions_090349386604.parquet -> /tmp/minio_downloads/transactions_090349386604.parquet
[2026-08-05T08:46:14.550+0000] {logging_mixin.py:188} INFO - Downloaded transactions/date=2026-07-27/transactions_090349466276.parquet -> /tmp/minio_downloads/transactions_090349466276.parquet
[2026-08-05T08:46:14.575+0000] {logging_mixin.py:188} INFO - Downloaded transactions/date=2026-07-27/transactions_090349539821.parquet -> /tmp/minio_downloads/transactions_090349539821.parquet
[2026-08-05T08:46:14.600+0000] {logging_mixin.py:188} INFO - Downloaded transactions/date=2026-07-27/transactions_090349637195.parquet -> /tmp/minio_downloads/transactions_090349637195.parquet
[2026-08-05T08:46:14.625+0000] {logging_mixin.py:188} INFO - Downloaded transactions/date=2026-07-27/transactions_090349689733.parquet -> /tmp/minio_downloads/transactions_090349689733.parquet
[2026-08-05T08:46:14.657+0000] {logging_mixin.py:188} INFO - Downloaded transactions/date=2026-07-27/transactions_090349736179.parquet -> /tmp/minio_downloads/transactions_090349736179.parquet
[2026-08-05T08:46:14.688+0000] {logging_mixin.py:188} INFO - Downloaded transactions/date=2026-07-27/transactions_090349779576.parquet -> /tmp/minio_downloads/transactions_090349779576.parquet
[2026-08-05T08:46:14.715+0000] {logging_mixin.py:188} INFO - Downloaded transactions/date=2026-07-27/transactions_090349826149.parquet -> /tmp/minio_downloads/transactions_090349826149.parquet
[2026-08-05T08:46:14.741+0000] {logging_mixin.py:188} INFO - Downloaded transactions/date=2026-07-27/transactions_090349873955.parquet -> /tmp/minio_downloads/transactions_090349873955.parquet
[2026-08-05T08:46:14.765+0000] {logging_mixin.py:188} INFO - Downloaded transactions/date=2026-07-27/transactions_090349922318.parquet -> /tmp/minio_downloads/transactions_090349922318.parquet
[2026-08-05T08:46:14.790+0000] {logging_mixin.py:188} INFO - Downloaded transactions/date=2026-07-27/transactions_090349980155.parquet -> /tmp/minio_downloads/transactions_090349980155.parquet
[2026-08-05T08:46:14.816+0000] {logging_mixin.py:188} INFO - Downloaded transactions/date=2026-07-27/transactions_090350043626.parquet -> /tmp/minio_downloads/transactions_090350043626.parquet
[2026-08-05T08:46:14.845+0000] {logging_mixin.py:188} INFO - Downloaded transactions/date=2026-07-27/transactions_090350089592.parquet -> /tmp/minio_downloads/transactions_090350089592.parquet
[2026-08-05T08:46:14.871+0000] {logging_mixin.py:188} INFO - Downloaded transactions/date=2026-07-27/transactions_090350138345.parquet -> /tmp/minio_downloads/transactions_090350138345.parquet
[2026-08-05T08:46:14.898+0000] {logging_mixin.py:188} INFO - Downloaded transactions/date=2026-07-27/transactions_090350183670.parquet -> /tmp/minio_downloads/transactions_090350183670.parquet
[2026-08-05T08:46:14.925+0000] {logging_mixin.py:188} INFO - Downloaded transactions/date=2026-07-27/transactions_090350231811.parquet -> /tmp/minio_downloads/transactions_090350231811.parquet
[2026-08-05T08:46:14.951+0000] {logging_mixin.py:188} INFO - Downloaded transactions/date=2026-07-27/transactions_090350273125.parquet -> /tmp/minio_downloads/transactions_090350273125.parquet
[2026-08-05T08:46:14.979+0000] {logging_mixin.py:188} INFO - Downloaded transactions/date=2026-07-27/transactions_090350321357.parquet -> /tmp/minio_downloads/transactions_090350321357.parquet
[2026-08-05T08:46:15.004+0000] {logging_mixin.py:188} INFO - Downloaded transactions/date=2026-07-27/transactions_090350363457.parquet -> /tmp/minio_downloads/transactions_090350363457.parquet
[2026-08-05T08:46:15.031+0000] {logging_mixin.py:188} INFO - Downloaded transactions/date=2026-07-27/transactions_090350409124.parquet -> /tmp/minio_downloads/transactions_090350409124.parquet
[2026-08-05T08:46:15.085+0000] {logging_mixin.py:188} INFO - Downloaded transactions/date=2026-07-27/transactions_090350456314.parquet -> /tmp/minio_downloads/transactions_090350456314.parquet
[2026-08-05T08:46:15.117+0000] {logging_mixin.py:188} INFO - Downloaded transactions/date=2026-07-27/transactions_090350496727.parquet -> /tmp/minio_downloads/transactions_090350496727.parquet
[2026-08-05T08:46:15.143+0000] {logging_mixin.py:188} INFO - Downloaded transactions/date=2026-07-27/transactions_090350541096.parquet -> /tmp/minio_downloads/transactions_090350541096.parquet
[2026-08-05T08:46:15.167+0000] {logging_mixin.py:188} INFO - Downloaded transactions/date=2026-07-27/transactions_090350590595.parquet -> /tmp/minio_downloads/transactions_090350590595.parquet
[2026-08-05T08:46:15.194+0000] {logging_mixin.py:188} INFO - Downloaded transactions/date=2026-07-27/transactions_090350637392.parquet -> /tmp/minio_downloads/transactions_090350637392.parquet
[2026-08-05T08:46:15.220+0000] {logging_mixin.py:188} INFO - Downloaded transactions/date=2026-07-27/transactions_090350688105.parquet -> /tmp/minio_downloads/transactions_090350688105.parquet
[2026-08-05T08:46:15.245+0000] {logging_mixin.py:188} INFO - Downloaded transactions/date=2026-07-27/transactions_090350735881.parquet -> /tmp/minio_downloads/transactions_090350735881.parquet
[2026-08-05T08:46:15.271+0000] {logging_mixin.py:188} INFO - Downloaded transactions/date=2026-07-27/transactions_090350777950.parquet -> /tmp/minio_downloads/transactions_090350777950.parquet
[2026-08-05T08:46:15.299+0000] {logging_mixin.py:188} INFO - Downloaded transactions/date=2026-07-27/transactions_090350829270.parquet -> /tmp/minio_downloads/transactions_090350829270.parquet
[2026-08-05T08:46:15.324+0000] {logging_mixin.py:188} INFO - Downloaded transactions/date=2026-07-27/transactions_090350872710.parquet -> /tmp/minio_downloads/transactions_090350872710.parquet
[2026-08-05T08:46:15.359+0000] {logging_mixin.py:188} INFO - Downloaded transactions/date=2026-07-27/transactions_090350916886.parquet -> /tmp/minio_downloads/transactions_090350916886.parquet
[2026-08-05T08:46:15.396+0000] {logging_mixin.py:188} INFO - Downloaded transactions/date=2026-07-27/transactions_090350980142.parquet -> /tmp/minio_downloads/transactions_090350980142.parquet
[2026-08-05T08:46:15.426+0000] {logging_mixin.py:188} INFO - Downloaded transactions/date=2026-07-27/transactions_090351132471.parquet -> /tmp/minio_downloads/transactions_090351132471.parquet
[2026-08-05T08:46:15.455+0000] {logging_mixin.py:188} INFO - Downloaded transactions/date=2026-07-27/transactions_090351252512.parquet -> /tmp/minio_downloads/transactions_090351252512.parquet
[2026-08-05T08:46:15.481+0000] {logging_mixin.py:188} INFO - Downloaded transactions/date=2026-07-27/transactions_090351297506.parquet -> /tmp/minio_downloads/transactions_090351297506.parquet
[2026-08-05T08:46:15.506+0000] {logging_mixin.py:188} INFO - Downloaded transactions/date=2026-07-27/transactions_090351354756.parquet -> /tmp/minio_downloads/transactions_090351354756.parquet
[2026-08-05T08:46:15.531+0000] {logging_mixin.py:188} INFO - Downloaded transactions/date=2026-07-27/transactions_090351398315.parquet -> /tmp/minio_downloads/transactions_090351398315.parquet
[2026-08-05T08:46:15.561+0000] {logging_mixin.py:188} INFO - Downloaded transactions/date=2026-07-27/transactions_090351444455.parquet -> /tmp/minio_downloads/transactions_090351444455.parquet
[2026-08-05T08:46:15.587+0000] {logging_mixin.py:188} INFO - Downloaded transactions/date=2026-07-27/transactions_090351498438.parquet -> /tmp/minio_downloads/transactions_090351498438.parquet
[2026-08-05T08:46:15.611+0000] {logging_mixin.py:188} INFO - Downloaded transactions/date=2026-07-27/transactions_090351544144.parquet -> /tmp/minio_downloads/transactions_090351544144.parquet
[2026-08-05T08:46:15.636+0000] {logging_mixin.py:188} INFO - Downloaded transactions/date=2026-07-27/transactions_090351589508.parquet -> /tmp/minio_downloads/transactions_090351589508.parquet
[2026-08-05T08:46:15.660+0000] {logging_mixin.py:188} INFO - Downloaded transactions/date=2026-07-27/transactions_090351635835.parquet -> /tmp/minio_downloads/transactions_090351635835.parquet
[2026-08-05T08:46:15.684+0000] {logging_mixin.py:188} INFO - Downloaded transactions/date=2026-07-27/transactions_090351680419.parquet -> /tmp/minio_downloads/transactions_090351680419.parquet
[2026-08-05T08:46:15.710+0000] {logging_mixin.py:188} INFO - Downloaded transactions/date=2026-07-27/transactions_090351724866.parquet -> /tmp/minio_downloads/transactions_090351724866.parquet
[2026-08-05T08:46:15.735+0000] {logging_mixin.py:188} INFO - Downloaded transactions/date=2026-07-27/transactions_090351781853.parquet -> /tmp/minio_downloads/transactions_090351781853.parquet
[2026-08-05T08:46:15.759+0000] {logging_mixin.py:188} INFO - Downloaded transactions/date=2026-07-27/transactions_090351825152.parquet -> /tmp/minio_downloads/transactions_090351825152.parquet
[2026-08-05T08:46:15.786+0000] {logging_mixin.py:188} INFO - Downloaded transactions/date=2026-07-27/transactions_090351872090.parquet -> /tmp/minio_downloads/transactions_090351872090.parquet
[2026-08-05T08:46:15.810+0000] {logging_mixin.py:188} INFO - Downloaded transactions/date=2026-07-27/transactions_090351922861.parquet -> /tmp/minio_downloads/transactions_090351922861.parquet
[2026-08-05T08:46:15.836+0000] {logging_mixin.py:188} INFO - Downloaded transactions/date=2026-07-27/transactions_090351979204.parquet -> /tmp/minio_downloads/transactions_090351979204.parquet
[2026-08-05T08:46:15.861+0000] {logging_mixin.py:188} INFO - Downloaded transactions/date=2026-07-27/transactions_090352066245.parquet -> /tmp/minio_downloads/transactions_090352066245.parquet
[2026-08-05T08:46:15.886+0000] {logging_mixin.py:188} INFO - Downloaded transactions/date=2026-07-27/transactions_090352131625.parquet -> /tmp/minio_downloads/transactions_090352131625.parquet
[2026-08-05T08:46:15.911+0000] {logging_mixin.py:188} INFO - Downloaded transactions/date=2026-07-27/transactions_090352190228.parquet -> /tmp/minio_downloads/transactions_090352190228.parquet
[2026-08-05T08:46:15.935+0000] {logging_mixin.py:188} INFO - Downloaded transactions/date=2026-07-27/transactions_090352234960.parquet -> /tmp/minio_downloads/transactions_090352234960.parquet
[2026-08-05T08:46:15.960+0000] {logging_mixin.py:188} INFO - Downloaded transactions/date=2026-07-27/transactions_090352284281.parquet -> /tmp/minio_downloads/transactions_090352284281.parquet
[2026-08-05T08:46:15.985+0000] {logging_mixin.py:188} INFO - Downloaded transactions/date=2026-07-27/transactions_090352330005.parquet -> /tmp/minio_downloads/transactions_090352330005.parquet
[2026-08-05T08:46:16.009+0000] {logging_mixin.py:188} INFO - Downloaded transactions/date=2026-07-27/transactions_090352380599.parquet -> /tmp/minio_downloads/transactions_090352380599.parquet
[2026-08-05T08:46:16.037+0000] {logging_mixin.py:188} INFO - Downloaded transactions/date=2026-07-27/transactions_090352425116.parquet -> /tmp/minio_downloads/transactions_090352425116.parquet
[2026-08-05T08:46:16.062+0000] {logging_mixin.py:188} INFO - Downloaded transactions/date=2026-07-27/transactions_090352478787.parquet -> /tmp/minio_downloads/transactions_090352478787.parquet
[2026-08-05T08:46:16.087+0000] {logging_mixin.py:188} INFO - Downloaded transactions/date=2026-07-27/transactions_090352529609.parquet -> /tmp/minio_downloads/transactions_090352529609.parquet
[2026-08-05T08:46:16.112+0000] {logging_mixin.py:188} INFO - Downloaded transactions/date=2026-07-27/transactions_090352591371.parquet -> /tmp/minio_downloads/transactions_090352591371.parquet
[2026-08-05T08:46:16.135+0000] {logging_mixin.py:188} INFO - Downloaded transactions/date=2026-07-27/transactions_090352633351.parquet -> /tmp/minio_downloads/transactions_090352633351.parquet
[2026-08-05T08:46:16.160+0000] {logging_mixin.py:188} INFO - Downloaded transactions/date=2026-07-27/transactions_090352684267.parquet -> /tmp/minio_downloads/transactions_090352684267.parquet
[2026-08-05T08:46:16.184+0000] {logging_mixin.py:188} INFO - Downloaded transactions/date=2026-07-27/transactions_090352737147.parquet -> /tmp/minio_downloads/transactions_090352737147.parquet
[2026-08-05T08:46:16.207+0000] {logging_mixin.py:188} INFO - Downloaded transactions/date=2026-07-27/transactions_090352784321.parquet -> /tmp/minio_downloads/transactions_090352784321.parquet
[2026-08-05T08:46:16.231+0000] {logging_mixin.py:188} INFO - Downloaded transactions/date=2026-07-27/transactions_090352827233.parquet -> /tmp/minio_downloads/transactions_090352827233.parquet
[2026-08-05T08:46:16.255+0000] {logging_mixin.py:188} INFO - Downloaded transactions/date=2026-07-27/transactions_090352878913.parquet -> /tmp/minio_downloads/transactions_090352878913.parquet
[2026-08-05T08:46:16.280+0000] {logging_mixin.py:188} INFO - Downloaded transactions/date=2026-07-27/transactions_090352923444.parquet -> /tmp/minio_downloads/transactions_090352923444.parquet
[2026-08-05T08:46:16.304+0000] {logging_mixin.py:188} INFO - Downloaded transactions/date=2026-07-27/transactions_090352978136.parquet -> /tmp/minio_downloads/transactions_090352978136.parquet
[2026-08-05T08:46:16.329+0000] {logging_mixin.py:188} INFO - Downloaded transactions/date=2026-07-27/transactions_090353026733.parquet -> /tmp/minio_downloads/transactions_090353026733.parquet
[2026-08-05T08:46:16.354+0000] {logging_mixin.py:188} INFO - Downloaded transactions/date=2026-07-27/transactions_090353079889.parquet -> /tmp/minio_downloads/transactions_090353079889.parquet
[2026-08-05T08:46:16.384+0000] {logging_mixin.py:188} INFO - Downloaded transactions/date=2026-07-27/transactions_090353131271.parquet -> /tmp/minio_downloads/transactions_090353131271.parquet
[2026-08-05T08:46:16.411+0000] {logging_mixin.py:188} INFO - Downloaded transactions/date=2026-07-27/transactions_090353179157.parquet -> /tmp/minio_downloads/transactions_090353179157.parquet
[2026-08-05T08:46:16.437+0000] {logging_mixin.py:188} INFO - Downloaded transactions/date=2026-07-27/transactions_090353225043.parquet -> /tmp/minio_downloads/transactions_090353225043.parquet
[2026-08-05T08:46:16.462+0000] {logging_mixin.py:188} INFO - Downloaded transactions/date=2026-07-27/transactions_090353280347.parquet -> /tmp/minio_downloads/transactions_090353280347.parquet
[2026-08-05T08:46:16.487+0000] {logging_mixin.py:188} INFO - Downloaded transactions/date=2026-07-27/transactions_090353402065.parquet -> /tmp/minio_downloads/transactions_090353402065.parquet
[2026-08-05T08:46:16.512+0000] {logging_mixin.py:188} INFO - Downloaded transactions/date=2026-07-27/transactions_090353455149.parquet -> /tmp/minio_downloads/transactions_090353455149.parquet
[2026-08-05T08:46:16.536+0000] {logging_mixin.py:188} INFO - Downloaded transactions/date=2026-07-27/transactions_090353498646.parquet -> /tmp/minio_downloads/transactions_090353498646.parquet
[2026-08-05T08:46:16.561+0000] {logging_mixin.py:188} INFO - Downloaded transactions/date=2026-07-27/transactions_090353547456.parquet -> /tmp/minio_downloads/transactions_090353547456.parquet
[2026-08-05T08:46:16.586+0000] {logging_mixin.py:188} INFO - Downloaded transactions/date=2026-07-27/transactions_090353600706.parquet -> /tmp/minio_downloads/transactions_090353600706.parquet
[2026-08-05T08:46:16.610+0000] {logging_mixin.py:188} INFO - Downloaded transactions/date=2026-07-27/transactions_090353643595.parquet -> /tmp/minio_downloads/transactions_090353643595.parquet
[2026-08-05T08:46:16.634+0000] {logging_mixin.py:188} INFO - Downloaded transactions/date=2026-07-27/transactions_090353700583.parquet -> /tmp/minio_downloads/transactions_090353700583.parquet
[2026-08-05T08:46:16.660+0000] {logging_mixin.py:188} INFO - Downloaded transactions/date=2026-07-27/transactions_090353745449.parquet -> /tmp/minio_downloads/transactions_090353745449.parquet
[2026-08-05T08:46:16.684+0000] {logging_mixin.py:188} INFO - Downloaded transactions/date=2026-07-27/transactions_090353793133.parquet -> /tmp/minio_downloads/transactions_090353793133.parquet
[2026-08-05T08:46:16.708+0000] {logging_mixin.py:188} INFO - Downloaded transactions/date=2026-07-27/transactions_090353838216.parquet -> /tmp/minio_downloads/transactions_090353838216.parquet
[2026-08-05T08:46:16.734+0000] {logging_mixin.py:188} INFO - Downloaded transactions/date=2026-07-27/transactions_090353890729.parquet -> /tmp/minio_downloads/transactions_090353890729.parquet
[2026-08-05T08:46:16.760+0000] {logging_mixin.py:188} INFO - Downloaded transactions/date=2026-07-27/transactions_090353936576.parquet -> /tmp/minio_downloads/transactions_090353936576.parquet
[2026-08-05T08:46:16.785+0000] {logging_mixin.py:188} INFO - Downloaded transactions/date=2026-07-27/transactions_090353983581.parquet -> /tmp/minio_downloads/transactions_090353983581.parquet
[2026-08-05T08:46:16.815+0000] {logging_mixin.py:188} INFO - Downloaded transactions/date=2026-07-27/transactions_090354028144.parquet -> /tmp/minio_downloads/transactions_090354028144.parquet
[2026-08-05T08:46:16.842+0000] {logging_mixin.py:188} INFO - Downloaded transactions/date=2026-07-27/transactions_090354085666.parquet -> /tmp/minio_downloads/transactions_090354085666.parquet
[2026-08-05T08:46:16.873+0000] {logging_mixin.py:188} INFO - Downloaded transactions/date=2026-07-27/transactions_090354143476.parquet -> /tmp/minio_downloads/transactions_090354143476.parquet
[2026-08-05T08:46:16.902+0000] {logging_mixin.py:188} INFO - Downloaded transactions/date=2026-07-27/transactions_090354206565.parquet -> /tmp/minio_downloads/transactions_090354206565.parquet
[2026-08-05T08:46:16.927+0000] {logging_mixin.py:188} INFO - Downloaded transactions/date=2026-07-27/transactions_090354264878.parquet -> /tmp/minio_downloads/transactions_090354264878.parquet
[2026-08-05T08:46:16.952+0000] {logging_mixin.py:188} INFO - Downloaded transactions/date=2026-07-27/transactions_090354321619.parquet -> /tmp/minio_downloads/transactions_090354321619.parquet
[2026-08-05T08:46:16.975+0000] {logging_mixin.py:188} INFO - Downloaded transactions/date=2026-07-27/transactions_090354369569.parquet -> /tmp/minio_downloads/transactions_090354369569.parquet
[2026-08-05T08:46:16.999+0000] {logging_mixin.py:188} INFO - Downloaded transactions/date=2026-07-27/transactions_090354438192.parquet -> /tmp/minio_downloads/transactions_090354438192.parquet
[2026-08-05T08:46:17.025+0000] {logging_mixin.py:188} INFO - Downloaded transactions/date=2026-07-27/transactions_090354501727.parquet -> /tmp/minio_downloads/transactions_090354501727.parquet
[2026-08-05T08:46:17.050+0000] {logging_mixin.py:188} INFO - Downloaded transactions/date=2026-07-27/transactions_090354564597.parquet -> /tmp/minio_downloads/transactions_090354564597.parquet
[2026-08-05T08:46:17.078+0000] {logging_mixin.py:188} INFO - Downloaded transactions/date=2026-07-27/transactions_090354627068.parquet -> /tmp/minio_downloads/transactions_090354627068.parquet
[2026-08-05T08:46:17.105+0000] {logging_mixin.py:188} INFO - Downloaded transactions/date=2026-07-27/transactions_090354712936.parquet -> /tmp/minio_downloads/transactions_090354712936.parquet
[2026-08-05T08:46:17.130+0000] {logging_mixin.py:188} INFO - Downloaded transactions/date=2026-07-27/transactions_090354761873.parquet -> /tmp/minio_downloads/transactions_090354761873.parquet
[2026-08-05T08:46:17.153+0000] {logging_mixin.py:188} INFO - Downloaded transactions/date=2026-07-27/transactions_090354820903.parquet -> /tmp/minio_downloads/transactions_090354820903.parquet
[2026-08-05T08:46:17.178+0000] {logging_mixin.py:188} INFO - Downloaded transactions/date=2026-07-27/transactions_090354877371.parquet -> /tmp/minio_downloads/transactions_090354877371.parquet
[2026-08-05T08:46:17.202+0000] {logging_mixin.py:188} INFO - Downloaded transactions/date=2026-07-27/transactions_090354928245.parquet -> /tmp/minio_downloads/transactions_090354928245.parquet
[2026-08-05T08:46:17.227+0000] {logging_mixin.py:188} INFO - Downloaded transactions/date=2026-07-27/transactions_090354976320.parquet -> /tmp/minio_downloads/transactions_090354976320.parquet
[2026-08-05T08:46:17.251+0000] {logging_mixin.py:188} INFO - Downloaded transactions/date=2026-07-27/transactions_090355028374.parquet -> /tmp/minio_downloads/transactions_090355028374.parquet
[2026-08-05T08:46:17.276+0000] {logging_mixin.py:188} INFO - Downloaded transactions/date=2026-07-27/transactions_090355098015.parquet -> /tmp/minio_downloads/transactions_090355098015.parquet
[2026-08-05T08:46:17.302+0000] {logging_mixin.py:188} INFO - Downloaded transactions/date=2026-07-27/transactions_090355150578.parquet -> /tmp/minio_downloads/transactions_090355150578.parquet
[2026-08-05T08:46:17.327+0000] {logging_mixin.py:188} INFO - Downloaded transactions/date=2026-07-27/transactions_090355208526.parquet -> /tmp/minio_downloads/transactions_090355208526.parquet
[2026-08-05T08:46:17.352+0000] {logging_mixin.py:188} INFO - Downloaded transactions/date=2026-07-27/transactions_090355262557.parquet -> /tmp/minio_downloads/transactions_090355262557.parquet
[2026-08-05T08:46:17.383+0000] {logging_mixin.py:188} INFO - Downloaded transactions/date=2026-07-27/transactions_090355321034.parquet -> /tmp/minio_downloads/transactions_090355321034.parquet
[2026-08-05T08:46:17.415+0000] {logging_mixin.py:188} INFO - Downloaded transactions/date=2026-07-27/transactions_090355376276.parquet -> /tmp/minio_downloads/transactions_090355376276.parquet
[2026-08-05T08:46:17.443+0000] {logging_mixin.py:188} INFO - Downloaded transactions/date=2026-07-27/transactions_090355427809.parquet -> /tmp/minio_downloads/transactions_090355427809.parquet
[2026-08-05T08:46:17.468+0000] {logging_mixin.py:188} INFO - Downloaded transactions/date=2026-07-27/transactions_090355476191.parquet -> /tmp/minio_downloads/transactions_090355476191.parquet
[2026-08-05T08:46:17.493+0000] {logging_mixin.py:188} INFO - Downloaded transactions/date=2026-07-27/transactions_090355536617.parquet -> /tmp/minio_downloads/transactions_090355536617.parquet
[2026-08-05T08:46:17.516+0000] {logging_mixin.py:188} INFO - Downloaded transactions/date=2026-07-27/transactions_090355610693.parquet -> /tmp/minio_downloads/transactions_090355610693.parquet
[2026-08-05T08:46:17.541+0000] {logging_mixin.py:188} INFO - Downloaded transactions/date=2026-07-27/transactions_090355659016.parquet -> /tmp/minio_downloads/transactions_090355659016.parquet
[2026-08-05T08:46:17.566+0000] {logging_mixin.py:188} INFO - Downloaded transactions/date=2026-07-27/transactions_090355707912.parquet -> /tmp/minio_downloads/transactions_090355707912.parquet
[2026-08-05T08:46:17.592+0000] {logging_mixin.py:188} INFO - Downloaded transactions/date=2026-07-27/transactions_090355751412.parquet -> /tmp/minio_downloads/transactions_090355751412.parquet
[2026-08-05T08:46:17.616+0000] {logging_mixin.py:188} INFO - Downloaded transactions/date=2026-07-27/transactions_090355794944.parquet -> /tmp/minio_downloads/transactions_090355794944.parquet
[2026-08-05T08:46:17.641+0000] {logging_mixin.py:188} INFO - Downloaded transactions/date=2026-07-27/transactions_090355840528.parquet -> /tmp/minio_downloads/transactions_090355840528.parquet
[2026-08-05T08:46:17.666+0000] {logging_mixin.py:188} INFO - Downloaded transactions/date=2026-07-27/transactions_090355883874.parquet -> /tmp/minio_downloads/transactions_090355883874.parquet
[2026-08-05T08:46:17.692+0000] {logging_mixin.py:188} INFO - Downloaded transactions/date=2026-07-27/transactions_090355928754.parquet -> /tmp/minio_downloads/transactions_090355928754.parquet
[2026-08-05T08:46:17.718+0000] {logging_mixin.py:188} INFO - Downloaded transactions/date=2026-07-27/transactions_090355974016.parquet -> /tmp/minio_downloads/transactions_090355974016.parquet
[2026-08-05T08:46:17.743+0000] {logging_mixin.py:188} INFO - Downloaded transactions/date=2026-07-27/transactions_090356024551.parquet -> /tmp/minio_downloads/transactions_090356024551.parquet
[2026-08-05T08:46:17.768+0000] {logging_mixin.py:188} INFO - Downloaded transactions/date=2026-07-27/transactions_090356070001.parquet -> /tmp/minio_downloads/transactions_090356070001.parquet
[2026-08-05T08:46:17.792+0000] {logging_mixin.py:188} INFO - Downloaded transactions/date=2026-07-27/transactions_090356124968.parquet -> /tmp/minio_downloads/transactions_090356124968.parquet
[2026-08-05T08:46:17.818+0000] {logging_mixin.py:188} INFO - Downloaded transactions/date=2026-07-27/transactions_090356167955.parquet -> /tmp/minio_downloads/transactions_090356167955.parquet
[2026-08-05T08:46:17.843+0000] {logging_mixin.py:188} INFO - Downloaded transactions/date=2026-07-27/transactions_090356289620.parquet -> /tmp/minio_downloads/transactions_090356289620.parquet
[2026-08-05T08:46:17.867+0000] {logging_mixin.py:188} INFO - Downloaded transactions/date=2026-07-27/transactions_090356332656.parquet -> /tmp/minio_downloads/transactions_090356332656.parquet
[2026-08-05T08:46:17.891+0000] {logging_mixin.py:188} INFO - Downloaded transactions/date=2026-07-27/transactions_090356379752.parquet -> /tmp/minio_downloads/transactions_090356379752.parquet
[2026-08-05T08:46:17.916+0000] {logging_mixin.py:188} INFO - Downloaded transactions/date=2026-07-27/transactions_090356429536.parquet -> /tmp/minio_downloads/transactions_090356429536.parquet
[2026-08-05T08:46:17.942+0000] {logging_mixin.py:188} INFO - Downloaded transactions/date=2026-07-27/transactions_090356484290.parquet -> /tmp/minio_downloads/transactions_090356484290.parquet
[2026-08-05T08:46:17.968+0000] {logging_mixin.py:188} INFO - Downloaded transactions/date=2026-07-27/transactions_090356535040.parquet -> /tmp/minio_downloads/transactions_090356535040.parquet
[2026-08-05T08:46:17.994+0000] {logging_mixin.py:188} INFO - Downloaded transactions/date=2026-07-27/transactions_090356580344.parquet -> /tmp/minio_downloads/transactions_090356580344.parquet
[2026-08-05T08:46:18.019+0000] {logging_mixin.py:188} INFO - Downloaded transactions/date=2026-07-27/transactions_090356632331.parquet -> /tmp/minio_downloads/transactions_090356632331.parquet
[2026-08-05T08:46:18.043+0000] {logging_mixin.py:188} INFO - Downloaded transactions/date=2026-07-27/transactions_090356677968.parquet -> /tmp/minio_downloads/transactions_090356677968.parquet
[2026-08-05T08:46:18.067+0000] {logging_mixin.py:188} INFO - Downloaded transactions/date=2026-07-27/transactions_090356730719.parquet -> /tmp/minio_downloads/transactions_090356730719.parquet
[2026-08-05T08:46:18.092+0000] {logging_mixin.py:188} INFO - Downloaded transactions/date=2026-07-27/transactions_090356805931.parquet -> /tmp/minio_downloads/transactions_090356805931.parquet
[2026-08-05T08:46:18.116+0000] {logging_mixin.py:188} INFO - Downloaded transactions/date=2026-07-27/transactions_090356874133.parquet -> /tmp/minio_downloads/transactions_090356874133.parquet
[2026-08-05T08:46:18.139+0000] {logging_mixin.py:188} INFO - Downloaded transactions/date=2026-07-27/transactions_090356921095.parquet -> /tmp/minio_downloads/transactions_090356921095.parquet
[2026-08-05T08:46:18.163+0000] {logging_mixin.py:188} INFO - Downloaded transactions/date=2026-07-27/transactions_090356966348.parquet -> /tmp/minio_downloads/transactions_090356966348.parquet
[2026-08-05T08:46:18.188+0000] {logging_mixin.py:188} INFO - Downloaded transactions/date=2026-07-27/transactions_090357009429.parquet -> /tmp/minio_downloads/transactions_090357009429.parquet
[2026-08-05T08:46:18.213+0000] {logging_mixin.py:188} INFO - Downloaded transactions/date=2026-07-27/transactions_090357055813.parquet -> /tmp/minio_downloads/transactions_090357055813.parquet
[2026-08-05T08:46:18.237+0000] {logging_mixin.py:188} INFO - Downloaded transactions/date=2026-07-27/transactions_090357106270.parquet -> /tmp/minio_downloads/transactions_090357106270.parquet
[2026-08-05T08:46:18.263+0000] {logging_mixin.py:188} INFO - Downloaded transactions/date=2026-07-27/transactions_090357156838.parquet -> /tmp/minio_downloads/transactions_090357156838.parquet
[2026-08-05T08:46:18.288+0000] {logging_mixin.py:188} INFO - Downloaded transactions/date=2026-07-27/transactions_090357200505.parquet -> /tmp/minio_downloads/transactions_090357200505.parquet
[2026-08-05T08:46:18.313+0000] {logging_mixin.py:188} INFO - Downloaded transactions/date=2026-07-27/transactions_090357261171.parquet -> /tmp/minio_downloads/transactions_090357261171.parquet
[2026-08-05T08:46:18.337+0000] {logging_mixin.py:188} INFO - Downloaded transactions/date=2026-07-27/transactions_090357304843.parquet -> /tmp/minio_downloads/transactions_090357304843.parquet
[2026-08-05T08:46:18.362+0000] {logging_mixin.py:188} INFO - Downloaded transactions/date=2026-07-27/transactions_090357351236.parquet -> /tmp/minio_downloads/transactions_090357351236.parquet
[2026-08-05T08:46:18.390+0000] {logging_mixin.py:188} INFO - Downloaded transactions/date=2026-07-27/transactions_090357394679.parquet -> /tmp/minio_downloads/transactions_090357394679.parquet
[2026-08-05T08:46:18.422+0000] {logging_mixin.py:188} INFO - Downloaded transactions/date=2026-07-27/transactions_090357440164.parquet -> /tmp/minio_downloads/transactions_090357440164.parquet
[2026-08-05T08:46:18.453+0000] {logging_mixin.py:188} INFO - Downloaded transactions/date=2026-07-27/transactions_090357490624.parquet -> /tmp/minio_downloads/transactions_090357490624.parquet
[2026-08-05T08:46:18.482+0000] {logging_mixin.py:188} INFO - Downloaded transactions/date=2026-07-27/transactions_090357538623.parquet -> /tmp/minio_downloads/transactions_090357538623.parquet
[2026-08-05T08:46:18.508+0000] {logging_mixin.py:188} INFO - Downloaded transactions/date=2026-07-27/transactions_090357589134.parquet -> /tmp/minio_downloads/transactions_090357589134.parquet
[2026-08-05T08:46:18.534+0000] {logging_mixin.py:188} INFO - Downloaded transactions/date=2026-07-27/transactions_090357651723.parquet -> /tmp/minio_downloads/transactions_090357651723.parquet
[2026-08-05T08:46:18.560+0000] {logging_mixin.py:188} INFO - Downloaded transactions/date=2026-07-27/transactions_090357702738.parquet -> /tmp/minio_downloads/transactions_090357702738.parquet
[2026-08-05T08:46:18.588+0000] {logging_mixin.py:188} INFO - Downloaded transactions/date=2026-07-27/transactions_090357760100.parquet -> /tmp/minio_downloads/transactions_090357760100.parquet
[2026-08-05T08:46:18.616+0000] {logging_mixin.py:188} INFO - Downloaded transactions/date=2026-07-27/transactions_090357801435.parquet -> /tmp/minio_downloads/transactions_090357801435.parquet
[2026-08-05T08:46:18.640+0000] {logging_mixin.py:188} INFO - Downloaded transactions/date=2026-07-27/transactions_090357851905.parquet -> /tmp/minio_downloads/transactions_090357851905.parquet
[2026-08-05T08:46:18.665+0000] {logging_mixin.py:188} INFO - Downloaded transactions/date=2026-07-27/transactions_090357912801.parquet -> /tmp/minio_downloads/transactions_090357912801.parquet
[2026-08-05T08:46:18.688+0000] {logging_mixin.py:188} INFO - Downloaded transactions/date=2026-07-27/transactions_090357960568.parquet -> /tmp/minio_downloads/transactions_090357960568.parquet
[2026-08-05T08:46:18.713+0000] {logging_mixin.py:188} INFO - Downloaded transactions/date=2026-07-27/transactions_090358004849.parquet -> /tmp/minio_downloads/transactions_090358004849.parquet
[2026-08-05T08:46:18.737+0000] {logging_mixin.py:188} INFO - Downloaded transactions/date=2026-07-27/transactions_090358056560.parquet -> /tmp/minio_downloads/transactions_090358056560.parquet
[2026-08-05T08:46:18.762+0000] {logging_mixin.py:188} INFO - Downloaded transactions/date=2026-07-27/transactions_090358105593.parquet -> /tmp/minio_downloads/transactions_090358105593.parquet
[2026-08-05T08:46:18.786+0000] {logging_mixin.py:188} INFO - Downloaded transactions/date=2026-07-27/transactions_090358162181.parquet -> /tmp/minio_downloads/transactions_090358162181.parquet
[2026-08-05T08:46:18.811+0000] {logging_mixin.py:188} INFO - Downloaded transactions/date=2026-07-27/transactions_090358208325.parquet -> /tmp/minio_downloads/transactions_090358208325.parquet
[2026-08-05T08:46:18.835+0000] {logging_mixin.py:188} INFO - Downloaded transactions/date=2026-07-27/transactions_090358259907.parquet -> /tmp/minio_downloads/transactions_090358259907.parquet
[2026-08-05T08:46:18.860+0000] {logging_mixin.py:188} INFO - Downloaded transactions/date=2026-07-27/transactions_090358303300.parquet -> /tmp/minio_downloads/transactions_090358303300.parquet
[2026-08-05T08:46:18.886+0000] {logging_mixin.py:188} INFO - Downloaded transactions/date=2026-07-27/transactions_090358355686.parquet -> /tmp/minio_downloads/transactions_090358355686.parquet
[2026-08-05T08:46:18.911+0000] {logging_mixin.py:188} INFO - Downloaded transactions/date=2026-07-27/transactions_090358405389.parquet -> /tmp/minio_downloads/transactions_090358405389.parquet
[2026-08-05T08:46:18.937+0000] {logging_mixin.py:188} INFO - Downloaded transactions/date=2026-07-27/transactions_090358443895.parquet -> /tmp/minio_downloads/transactions_090358443895.parquet
[2026-08-05T08:46:18.962+0000] {logging_mixin.py:188} INFO - Downloaded transactions/date=2026-07-27/transactions_090358557096.parquet -> /tmp/minio_downloads/transactions_090358557096.parquet
[2026-08-05T08:46:18.991+0000] {logging_mixin.py:188} INFO - Downloaded transactions/date=2026-07-27/transactions_090358604150.parquet -> /tmp/minio_downloads/transactions_090358604150.parquet
[2026-08-05T08:46:19.019+0000] {logging_mixin.py:188} INFO - Downloaded transactions/date=2026-07-27/transactions_090358674157.parquet -> /tmp/minio_downloads/transactions_090358674157.parquet
[2026-08-05T08:46:19.048+0000] {logging_mixin.py:188} INFO - Downloaded transactions/date=2026-07-27/transactions_090358720067.parquet -> /tmp/minio_downloads/transactions_090358720067.parquet
[2026-08-05T08:46:19.076+0000] {logging_mixin.py:188} INFO - Downloaded transactions/date=2026-07-27/transactions_090358769853.parquet -> /tmp/minio_downloads/transactions_090358769853.parquet
[2026-08-05T08:46:19.101+0000] {logging_mixin.py:188} INFO - Downloaded transactions/date=2026-07-27/transactions_090358814455.parquet -> /tmp/minio_downloads/transactions_090358814455.parquet
[2026-08-05T08:46:19.124+0000] {logging_mixin.py:188} INFO - Downloaded transactions/date=2026-07-27/transactions_090358863524.parquet -> /tmp/minio_downloads/transactions_090358863524.parquet
[2026-08-05T08:46:19.149+0000] {logging_mixin.py:188} INFO - Downloaded transactions/date=2026-07-27/transactions_090358934392.parquet -> /tmp/minio_downloads/transactions_090358934392.parquet
[2026-08-05T08:46:19.178+0000] {logging_mixin.py:188} INFO - Downloaded transactions/date=2026-07-27/transactions_090358979341.parquet -> /tmp/minio_downloads/transactions_090358979341.parquet
[2026-08-05T08:46:19.207+0000] {logging_mixin.py:188} INFO - Downloaded transactions/date=2026-07-27/transactions_090359023383.parquet -> /tmp/minio_downloads/transactions_090359023383.parquet
[2026-08-05T08:46:19.235+0000] {logging_mixin.py:188} INFO - Downloaded transactions/date=2026-07-27/transactions_090359073300.parquet -> /tmp/minio_downloads/transactions_090359073300.parquet
[2026-08-05T08:46:19.265+0000] {logging_mixin.py:188} INFO - Downloaded transactions/date=2026-07-27/transactions_090359125859.parquet -> /tmp/minio_downloads/transactions_090359125859.parquet
[2026-08-05T08:46:19.295+0000] {logging_mixin.py:188} INFO - Downloaded transactions/date=2026-07-27/transactions_090359170062.parquet -> /tmp/minio_downloads/transactions_090359170062.parquet
[2026-08-05T08:46:19.322+0000] {logging_mixin.py:188} INFO - Downloaded transactions/date=2026-07-27/transactions_090359215423.parquet -> /tmp/minio_downloads/transactions_090359215423.parquet
[2026-08-05T08:46:19.349+0000] {logging_mixin.py:188} INFO - Downloaded transactions/date=2026-07-27/transactions_090359261771.parquet -> /tmp/minio_downloads/transactions_090359261771.parquet
[2026-08-05T08:46:19.376+0000] {logging_mixin.py:188} INFO - Downloaded transactions/date=2026-07-27/transactions_090359309259.parquet -> /tmp/minio_downloads/transactions_090359309259.parquet
[2026-08-05T08:46:19.406+0000] {logging_mixin.py:188} INFO - Downloaded transactions/date=2026-07-27/transactions_090359352159.parquet -> /tmp/minio_downloads/transactions_090359352159.parquet
[2026-08-05T08:46:19.437+0000] {logging_mixin.py:188} INFO - Downloaded transactions/date=2026-07-27/transactions_090359412076.parquet -> /tmp/minio_downloads/transactions_090359412076.parquet
[2026-08-05T08:46:19.466+0000] {logging_mixin.py:188} INFO - Downloaded transactions/date=2026-07-27/transactions_090359479421.parquet -> /tmp/minio_downloads/transactions_090359479421.parquet
[2026-08-05T08:46:19.506+0000] {logging_mixin.py:188} INFO - Downloaded transactions/date=2026-07-27/transactions_090359532828.parquet -> /tmp/minio_downloads/transactions_090359532828.parquet
[2026-08-05T08:46:19.532+0000] {logging_mixin.py:188} INFO - Downloaded transactions/date=2026-07-27/transactions_090359614357.parquet -> /tmp/minio_downloads/transactions_090359614357.parquet
[2026-08-05T08:46:19.558+0000] {logging_mixin.py:188} INFO - Downloaded transactions/date=2026-07-27/transactions_090359687534.parquet -> /tmp/minio_downloads/transactions_090359687534.parquet
[2026-08-05T08:46:19.583+0000] {logging_mixin.py:188} INFO - Downloaded transactions/date=2026-07-27/transactions_090359742743.parquet -> /tmp/minio_downloads/transactions_090359742743.parquet
[2026-08-05T08:46:19.609+0000] {logging_mixin.py:188} INFO - Downloaded transactions/date=2026-07-27/transactions_090359809288.parquet -> /tmp/minio_downloads/transactions_090359809288.parquet
[2026-08-05T08:46:19.633+0000] {logging_mixin.py:188} INFO - Downloaded transactions/date=2026-07-27/transactions_090359858103.parquet -> /tmp/minio_downloads/transactions_090359858103.parquet
[2026-08-05T08:46:19.658+0000] {logging_mixin.py:188} INFO - Downloaded transactions/date=2026-07-27/transactions_090359917897.parquet -> /tmp/minio_downloads/transactions_090359917897.parquet
[2026-08-05T08:46:19.684+0000] {logging_mixin.py:188} INFO - Downloaded transactions/date=2026-07-27/transactions_090359961638.parquet -> /tmp/minio_downloads/transactions_090359961638.parquet
[2026-08-05T08:46:19.709+0000] {logging_mixin.py:188} INFO - Downloaded transactions/date=2026-07-27/transactions_090400008307.parquet -> /tmp/minio_downloads/transactions_090400008307.parquet
[2026-08-05T08:46:19.735+0000] {logging_mixin.py:188} INFO - Downloaded transactions/date=2026-07-27/transactions_090400055652.parquet -> /tmp/minio_downloads/transactions_090400055652.parquet
[2026-08-05T08:46:19.760+0000] {logging_mixin.py:188} INFO - Downloaded transactions/date=2026-07-27/transactions_090400100974.parquet -> /tmp/minio_downloads/transactions_090400100974.parquet
[2026-08-05T08:46:19.784+0000] {logging_mixin.py:188} INFO - Downloaded transactions/date=2026-07-27/transactions_090400154865.parquet -> /tmp/minio_downloads/transactions_090400154865.parquet
[2026-08-05T08:46:19.812+0000] {logging_mixin.py:188} INFO - Downloaded transactions/date=2026-07-27/transactions_090400199579.parquet -> /tmp/minio_downloads/transactions_090400199579.parquet
[2026-08-05T08:46:19.839+0000] {logging_mixin.py:188} INFO - Downloaded transactions/date=2026-07-27/transactions_090400244645.parquet -> /tmp/minio_downloads/transactions_090400244645.parquet
[2026-08-05T08:46:19.865+0000] {logging_mixin.py:188} INFO - Downloaded transactions/date=2026-07-27/transactions_090400302861.parquet -> /tmp/minio_downloads/transactions_090400302861.parquet
[2026-08-05T08:46:19.891+0000] {logging_mixin.py:188} INFO - Downloaded transactions/date=2026-07-27/transactions_090400414726.parquet -> /tmp/minio_downloads/transactions_090400414726.parquet
[2026-08-05T08:46:19.916+0000] {logging_mixin.py:188} INFO - Downloaded transactions/date=2026-07-27/transactions_090400462155.parquet -> /tmp/minio_downloads/transactions_090400462155.parquet
[2026-08-05T08:46:19.941+0000] {logging_mixin.py:188} INFO - Downloaded transactions/date=2026-07-27/transactions_090400508113.parquet -> /tmp/minio_downloads/transactions_090400508113.parquet
[2026-08-05T08:46:19.966+0000] {logging_mixin.py:188} INFO - Downloaded transactions/date=2026-07-27/transactions_090400551760.parquet -> /tmp/minio_downloads/transactions_090400551760.parquet
[2026-08-05T08:46:19.991+0000] {logging_mixin.py:188} INFO - Downloaded transactions/date=2026-07-27/transactions_090400598796.parquet -> /tmp/minio_downloads/transactions_090400598796.parquet
[2026-08-05T08:46:20.016+0000] {logging_mixin.py:188} INFO - Downloaded transactions/date=2026-07-27/transactions_090400650307.parquet -> /tmp/minio_downloads/transactions_090400650307.parquet
[2026-08-05T08:46:20.041+0000] {logging_mixin.py:188} INFO - Downloaded transactions/date=2026-07-27/transactions_090400718652.parquet -> /tmp/minio_downloads/transactions_090400718652.parquet
[2026-08-05T08:46:20.068+0000] {logging_mixin.py:188} INFO - Downloaded transactions/date=2026-07-27/transactions_090400764108.parquet -> /tmp/minio_downloads/transactions_090400764108.parquet
[2026-08-05T08:46:20.094+0000] {logging_mixin.py:188} INFO - Downloaded transactions/date=2026-07-27/transactions_090400811028.parquet -> /tmp/minio_downloads/transactions_090400811028.parquet
[2026-08-05T08:46:20.122+0000] {logging_mixin.py:188} INFO - Downloaded transactions/date=2026-07-27/transactions_090400854504.parquet -> /tmp/minio_downloads/transactions_090400854504.parquet
[2026-08-05T08:46:20.149+0000] {logging_mixin.py:188} INFO - Downloaded transactions/date=2026-07-27/transactions_090400901832.parquet -> /tmp/minio_downloads/transactions_090400901832.parquet
[2026-08-05T08:46:20.173+0000] {logging_mixin.py:188} INFO - Downloaded transactions/date=2026-07-27/transactions_090400963088.parquet -> /tmp/minio_downloads/transactions_090400963088.parquet
[2026-08-05T08:46:20.199+0000] {logging_mixin.py:188} INFO - Downloaded transactions/date=2026-07-27/transactions_090401013096.parquet -> /tmp/minio_downloads/transactions_090401013096.parquet
[2026-08-05T08:46:20.223+0000] {logging_mixin.py:188} INFO - Downloaded transactions/date=2026-07-27/transactions_090401055274.parquet -> /tmp/minio_downloads/transactions_090401055274.parquet
[2026-08-05T08:46:20.248+0000] {logging_mixin.py:188} INFO - Downloaded transactions/date=2026-07-27/transactions_090401109174.parquet -> /tmp/minio_downloads/transactions_090401109174.parquet
[2026-08-05T08:46:20.274+0000] {logging_mixin.py:188} INFO - Downloaded transactions/date=2026-07-27/transactions_090401158400.parquet -> /tmp/minio_downloads/transactions_090401158400.parquet
[2026-08-05T08:46:20.298+0000] {logging_mixin.py:188} INFO - Downloaded transactions/date=2026-07-27/transactions_090401204691.parquet -> /tmp/minio_downloads/transactions_090401204691.parquet
[2026-08-05T08:46:20.322+0000] {logging_mixin.py:188} INFO - Downloaded transactions/date=2026-07-27/transactions_090401251759.parquet -> /tmp/minio_downloads/transactions_090401251759.parquet
[2026-08-05T08:46:20.347+0000] {logging_mixin.py:188} INFO - Downloaded transactions/date=2026-07-27/transactions_090401308097.parquet -> /tmp/minio_downloads/transactions_090401308097.parquet
[2026-08-05T08:46:20.372+0000] {logging_mixin.py:188} INFO - Downloaded transactions/date=2026-07-27/transactions_090401353068.parquet -> /tmp/minio_downloads/transactions_090401353068.parquet
[2026-08-05T08:46:20.405+0000] {logging_mixin.py:188} INFO - Downloaded transactions/date=2026-07-27/transactions_090401399897.parquet -> /tmp/minio_downloads/transactions_090401399897.parquet
[2026-08-05T08:46:20.433+0000] {logging_mixin.py:188} INFO - Downloaded transactions/date=2026-07-27/transactions_090401443951.parquet -> /tmp/minio_downloads/transactions_090401443951.parquet
[2026-08-05T08:46:20.461+0000] {logging_mixin.py:188} INFO - Downloaded transactions/date=2026-07-27/transactions_090401488223.parquet -> /tmp/minio_downloads/transactions_090401488223.parquet
[2026-08-05T08:46:20.486+0000] {logging_mixin.py:188} INFO - Downloaded transactions/date=2026-07-27/transactions_090401532150.parquet -> /tmp/minio_downloads/transactions_090401532150.parquet
[2026-08-05T08:46:20.512+0000] {logging_mixin.py:188} INFO - Downloaded transactions/date=2026-07-27/transactions_090401575172.parquet -> /tmp/minio_downloads/transactions_090401575172.parquet
[2026-08-05T08:46:20.536+0000] {logging_mixin.py:188} INFO - Downloaded transactions/date=2026-07-27/transactions_090401621799.parquet -> /tmp/minio_downloads/transactions_090401621799.parquet
[2026-08-05T08:46:20.561+0000] {logging_mixin.py:188} INFO - Downloaded transactions/date=2026-07-27/transactions_090406088254.parquet -> /tmp/minio_downloads/transactions_090406088254.parquet
[2026-08-05T08:46:20.586+0000] {logging_mixin.py:188} INFO - Downloaded transactions/date=2026-07-27/transactions_090406146940.parquet -> /tmp/minio_downloads/transactions_090406146940.parquet
[2026-08-05T08:46:20.611+0000] {logging_mixin.py:188} INFO - Downloaded transactions/date=2026-07-27/transactions_090406202556.parquet -> /tmp/minio_downloads/transactions_090406202556.parquet
[2026-08-05T08:46:20.639+0000] {logging_mixin.py:188} INFO - Downloaded transactions/date=2026-07-27/transactions_090406248287.parquet -> /tmp/minio_downloads/transactions_090406248287.parquet
[2026-08-05T08:46:20.665+0000] {logging_mixin.py:188} INFO - Downloaded transactions/date=2026-07-27/transactions_090406323372.parquet -> /tmp/minio_downloads/transactions_090406323372.parquet
[2026-08-05T08:46:20.689+0000] {logging_mixin.py:188} INFO - Downloaded transactions/date=2026-07-27/transactions_090406401429.parquet -> /tmp/minio_downloads/transactions_090406401429.parquet
[2026-08-05T08:46:20.714+0000] {logging_mixin.py:188} INFO - Downloaded transactions/date=2026-07-27/transactions_090406455142.parquet -> /tmp/minio_downloads/transactions_090406455142.parquet
[2026-08-05T08:46:20.739+0000] {logging_mixin.py:188} INFO - Downloaded transactions/date=2026-07-27/transactions_090406512296.parquet -> /tmp/minio_downloads/transactions_090406512296.parquet
[2026-08-05T08:46:20.763+0000] {logging_mixin.py:188} INFO - Downloaded transactions/date=2026-07-27/transactions_090406599805.parquet -> /tmp/minio_downloads/transactions_090406599805.parquet
[2026-08-05T08:46:20.789+0000] {logging_mixin.py:188} INFO - Downloaded transactions/date=2026-07-27/transactions_090406655922.parquet -> /tmp/minio_downloads/transactions_090406655922.parquet
[2026-08-05T08:46:20.814+0000] {logging_mixin.py:188} INFO - Downloaded transactions/date=2026-07-27/transactions_090406718291.parquet -> /tmp/minio_downloads/transactions_090406718291.parquet
[2026-08-05T08:46:20.840+0000] {logging_mixin.py:188} INFO - Downloaded transactions/date=2026-07-27/transactions_090406794188.parquet -> /tmp/minio_downloads/transactions_090406794188.parquet
[2026-08-05T08:46:20.865+0000] {logging_mixin.py:188} INFO - Downloaded transactions/date=2026-07-27/transactions_090406889864.parquet -> /tmp/minio_downloads/transactions_090406889864.parquet
[2026-08-05T08:46:20.891+0000] {logging_mixin.py:188} INFO - Downloaded transactions/date=2026-07-27/transactions_090406963161.parquet -> /tmp/minio_downloads/transactions_090406963161.parquet
[2026-08-05T08:46:20.917+0000] {logging_mixin.py:188} INFO - Downloaded transactions/date=2026-07-27/transactions_090407014526.parquet -> /tmp/minio_downloads/transactions_090407014526.parquet
[2026-08-05T08:46:20.943+0000] {logging_mixin.py:188} INFO - Downloaded transactions/date=2026-07-27/transactions_090407064895.parquet -> /tmp/minio_downloads/transactions_090407064895.parquet
[2026-08-05T08:46:20.969+0000] {logging_mixin.py:188} INFO - Downloaded transactions/date=2026-07-27/transactions_090407119617.parquet -> /tmp/minio_downloads/transactions_090407119617.parquet
[2026-08-05T08:46:20.994+0000] {logging_mixin.py:188} INFO - Downloaded transactions/date=2026-07-27/transactions_090407171988.parquet -> /tmp/minio_downloads/transactions_090407171988.parquet
[2026-08-05T08:46:21.019+0000] {logging_mixin.py:188} INFO - Downloaded transactions/date=2026-07-27/transactions_090407247987.parquet -> /tmp/minio_downloads/transactions_090407247987.parquet
[2026-08-05T08:46:21.085+0000] {logging_mixin.py:188} INFO - Downloaded transactions/date=2026-07-27/transactions_090407315896.parquet -> /tmp/minio_downloads/transactions_090407315896.parquet
[2026-08-05T08:46:21.147+0000] {logging_mixin.py:188} INFO - Downloaded transactions/date=2026-07-27/transactions_090407371463.parquet -> /tmp/minio_downloads/transactions_090407371463.parquet
[2026-08-05T08:46:21.177+0000] {logging_mixin.py:188} INFO - Downloaded transactions/date=2026-07-27/transactions_090407450009.parquet -> /tmp/minio_downloads/transactions_090407450009.parquet
[2026-08-05T08:46:21.204+0000] {logging_mixin.py:188} INFO - Downloaded transactions/date=2026-07-27/transactions_090407516292.parquet -> /tmp/minio_downloads/transactions_090407516292.parquet
[2026-08-05T08:46:21.232+0000] {logging_mixin.py:188} INFO - Downloaded transactions/date=2026-07-27/transactions_090407566961.parquet -> /tmp/minio_downloads/transactions_090407566961.parquet
[2026-08-05T08:46:21.258+0000] {logging_mixin.py:188} INFO - Downloaded transactions/date=2026-07-27/transactions_090407631725.parquet -> /tmp/minio_downloads/transactions_090407631725.parquet
[2026-08-05T08:46:21.285+0000] {logging_mixin.py:188} INFO - Downloaded transactions/date=2026-07-27/transactions_090407676314.parquet -> /tmp/minio_downloads/transactions_090407676314.parquet
[2026-08-05T08:46:21.308+0000] {logging_mixin.py:188} INFO - Downloaded transactions/date=2026-07-27/transactions_090407722561.parquet -> /tmp/minio_downloads/transactions_090407722561.parquet
[2026-08-05T08:46:21.332+0000] {logging_mixin.py:188} INFO - Downloaded transactions/date=2026-07-27/transactions_090407771326.parquet -> /tmp/minio_downloads/transactions_090407771326.parquet
[2026-08-05T08:46:21.358+0000] {logging_mixin.py:188} INFO - Downloaded transactions/date=2026-07-27/transactions_090407819465.parquet -> /tmp/minio_downloads/transactions_090407819465.parquet
[2026-08-05T08:46:21.384+0000] {logging_mixin.py:188} INFO - Downloaded transactions/date=2026-07-27/transactions_090407866042.parquet -> /tmp/minio_downloads/transactions_090407866042.parquet
[2026-08-05T08:46:21.415+0000] {logging_mixin.py:188} INFO - Downloaded transactions/date=2026-07-27/transactions_090408004044.parquet -> /tmp/minio_downloads/transactions_090408004044.parquet
[2026-08-05T08:46:21.442+0000] {logging_mixin.py:188} INFO - Downloaded transactions/date=2026-07-27/transactions_090408052782.parquet -> /tmp/minio_downloads/transactions_090408052782.parquet
[2026-08-05T08:46:21.469+0000] {logging_mixin.py:188} INFO - Downloaded transactions/date=2026-07-27/transactions_090408101485.parquet -> /tmp/minio_downloads/transactions_090408101485.parquet
[2026-08-05T08:46:21.495+0000] {logging_mixin.py:188} INFO - Downloaded transactions/date=2026-07-27/transactions_090408154313.parquet -> /tmp/minio_downloads/transactions_090408154313.parquet
[2026-08-05T08:46:21.523+0000] {logging_mixin.py:188} INFO - Downloaded transactions/date=2026-07-27/transactions_090408200528.parquet -> /tmp/minio_downloads/transactions_090408200528.parquet
[2026-08-05T08:46:21.550+0000] {logging_mixin.py:188} INFO - Downloaded transactions/date=2026-07-27/transactions_090408249018.parquet -> /tmp/minio_downloads/transactions_090408249018.parquet
[2026-08-05T08:46:21.575+0000] {logging_mixin.py:188} INFO - Downloaded transactions/date=2026-07-27/transactions_090408312965.parquet -> /tmp/minio_downloads/transactions_090408312965.parquet
[2026-08-05T08:46:21.600+0000] {logging_mixin.py:188} INFO - Downloaded transactions/date=2026-07-27/transactions_090408375640.parquet -> /tmp/minio_downloads/transactions_090408375640.parquet
[2026-08-05T08:46:21.626+0000] {logging_mixin.py:188} INFO - Downloaded transactions/date=2026-07-27/transactions_090408429805.parquet -> /tmp/minio_downloads/transactions_090408429805.parquet
[2026-08-05T08:46:21.652+0000] {logging_mixin.py:188} INFO - Downloaded transactions/date=2026-07-27/transactions_090408481925.parquet -> /tmp/minio_downloads/transactions_090408481925.parquet
[2026-08-05T08:46:21.678+0000] {logging_mixin.py:188} INFO - Downloaded transactions/date=2026-07-27/transactions_090408529318.parquet -> /tmp/minio_downloads/transactions_090408529318.parquet
[2026-08-05T08:46:21.704+0000] {logging_mixin.py:188} INFO - Downloaded transactions/date=2026-07-27/transactions_090408587037.parquet -> /tmp/minio_downloads/transactions_090408587037.parquet
[2026-08-05T08:46:21.730+0000] {logging_mixin.py:188} INFO - Downloaded transactions/date=2026-07-27/transactions_090408632655.parquet -> /tmp/minio_downloads/transactions_090408632655.parquet
[2026-08-05T08:46:21.756+0000] {logging_mixin.py:188} INFO - Downloaded transactions/date=2026-07-27/transactions_090408679433.parquet -> /tmp/minio_downloads/transactions_090408679433.parquet
[2026-08-05T08:46:21.783+0000] {logging_mixin.py:188} INFO - Downloaded transactions/date=2026-07-27/transactions_090408727398.parquet -> /tmp/minio_downloads/transactions_090408727398.parquet
[2026-08-05T08:46:21.810+0000] {logging_mixin.py:188} INFO - Downloaded transactions/date=2026-07-27/transactions_090408782212.parquet -> /tmp/minio_downloads/transactions_090408782212.parquet
[2026-08-05T08:46:21.836+0000] {logging_mixin.py:188} INFO - Downloaded transactions/date=2026-07-27/transactions_090408835529.parquet -> /tmp/minio_downloads/transactions_090408835529.parquet
[2026-08-05T08:46:21.864+0000] {logging_mixin.py:188} INFO - Downloaded transactions/date=2026-07-27/transactions_090408886244.parquet -> /tmp/minio_downloads/transactions_090408886244.parquet
[2026-08-05T08:46:21.891+0000] {logging_mixin.py:188} INFO - Downloaded transactions/date=2026-07-27/transactions_090408932712.parquet -> /tmp/minio_downloads/transactions_090408932712.parquet
[2026-08-05T08:46:21.918+0000] {logging_mixin.py:188} INFO - Downloaded transactions/date=2026-07-27/transactions_090409006680.parquet -> /tmp/minio_downloads/transactions_090409006680.parquet
[2026-08-05T08:46:21.944+0000] {logging_mixin.py:188} INFO - Downloaded transactions/date=2026-07-27/transactions_090409060002.parquet -> /tmp/minio_downloads/transactions_090409060002.parquet
[2026-08-05T08:46:21.971+0000] {logging_mixin.py:188} INFO - Downloaded transactions/date=2026-07-27/transactions_090409104703.parquet -> /tmp/minio_downloads/transactions_090409104703.parquet
[2026-08-05T08:46:21.996+0000] {logging_mixin.py:188} INFO - Downloaded transactions/date=2026-07-27/transactions_090409152569.parquet -> /tmp/minio_downloads/transactions_090409152569.parquet
[2026-08-05T08:46:22.031+0000] {logging_mixin.py:188} INFO - Downloaded transactions/date=2026-07-27/transactions_090409197963.parquet -> /tmp/minio_downloads/transactions_090409197963.parquet
[2026-08-05T08:46:22.060+0000] {logging_mixin.py:188} INFO - Downloaded transactions/date=2026-07-27/transactions_090409244623.parquet -> /tmp/minio_downloads/transactions_090409244623.parquet
[2026-08-05T08:46:22.085+0000] {logging_mixin.py:188} INFO - Downloaded transactions/date=2026-07-27/transactions_090409296690.parquet -> /tmp/minio_downloads/transactions_090409296690.parquet
[2026-08-05T08:46:22.111+0000] {logging_mixin.py:188} INFO - Downloaded transactions/date=2026-07-27/transactions_090409372121.parquet -> /tmp/minio_downloads/transactions_090409372121.parquet
[2026-08-05T08:46:22.141+0000] {logging_mixin.py:188} INFO - Downloaded transactions/date=2026-07-27/transactions_090409417527.parquet -> /tmp/minio_downloads/transactions_090409417527.parquet
[2026-08-05T08:46:22.166+0000] {logging_mixin.py:188} INFO - Downloaded transactions/date=2026-07-27/transactions_090409479691.parquet -> /tmp/minio_downloads/transactions_090409479691.parquet
[2026-08-05T08:46:22.191+0000] {logging_mixin.py:188} INFO - Downloaded transactions/date=2026-07-27/transactions_090409546407.parquet -> /tmp/minio_downloads/transactions_090409546407.parquet
[2026-08-05T08:46:22.217+0000] {logging_mixin.py:188} INFO - Downloaded transactions/date=2026-07-27/transactions_090409623927.parquet -> /tmp/minio_downloads/transactions_090409623927.parquet
[2026-08-05T08:46:22.245+0000] {logging_mixin.py:188} INFO - Downloaded transactions/date=2026-07-27/transactions_090409676239.parquet -> /tmp/minio_downloads/transactions_090409676239.parquet
[2026-08-05T08:46:22.272+0000] {logging_mixin.py:188} INFO - Downloaded transactions/date=2026-07-27/transactions_090409719991.parquet -> /tmp/minio_downloads/transactions_090409719991.parquet
[2026-08-05T08:46:22.296+0000] {logging_mixin.py:188} INFO - Downloaded transactions/date=2026-07-27/transactions_090409773039.parquet -> /tmp/minio_downloads/transactions_090409773039.parquet
[2026-08-05T08:46:22.323+0000] {logging_mixin.py:188} INFO - Downloaded transactions/date=2026-07-27/transactions_090409828550.parquet -> /tmp/minio_downloads/transactions_090409828550.parquet
[2026-08-05T08:46:22.349+0000] {logging_mixin.py:188} INFO - Downloaded transactions/date=2026-07-27/transactions_090409882190.parquet -> /tmp/minio_downloads/transactions_090409882190.parquet
[2026-08-05T08:46:22.375+0000] {logging_mixin.py:188} INFO - Downloaded transactions/date=2026-07-27/transactions_090409928613.parquet -> /tmp/minio_downloads/transactions_090409928613.parquet
[2026-08-05T08:46:22.404+0000] {logging_mixin.py:188} INFO - Downloaded transactions/date=2026-07-27/transactions_090409979789.parquet -> /tmp/minio_downloads/transactions_090409979789.parquet
[2026-08-05T08:46:22.433+0000] {logging_mixin.py:188} INFO - Downloaded transactions/date=2026-07-27/transactions_090410029506.parquet -> /tmp/minio_downloads/transactions_090410029506.parquet
[2026-08-05T08:46:22.461+0000] {logging_mixin.py:188} INFO - Downloaded transactions/date=2026-07-27/transactions_090410087550.parquet -> /tmp/minio_downloads/transactions_090410087550.parquet
[2026-08-05T08:46:22.508+0000] {logging_mixin.py:188} INFO - Downloaded transactions/date=2026-07-27/transactions_090410197433.parquet -> /tmp/minio_downloads/transactions_090410197433.parquet
[2026-08-05T08:46:22.537+0000] {logging_mixin.py:188} INFO - Downloaded transactions/date=2026-07-27/transactions_090410244821.parquet -> /tmp/minio_downloads/transactions_090410244821.parquet
[2026-08-05T08:46:22.569+0000] {logging_mixin.py:188} INFO - Downloaded transactions/date=2026-07-27/transactions_090410290192.parquet -> /tmp/minio_downloads/transactions_090410290192.parquet
[2026-08-05T08:46:22.601+0000] {logging_mixin.py:188} INFO - Downloaded transactions/date=2026-07-27/transactions_090410344860.parquet -> /tmp/minio_downloads/transactions_090410344860.parquet
[2026-08-05T08:46:22.628+0000] {logging_mixin.py:188} INFO - Downloaded transactions/date=2026-07-27/transactions_090410400587.parquet -> /tmp/minio_downloads/transactions_090410400587.parquet
[2026-08-05T08:46:22.674+0000] {logging_mixin.py:188} INFO - Downloaded transactions/date=2026-07-27/transactions_090410457697.parquet -> /tmp/minio_downloads/transactions_090410457697.parquet
[2026-08-05T08:46:22.702+0000] {logging_mixin.py:188} INFO - Downloaded transactions/date=2026-07-27/transactions_090410525442.parquet -> /tmp/minio_downloads/transactions_090410525442.parquet
[2026-08-05T08:46:22.741+0000] {logging_mixin.py:188} INFO - Downloaded transactions/date=2026-07-27/transactions_090410572839.parquet -> /tmp/minio_downloads/transactions_090410572839.parquet
[2026-08-05T08:46:22.775+0000] {logging_mixin.py:188} INFO - Downloaded transactions/date=2026-07-27/transactions_090410619421.parquet -> /tmp/minio_downloads/transactions_090410619421.parquet
[2026-08-05T08:46:22.778+0000] {python.py:237} INFO - Done. Returned value was: {'customers': ['/tmp/minio_downloads/customers_090401672966.parquet', '/tmp/minio_downloads/customers_090401722071.parquet', '/tmp/minio_downloads/customers_090401771134.parquet', '/tmp/minio_downloads/customers_090401818881.parquet', '/tmp/minio_downloads/customers_090401869659.parquet', '/tmp/minio_downloads/customers_090401931845.parquet', '/tmp/minio_downloads/customers_090401994043.parquet', '/tmp/minio_downloads/customers_090402069924.parquet', '/tmp/minio_downloads/customers_090402133350.parquet', '/tmp/minio_downloads/customers_090402184633.parquet', '/tmp/minio_downloads/customers_090402234780.parquet', '/tmp/minio_downloads/customers_090402284973.parquet', '/tmp/minio_downloads/customers_090402342610.parquet', '/tmp/minio_downloads/customers_090402385711.parquet', '/tmp/minio_downloads/customers_090402449594.parquet', '/tmp/minio_downloads/customers_090402513017.parquet', '/tmp/minio_downloads/customers_090402644591.parquet', '/tmp/minio_downloads/customers_090402707127.parquet', '/tmp/minio_downloads/customers_090402799962.parquet', '/tmp/minio_downloads/customers_090402929400.parquet', '/tmp/minio_downloads/customers_090402974349.parquet', '/tmp/minio_downloads/customers_090403023880.parquet', '/tmp/minio_downloads/customers_090403076220.parquet', '/tmp/minio_downloads/customers_090403139454.parquet', '/tmp/minio_downloads/customers_090403183405.parquet', '/tmp/minio_downloads/customers_090403246298.parquet', '/tmp/minio_downloads/customers_090403286232.parquet', '/tmp/minio_downloads/customers_090403337856.parquet', '/tmp/minio_downloads/customers_090403384511.parquet', '/tmp/minio_downloads/customers_090403430840.parquet', '/tmp/minio_downloads/customers_090403472396.parquet', '/tmp/minio_downloads/customers_090403524071.parquet', '/tmp/minio_downloads/customers_090403571705.parquet', '/tmp/minio_downloads/customers_090403614708.parquet', '/tmp/minio_downloads/customers_090403654848.parquet', '/tmp/minio_downloads/customers_090403702724.parquet', '/tmp/minio_downloads/customers_090403763292.parquet', '/tmp/minio_downloads/customers_090403806078.parquet', '/tmp/minio_downloads/customers_090403851544.parquet', '/tmp/minio_downloads/customers_090403894193.parquet', '/tmp/minio_downloads/customers_090403939509.parquet', '/tmp/minio_downloads/customers_090403987646.parquet', '/tmp/minio_downloads/customers_090404049607.parquet', '/tmp/minio_downloads/customers_090404098181.parquet', '/tmp/minio_downloads/customers_090404171962.parquet', '/tmp/minio_downloads/customers_090404227529.parquet', '/tmp/minio_downloads/customers_090404283728.parquet', '/tmp/minio_downloads/customers_090404337621.parquet', '/tmp/minio_downloads/customers_090404397305.parquet', '/tmp/minio_downloads/customers_090404443612.parquet', '/tmp/minio_downloads/customers_090404503420.parquet', '/tmp/minio_downloads/customers_090404569754.parquet', '/tmp/minio_downloads/customers_090404616505.parquet', '/tmp/minio_downloads/customers_090404676784.parquet', '/tmp/minio_downloads/customers_090404719565.parquet', '/tmp/minio_downloads/customers_090404776580.parquet', '/tmp/minio_downloads/customers_090404821131.parquet', '/tmp/minio_downloads/customers_090404867684.parquet', '/tmp/minio_downloads/customers_090404914078.parquet', '/tmp/minio_downloads/customers_090404956516.parquet', '/tmp/minio_downloads/customers_090405003694.parquet', '/tmp/minio_downloads/customers_090405050878.parquet', '/tmp/minio_downloads/customers_090405103797.parquet', '/tmp/minio_downloads/customers_090405150219.parquet', '/tmp/minio_downloads/customers_090405196488.parquet', '/tmp/minio_downloads/customers_090405243111.parquet', '/tmp/minio_downloads/customers_090405289533.parquet', '/tmp/minio_downloads/customers_090405335259.parquet', '/tmp/minio_downloads/customers_090405383930.parquet', '/tmp/minio_downloads/customers_090405425934.parquet', '/tmp/minio_downloads/customers_090405469859.parquet', '/tmp/minio_downloads/customers_090405511786.parquet', '/tmp/minio_downloads/customers_090405562635.parquet', '/tmp/minio_downloads/customers_090405606410.parquet', '/tmp/minio_downloads/customers_090405651960.parquet', '/tmp/minio_downloads/customers_090405695356.parquet', '/tmp/minio_downloads/customers_090405739251.parquet', '/tmp/minio_downloads/customers_090405796269.parquet', '/tmp/minio_downloads/customers_090405841506.parquet', '/tmp/minio_downloads/customers_090405899071.parquet', '/tmp/minio_downloads/customers_090405946991.parquet'], 'accounts': ['/tmp/minio_downloads/accounts_090335091997.parquet', '/tmp/minio_downloads/accounts_090335176229.parquet', '/tmp/minio_downloads/accounts_090335225617.parquet', '/tmp/minio_downloads/accounts_090335282589.parquet', '/tmp/minio_downloads/accounts_090335330376.parquet', '/tmp/minio_downloads/accounts_090335387463.parquet', '/tmp/minio_downloads/accounts_090335440093.parquet', '/tmp/minio_downloads/accounts_090335487667.parquet', '/tmp/minio_downloads/accounts_090335532736.parquet', '/tmp/minio_downloads/accounts_090335590697.parquet', '/tmp/minio_downloads/accounts_090335653590.parquet', '/tmp/minio_downloads/accounts_090335716922.parquet', '/tmp/minio_downloads/accounts_090335792915.parquet', '/tmp/minio_downloads/accounts_090335849416.parquet', '/tmp/minio_downloads/accounts_090335918492.parquet', '/tmp/minio_downloads/accounts_090336083229.parquet', '/tmp/minio_downloads/accounts_090336168129.parquet', '/tmp/minio_downloads/accounts_090336236734.parquet', '/tmp/minio_downloads/accounts_090336310038.parquet', '/tmp/minio_downloads/accounts_090336375803.parquet', '/tmp/minio_downloads/accounts_090336437610.parquet', '/tmp/minio_downloads/accounts_090336509130.parquet', '/tmp/minio_downloads/accounts_090336561573.parquet', '/tmp/minio_downloads/accounts_090336619969.parquet', '/tmp/minio_downloads/accounts_090336705658.parquet', '/tmp/minio_downloads/accounts_090336825221.parquet', '/tmp/minio_downloads/accounts_090336934222.parquet', '/tmp/minio_downloads/accounts_090336997264.parquet', '/tmp/minio_downloads/accounts_090337048145.parquet', '/tmp/minio_downloads/accounts_090337100657.parquet', '/tmp/minio_downloads/accounts_090337167701.parquet', '/tmp/minio_downloads/accounts_090337230404.parquet', '/tmp/minio_downloads/accounts_090337287200.parquet', '/tmp/minio_downloads/accounts_090337352500.parquet', '/tmp/minio_downloads/accounts_090337409970.parquet', '/tmp/minio_downloads/accounts_090337468206.parquet', '/tmp/minio_downloads/accounts_090337522740.parquet', '/tmp/minio_downloads/accounts_090337569811.parquet', '/tmp/minio_downloads/accounts_090337620416.parquet', '/tmp/minio_downloads/accounts_090337676744.parquet', '/tmp/minio_downloads/accounts_090337733973.parquet', '/tmp/minio_downloads/accounts_090337779357.parquet', '/tmp/minio_downloads/accounts_090337830813.parquet', '/tmp/minio_downloads/accounts_090337876213.parquet', '/tmp/minio_downloads/accounts_090337924905.parquet', '/tmp/minio_downloads/accounts_090337972586.parquet', '/tmp/minio_downloads/accounts_090338036313.parquet', '/tmp/minio_downloads/accounts_090338087498.parquet', '/tmp/minio_downloads/accounts_090338169836.parquet', '/tmp/minio_downloads/accounts_090338285836.parquet', '/tmp/minio_downloads/accounts_090338348416.parquet', '/tmp/minio_downloads/accounts_090338411783.parquet', '/tmp/minio_downloads/accounts_090338473298.parquet', '/tmp/minio_downloads/accounts_090338539756.parquet', '/tmp/minio_downloads/accounts_090338595444.parquet', '/tmp/minio_downloads/accounts_090338653969.parquet', '/tmp/minio_downloads/accounts_090338722877.parquet', '/tmp/minio_downloads/accounts_090338784168.parquet', '/tmp/minio_downloads/accounts_090338833026.parquet', '/tmp/minio_downloads/accounts_090338879214.parquet', '/tmp/minio_downloads/accounts_090338926904.parquet', '/tmp/minio_downloads/accounts_090338983217.parquet', '/tmp/minio_downloads/accounts_090339036915.parquet', '/tmp/minio_downloads/accounts_090339085807.parquet', '/tmp/minio_downloads/accounts_090339132135.parquet', '/tmp/minio_downloads/accounts_090339207270.parquet', '/tmp/minio_downloads/accounts_090339254198.parquet', '/tmp/minio_downloads/accounts_090339304672.parquet', '/tmp/minio_downloads/accounts_090339356197.parquet', '/tmp/minio_downloads/accounts_090339400231.parquet', '/tmp/minio_downloads/accounts_090339447900.parquet', '/tmp/minio_downloads/accounts_090339510332.parquet', '/tmp/minio_downloads/accounts_090339622965.parquet', '/tmp/minio_downloads/accounts_090339735170.parquet', '/tmp/minio_downloads/accounts_090339802636.parquet', '/tmp/minio_downloads/accounts_090339854967.parquet', '/tmp/minio_downloads/accounts_090339969786.parquet', '/tmp/minio_downloads/accounts_090340009828.parquet', '/tmp/minio_downloads/accounts_090340068304.parquet', '/tmp/minio_downloads/accounts_090340120996.parquet', '/tmp/minio_downloads/accounts_090340165119.parquet', '/tmp/minio_downloads/accounts_090340212592.parquet', '/tmp/minio_downloads/accounts_090340260214.parquet', '/tmp/minio_downloads/accounts_090340312209.parquet', '/tmp/minio_downloads/accounts_090340374831.parquet', '/tmp/minio_downloads/accounts_090340432009.parquet', '/tmp/minio_downloads/accounts_090340485198.parquet', '/tmp/minio_downloads/accounts_090340538086.parquet', '/tmp/minio_downloads/accounts_090340597267.parquet', '/tmp/minio_downloads/accounts_090340643366.parquet', '/tmp/minio_downloads/accounts_090340692918.parquet', '/tmp/minio_downloads/accounts_090340744816.parquet', '/tmp/minio_downloads/accounts_090340797221.parquet', '/tmp/minio_downloads/accounts_090340847915.parquet', '/tmp/minio_downloads/accounts_090340899651.parquet', '/tmp/minio_downloads/accounts_090340945226.parquet', '/tmp/minio_downloads/accounts_090341002128.parquet', '/tmp/minio_downloads/accounts_090341048588.parquet', '/tmp/minio_downloads/accounts_090341112017.parquet', '/tmp/minio_downloads/accounts_090341158981.parquet', '/tmp/minio_downloads/accounts_090341202568.parquet', '/tmp/minio_downloads/accounts_090341253926.parquet', '/tmp/minio_downloads/accounts_090341309247.parquet', '/tmp/minio_downloads/accounts_090341358146.parquet', '/tmp/minio_downloads/accounts_090341414601.parquet', '/tmp/minio_downloads/accounts_090341460477.parquet', '/tmp/minio_downloads/accounts_090341508932.parquet', '/tmp/minio_downloads/accounts_090341566052.parquet', '/tmp/minio_downloads/accounts_090341619353.parquet', '/tmp/minio_downloads/accounts_090341668762.parquet', '/tmp/minio_downloads/accounts_090341718138.parquet', '/tmp/minio_downloads/accounts_090341776387.parquet', '/tmp/minio_downloads/accounts_090341838405.parquet', '/tmp/minio_downloads/accounts_090341981608.parquet', '/tmp/minio_downloads/accounts_090342055992.parquet', '/tmp/minio_downloads/accounts_090342130644.parquet', '/tmp/minio_downloads/accounts_090342179195.parquet', '/tmp/minio_downloads/accounts_090342243528.parquet', '/tmp/minio_downloads/accounts_090342306582.parquet', '/tmp/minio_downloads/accounts_090342357790.parquet', '/tmp/minio_downloads/accounts_090342419173.parquet', '/tmp/minio_downloads/accounts_090342483724.parquet', '/tmp/minio_downloads/accounts_090342544707.parquet', '/tmp/minio_downloads/accounts_090342599697.parquet', '/tmp/minio_downloads/accounts_090342676207.parquet', '/tmp/minio_downloads/accounts_090342736945.parquet', '/tmp/minio_downloads/accounts_090342792308.parquet', '/tmp/minio_downloads/accounts_090342856333.parquet', '/tmp/minio_downloads/accounts_090342912162.parquet', '/tmp/minio_downloads/accounts_090342961837.parquet', '/tmp/minio_downloads/accounts_090343020787.parquet', '/tmp/minio_downloads/accounts_090343073815.parquet', '/tmp/minio_downloads/accounts_090343145518.parquet', '/tmp/minio_downloads/accounts_090343197072.parquet', '/tmp/minio_downloads/accounts_090343253148.parquet', '/tmp/minio_downloads/accounts_090343304398.parquet', '/tmp/minio_downloads/accounts_090343363086.parquet', '/tmp/minio_downloads/accounts_090343413316.parquet', '/tmp/minio_downloads/accounts_090343474555.parquet', '/tmp/minio_downloads/accounts_090343527458.parquet', '/tmp/minio_downloads/accounts_090343585034.parquet', '/tmp/minio_downloads/accounts_090343634679.parquet', '/tmp/minio_downloads/accounts_090343680435.parquet', '/tmp/minio_downloads/accounts_090343728598.parquet', '/tmp/minio_downloads/accounts_090343779632.parquet', '/tmp/minio_downloads/accounts_090343833916.parquet', '/tmp/minio_downloads/accounts_090343888730.parquet', '/tmp/minio_downloads/accounts_090343934679.parquet', '/tmp/minio_downloads/accounts_090343976827.parquet', '/tmp/minio_downloads/accounts_090344021032.parquet', '/tmp/minio_downloads/accounts_090344070350.parquet', '/tmp/minio_downloads/accounts_090344114475.parquet', '/tmp/minio_downloads/accounts_090344178771.parquet', '/tmp/minio_downloads/accounts_090344234782.parquet', '/tmp/minio_downloads/accounts_090344295645.parquet', '/tmp/minio_downloads/accounts_090344355098.parquet', '/tmp/minio_downloads/accounts_090344408224.parquet', '/tmp/minio_downloads/accounts_090344461455.parquet', '/tmp/minio_downloads/accounts_090344517205.parquet', '/tmp/minio_downloads/accounts_090344564860.parquet'], 'transactions': ['/tmp/minio_downloads/transactions_090344635325.parquet', '/tmp/minio_downloads/transactions_090344698403.parquet', '/tmp/minio_downloads/transactions_090344744646.parquet', '/tmp/minio_downloads/transactions_090344795789.parquet', '/tmp/minio_downloads/transactions_090344850100.parquet', '/tmp/minio_downloads/transactions_090344900109.parquet', '/tmp/minio_downloads/transactions_090344947492.parquet', '/tmp/minio_downloads/transactions_090344993567.parquet', '/tmp/minio_downloads/transactions_090345052242.parquet', '/tmp/minio_downloads/transactions_090345100340.parquet', '/tmp/minio_downloads/transactions_090345147085.parquet', '/tmp/minio_downloads/transactions_090345192944.parquet', '/tmp/minio_downloads/transactions_090345308408.parquet', '/tmp/minio_downloads/transactions_090345357692.parquet', '/tmp/minio_downloads/transactions_090345402851.parquet', '/tmp/minio_downloads/transactions_090345456814.parquet', '/tmp/minio_downloads/transactions_090345501980.parquet', '/tmp/minio_downloads/transactions_090345551838.parquet', '/tmp/minio_downloads/transactions_090345595622.parquet', '/tmp/minio_downloads/transactions_090345662310.parquet', '/tmp/minio_downloads/transactions_090345710767.parquet', '/tmp/minio_downloads/transactions_090345754288.parquet', '/tmp/minio_downloads/transactions_090345804973.parquet', '/tmp/minio_downloads/transactions_090345861683.parquet', '/tmp/minio_downloads/transactions_090345909777.parquet', '/tmp/minio_downloads/transactions_090345961293.parquet', '/tmp/minio_downloads/transactions_090346008937.parquet', '/tmp/minio_downloads/transactions_090346056562.parquet', '/tmp/minio_downloads/transactions_090346102527.parquet', '/tmp/minio_downloads/transactions_090346152705.parquet', '/tmp/minio_downloads/transactions_090346198936.parquet', '/tmp/minio_downloads/transactions_090346247151.parquet', '/tmp/minio_downloads/transactions_090346296845.parquet', '/tmp/minio_downloads/transactions_090346362045.parquet', '/tmp/minio_downloads/transactions_090346407218.parquet', '/tmp/minio_downloads/transactions_090346456355.parquet', '/tmp/minio_downloads/transactions_090346503975.parquet', '/tmp/minio_downloads/transactions_090346552820.parquet', '/tmp/minio_downloads/transactions_090346595247.parquet', '/tmp/minio_downloads/transactions_090346646157.parquet', '/tmp/minio_downloads/transactions_090346718780.parquet', '/tmp/minio_downloads/transactions_090346804433.parquet', '/tmp/minio_downloads/transactions_090346901001.parquet', '/tmp/minio_downloads/transactions_090346944243.parquet', '/tmp/minio_downloads/transactions_090346989485.parquet', '/tmp/minio_downloads/transactions_090347034187.parquet', '/tmp/minio_downloads/transactions_090347079809.parquet', '/tmp/minio_downloads/transactions_090347125087.parquet', '/tmp/minio_downloads/transactions_090347178696.parquet', '/tmp/minio_downloads/transactions_090347229220.parquet', '/tmp/minio_downloads/transactions_090347275437.parquet', '/tmp/minio_downloads/transactions_090347329417.parquet', '/tmp/minio_downloads/transactions_090347384750.parquet', '/tmp/minio_downloads/transactions_090347434686.parquet', '/tmp/minio_downloads/transactions_090347488696.parquet', '/tmp/minio_downloads/transactions_090347536914.parquet', '/tmp/minio_downloads/transactions_090347596012.parquet', '/tmp/minio_downloads/transactions_090347711514.parquet', '/tmp/minio_downloads/transactions_090347754828.parquet', '/tmp/minio_downloads/transactions_090347804639.parquet', '/tmp/minio_downloads/transactions_090347847633.parquet', '/tmp/minio_downloads/transactions_090347911934.parquet', '/tmp/minio_downloads/transactions_090347957527.parquet', '/tmp/minio_downloads/transactions_090348008862.parquet', '/tmp/minio_downloads/transactions_090348059997.parquet', '/tmp/minio_downloads/transactions_090348110511.parquet', '/tmp/minio_downloads/transactions_090348157671.parquet', '/tmp/minio_downloads/transactions_090348204374.parquet', '/tmp/minio_downloads/transactions_090348252573.parquet', '/tmp/minio_downloads/transactions_090348298605.parquet', '/tmp/minio_downloads/transactions_090348342378.parquet', '/tmp/minio_downloads/transactions_090348401092.parquet', '/tmp/minio_downloads/transactions_090348459158.parquet', '/tmp/minio_downloads/transactions_090348510411.parquet', '/tmp/minio_downloads/transactions_090348559775.parquet', '/tmp/minio_downloads/transactions_090348607300.parquet', '/tmp/minio_downloads/transactions_090348653264.parquet', '/tmp/minio_downloads/transactions_090348708374.parquet', '/tmp/minio_downloads/transactions_090348757425.parquet', '/tmp/minio_downloads/transactions_090348808601.parquet', '/tmp/minio_downloads/transactions_090348853162.parquet', '/tmp/minio_downloads/transactions_090348917946.parquet', '/tmp/minio_downloads/transactions_090348986480.parquet', '/tmp/minio_downloads/transactions_090349047306.parquet', '/tmp/minio_downloads/transactions_090349092982.parquet', '/tmp/minio_downloads/transactions_090349140604.parquet', '/tmp/minio_downloads/transactions_090349185139.parquet', '/tmp/minio_downloads/transactions_090349238746.parquet', '/tmp/minio_downloads/transactions_090349290508.parquet', '/tmp/minio_downloads/transactions_090349340716.parquet', '/tmp/minio_downloads/transactions_090349386604.parquet', '/tmp/minio_downloads/transactions_090349466276.parquet', '/tmp/minio_downloads/transactions_090349539821.parquet', '/tmp/minio_downloads/transactions_090349637195.parquet', '/tmp/minio_downloads/transactions_090349689733.parquet', '/tmp/minio_downloads/transactions_090349736179.parquet', '/tmp/minio_downloads/transactions_090349779576.parquet', '/tmp/minio_downloads/transactions_090349826149.parquet', '/tmp/minio_downloads/transactions_090349873955.parquet', '/tmp/minio_downloads/transactions_090349922318.parquet', '/tmp/minio_downloads/transactions_090349980155.parquet', '/tmp/minio_downloads/transactions_090350043626.parquet', '/tmp/minio_downloads/transactions_090350089592.parquet', '/tmp/minio_downloads/transactions_090350138345.parquet', '/tmp/minio_downloads/transactions_090350183670.parquet', '/tmp/minio_downloads/transactions_090350231811.parquet', '/tmp/minio_downloads/transactions_090350273125.parquet', '/tmp/minio_downloads/transactions_090350321357.parquet', '/tmp/minio_downloads/transactions_090350363457.parquet', '/tmp/minio_downloads/transactions_090350409124.parquet', '/tmp/minio_downloads/transactions_090350456314.parquet', '/tmp/minio_downloads/transactions_090350496727.parquet', '/tmp/minio_downloads/transactions_090350541096.parquet', '/tmp/minio_downloads/transactions_090350590595.parquet', '/tmp/minio_downloads/transactions_090350637392.parquet', '/tmp/minio_downloads/transactions_090350688105.parquet', '/tmp/minio_downloads/transactions_090350735881.parquet', '/tmp/minio_downloads/transactions_090350777950.parquet', '/tmp/minio_downloads/transactions_090350829270.parquet', '/tmp/minio_downloads/transactions_090350872710.parquet', '/tmp/minio_downloads/transactions_090350916886.parquet', '/tmp/minio_downloads/transactions_090350980142.parquet', '/tmp/minio_downloads/transactions_090351132471.parquet', '/tmp/minio_downloads/transactions_090351252512.parquet', '/tmp/minio_downloads/transactions_090351297506.parquet', '/tmp/minio_downloads/transactions_090351354756.parquet', '/tmp/minio_downloads/transactions_090351398315.parquet', '/tmp/minio_downloads/transactions_090351444455.parquet', '/tmp/minio_downloads/transactions_090351498438.parquet', '/tmp/minio_downloads/transactions_090351544144.parquet', '/tmp/minio_downloads/transactions_090351589508.parquet', '/tmp/minio_downloads/transactions_090351635835.parquet', '/tmp/minio_downloads/transactions_090351680419.parquet', '/tmp/minio_downloads/transactions_090351724866.parquet', '/tmp/minio_downloads/transactions_090351781853.parquet', '/tmp/minio_downloads/transactions_090351825152.parquet', '/tmp/minio_downloads/transactions_090351872090.parquet', '/tmp/minio_downloads/transactions_090351922861.parquet', '/tmp/minio_downloads/transactions_090351979204.parquet', '/tmp/minio_downloads/transactions_090352066245.parquet', '/tmp/minio_downloads/transactions_090352131625.parquet', '/tmp/minio_downloads/transactions_090352190228.parquet', '/tmp/minio_downloads/transactions_090352234960.parquet', '/tmp/minio_downloads/transactions_090352284281.parquet', '/tmp/minio_downloads/transactions_090352330005.parquet', '/tmp/minio_downloads/transactions_090352380599.parquet', '/tmp/minio_downloads/transactions_090352425116.parquet', '/tmp/minio_downloads/transactions_090352478787.parquet', '/tmp/minio_downloads/transactions_090352529609.parquet', '/tmp/minio_downloads/transactions_090352591371.parquet', '/tmp/minio_downloads/transactions_090352633351.parquet', '/tmp/minio_downloads/transactions_090352684267.parquet', '/tmp/minio_downloads/transactions_090352737147.parquet', '/tmp/minio_downloads/transactions_090352784321.parquet', '/tmp/minio_downloads/transactions_090352827233.parquet', '/tmp/minio_downloads/transactions_090352878913.parquet', '/tmp/minio_downloads/transactions_090352923444.parquet', '/tmp/minio_downloads/transactions_090352978136.parquet', '/tmp/minio_downloads/transactions_090353026733.parquet', '/tmp/minio_downloads/transactions_090353079889.parquet', '/tmp/minio_downloads/transactions_090353131271.parquet', '/tmp/minio_downloads/transactions_090353179157.parquet', '/tmp/minio_downloads/transactions_090353225043.parquet', '/tmp/minio_downloads/transactions_090353280347.parquet', '/tmp/minio_downloads/transactions_090353402065.parquet', '/tmp/minio_downloads/transactions_090353455149.parquet', '/tmp/minio_downloads/transactions_090353498646.parquet', '/tmp/minio_downloads/transactions_090353547456.parquet', '/tmp/minio_downloads/transactions_090353600706.parquet', '/tmp/minio_downloads/transactions_090353643595.parquet', '/tmp/minio_downloads/transactions_090353700583.parquet', '/tmp/minio_downloads/transactions_090353745449.parquet', '/tmp/minio_downloads/transactions_090353793133.parquet', '/tmp/minio_downloads/transactions_090353838216.parquet', '/tmp/minio_downloads/transactions_090353890729.parquet', '/tmp/minio_downloads/transactions_090353936576.parquet', '/tmp/minio_downloads/transactions_090353983581.parquet', '/tmp/minio_downloads/transactions_090354028144.parquet', '/tmp/minio_downloads/transactions_090354085666.parquet', '/tmp/minio_downloads/transactions_090354143476.parquet', '/tmp/minio_downloads/transactions_090354206565.parquet', '/tmp/minio_downloads/transactions_090354264878.parquet', '/tmp/minio_downloads/transactions_090354321619.parquet', '/tmp/minio_downloads/transactions_090354369569.parquet', '/tmp/minio_downloads/transactions_090354438192.parquet', '/tmp/minio_downloads/transactions_090354501727.parquet', '/tmp/minio_downloads/transactions_090354564597.parquet', '/tmp/minio_downloads/transactions_090354627068.parquet', '/tmp/minio_downloads/transactions_090354712936.parquet', '/tmp/minio_downloads/transactions_090354761873.parquet', '/tmp/minio_downloads/transactions_090354820903.parquet', '/tmp/minio_downloads/transactions_090354877371.parquet', '/tmp/minio_downloads/transactions_090354928245.parquet', '/tmp/minio_downloads/transactions_090354976320.parquet', '/tmp/minio_downloads/transactions_090355028374.parquet', '/tmp/minio_downloads/transactions_090355098015.parquet', '/tmp/minio_downloads/transactions_090355150578.parquet', '/tmp/minio_downloads/transactions_090355208526.parquet', '/tmp/minio_downloads/transactions_090355262557.parquet', '/tmp/minio_downloads/transactions_090355321034.parquet', '/tmp/minio_downloads/transactions_090355376276.parquet', '/tmp/minio_downloads/transactions_090355427809.parquet', '/tmp/minio_downloads/transactions_090355476191.parquet', '/tmp/minio_downloads/transactions_090355536617.parquet', '/tmp/minio_downloads/transactions_090355610693.parquet', '/tmp/minio_downloads/transactions_090355659016.parquet', '/tmp/minio_downloads/transactions_090355707912.parquet', '/tmp/minio_downloads/transactions_090355751412.parquet', '/tmp/minio_downloads/transactions_090355794944.parquet', '/tmp/minio_downloads/transactions_090355840528.parquet', '/tmp/minio_downloads/transactions_090355883874.parquet', '/tmp/minio_downloads/transactions_090355928754.parquet', '/tmp/minio_downloads/transactions_090355974016.parquet', '/tmp/minio_downloads/transactions_090356024551.parquet', '/tmp/minio_downloads/transactions_090356070001.parquet', '/tmp/minio_downloads/transactions_090356124968.parquet', '/tmp/minio_downloads/transactions_090356167955.parquet', '/tmp/minio_downloads/transactions_090356289620.parquet', '/tmp/minio_downloads/transactions_090356332656.parquet', '/tmp/minio_downloads/transactions_090356379752.parquet', '/tmp/minio_downloads/transactions_090356429536.parquet', '/tmp/minio_downloads/transactions_090356484290.parquet', '/tmp/minio_downloads/transactions_090356535040.parquet', '/tmp/minio_downloads/transactions_090356580344.parquet', '/tmp/minio_downloads/transactions_090356632331.parquet', '/tmp/minio_downloads/transactions_090356677968.parquet', '/tmp/minio_downloads/transactions_090356730719.parquet', '/tmp/minio_downloads/transactions_090356805931.parquet', '/tmp/minio_downloads/transactions_090356874133.parquet', '/tmp/minio_downloads/transactions_090356921095.parquet', '/tmp/minio_downloads/transactions_090356966348.parquet', '/tmp/minio_downloads/transactions_090357009429.parquet', '/tmp/minio_downloads/transactions_090357055813.parquet', '/tmp/minio_downloads/transactions_090357106270.parquet', '/tmp/minio_downloads/transactions_090357156838.parquet', '/tmp/minio_downloads/transactions_090357200505.parquet', '/tmp/minio_downloads/transactions_090357261171.parquet', '/tmp/minio_downloads/transactions_090357304843.parquet', '/tmp/minio_downloads/transactions_090357351236.parquet', '/tmp/minio_downloads/transactions_090357394679.parquet', '/tmp/minio_downloads/transactions_090357440164.parquet', '/tmp/minio_downloads/transactions_090357490624.parquet', '/tmp/minio_downloads/transactions_090357538623.parquet', '/tmp/minio_downloads/transactions_090357589134.parquet', '/tmp/minio_downloads/transactions_090357651723.parquet', '/tmp/minio_downloads/transactions_090357702738.parquet', '/tmp/minio_downloads/transactions_090357760100.parquet', '/tmp/minio_downloads/transactions_090357801435.parquet', '/tmp/minio_downloads/transactions_090357851905.parquet', '/tmp/minio_downloads/transactions_090357912801.parquet', '/tmp/minio_downloads/transactions_090357960568.parquet', '/tmp/minio_downloads/transactions_090358004849.parquet', '/tmp/minio_downloads/transactions_090358056560.parquet', '/tmp/minio_downloads/transactions_090358105593.parquet', '/tmp/minio_downloads/transactions_090358162181.parquet', '/tmp/minio_downloads/transactions_090358208325.parquet', '/tmp/minio_downloads/transactions_090358259907.parquet', '/tmp/minio_downloads/transactions_090358303300.parquet', '/tmp/minio_downloads/transactions_090358355686.parquet', '/tmp/minio_downloads/transactions_090358405389.parquet', '/tmp/minio_downloads/transactions_090358443895.parquet', '/tmp/minio_downloads/transactions_090358557096.parquet', '/tmp/minio_downloads/transactions_090358604150.parquet', '/tmp/minio_downloads/transactions_090358674157.parquet', '/tmp/minio_downloads/transactions_090358720067.parquet', '/tmp/minio_downloads/transactions_090358769853.parquet', '/tmp/minio_downloads/transactions_090358814455.parquet', '/tmp/minio_downloads/transactions_090358863524.parquet', '/tmp/minio_downloads/transactions_090358934392.parquet', '/tmp/minio_downloads/transactions_090358979341.parquet', '/tmp/minio_downloads/transactions_090359023383.parquet', '/tmp/minio_downloads/transactions_090359073300.parquet', '/tmp/minio_downloads/transactions_090359125859.parquet', '/tmp/minio_downloads/transactions_090359170062.parquet', '/tmp/minio_downloads/transactions_090359215423.parquet', '/tmp/minio_downloads/transactions_090359261771.parquet', '/tmp/minio_downloads/transactions_090359309259.parquet', '/tmp/minio_downloads/transactions_090359352159.parquet', '/tmp/minio_downloads/transactions_090359412076.parquet', '/tmp/minio_downloads/transactions_090359479421.parquet', '/tmp/minio_downloads/transactions_090359532828.parquet', '/tmp/minio_downloads/transactions_090359614357.parquet', '/tmp/minio_downloads/transactions_090359687534.parquet', '/tmp/minio_downloads/transactions_090359742743.parquet', '/tmp/minio_downloads/transactions_090359809288.parquet', '/tmp/minio_downloads/transactions_090359858103.parquet', '/tmp/minio_downloads/transactions_090359917897.parquet', '/tmp/minio_downloads/transactions_090359961638.parquet', '/tmp/minio_downloads/transactions_090400008307.parquet', '/tmp/minio_downloads/transactions_090400055652.parquet', '/tmp/minio_downloads/transactions_090400100974.parquet', '/tmp/minio_downloads/transactions_090400154865.parquet', '/tmp/minio_downloads/transactions_090400199579.parquet', '/tmp/minio_downloads/transactions_090400244645.parquet', '/tmp/minio_downloads/transactions_090400302861.parquet', '/tmp/minio_downloads/transactions_090400414726.parquet', '/tmp/minio_downloads/transactions_090400462155.parquet', '/tmp/minio_downloads/transactions_090400508113.parquet', '/tmp/minio_downloads/transactions_090400551760.parquet', '/tmp/minio_downloads/transactions_090400598796.parquet', '/tmp/minio_downloads/transactions_090400650307.parquet', '/tmp/minio_downloads/transactions_090400718652.parquet', '/tmp/minio_downloads/transactions_090400764108.parquet', '/tmp/minio_downloads/transactions_090400811028.parquet', '/tmp/minio_downloads/transactions_090400854504.parquet', '/tmp/minio_downloads/transactions_090400901832.parquet', '/tmp/minio_downloads/transactions_090400963088.parquet', '/tmp/minio_downloads/transactions_090401013096.parquet', '/tmp/minio_downloads/transactions_090401055274.parquet', '/tmp/minio_downloads/transactions_090401109174.parquet', '/tmp/minio_downloads/transactions_090401158400.parquet', '/tmp/minio_downloads/transactions_090401204691.parquet', '/tmp/minio_downloads/transactions_090401251759.parquet', '/tmp/minio_downloads/transactions_090401308097.parquet', '/tmp/minio_downloads/transactions_090401353068.parquet', '/tmp/minio_downloads/transactions_090401399897.parquet', '/tmp/minio_downloads/transactions_090401443951.parquet', '/tmp/minio_downloads/transactions_090401488223.parquet', '/tmp/minio_downloads/transactions_090401532150.parquet', '/tmp/minio_downloads/transactions_090401575172.parquet', '/tmp/minio_downloads/transactions_090401621799.parquet', '/tmp/minio_downloads/transactions_090406088254.parquet', '/tmp/minio_downloads/transactions_090406146940.parquet', '/tmp/minio_downloads/transactions_090406202556.parquet', '/tmp/minio_downloads/transactions_090406248287.parquet', '/tmp/minio_downloads/transactions_090406323372.parquet', '/tmp/minio_downloads/transactions_090406401429.parquet', '/tmp/minio_downloads/transactions_090406455142.parquet', '/tmp/minio_downloads/transactions_090406512296.parquet', '/tmp/minio_downloads/transactions_090406599805.parquet', '/tmp/minio_downloads/transactions_090406655922.parquet', '/tmp/minio_downloads/transactions_090406718291.parquet', '/tmp/minio_downloads/transactions_090406794188.parquet', '/tmp/minio_downloads/transactions_090406889864.parquet', '/tmp/minio_downloads/transactions_090406963161.parquet', '/tmp/minio_downloads/transactions_090407014526.parquet', '/tmp/minio_downloads/transactions_090407064895.parquet', '/tmp/minio_downloads/transactions_090407119617.parquet', '/tmp/minio_downloads/transactions_090407171988.parquet', '/tmp/minio_downloads/transactions_090407247987.parquet', '/tmp/minio_downloads/transactions_090407315896.parquet', '/tmp/minio_downloads/transactions_090407371463.parquet', '/tmp/minio_downloads/transactions_090407450009.parquet', '/tmp/minio_downloads/transactions_090407516292.parquet', '/tmp/minio_downloads/transactions_090407566961.parquet', '/tmp/minio_downloads/transactions_090407631725.parquet', '/tmp/minio_downloads/transactions_090407676314.parquet', '/tmp/minio_downloads/transactions_090407722561.parquet', '/tmp/minio_downloads/transactions_090407771326.parquet', '/tmp/minio_downloads/transactions_090407819465.parquet', '/tmp/minio_downloads/transactions_090407866042.parquet', '/tmp/minio_downloads/transactions_090408004044.parquet', '/tmp/minio_downloads/transactions_090408052782.parquet', '/tmp/minio_downloads/transactions_090408101485.parquet', '/tmp/minio_downloads/transactions_090408154313.parquet', '/tmp/minio_downloads/transactions_090408200528.parquet', '/tmp/minio_downloads/transactions_090408249018.parquet', '/tmp/minio_downloads/transactions_090408312965.parquet', '/tmp/minio_downloads/transactions_090408375640.parquet', '/tmp/minio_downloads/transactions_090408429805.parquet', '/tmp/minio_downloads/transactions_090408481925.parquet', '/tmp/minio_downloads/transactions_090408529318.parquet', '/tmp/minio_downloads/transactions_090408587037.parquet', '/tmp/minio_downloads/transactions_090408632655.parquet', '/tmp/minio_downloads/transactions_090408679433.parquet', '/tmp/minio_downloads/transactions_090408727398.parquet', '/tmp/minio_downloads/transactions_090408782212.parquet', '/tmp/minio_downloads/transactions_090408835529.parquet', '/tmp/minio_downloads/transactions_090408886244.parquet', '/tmp/minio_downloads/transactions_090408932712.parquet', '/tmp/minio_downloads/transactions_090409006680.parquet', '/tmp/minio_downloads/transactions_090409060002.parquet', '/tmp/minio_downloads/transactions_090409104703.parquet', '/tmp/minio_downloads/transactions_090409152569.parquet', '/tmp/minio_downloads/transactions_090409197963.parquet', '/tmp/minio_downloads/transactions_090409244623.parquet', '/tmp/minio_downloads/transactions_090409296690.parquet', '/tmp/minio_downloads/transactions_090409372121.parquet', '/tmp/minio_downloads/transactions_090409417527.parquet', '/tmp/minio_downloads/transactions_090409479691.parquet', '/tmp/minio_downloads/transactions_090409546407.parquet', '/tmp/minio_downloads/transactions_090409623927.parquet', '/tmp/minio_downloads/transactions_090409676239.parquet', '/tmp/minio_downloads/transactions_090409719991.parquet', '/tmp/minio_downloads/transactions_090409773039.parquet', '/tmp/minio_downloads/transactions_090409828550.parquet', '/tmp/minio_downloads/transactions_090409882190.parquet', '/tmp/minio_downloads/transactions_090409928613.parquet', '/tmp/minio_downloads/transactions_090409979789.parquet', '/tmp/minio_downloads/transactions_090410029506.parquet', '/tmp/minio_downloads/transactions_090410087550.parquet', '/tmp/minio_downloads/transactions_090410197433.parquet', '/tmp/minio_downloads/transactions_090410244821.parquet', '/tmp/minio_downloads/transactions_090410290192.parquet', '/tmp/minio_downloads/transactions_090410344860.parquet', '/tmp/minio_downloads/transactions_090410400587.parquet', '/tmp/minio_downloads/transactions_090410457697.parquet', '/tmp/minio_downloads/transactions_090410525442.parquet', '/tmp/minio_downloads/transactions_090410572839.parquet', '/tmp/minio_downloads/transactions_090410619421.parquet']}
[2026-08-05T08:46:22.788+0000] {taskinstance.py:441} INFO - ::group::Post task execution logs
[2026-08-05T08:46:22.870+0000] {taskinstance.py:1206} INFO - Marking task as SUCCESS. dag_id=minio_to_snowflake_banking, task_id=download_minio, run_id=scheduled__2026-08-05T08:44:00+00:00, execution_date=20260805T084400, start_date=20260805T084600, end_date=20260805T084622
[2026-08-05T08:46:22.955+0000] {local_task_job_runner.py:243} INFO - Task exited with return code 0
[2026-08-05T08:46:23.004+0000] {taskinstance.py:3503} INFO - 1 downstream tasks scheduled from follow-on schedule check
[2026-08-05T08:46:23.009+0000] {local_task_job_runner.py:222} INFO - ::endgroup::
