[2026-08-05T08:48:06.625+0000] {local_task_job_runner.py:120} INFO - ::group::Pre task execution logs
[2026-08-05T08:48:06.676+0000] {taskinstance.py:2076} INFO - Dependencies all met for dep_context=non-requeueable deps ti=<TaskInstance: minio_to_snowflake_banking.download_minio scheduled__2026-08-05T08:46:00+00:00 [queued]>
[2026-08-05T08:48:06.691+0000] {taskinstance.py:2076} INFO - Dependencies all met for dep_context=requeueable deps ti=<TaskInstance: minio_to_snowflake_banking.download_minio scheduled__2026-08-05T08:46:00+00:00 [queued]>
[2026-08-05T08:48:06.693+0000] {taskinstance.py:2306} INFO - Starting attempt 1 of 2
[2026-08-05T08:48:06.711+0000] {taskinstance.py:2330} INFO - Executing <Task(PythonOperator): download_minio> on 2026-08-05 08:46:00+00:00
[2026-08-05T08:48:06.733+0000] {standard_task_runner.py:90} INFO - Running: ['***', 'tasks', 'run', 'minio_to_snowflake_banking', 'download_minio', 'scheduled__2026-08-05T08:46:00+00:00', '--job-id', '27', '--raw', '--subdir', 'DAGS_FOLDER/minio_to_snowflake_dag.py', '--cfg-path', '/tmp/tmpuhwqu90c']
[2026-08-05T08:48:06.738+0000] {logging_mixin.py:188} WARNING - /home/***/.local/lib/python3.12/site-packages/***/task/task_runner/standard_task_runner.py:62 DeprecationWarning: This process (pid=24167) is multi-threaded, use of fork() may lead to deadlocks in the child.
[2026-08-05T08:48:06.741+0000] {standard_task_runner.py:91} INFO - Job 27: Subtask download_minio
[2026-08-05T08:48:06.742+0000] {standard_task_runner.py:64} INFO - Started process 24178 to run task
[2026-08-05T08:48:06.849+0000] {task_command.py:426} INFO - Running <TaskInstance: minio_to_snowflake_banking.download_minio scheduled__2026-08-05T08:46:00+00:00 [running]> on host dbaa032e7d7c
[2026-08-05T08:48:07.015+0000] {taskinstance.py:2648} INFO - Exporting env vars: AIRFLOW_CTX_DAG_OWNER='***' AIRFLOW_CTX_DAG_ID='minio_to_snowflake_banking' AIRFLOW_CTX_TASK_ID='download_minio' AIRFLOW_CTX_EXECUTION_DATE='2026-08-05T08:46:00+00:00' AIRFLOW_CTX_TRY_NUMBER='1' AIRFLOW_CTX_DAG_RUN_ID='scheduled__2026-08-05T08:46:00+00:00'
[2026-08-05T08:48:07.018+0000] {taskinstance.py:430} INFO - ::endgroup::
[2026-08-05T08:48:08.050+0000] {logging_mixin.py:188} INFO - Downloaded customers/date=2026-07-27/customers_090401672966.parquet -> /tmp/minio_downloads/customers_090401672966.parquet
[2026-08-05T08:48:08.076+0000] {logging_mixin.py:188} INFO - Downloaded customers/date=2026-07-27/customers_090401722071.parquet -> /tmp/minio_downloads/customers_090401722071.parquet
[2026-08-05T08:48:08.100+0000] {logging_mixin.py:188} INFO - Downloaded customers/date=2026-07-27/customers_090401771134.parquet -> /tmp/minio_downloads/customers_090401771134.parquet
[2026-08-05T08:48:08.126+0000] {logging_mixin.py:188} INFO - Downloaded customers/date=2026-07-27/customers_090401818881.parquet -> /tmp/minio_downloads/customers_090401818881.parquet
[2026-08-05T08:48:08.152+0000] {logging_mixin.py:188} INFO - Downloaded customers/date=2026-07-27/customers_090401869659.parquet -> /tmp/minio_downloads/customers_090401869659.parquet
[2026-08-05T08:48:08.181+0000] {logging_mixin.py:188} INFO - Downloaded customers/date=2026-07-27/customers_090401931845.parquet -> /tmp/minio_downloads/customers_090401931845.parquet
[2026-08-05T08:48:08.207+0000] {logging_mixin.py:188} INFO - Downloaded customers/date=2026-07-27/customers_090401994043.parquet -> /tmp/minio_downloads/customers_090401994043.parquet
[2026-08-05T08:48:08.231+0000] {logging_mixin.py:188} INFO - Downloaded customers/date=2026-07-27/customers_090402069924.parquet -> /tmp/minio_downloads/customers_090402069924.parquet
[2026-08-05T08:48:08.256+0000] {logging_mixin.py:188} INFO - Downloaded customers/date=2026-07-27/customers_090402133350.parquet -> /tmp/minio_downloads/customers_090402133350.parquet
[2026-08-05T08:48:08.279+0000] {logging_mixin.py:188} INFO - Downloaded customers/date=2026-07-27/customers_090402184633.parquet -> /tmp/minio_downloads/customers_090402184633.parquet
[2026-08-05T08:48:08.302+0000] {logging_mixin.py:188} INFO - Downloaded customers/date=2026-07-27/customers_090402234780.parquet -> /tmp/minio_downloads/customers_090402234780.parquet
[2026-08-05T08:48:08.327+0000] {logging_mixin.py:188} INFO - Downloaded customers/date=2026-07-27/customers_090402284973.parquet -> /tmp/minio_downloads/customers_090402284973.parquet
[2026-08-05T08:48:08.350+0000] {logging_mixin.py:188} INFO - Downloaded customers/date=2026-07-27/customers_090402342610.parquet -> /tmp/minio_downloads/customers_090402342610.parquet
[2026-08-05T08:48:08.375+0000] {logging_mixin.py:188} INFO - Downloaded customers/date=2026-07-27/customers_090402385711.parquet -> /tmp/minio_downloads/customers_090402385711.parquet
[2026-08-05T08:48:08.401+0000] {logging_mixin.py:188} INFO - Downloaded customers/date=2026-07-27/customers_090402449594.parquet -> /tmp/minio_downloads/customers_090402449594.parquet
[2026-08-05T08:48:08.427+0000] {logging_mixin.py:188} INFO - Downloaded customers/date=2026-07-27/customers_090402513017.parquet -> /tmp/minio_downloads/customers_090402513017.parquet
[2026-08-05T08:48:08.453+0000] {logging_mixin.py:188} INFO - Downloaded customers/date=2026-07-27/customers_090402644591.parquet -> /tmp/minio_downloads/customers_090402644591.parquet
[2026-08-05T08:48:08.478+0000] {logging_mixin.py:188} INFO - Downloaded customers/date=2026-07-27/customers_090402707127.parquet -> /tmp/minio_downloads/customers_090402707127.parquet
[2026-08-05T08:48:08.503+0000] {logging_mixin.py:188} INFO - Downloaded customers/date=2026-07-27/customers_090402799962.parquet -> /tmp/minio_downloads/customers_090402799962.parquet
[2026-08-05T08:48:08.527+0000] {logging_mixin.py:188} INFO - Downloaded customers/date=2026-07-27/customers_090402929400.parquet -> /tmp/minio_downloads/customers_090402929400.parquet
[2026-08-05T08:48:08.554+0000] {logging_mixin.py:188} INFO - Downloaded customers/date=2026-07-27/customers_090402974349.parquet -> /tmp/minio_downloads/customers_090402974349.parquet
[2026-08-05T08:48:08.578+0000] {logging_mixin.py:188} INFO - Downloaded customers/date=2026-07-27/customers_090403023880.parquet -> /tmp/minio_downloads/customers_090403023880.parquet
[2026-08-05T08:48:08.604+0000] {logging_mixin.py:188} INFO - Downloaded customers/date=2026-07-27/customers_090403076220.parquet -> /tmp/minio_downloads/customers_090403076220.parquet
[2026-08-05T08:48:08.630+0000] {logging_mixin.py:188} INFO - Downloaded customers/date=2026-07-27/customers_090403139454.parquet -> /tmp/minio_downloads/customers_090403139454.parquet
[2026-08-05T08:48:08.655+0000] {logging_mixin.py:188} INFO - Downloaded customers/date=2026-07-27/customers_090403183405.parquet -> /tmp/minio_downloads/customers_090403183405.parquet
[2026-08-05T08:48:08.680+0000] {logging_mixin.py:188} INFO - Downloaded customers/date=2026-07-27/customers_090403246298.parquet -> /tmp/minio_downloads/customers_090403246298.parquet
[2026-08-05T08:48:08.706+0000] {logging_mixin.py:188} INFO - Downloaded customers/date=2026-07-27/customers_090403286232.parquet -> /tmp/minio_downloads/customers_090403286232.parquet
[2026-08-05T08:48:08.731+0000] {logging_mixin.py:188} INFO - Downloaded customers/date=2026-07-27/customers_090403337856.parquet -> /tmp/minio_downloads/customers_090403337856.parquet
[2026-08-05T08:48:08.756+0000] {logging_mixin.py:188} INFO - Downloaded customers/date=2026-07-27/customers_090403384511.parquet -> /tmp/minio_downloads/customers_090403384511.parquet
[2026-08-05T08:48:08.781+0000] {logging_mixin.py:188} INFO - Downloaded customers/date=2026-07-27/customers_090403430840.parquet -> /tmp/minio_downloads/customers_090403430840.parquet
[2026-08-05T08:48:08.806+0000] {logging_mixin.py:188} INFO - Downloaded customers/date=2026-07-27/customers_090403472396.parquet -> /tmp/minio_downloads/customers_090403472396.parquet
[2026-08-05T08:48:08.830+0000] {logging_mixin.py:188} INFO - Downloaded customers/date=2026-07-27/customers_090403524071.parquet -> /tmp/minio_downloads/customers_090403524071.parquet
[2026-08-05T08:48:08.854+0000] {logging_mixin.py:188} INFO - Downloaded customers/date=2026-07-27/customers_090403571705.parquet -> /tmp/minio_downloads/customers_090403571705.parquet
[2026-08-05T08:48:08.879+0000] {logging_mixin.py:188} INFO - Downloaded customers/date=2026-07-27/customers_090403614708.parquet -> /tmp/minio_downloads/customers_090403614708.parquet
[2026-08-05T08:48:08.904+0000] {logging_mixin.py:188} INFO - Downloaded customers/date=2026-07-27/customers_090403654848.parquet -> /tmp/minio_downloads/customers_090403654848.parquet
[2026-08-05T08:48:08.930+0000] {logging_mixin.py:188} INFO - Downloaded customers/date=2026-07-27/customers_090403702724.parquet -> /tmp/minio_downloads/customers_090403702724.parquet
[2026-08-05T08:48:08.954+0000] {logging_mixin.py:188} INFO - Downloaded customers/date=2026-07-27/customers_090403763292.parquet -> /tmp/minio_downloads/customers_090403763292.parquet
[2026-08-05T08:48:08.979+0000] {logging_mixin.py:188} INFO - Downloaded customers/date=2026-07-27/customers_090403806078.parquet -> /tmp/minio_downloads/customers_090403806078.parquet
[2026-08-05T08:48:09.004+0000] {logging_mixin.py:188} INFO - Downloaded customers/date=2026-07-27/customers_090403851544.parquet -> /tmp/minio_downloads/customers_090403851544.parquet
[2026-08-05T08:48:09.030+0000] {logging_mixin.py:188} INFO - Downloaded customers/date=2026-07-27/customers_090403894193.parquet -> /tmp/minio_downloads/customers_090403894193.parquet
[2026-08-05T08:48:09.055+0000] {logging_mixin.py:188} INFO - Downloaded customers/date=2026-07-27/customers_090403939509.parquet -> /tmp/minio_downloads/customers_090403939509.parquet
[2026-08-05T08:48:09.079+0000] {logging_mixin.py:188} INFO - Downloaded customers/date=2026-07-27/customers_090403987646.parquet -> /tmp/minio_downloads/customers_090403987646.parquet
[2026-08-05T08:48:09.105+0000] {logging_mixin.py:188} INFO - Downloaded customers/date=2026-07-27/customers_090404049607.parquet -> /tmp/minio_downloads/customers_090404049607.parquet
[2026-08-05T08:48:09.130+0000] {logging_mixin.py:188} INFO - Downloaded customers/date=2026-07-27/customers_090404098181.parquet -> /tmp/minio_downloads/customers_090404098181.parquet
[2026-08-05T08:48:09.160+0000] {logging_mixin.py:188} INFO - Downloaded customers/date=2026-07-27/customers_090404171962.parquet -> /tmp/minio_downloads/customers_090404171962.parquet
[2026-08-05T08:48:09.247+0000] {logging_mixin.py:188} INFO - Downloaded customers/date=2026-07-27/customers_090404227529.parquet -> /tmp/minio_downloads/customers_090404227529.parquet
[2026-08-05T08:48:09.291+0000] {logging_mixin.py:188} INFO - Downloaded customers/date=2026-07-27/customers_090404283728.parquet -> /tmp/minio_downloads/customers_090404283728.parquet
[2026-08-05T08:48:09.315+0000] {logging_mixin.py:188} INFO - Downloaded customers/date=2026-07-27/customers_090404337621.parquet -> /tmp/minio_downloads/customers_090404337621.parquet
[2026-08-05T08:48:09.347+0000] {logging_mixin.py:188} INFO - Downloaded customers/date=2026-07-27/customers_090404397305.parquet -> /tmp/minio_downloads/customers_090404397305.parquet
[2026-08-05T08:48:09.375+0000] {logging_mixin.py:188} INFO - Downloaded customers/date=2026-07-27/customers_090404443612.parquet -> /tmp/minio_downloads/customers_090404443612.parquet
[2026-08-05T08:48:09.409+0000] {logging_mixin.py:188} INFO - Downloaded customers/date=2026-07-27/customers_090404503420.parquet -> /tmp/minio_downloads/customers_090404503420.parquet
[2026-08-05T08:48:09.446+0000] {logging_mixin.py:188} INFO - Downloaded customers/date=2026-07-27/customers_090404569754.parquet -> /tmp/minio_downloads/customers_090404569754.parquet
[2026-08-05T08:48:09.483+0000] {logging_mixin.py:188} INFO - Downloaded customers/date=2026-07-27/customers_090404616505.parquet -> /tmp/minio_downloads/customers_090404616505.parquet
[2026-08-05T08:48:09.524+0000] {logging_mixin.py:188} INFO - Downloaded customers/date=2026-07-27/customers_090404676784.parquet -> /tmp/minio_downloads/customers_090404676784.parquet
[2026-08-05T08:48:09.553+0000] {logging_mixin.py:188} INFO - Downloaded customers/date=2026-07-27/customers_090404719565.parquet -> /tmp/minio_downloads/customers_090404719565.parquet
[2026-08-05T08:48:09.578+0000] {logging_mixin.py:188} INFO - Downloaded customers/date=2026-07-27/customers_090404776580.parquet -> /tmp/minio_downloads/customers_090404776580.parquet
[2026-08-05T08:48:09.603+0000] {logging_mixin.py:188} INFO - Downloaded customers/date=2026-07-27/customers_090404821131.parquet -> /tmp/minio_downloads/customers_090404821131.parquet
[2026-08-05T08:48:09.627+0000] {logging_mixin.py:188} INFO - Downloaded customers/date=2026-07-27/customers_090404867684.parquet -> /tmp/minio_downloads/customers_090404867684.parquet
[2026-08-05T08:48:09.653+0000] {logging_mixin.py:188} INFO - Downloaded customers/date=2026-07-27/customers_090404914078.parquet -> /tmp/minio_downloads/customers_090404914078.parquet
[2026-08-05T08:48:09.680+0000] {logging_mixin.py:188} INFO - Downloaded customers/date=2026-07-27/customers_090404956516.parquet -> /tmp/minio_downloads/customers_090404956516.parquet
[2026-08-05T08:48:09.704+0000] {logging_mixin.py:188} INFO - Downloaded customers/date=2026-07-27/customers_090405003694.parquet -> /tmp/minio_downloads/customers_090405003694.parquet
[2026-08-05T08:48:09.727+0000] {logging_mixin.py:188} INFO - Downloaded customers/date=2026-07-27/customers_090405050878.parquet -> /tmp/minio_downloads/customers_090405050878.parquet
[2026-08-05T08:48:09.752+0000] {logging_mixin.py:188} INFO - Downloaded customers/date=2026-07-27/customers_090405103797.parquet -> /tmp/minio_downloads/customers_090405103797.parquet
[2026-08-05T08:48:09.777+0000] {logging_mixin.py:188} INFO - Downloaded customers/date=2026-07-27/customers_090405150219.parquet -> /tmp/minio_downloads/customers_090405150219.parquet
[2026-08-05T08:48:09.809+0000] {logging_mixin.py:188} INFO - Downloaded customers/date=2026-07-27/customers_090405196488.parquet -> /tmp/minio_downloads/customers_090405196488.parquet
[2026-08-05T08:48:09.838+0000] {logging_mixin.py:188} INFO - Downloaded customers/date=2026-07-27/customers_090405243111.parquet -> /tmp/minio_downloads/customers_090405243111.parquet
[2026-08-05T08:48:09.867+0000] {logging_mixin.py:188} INFO - Downloaded customers/date=2026-07-27/customers_090405289533.parquet -> /tmp/minio_downloads/customers_090405289533.parquet
[2026-08-05T08:48:09.891+0000] {logging_mixin.py:188} INFO - Downloaded customers/date=2026-07-27/customers_090405335259.parquet -> /tmp/minio_downloads/customers_090405335259.parquet
[2026-08-05T08:48:09.921+0000] {logging_mixin.py:188} INFO - Downloaded customers/date=2026-07-27/customers_090405383930.parquet -> /tmp/minio_downloads/customers_090405383930.parquet
[2026-08-05T08:48:09.950+0000] {logging_mixin.py:188} INFO - Downloaded customers/date=2026-07-27/customers_090405425934.parquet -> /tmp/minio_downloads/customers_090405425934.parquet
[2026-08-05T08:48:09.976+0000] {logging_mixin.py:188} INFO - Downloaded customers/date=2026-07-27/customers_090405469859.parquet -> /tmp/minio_downloads/customers_090405469859.parquet
[2026-08-05T08:48:10.004+0000] {logging_mixin.py:188} INFO - Downloaded customers/date=2026-07-27/customers_090405511786.parquet -> /tmp/minio_downloads/customers_090405511786.parquet
[2026-08-05T08:48:10.031+0000] {logging_mixin.py:188} INFO - Downloaded customers/date=2026-07-27/customers_090405562635.parquet -> /tmp/minio_downloads/customers_090405562635.parquet
[2026-08-05T08:48:10.058+0000] {logging_mixin.py:188} INFO - Downloaded customers/date=2026-07-27/customers_090405606410.parquet -> /tmp/minio_downloads/customers_090405606410.parquet
[2026-08-05T08:48:10.082+0000] {logging_mixin.py:188} INFO - Downloaded customers/date=2026-07-27/customers_090405651960.parquet -> /tmp/minio_downloads/customers_090405651960.parquet
[2026-08-05T08:48:10.108+0000] {logging_mixin.py:188} INFO - Downloaded customers/date=2026-07-27/customers_090405695356.parquet -> /tmp/minio_downloads/customers_090405695356.parquet
[2026-08-05T08:48:10.134+0000] {logging_mixin.py:188} INFO - Downloaded customers/date=2026-07-27/customers_090405739251.parquet -> /tmp/minio_downloads/customers_090405739251.parquet
[2026-08-05T08:48:10.164+0000] {logging_mixin.py:188} INFO - Downloaded customers/date=2026-07-27/customers_090405796269.parquet -> /tmp/minio_downloads/customers_090405796269.parquet
[2026-08-05T08:48:10.189+0000] {logging_mixin.py:188} INFO - Downloaded customers/date=2026-07-27/customers_090405841506.parquet -> /tmp/minio_downloads/customers_090405841506.parquet
[2026-08-05T08:48:10.214+0000] {logging_mixin.py:188} INFO - Downloaded customers/date=2026-07-27/customers_090405899071.parquet -> /tmp/minio_downloads/customers_090405899071.parquet
[2026-08-05T08:48:10.239+0000] {logging_mixin.py:188} INFO - Downloaded customers/date=2026-07-27/customers_090405946991.parquet -> /tmp/minio_downloads/customers_090405946991.parquet
[2026-08-05T08:48:11.250+0000] {logging_mixin.py:188} INFO - Downloaded accounts/date=2026-07-27/accounts_090335091997.parquet -> /tmp/minio_downloads/accounts_090335091997.parquet
[2026-08-05T08:48:11.275+0000] {logging_mixin.py:188} INFO - Downloaded accounts/date=2026-07-27/accounts_090335176229.parquet -> /tmp/minio_downloads/accounts_090335176229.parquet
[2026-08-05T08:48:11.301+0000] {logging_mixin.py:188} INFO - Downloaded accounts/date=2026-07-27/accounts_090335225617.parquet -> /tmp/minio_downloads/accounts_090335225617.parquet
[2026-08-05T08:48:11.328+0000] {logging_mixin.py:188} INFO - Downloaded accounts/date=2026-07-27/accounts_090335282589.parquet -> /tmp/minio_downloads/accounts_090335282589.parquet
[2026-08-05T08:48:11.353+0000] {logging_mixin.py:188} INFO - Downloaded accounts/date=2026-07-27/accounts_090335330376.parquet -> /tmp/minio_downloads/accounts_090335330376.parquet
[2026-08-05T08:48:11.380+0000] {logging_mixin.py:188} INFO - Downloaded accounts/date=2026-07-27/accounts_090335387463.parquet -> /tmp/minio_downloads/accounts_090335387463.parquet
[2026-08-05T08:48:11.409+0000] {logging_mixin.py:188} INFO - Downloaded accounts/date=2026-07-27/accounts_090335440093.parquet -> /tmp/minio_downloads/accounts_090335440093.parquet
[2026-08-05T08:48:11.435+0000] {logging_mixin.py:188} INFO - Downloaded accounts/date=2026-07-27/accounts_090335487667.parquet -> /tmp/minio_downloads/accounts_090335487667.parquet
[2026-08-05T08:48:11.462+0000] {logging_mixin.py:188} INFO - Downloaded accounts/date=2026-07-27/accounts_090335532736.parquet -> /tmp/minio_downloads/accounts_090335532736.parquet
[2026-08-05T08:48:11.489+0000] {logging_mixin.py:188} INFO - Downloaded accounts/date=2026-07-27/accounts_090335590697.parquet -> /tmp/minio_downloads/accounts_090335590697.parquet
[2026-08-05T08:48:11.515+0000] {logging_mixin.py:188} INFO - Downloaded accounts/date=2026-07-27/accounts_090335653590.parquet -> /tmp/minio_downloads/accounts_090335653590.parquet
[2026-08-05T08:48:11.541+0000] {logging_mixin.py:188} INFO - Downloaded accounts/date=2026-07-27/accounts_090335716922.parquet -> /tmp/minio_downloads/accounts_090335716922.parquet
[2026-08-05T08:48:11.568+0000] {logging_mixin.py:188} INFO - Downloaded accounts/date=2026-07-27/accounts_090335792915.parquet -> /tmp/minio_downloads/accounts_090335792915.parquet
[2026-08-05T08:48:11.594+0000] {logging_mixin.py:188} INFO - Downloaded accounts/date=2026-07-27/accounts_090335849416.parquet -> /tmp/minio_downloads/accounts_090335849416.parquet
[2026-08-05T08:48:11.621+0000] {logging_mixin.py:188} INFO - Downloaded accounts/date=2026-07-27/accounts_090335918492.parquet -> /tmp/minio_downloads/accounts_090335918492.parquet
[2026-08-05T08:48:11.650+0000] {logging_mixin.py:188} INFO - Downloaded accounts/date=2026-07-27/accounts_090336083229.parquet -> /tmp/minio_downloads/accounts_090336083229.parquet
[2026-08-05T08:48:11.678+0000] {logging_mixin.py:188} INFO - Downloaded accounts/date=2026-07-27/accounts_090336168129.parquet -> /tmp/minio_downloads/accounts_090336168129.parquet
[2026-08-05T08:48:11.709+0000] {logging_mixin.py:188} INFO - Downloaded accounts/date=2026-07-27/accounts_090336236734.parquet -> /tmp/minio_downloads/accounts_090336236734.parquet
[2026-08-05T08:48:11.736+0000] {logging_mixin.py:188} INFO - Downloaded accounts/date=2026-07-27/accounts_090336310038.parquet -> /tmp/minio_downloads/accounts_090336310038.parquet
[2026-08-05T08:48:11.763+0000] {logging_mixin.py:188} INFO - Downloaded accounts/date=2026-07-27/accounts_090336375803.parquet -> /tmp/minio_downloads/accounts_090336375803.parquet
[2026-08-05T08:48:11.791+0000] {logging_mixin.py:188} INFO - Downloaded accounts/date=2026-07-27/accounts_090336437610.parquet -> /tmp/minio_downloads/accounts_090336437610.parquet
[2026-08-05T08:48:11.820+0000] {logging_mixin.py:188} INFO - Downloaded accounts/date=2026-07-27/accounts_090336509130.parquet -> /tmp/minio_downloads/accounts_090336509130.parquet
[2026-08-05T08:48:11.848+0000] {logging_mixin.py:188} INFO - Downloaded accounts/date=2026-07-27/accounts_090336561573.parquet -> /tmp/minio_downloads/accounts_090336561573.parquet
[2026-08-05T08:48:11.874+0000] {logging_mixin.py:188} INFO - Downloaded accounts/date=2026-07-27/accounts_090336619969.parquet -> /tmp/minio_downloads/accounts_090336619969.parquet
[2026-08-05T08:48:11.899+0000] {logging_mixin.py:188} INFO - Downloaded accounts/date=2026-07-27/accounts_090336705658.parquet -> /tmp/minio_downloads/accounts_090336705658.parquet
[2026-08-05T08:48:11.926+0000] {logging_mixin.py:188} INFO - Downloaded accounts/date=2026-07-27/accounts_090336825221.parquet -> /tmp/minio_downloads/accounts_090336825221.parquet
[2026-08-05T08:48:11.953+0000] {logging_mixin.py:188} INFO - Downloaded accounts/date=2026-07-27/accounts_090336934222.parquet -> /tmp/minio_downloads/accounts_090336934222.parquet
[2026-08-05T08:48:11.979+0000] {logging_mixin.py:188} INFO - Downloaded accounts/date=2026-07-27/accounts_090336997264.parquet -> /tmp/minio_downloads/accounts_090336997264.parquet
[2026-08-05T08:48:12.006+0000] {logging_mixin.py:188} INFO - Downloaded accounts/date=2026-07-27/accounts_090337048145.parquet -> /tmp/minio_downloads/accounts_090337048145.parquet
[2026-08-05T08:48:12.033+0000] {logging_mixin.py:188} INFO - Downloaded accounts/date=2026-07-27/accounts_090337100657.parquet -> /tmp/minio_downloads/accounts_090337100657.parquet
[2026-08-05T08:48:12.060+0000] {logging_mixin.py:188} INFO - Downloaded accounts/date=2026-07-27/accounts_090337167701.parquet -> /tmp/minio_downloads/accounts_090337167701.parquet
[2026-08-05T08:48:12.087+0000] {logging_mixin.py:188} INFO - Downloaded accounts/date=2026-07-27/accounts_090337230404.parquet -> /tmp/minio_downloads/accounts_090337230404.parquet
[2026-08-05T08:48:12.113+0000] {logging_mixin.py:188} INFO - Downloaded accounts/date=2026-07-27/accounts_090337287200.parquet -> /tmp/minio_downloads/accounts_090337287200.parquet
[2026-08-05T08:48:12.141+0000] {logging_mixin.py:188} INFO - Downloaded accounts/date=2026-07-27/accounts_090337352500.parquet -> /tmp/minio_downloads/accounts_090337352500.parquet
[2026-08-05T08:48:12.171+0000] {logging_mixin.py:188} INFO - Downloaded accounts/date=2026-07-27/accounts_090337409970.parquet -> /tmp/minio_downloads/accounts_090337409970.parquet
[2026-08-05T08:48:12.198+0000] {logging_mixin.py:188} INFO - Downloaded accounts/date=2026-07-27/accounts_090337468206.parquet -> /tmp/minio_downloads/accounts_090337468206.parquet
[2026-08-05T08:48:12.228+0000] {logging_mixin.py:188} INFO - Downloaded accounts/date=2026-07-27/accounts_090337522740.parquet -> /tmp/minio_downloads/accounts_090337522740.parquet
[2026-08-05T08:48:12.263+0000] {logging_mixin.py:188} INFO - Downloaded accounts/date=2026-07-27/accounts_090337569811.parquet -> /tmp/minio_downloads/accounts_090337569811.parquet
[2026-08-05T08:48:12.290+0000] {logging_mixin.py:188} INFO - Downloaded accounts/date=2026-07-27/accounts_090337620416.parquet -> /tmp/minio_downloads/accounts_090337620416.parquet
[2026-08-05T08:48:12.320+0000] {logging_mixin.py:188} INFO - Downloaded accounts/date=2026-07-27/accounts_090337676744.parquet -> /tmp/minio_downloads/accounts_090337676744.parquet
[2026-08-05T08:48:12.346+0000] {logging_mixin.py:188} INFO - Downloaded accounts/date=2026-07-27/accounts_090337733973.parquet -> /tmp/minio_downloads/accounts_090337733973.parquet
[2026-08-05T08:48:12.373+0000] {logging_mixin.py:188} INFO - Downloaded accounts/date=2026-07-27/accounts_090337779357.parquet -> /tmp/minio_downloads/accounts_090337779357.parquet
[2026-08-05T08:48:12.399+0000] {logging_mixin.py:188} INFO - Downloaded accounts/date=2026-07-27/accounts_090337830813.parquet -> /tmp/minio_downloads/accounts_090337830813.parquet
[2026-08-05T08:48:12.422+0000] {logging_mixin.py:188} INFO - Downloaded accounts/date=2026-07-27/accounts_090337876213.parquet -> /tmp/minio_downloads/accounts_090337876213.parquet
[2026-08-05T08:48:12.446+0000] {logging_mixin.py:188} INFO - Downloaded accounts/date=2026-07-27/accounts_090337924905.parquet -> /tmp/minio_downloads/accounts_090337924905.parquet
[2026-08-05T08:48:12.470+0000] {logging_mixin.py:188} INFO - Downloaded accounts/date=2026-07-27/accounts_090337972586.parquet -> /tmp/minio_downloads/accounts_090337972586.parquet
[2026-08-05T08:48:12.496+0000] {logging_mixin.py:188} INFO - Downloaded accounts/date=2026-07-27/accounts_090338036313.parquet -> /tmp/minio_downloads/accounts_090338036313.parquet
[2026-08-05T08:48:12.521+0000] {logging_mixin.py:188} INFO - Downloaded accounts/date=2026-07-27/accounts_090338087498.parquet -> /tmp/minio_downloads/accounts_090338087498.parquet
[2026-08-05T08:48:12.551+0000] {logging_mixin.py:188} INFO - Downloaded accounts/date=2026-07-27/accounts_090338169836.parquet -> /tmp/minio_downloads/accounts_090338169836.parquet
[2026-08-05T08:48:12.579+0000] {logging_mixin.py:188} INFO - Downloaded accounts/date=2026-07-27/accounts_090338285836.parquet -> /tmp/minio_downloads/accounts_090338285836.parquet
[2026-08-05T08:48:12.607+0000] {logging_mixin.py:188} INFO - Downloaded accounts/date=2026-07-27/accounts_090338348416.parquet -> /tmp/minio_downloads/accounts_090338348416.parquet
[2026-08-05T08:48:12.634+0000] {logging_mixin.py:188} INFO - Downloaded accounts/date=2026-07-27/accounts_090338411783.parquet -> /tmp/minio_downloads/accounts_090338411783.parquet
[2026-08-05T08:48:12.660+0000] {logging_mixin.py:188} INFO - Downloaded accounts/date=2026-07-27/accounts_090338473298.parquet -> /tmp/minio_downloads/accounts_090338473298.parquet
[2026-08-05T08:48:12.685+0000] {logging_mixin.py:188} INFO - Downloaded accounts/date=2026-07-27/accounts_090338539756.parquet -> /tmp/minio_downloads/accounts_090338539756.parquet
[2026-08-05T08:48:12.712+0000] {logging_mixin.py:188} INFO - Downloaded accounts/date=2026-07-27/accounts_090338595444.parquet -> /tmp/minio_downloads/accounts_090338595444.parquet
[2026-08-05T08:48:12.738+0000] {logging_mixin.py:188} INFO - Downloaded accounts/date=2026-07-27/accounts_090338653969.parquet -> /tmp/minio_downloads/accounts_090338653969.parquet
[2026-08-05T08:48:12.763+0000] {logging_mixin.py:188} INFO - Downloaded accounts/date=2026-07-27/accounts_090338722877.parquet -> /tmp/minio_downloads/accounts_090338722877.parquet
[2026-08-05T08:48:12.796+0000] {logging_mixin.py:188} INFO - Downloaded accounts/date=2026-07-27/accounts_090338784168.parquet -> /tmp/minio_downloads/accounts_090338784168.parquet
[2026-08-05T08:48:12.827+0000] {logging_mixin.py:188} INFO - Downloaded accounts/date=2026-07-27/accounts_090338833026.parquet -> /tmp/minio_downloads/accounts_090338833026.parquet
[2026-08-05T08:48:12.867+0000] {logging_mixin.py:188} INFO - Downloaded accounts/date=2026-07-27/accounts_090338879214.parquet -> /tmp/minio_downloads/accounts_090338879214.parquet
[2026-08-05T08:48:12.905+0000] {logging_mixin.py:188} INFO - Downloaded accounts/date=2026-07-27/accounts_090338926904.parquet -> /tmp/minio_downloads/accounts_090338926904.parquet
[2026-08-05T08:48:12.946+0000] {logging_mixin.py:188} INFO - Downloaded accounts/date=2026-07-27/accounts_090338983217.parquet -> /tmp/minio_downloads/accounts_090338983217.parquet
[2026-08-05T08:48:12.986+0000] {logging_mixin.py:188} INFO - Downloaded accounts/date=2026-07-27/accounts_090339036915.parquet -> /tmp/minio_downloads/accounts_090339036915.parquet
[2026-08-05T08:48:13.023+0000] {logging_mixin.py:188} INFO - Downloaded accounts/date=2026-07-27/accounts_090339085807.parquet -> /tmp/minio_downloads/accounts_090339085807.parquet
[2026-08-05T08:48:13.061+0000] {logging_mixin.py:188} INFO - Downloaded accounts/date=2026-07-27/accounts_090339132135.parquet -> /tmp/minio_downloads/accounts_090339132135.parquet
[2026-08-05T08:48:13.120+0000] {logging_mixin.py:188} INFO - Downloaded accounts/date=2026-07-27/accounts_090339207270.parquet -> /tmp/minio_downloads/accounts_090339207270.parquet
[2026-08-05T08:48:13.152+0000] {logging_mixin.py:188} INFO - Downloaded accounts/date=2026-07-27/accounts_090339254198.parquet -> /tmp/minio_downloads/accounts_090339254198.parquet
[2026-08-05T08:48:13.179+0000] {logging_mixin.py:188} INFO - Downloaded accounts/date=2026-07-27/accounts_090339304672.parquet -> /tmp/minio_downloads/accounts_090339304672.parquet
[2026-08-05T08:48:13.204+0000] {logging_mixin.py:188} INFO - Downloaded accounts/date=2026-07-27/accounts_090339356197.parquet -> /tmp/minio_downloads/accounts_090339356197.parquet
[2026-08-05T08:48:13.229+0000] {logging_mixin.py:188} INFO - Downloaded accounts/date=2026-07-27/accounts_090339400231.parquet -> /tmp/minio_downloads/accounts_090339400231.parquet
[2026-08-05T08:48:13.258+0000] {logging_mixin.py:188} INFO - Downloaded accounts/date=2026-07-27/accounts_090339447900.parquet -> /tmp/minio_downloads/accounts_090339447900.parquet
[2026-08-05T08:48:13.283+0000] {logging_mixin.py:188} INFO - Downloaded accounts/date=2026-07-27/accounts_090339510332.parquet -> /tmp/minio_downloads/accounts_090339510332.parquet
[2026-08-05T08:48:13.308+0000] {logging_mixin.py:188} INFO - Downloaded accounts/date=2026-07-27/accounts_090339622965.parquet -> /tmp/minio_downloads/accounts_090339622965.parquet
[2026-08-05T08:48:13.333+0000] {logging_mixin.py:188} INFO - Downloaded accounts/date=2026-07-27/accounts_090339735170.parquet -> /tmp/minio_downloads/accounts_090339735170.parquet
[2026-08-05T08:48:13.358+0000] {logging_mixin.py:188} INFO - Downloaded accounts/date=2026-07-27/accounts_090339802636.parquet -> /tmp/minio_downloads/accounts_090339802636.parquet
[2026-08-05T08:48:13.384+0000] {logging_mixin.py:188} INFO - Downloaded accounts/date=2026-07-27/accounts_090339854967.parquet -> /tmp/minio_downloads/accounts_090339854967.parquet
[2026-08-05T08:48:13.410+0000] {logging_mixin.py:188} INFO - Downloaded accounts/date=2026-07-27/accounts_090339969786.parquet -> /tmp/minio_downloads/accounts_090339969786.parquet
[2026-08-05T08:48:13.437+0000] {logging_mixin.py:188} INFO - Downloaded accounts/date=2026-07-27/accounts_090340009828.parquet -> /tmp/minio_downloads/accounts_090340009828.parquet
[2026-08-05T08:48:13.464+0000] {logging_mixin.py:188} INFO - Downloaded accounts/date=2026-07-27/accounts_090340068304.parquet -> /tmp/minio_downloads/accounts_090340068304.parquet
[2026-08-05T08:48:13.491+0000] {logging_mixin.py:188} INFO - Downloaded accounts/date=2026-07-27/accounts_090340120996.parquet -> /tmp/minio_downloads/accounts_090340120996.parquet
[2026-08-05T08:48:13.517+0000] {logging_mixin.py:188} INFO - Downloaded accounts/date=2026-07-27/accounts_090340165119.parquet -> /tmp/minio_downloads/accounts_090340165119.parquet
[2026-08-05T08:48:13.544+0000] {logging_mixin.py:188} INFO - Downloaded accounts/date=2026-07-27/accounts_090340212592.parquet -> /tmp/minio_downloads/accounts_090340212592.parquet
[2026-08-05T08:48:13.569+0000] {logging_mixin.py:188} INFO - Downloaded accounts/date=2026-07-27/accounts_090340260214.parquet -> /tmp/minio_downloads/accounts_090340260214.parquet
[2026-08-05T08:48:13.599+0000] {logging_mixin.py:188} INFO - Downloaded accounts/date=2026-07-27/accounts_090340312209.parquet -> /tmp/minio_downloads/accounts_090340312209.parquet
[2026-08-05T08:48:13.625+0000] {logging_mixin.py:188} INFO - Downloaded accounts/date=2026-07-27/accounts_090340374831.parquet -> /tmp/minio_downloads/accounts_090340374831.parquet
[2026-08-05T08:48:13.650+0000] {logging_mixin.py:188} INFO - Downloaded accounts/date=2026-07-27/accounts_090340432009.parquet -> /tmp/minio_downloads/accounts_090340432009.parquet
[2026-08-05T08:48:13.676+0000] {logging_mixin.py:188} INFO - Downloaded accounts/date=2026-07-27/accounts_090340485198.parquet -> /tmp/minio_downloads/accounts_090340485198.parquet
[2026-08-05T08:48:13.703+0000] {logging_mixin.py:188} INFO - Downloaded accounts/date=2026-07-27/accounts_090340538086.parquet -> /tmp/minio_downloads/accounts_090340538086.parquet
[2026-08-05T08:48:13.729+0000] {logging_mixin.py:188} INFO - Downloaded accounts/date=2026-07-27/accounts_090340597267.parquet -> /tmp/minio_downloads/accounts_090340597267.parquet
[2026-08-05T08:48:13.754+0000] {logging_mixin.py:188} INFO - Downloaded accounts/date=2026-07-27/accounts_090340643366.parquet -> /tmp/minio_downloads/accounts_090340643366.parquet
[2026-08-05T08:48:13.781+0000] {logging_mixin.py:188} INFO - Downloaded accounts/date=2026-07-27/accounts_090340692918.parquet -> /tmp/minio_downloads/accounts_090340692918.parquet
[2026-08-05T08:48:13.809+0000] {logging_mixin.py:188} INFO - Downloaded accounts/date=2026-07-27/accounts_090340744816.parquet -> /tmp/minio_downloads/accounts_090340744816.parquet
[2026-08-05T08:48:13.837+0000] {logging_mixin.py:188} INFO - Downloaded accounts/date=2026-07-27/accounts_090340797221.parquet -> /tmp/minio_downloads/accounts_090340797221.parquet
[2026-08-05T08:48:13.866+0000] {logging_mixin.py:188} INFO - Downloaded accounts/date=2026-07-27/accounts_090340847915.parquet -> /tmp/minio_downloads/accounts_090340847915.parquet
[2026-08-05T08:48:13.894+0000] {logging_mixin.py:188} INFO - Downloaded accounts/date=2026-07-27/accounts_090340899651.parquet -> /tmp/minio_downloads/accounts_090340899651.parquet
[2026-08-05T08:48:13.922+0000] {logging_mixin.py:188} INFO - Downloaded accounts/date=2026-07-27/accounts_090340945226.parquet -> /tmp/minio_downloads/accounts_090340945226.parquet
[2026-08-05T08:48:13.950+0000] {logging_mixin.py:188} INFO - Downloaded accounts/date=2026-07-27/accounts_090341002128.parquet -> /tmp/minio_downloads/accounts_090341002128.parquet
[2026-08-05T08:48:13.975+0000] {logging_mixin.py:188} INFO - Downloaded accounts/date=2026-07-27/accounts_090341048588.parquet -> /tmp/minio_downloads/accounts_090341048588.parquet
[2026-08-05T08:48:14.003+0000] {logging_mixin.py:188} INFO - Downloaded accounts/date=2026-07-27/accounts_090341112017.parquet -> /tmp/minio_downloads/accounts_090341112017.parquet
[2026-08-05T08:48:14.027+0000] {logging_mixin.py:188} INFO - Downloaded accounts/date=2026-07-27/accounts_090341158981.parquet -> /tmp/minio_downloads/accounts_090341158981.parquet
[2026-08-05T08:48:14.051+0000] {logging_mixin.py:188} INFO - Downloaded accounts/date=2026-07-27/accounts_090341202568.parquet -> /tmp/minio_downloads/accounts_090341202568.parquet
[2026-08-05T08:48:14.073+0000] {logging_mixin.py:188} INFO - Downloaded accounts/date=2026-07-27/accounts_090341253926.parquet -> /tmp/minio_downloads/accounts_090341253926.parquet
[2026-08-05T08:48:14.101+0000] {logging_mixin.py:188} INFO - Downloaded accounts/date=2026-07-27/accounts_090341309247.parquet -> /tmp/minio_downloads/accounts_090341309247.parquet
[2026-08-05T08:48:14.124+0000] {logging_mixin.py:188} INFO - Downloaded accounts/date=2026-07-27/accounts_090341358146.parquet -> /tmp/minio_downloads/accounts_090341358146.parquet
[2026-08-05T08:48:14.149+0000] {logging_mixin.py:188} INFO - Downloaded accounts/date=2026-07-27/accounts_090341414601.parquet -> /tmp/minio_downloads/accounts_090341414601.parquet
[2026-08-05T08:48:14.176+0000] {logging_mixin.py:188} INFO - Downloaded accounts/date=2026-07-27/accounts_090341460477.parquet -> /tmp/minio_downloads/accounts_090341460477.parquet
[2026-08-05T08:48:14.200+0000] {logging_mixin.py:188} INFO - Downloaded accounts/date=2026-07-27/accounts_090341508932.parquet -> /tmp/minio_downloads/accounts_090341508932.parquet
[2026-08-05T08:48:14.226+0000] {logging_mixin.py:188} INFO - Downloaded accounts/date=2026-07-27/accounts_090341566052.parquet -> /tmp/minio_downloads/accounts_090341566052.parquet
[2026-08-05T08:48:14.250+0000] {logging_mixin.py:188} INFO - Downloaded accounts/date=2026-07-27/accounts_090341619353.parquet -> /tmp/minio_downloads/accounts_090341619353.parquet
[2026-08-05T08:48:14.274+0000] {logging_mixin.py:188} INFO - Downloaded accounts/date=2026-07-27/accounts_090341668762.parquet -> /tmp/minio_downloads/accounts_090341668762.parquet
[2026-08-05T08:48:14.299+0000] {logging_mixin.py:188} INFO - Downloaded accounts/date=2026-07-27/accounts_090341718138.parquet -> /tmp/minio_downloads/accounts_090341718138.parquet
[2026-08-05T08:48:14.323+0000] {logging_mixin.py:188} INFO - Downloaded accounts/date=2026-07-27/accounts_090341776387.parquet -> /tmp/minio_downloads/accounts_090341776387.parquet
[2026-08-05T08:48:14.345+0000] {logging_mixin.py:188} INFO - Downloaded accounts/date=2026-07-27/accounts_090341838405.parquet -> /tmp/minio_downloads/accounts_090341838405.parquet
[2026-08-05T08:48:14.369+0000] {logging_mixin.py:188} INFO - Downloaded accounts/date=2026-07-27/accounts_090341981608.parquet -> /tmp/minio_downloads/accounts_090341981608.parquet
[2026-08-05T08:48:14.393+0000] {logging_mixin.py:188} INFO - Downloaded accounts/date=2026-07-27/accounts_090342055992.parquet -> /tmp/minio_downloads/accounts_090342055992.parquet
[2026-08-05T08:48:14.422+0000] {logging_mixin.py:188} INFO - Downloaded accounts/date=2026-07-27/accounts_090342130644.parquet -> /tmp/minio_downloads/accounts_090342130644.parquet
[2026-08-05T08:48:14.452+0000] {logging_mixin.py:188} INFO - Downloaded accounts/date=2026-07-27/accounts_090342179195.parquet -> /tmp/minio_downloads/accounts_090342179195.parquet
[2026-08-05T08:48:14.476+0000] {logging_mixin.py:188} INFO - Downloaded accounts/date=2026-07-27/accounts_090342243528.parquet -> /tmp/minio_downloads/accounts_090342243528.parquet
[2026-08-05T08:48:14.500+0000] {logging_mixin.py:188} INFO - Downloaded accounts/date=2026-07-27/accounts_090342306582.parquet -> /tmp/minio_downloads/accounts_090342306582.parquet
[2026-08-05T08:48:14.529+0000] {logging_mixin.py:188} INFO - Downloaded accounts/date=2026-07-27/accounts_090342357790.parquet -> /tmp/minio_downloads/accounts_090342357790.parquet
[2026-08-05T08:48:14.556+0000] {logging_mixin.py:188} INFO - Downloaded accounts/date=2026-07-27/accounts_090342419173.parquet -> /tmp/minio_downloads/accounts_090342419173.parquet
[2026-08-05T08:48:14.587+0000] {logging_mixin.py:188} INFO - Downloaded accounts/date=2026-07-27/accounts_090342483724.parquet -> /tmp/minio_downloads/accounts_090342483724.parquet
[2026-08-05T08:48:14.616+0000] {logging_mixin.py:188} INFO - Downloaded accounts/date=2026-07-27/accounts_090342544707.parquet -> /tmp/minio_downloads/accounts_090342544707.parquet
[2026-08-05T08:48:14.643+0000] {logging_mixin.py:188} INFO - Downloaded accounts/date=2026-07-27/accounts_090342599697.parquet -> /tmp/minio_downloads/accounts_090342599697.parquet
[2026-08-05T08:48:14.670+0000] {logging_mixin.py:188} INFO - Downloaded accounts/date=2026-07-27/accounts_090342676207.parquet -> /tmp/minio_downloads/accounts_090342676207.parquet
[2026-08-05T08:48:14.693+0000] {logging_mixin.py:188} INFO - Downloaded accounts/date=2026-07-27/accounts_090342736945.parquet -> /tmp/minio_downloads/accounts_090342736945.parquet
[2026-08-05T08:48:14.716+0000] {logging_mixin.py:188} INFO - Downloaded accounts/date=2026-07-27/accounts_090342792308.parquet -> /tmp/minio_downloads/accounts_090342792308.parquet
[2026-08-05T08:48:14.741+0000] {logging_mixin.py:188} INFO - Downloaded accounts/date=2026-07-27/accounts_090342856333.parquet -> /tmp/minio_downloads/accounts_090342856333.parquet
[2026-08-05T08:48:14.765+0000] {logging_mixin.py:188} INFO - Downloaded accounts/date=2026-07-27/accounts_090342912162.parquet -> /tmp/minio_downloads/accounts_090342912162.parquet
[2026-08-05T08:48:14.790+0000] {logging_mixin.py:188} INFO - Downloaded accounts/date=2026-07-27/accounts_090342961837.parquet -> /tmp/minio_downloads/accounts_090342961837.parquet
[2026-08-05T08:48:14.816+0000] {logging_mixin.py:188} INFO - Downloaded accounts/date=2026-07-27/accounts_090343020787.parquet -> /tmp/minio_downloads/accounts_090343020787.parquet
[2026-08-05T08:48:14.841+0000] {logging_mixin.py:188} INFO - Downloaded accounts/date=2026-07-27/accounts_090343073815.parquet -> /tmp/minio_downloads/accounts_090343073815.parquet
[2026-08-05T08:48:14.865+0000] {logging_mixin.py:188} INFO - Downloaded accounts/date=2026-07-27/accounts_090343145518.parquet -> /tmp/minio_downloads/accounts_090343145518.parquet
[2026-08-05T08:48:14.889+0000] {logging_mixin.py:188} INFO - Downloaded accounts/date=2026-07-27/accounts_090343197072.parquet -> /tmp/minio_downloads/accounts_090343197072.parquet
[2026-08-05T08:48:14.914+0000] {logging_mixin.py:188} INFO - Downloaded accounts/date=2026-07-27/accounts_090343253148.parquet -> /tmp/minio_downloads/accounts_090343253148.parquet
[2026-08-05T08:48:14.939+0000] {logging_mixin.py:188} INFO - Downloaded accounts/date=2026-07-27/accounts_090343304398.parquet -> /tmp/minio_downloads/accounts_090343304398.parquet
[2026-08-05T08:48:14.965+0000] {logging_mixin.py:188} INFO - Downloaded accounts/date=2026-07-27/accounts_090343363086.parquet -> /tmp/minio_downloads/accounts_090343363086.parquet
[2026-08-05T08:48:14.995+0000] {logging_mixin.py:188} INFO - Downloaded accounts/date=2026-07-27/accounts_090343413316.parquet -> /tmp/minio_downloads/accounts_090343413316.parquet
[2026-08-05T08:48:15.022+0000] {logging_mixin.py:188} INFO - Downloaded accounts/date=2026-07-27/accounts_090343474555.parquet -> /tmp/minio_downloads/accounts_090343474555.parquet
[2026-08-05T08:48:15.046+0000] {logging_mixin.py:188} INFO - Downloaded accounts/date=2026-07-27/accounts_090343527458.parquet -> /tmp/minio_downloads/accounts_090343527458.parquet
[2026-08-05T08:48:15.071+0000] {logging_mixin.py:188} INFO - Downloaded accounts/date=2026-07-27/accounts_090343585034.parquet -> /tmp/minio_downloads/accounts_090343585034.parquet
[2026-08-05T08:48:15.096+0000] {logging_mixin.py:188} INFO - Downloaded accounts/date=2026-07-27/accounts_090343634679.parquet -> /tmp/minio_downloads/accounts_090343634679.parquet
[2026-08-05T08:48:15.143+0000] {logging_mixin.py:188} INFO - Downloaded accounts/date=2026-07-27/accounts_090343680435.parquet -> /tmp/minio_downloads/accounts_090343680435.parquet
[2026-08-05T08:48:15.176+0000] {logging_mixin.py:188} INFO - Downloaded accounts/date=2026-07-27/accounts_090343728598.parquet -> /tmp/minio_downloads/accounts_090343728598.parquet
[2026-08-05T08:48:15.203+0000] {logging_mixin.py:188} INFO - Downloaded accounts/date=2026-07-27/accounts_090343779632.parquet -> /tmp/minio_downloads/accounts_090343779632.parquet
[2026-08-05T08:48:15.231+0000] {logging_mixin.py:188} INFO - Downloaded accounts/date=2026-07-27/accounts_090343833916.parquet -> /tmp/minio_downloads/accounts_090343833916.parquet
[2026-08-05T08:48:15.261+0000] {logging_mixin.py:188} INFO - Downloaded accounts/date=2026-07-27/accounts_090343888730.parquet -> /tmp/minio_downloads/accounts_090343888730.parquet
[2026-08-05T08:48:15.288+0000] {logging_mixin.py:188} INFO - Downloaded accounts/date=2026-07-27/accounts_090343934679.parquet -> /tmp/minio_downloads/accounts_090343934679.parquet
[2026-08-05T08:48:15.316+0000] {logging_mixin.py:188} INFO - Downloaded accounts/date=2026-07-27/accounts_090343976827.parquet -> /tmp/minio_downloads/accounts_090343976827.parquet
[2026-08-05T08:48:15.342+0000] {logging_mixin.py:188} INFO - Downloaded accounts/date=2026-07-27/accounts_090344021032.parquet -> /tmp/minio_downloads/accounts_090344021032.parquet
[2026-08-05T08:48:15.368+0000] {logging_mixin.py:188} INFO - Downloaded accounts/date=2026-07-27/accounts_090344070350.parquet -> /tmp/minio_downloads/accounts_090344070350.parquet
[2026-08-05T08:48:15.393+0000] {logging_mixin.py:188} INFO - Downloaded accounts/date=2026-07-27/accounts_090344114475.parquet -> /tmp/minio_downloads/accounts_090344114475.parquet
[2026-08-05T08:48:15.419+0000] {logging_mixin.py:188} INFO - Downloaded accounts/date=2026-07-27/accounts_090344178771.parquet -> /tmp/minio_downloads/accounts_090344178771.parquet
[2026-08-05T08:48:15.446+0000] {logging_mixin.py:188} INFO - Downloaded accounts/date=2026-07-27/accounts_090344234782.parquet -> /tmp/minio_downloads/accounts_090344234782.parquet
[2026-08-05T08:48:15.471+0000] {logging_mixin.py:188} INFO - Downloaded accounts/date=2026-07-27/accounts_090344295645.parquet -> /tmp/minio_downloads/accounts_090344295645.parquet
[2026-08-05T08:48:15.496+0000] {logging_mixin.py:188} INFO - Downloaded accounts/date=2026-07-27/accounts_090344355098.parquet -> /tmp/minio_downloads/accounts_090344355098.parquet
[2026-08-05T08:48:15.520+0000] {logging_mixin.py:188} INFO - Downloaded accounts/date=2026-07-27/accounts_090344408224.parquet -> /tmp/minio_downloads/accounts_090344408224.parquet
[2026-08-05T08:48:15.555+0000] {logging_mixin.py:188} INFO - Downloaded accounts/date=2026-07-27/accounts_090344461455.parquet -> /tmp/minio_downloads/accounts_090344461455.parquet
[2026-08-05T08:48:15.587+0000] {logging_mixin.py:188} INFO - Downloaded accounts/date=2026-07-27/accounts_090344517205.parquet -> /tmp/minio_downloads/accounts_090344517205.parquet
[2026-08-05T08:48:15.618+0000] {logging_mixin.py:188} INFO - Downloaded accounts/date=2026-07-27/accounts_090344564860.parquet -> /tmp/minio_downloads/accounts_090344564860.parquet
[2026-08-05T08:48:17.936+0000] {logging_mixin.py:188} INFO - Downloaded transactions/date=2026-07-27/transactions_090344635325.parquet -> /tmp/minio_downloads/transactions_090344635325.parquet
[2026-08-05T08:48:17.961+0000] {logging_mixin.py:188} INFO - Downloaded transactions/date=2026-07-27/transactions_090344698403.parquet -> /tmp/minio_downloads/transactions_090344698403.parquet
[2026-08-05T08:48:17.985+0000] {logging_mixin.py:188} INFO - Downloaded transactions/date=2026-07-27/transactions_090344744646.parquet -> /tmp/minio_downloads/transactions_090344744646.parquet
[2026-08-05T08:48:18.010+0000] {logging_mixin.py:188} INFO - Downloaded transactions/date=2026-07-27/transactions_090344795789.parquet -> /tmp/minio_downloads/transactions_090344795789.parquet
[2026-08-05T08:48:18.043+0000] {logging_mixin.py:188} INFO - Downloaded transactions/date=2026-07-27/transactions_090344850100.parquet -> /tmp/minio_downloads/transactions_090344850100.parquet
[2026-08-05T08:48:18.078+0000] {logging_mixin.py:188} INFO - Downloaded transactions/date=2026-07-27/transactions_090344900109.parquet -> /tmp/minio_downloads/transactions_090344900109.parquet
[2026-08-05T08:48:18.109+0000] {logging_mixin.py:188} INFO - Downloaded transactions/date=2026-07-27/transactions_090344947492.parquet -> /tmp/minio_downloads/transactions_090344947492.parquet
[2026-08-05T08:48:18.139+0000] {logging_mixin.py:188} INFO - Downloaded transactions/date=2026-07-27/transactions_090344993567.parquet -> /tmp/minio_downloads/transactions_090344993567.parquet
[2026-08-05T08:48:18.169+0000] {logging_mixin.py:188} INFO - Downloaded transactions/date=2026-07-27/transactions_090345052242.parquet -> /tmp/minio_downloads/transactions_090345052242.parquet
[2026-08-05T08:48:18.203+0000] {logging_mixin.py:188} INFO - Downloaded transactions/date=2026-07-27/transactions_090345100340.parquet -> /tmp/minio_downloads/transactions_090345100340.parquet
[2026-08-05T08:48:18.230+0000] {logging_mixin.py:188} INFO - Downloaded transactions/date=2026-07-27/transactions_090345147085.parquet -> /tmp/minio_downloads/transactions_090345147085.parquet
[2026-08-05T08:48:18.255+0000] {logging_mixin.py:188} INFO - Downloaded transactions/date=2026-07-27/transactions_090345192944.parquet -> /tmp/minio_downloads/transactions_090345192944.parquet
[2026-08-05T08:48:18.280+0000] {logging_mixin.py:188} INFO - Downloaded transactions/date=2026-07-27/transactions_090345308408.parquet -> /tmp/minio_downloads/transactions_090345308408.parquet
[2026-08-05T08:48:18.304+0000] {logging_mixin.py:188} INFO - Downloaded transactions/date=2026-07-27/transactions_090345357692.parquet -> /tmp/minio_downloads/transactions_090345357692.parquet
[2026-08-05T08:48:18.329+0000] {logging_mixin.py:188} INFO - Downloaded transactions/date=2026-07-27/transactions_090345402851.parquet -> /tmp/minio_downloads/transactions_090345402851.parquet
[2026-08-05T08:48:18.353+0000] {logging_mixin.py:188} INFO - Downloaded transactions/date=2026-07-27/transactions_090345456814.parquet -> /tmp/minio_downloads/transactions_090345456814.parquet
[2026-08-05T08:48:18.378+0000] {logging_mixin.py:188} INFO - Downloaded transactions/date=2026-07-27/transactions_090345501980.parquet -> /tmp/minio_downloads/transactions_090345501980.parquet
[2026-08-05T08:48:18.401+0000] {logging_mixin.py:188} INFO - Downloaded transactions/date=2026-07-27/transactions_090345551838.parquet -> /tmp/minio_downloads/transactions_090345551838.parquet
[2026-08-05T08:48:18.428+0000] {logging_mixin.py:188} INFO - Downloaded transactions/date=2026-07-27/transactions_090345595622.parquet -> /tmp/minio_downloads/transactions_090345595622.parquet
[2026-08-05T08:48:18.453+0000] {logging_mixin.py:188} INFO - Downloaded transactions/date=2026-07-27/transactions_090345662310.parquet -> /tmp/minio_downloads/transactions_090345662310.parquet
[2026-08-05T08:48:18.478+0000] {logging_mixin.py:188} INFO - Downloaded transactions/date=2026-07-27/transactions_090345710767.parquet -> /tmp/minio_downloads/transactions_090345710767.parquet
[2026-08-05T08:48:18.501+0000] {logging_mixin.py:188} INFO - Downloaded transactions/date=2026-07-27/transactions_090345754288.parquet -> /tmp/minio_downloads/transactions_090345754288.parquet
[2026-08-05T08:48:18.525+0000] {logging_mixin.py:188} INFO - Downloaded transactions/date=2026-07-27/transactions_090345804973.parquet -> /tmp/minio_downloads/transactions_090345804973.parquet
[2026-08-05T08:48:18.549+0000] {logging_mixin.py:188} INFO - Downloaded transactions/date=2026-07-27/transactions_090345861683.parquet -> /tmp/minio_downloads/transactions_090345861683.parquet
[2026-08-05T08:48:18.573+0000] {logging_mixin.py:188} INFO - Downloaded transactions/date=2026-07-27/transactions_090345909777.parquet -> /tmp/minio_downloads/transactions_090345909777.parquet
[2026-08-05T08:48:18.598+0000] {logging_mixin.py:188} INFO - Downloaded transactions/date=2026-07-27/transactions_090345961293.parquet -> /tmp/minio_downloads/transactions_090345961293.parquet
[2026-08-05T08:48:18.626+0000] {logging_mixin.py:188} INFO - Downloaded transactions/date=2026-07-27/transactions_090346008937.parquet -> /tmp/minio_downloads/transactions_090346008937.parquet
[2026-08-05T08:48:18.652+0000] {logging_mixin.py:188} INFO - Downloaded transactions/date=2026-07-27/transactions_090346056562.parquet -> /tmp/minio_downloads/transactions_090346056562.parquet
[2026-08-05T08:48:18.676+0000] {logging_mixin.py:188} INFO - Downloaded transactions/date=2026-07-27/transactions_090346102527.parquet -> /tmp/minio_downloads/transactions_090346102527.parquet
[2026-08-05T08:48:18.700+0000] {logging_mixin.py:188} INFO - Downloaded transactions/date=2026-07-27/transactions_090346152705.parquet -> /tmp/minio_downloads/transactions_090346152705.parquet
[2026-08-05T08:48:18.726+0000] {logging_mixin.py:188} INFO - Downloaded transactions/date=2026-07-27/transactions_090346198936.parquet -> /tmp/minio_downloads/transactions_090346198936.parquet
[2026-08-05T08:48:18.778+0000] {logging_mixin.py:188} INFO - Downloaded transactions/date=2026-07-27/transactions_090346247151.parquet -> /tmp/minio_downloads/transactions_090346247151.parquet
[2026-08-05T08:48:18.804+0000] {logging_mixin.py:188} INFO - Downloaded transactions/date=2026-07-27/transactions_090346296845.parquet -> /tmp/minio_downloads/transactions_090346296845.parquet
[2026-08-05T08:48:18.835+0000] {logging_mixin.py:188} INFO - Downloaded transactions/date=2026-07-27/transactions_090346362045.parquet -> /tmp/minio_downloads/transactions_090346362045.parquet
[2026-08-05T08:48:18.863+0000] {logging_mixin.py:188} INFO - Downloaded transactions/date=2026-07-27/transactions_090346407218.parquet -> /tmp/minio_downloads/transactions_090346407218.parquet
[2026-08-05T08:48:18.890+0000] {logging_mixin.py:188} INFO - Downloaded transactions/date=2026-07-27/transactions_090346456355.parquet -> /tmp/minio_downloads/transactions_090346456355.parquet
[2026-08-05T08:48:18.917+0000] {logging_mixin.py:188} INFO - Downloaded transactions/date=2026-07-27/transactions_090346503975.parquet -> /tmp/minio_downloads/transactions_090346503975.parquet
[2026-08-05T08:48:18.946+0000] {logging_mixin.py:188} INFO - Downloaded transactions/date=2026-07-27/transactions_090346552820.parquet -> /tmp/minio_downloads/transactions_090346552820.parquet
[2026-08-05T08:48:18.973+0000] {logging_mixin.py:188} INFO - Downloaded transactions/date=2026-07-27/transactions_090346595247.parquet -> /tmp/minio_downloads/transactions_090346595247.parquet
[2026-08-05T08:48:18.998+0000] {logging_mixin.py:188} INFO - Downloaded transactions/date=2026-07-27/transactions_090346646157.parquet -> /tmp/minio_downloads/transactions_090346646157.parquet
[2026-08-05T08:48:19.024+0000] {logging_mixin.py:188} INFO - Downloaded transactions/date=2026-07-27/transactions_090346718780.parquet -> /tmp/minio_downloads/transactions_090346718780.parquet
[2026-08-05T08:48:19.048+0000] {logging_mixin.py:188} INFO - Downloaded transactions/date=2026-07-27/transactions_090346804433.parquet -> /tmp/minio_downloads/transactions_090346804433.parquet
[2026-08-05T08:48:19.075+0000] {logging_mixin.py:188} INFO - Downloaded transactions/date=2026-07-27/transactions_090346901001.parquet -> /tmp/minio_downloads/transactions_090346901001.parquet
[2026-08-05T08:48:19.101+0000] {logging_mixin.py:188} INFO - Downloaded transactions/date=2026-07-27/transactions_090346944243.parquet -> /tmp/minio_downloads/transactions_090346944243.parquet
[2026-08-05T08:48:19.128+0000] {logging_mixin.py:188} INFO - Downloaded transactions/date=2026-07-27/transactions_090346989485.parquet -> /tmp/minio_downloads/transactions_090346989485.parquet
[2026-08-05T08:48:19.154+0000] {logging_mixin.py:188} INFO - Downloaded transactions/date=2026-07-27/transactions_090347034187.parquet -> /tmp/minio_downloads/transactions_090347034187.parquet
[2026-08-05T08:48:19.180+0000] {logging_mixin.py:188} INFO - Downloaded transactions/date=2026-07-27/transactions_090347079809.parquet -> /tmp/minio_downloads/transactions_090347079809.parquet
[2026-08-05T08:48:19.210+0000] {logging_mixin.py:188} INFO - Downloaded transactions/date=2026-07-27/transactions_090347125087.parquet -> /tmp/minio_downloads/transactions_090347125087.parquet
[2026-08-05T08:48:19.238+0000] {logging_mixin.py:188} INFO - Downloaded transactions/date=2026-07-27/transactions_090347178696.parquet -> /tmp/minio_downloads/transactions_090347178696.parquet
[2026-08-05T08:48:19.265+0000] {logging_mixin.py:188} INFO - Downloaded transactions/date=2026-07-27/transactions_090347229220.parquet -> /tmp/minio_downloads/transactions_090347229220.parquet
[2026-08-05T08:48:19.293+0000] {logging_mixin.py:188} INFO - Downloaded transactions/date=2026-07-27/transactions_090347275437.parquet -> /tmp/minio_downloads/transactions_090347275437.parquet
[2026-08-05T08:48:19.321+0000] {logging_mixin.py:188} INFO - Downloaded transactions/date=2026-07-27/transactions_090347329417.parquet -> /tmp/minio_downloads/transactions_090347329417.parquet
[2026-08-05T08:48:19.348+0000] {logging_mixin.py:188} INFO - Downloaded transactions/date=2026-07-27/transactions_090347384750.parquet -> /tmp/minio_downloads/transactions_090347384750.parquet
[2026-08-05T08:48:19.375+0000] {logging_mixin.py:188} INFO - Downloaded transactions/date=2026-07-27/transactions_090347434686.parquet -> /tmp/minio_downloads/transactions_090347434686.parquet
[2026-08-05T08:48:19.400+0000] {logging_mixin.py:188} INFO - Downloaded transactions/date=2026-07-27/transactions_090347488696.parquet -> /tmp/minio_downloads/transactions_090347488696.parquet
[2026-08-05T08:48:19.428+0000] {logging_mixin.py:188} INFO - Downloaded transactions/date=2026-07-27/transactions_090347536914.parquet -> /tmp/minio_downloads/transactions_090347536914.parquet
[2026-08-05T08:48:19.453+0000] {logging_mixin.py:188} INFO - Downloaded transactions/date=2026-07-27/transactions_090347596012.parquet -> /tmp/minio_downloads/transactions_090347596012.parquet
[2026-08-05T08:48:19.479+0000] {logging_mixin.py:188} INFO - Downloaded transactions/date=2026-07-27/transactions_090347711514.parquet -> /tmp/minio_downloads/transactions_090347711514.parquet
[2026-08-05T08:48:19.505+0000] {logging_mixin.py:188} INFO - Downloaded transactions/date=2026-07-27/transactions_090347754828.parquet -> /tmp/minio_downloads/transactions_090347754828.parquet
[2026-08-05T08:48:19.530+0000] {logging_mixin.py:188} INFO - Downloaded transactions/date=2026-07-27/transactions_090347804639.parquet -> /tmp/minio_downloads/transactions_090347804639.parquet
[2026-08-05T08:48:19.556+0000] {logging_mixin.py:188} INFO - Downloaded transactions/date=2026-07-27/transactions_090347847633.parquet -> /tmp/minio_downloads/transactions_090347847633.parquet
[2026-08-05T08:48:19.581+0000] {logging_mixin.py:188} INFO - Downloaded transactions/date=2026-07-27/transactions_090347911934.parquet -> /tmp/minio_downloads/transactions_090347911934.parquet
[2026-08-05T08:48:19.609+0000] {logging_mixin.py:188} INFO - Downloaded transactions/date=2026-07-27/transactions_090347957527.parquet -> /tmp/minio_downloads/transactions_090347957527.parquet
[2026-08-05T08:48:19.634+0000] {logging_mixin.py:188} INFO - Downloaded transactions/date=2026-07-27/transactions_090348008862.parquet -> /tmp/minio_downloads/transactions_090348008862.parquet
[2026-08-05T08:48:19.659+0000] {logging_mixin.py:188} INFO - Downloaded transactions/date=2026-07-27/transactions_090348059997.parquet -> /tmp/minio_downloads/transactions_090348059997.parquet
[2026-08-05T08:48:19.685+0000] {logging_mixin.py:188} INFO - Downloaded transactions/date=2026-07-27/transactions_090348110511.parquet -> /tmp/minio_downloads/transactions_090348110511.parquet
[2026-08-05T08:48:19.710+0000] {logging_mixin.py:188} INFO - Downloaded transactions/date=2026-07-27/transactions_090348157671.parquet -> /tmp/minio_downloads/transactions_090348157671.parquet
[2026-08-05T08:48:19.736+0000] {logging_mixin.py:188} INFO - Downloaded transactions/date=2026-07-27/transactions_090348204374.parquet -> /tmp/minio_downloads/transactions_090348204374.parquet
[2026-08-05T08:48:19.762+0000] {logging_mixin.py:188} INFO - Downloaded transactions/date=2026-07-27/transactions_090348252573.parquet -> /tmp/minio_downloads/transactions_090348252573.parquet
[2026-08-05T08:48:19.788+0000] {logging_mixin.py:188} INFO - Downloaded transactions/date=2026-07-27/transactions_090348298605.parquet -> /tmp/minio_downloads/transactions_090348298605.parquet
[2026-08-05T08:48:19.814+0000] {logging_mixin.py:188} INFO - Downloaded transactions/date=2026-07-27/transactions_090348342378.parquet -> /tmp/minio_downloads/transactions_090348342378.parquet
[2026-08-05T08:48:19.840+0000] {logging_mixin.py:188} INFO - Downloaded transactions/date=2026-07-27/transactions_090348401092.parquet -> /tmp/minio_downloads/transactions_090348401092.parquet
[2026-08-05T08:48:19.871+0000] {logging_mixin.py:188} INFO - Downloaded transactions/date=2026-07-27/transactions_090348459158.parquet -> /tmp/minio_downloads/transactions_090348459158.parquet
[2026-08-05T08:48:19.897+0000] {logging_mixin.py:188} INFO - Downloaded transactions/date=2026-07-27/transactions_090348510411.parquet -> /tmp/minio_downloads/transactions_090348510411.parquet
[2026-08-05T08:48:19.929+0000] {logging_mixin.py:188} INFO - Downloaded transactions/date=2026-07-27/transactions_090348559775.parquet -> /tmp/minio_downloads/transactions_090348559775.parquet
[2026-08-05T08:48:19.960+0000] {logging_mixin.py:188} INFO - Downloaded transactions/date=2026-07-27/transactions_090348607300.parquet -> /tmp/minio_downloads/transactions_090348607300.parquet
[2026-08-05T08:48:19.988+0000] {logging_mixin.py:188} INFO - Downloaded transactions/date=2026-07-27/transactions_090348653264.parquet -> /tmp/minio_downloads/transactions_090348653264.parquet
[2026-08-05T08:48:20.014+0000] {logging_mixin.py:188} INFO - Downloaded transactions/date=2026-07-27/transactions_090348708374.parquet -> /tmp/minio_downloads/transactions_090348708374.parquet
[2026-08-05T08:48:20.039+0000] {logging_mixin.py:188} INFO - Downloaded transactions/date=2026-07-27/transactions_090348757425.parquet -> /tmp/minio_downloads/transactions_090348757425.parquet
[2026-08-05T08:48:20.065+0000] {logging_mixin.py:188} INFO - Downloaded transactions/date=2026-07-27/transactions_090348808601.parquet -> /tmp/minio_downloads/transactions_090348808601.parquet
[2026-08-05T08:48:20.091+0000] {logging_mixin.py:188} INFO - Downloaded transactions/date=2026-07-27/transactions_090348853162.parquet -> /tmp/minio_downloads/transactions_090348853162.parquet
[2026-08-05T08:48:20.115+0000] {logging_mixin.py:188} INFO - Downloaded transactions/date=2026-07-27/transactions_090348917946.parquet -> /tmp/minio_downloads/transactions_090348917946.parquet
[2026-08-05T08:48:20.140+0000] {logging_mixin.py:188} INFO - Downloaded transactions/date=2026-07-27/transactions_090348986480.parquet -> /tmp/minio_downloads/transactions_090348986480.parquet
[2026-08-05T08:48:20.167+0000] {logging_mixin.py:188} INFO - Downloaded transactions/date=2026-07-27/transactions_090349047306.parquet -> /tmp/minio_downloads/transactions_090349047306.parquet
[2026-08-05T08:48:20.194+0000] {logging_mixin.py:188} INFO - Downloaded transactions/date=2026-07-27/transactions_090349092982.parquet -> /tmp/minio_downloads/transactions_090349092982.parquet
[2026-08-05T08:48:20.224+0000] {logging_mixin.py:188} INFO - Downloaded transactions/date=2026-07-27/transactions_090349140604.parquet -> /tmp/minio_downloads/transactions_090349140604.parquet
[2026-08-05T08:48:20.253+0000] {logging_mixin.py:188} INFO - Downloaded transactions/date=2026-07-27/transactions_090349185139.parquet -> /tmp/minio_downloads/transactions_090349185139.parquet
[2026-08-05T08:48:20.281+0000] {logging_mixin.py:188} INFO - Downloaded transactions/date=2026-07-27/transactions_090349238746.parquet -> /tmp/minio_downloads/transactions_090349238746.parquet
[2026-08-05T08:48:20.309+0000] {logging_mixin.py:188} INFO - Downloaded transactions/date=2026-07-27/transactions_090349290508.parquet -> /tmp/minio_downloads/transactions_090349290508.parquet
[2026-08-05T08:48:20.335+0000] {logging_mixin.py:188} INFO - Downloaded transactions/date=2026-07-27/transactions_090349340716.parquet -> /tmp/minio_downloads/transactions_090349340716.parquet
[2026-08-05T08:48:20.364+0000] {logging_mixin.py:188} INFO - Downloaded transactions/date=2026-07-27/transactions_090349386604.parquet -> /tmp/minio_downloads/transactions_090349386604.parquet
[2026-08-05T08:48:20.393+0000] {logging_mixin.py:188} INFO - Downloaded transactions/date=2026-07-27/transactions_090349466276.parquet -> /tmp/minio_downloads/transactions_090349466276.parquet
[2026-08-05T08:48:20.419+0000] {logging_mixin.py:188} INFO - Downloaded transactions/date=2026-07-27/transactions_090349539821.parquet -> /tmp/minio_downloads/transactions_090349539821.parquet
[2026-08-05T08:48:20.443+0000] {logging_mixin.py:188} INFO - Downloaded transactions/date=2026-07-27/transactions_090349637195.parquet -> /tmp/minio_downloads/transactions_090349637195.parquet
[2026-08-05T08:48:20.469+0000] {logging_mixin.py:188} INFO - Downloaded transactions/date=2026-07-27/transactions_090349689733.parquet -> /tmp/minio_downloads/transactions_090349689733.parquet
[2026-08-05T08:48:20.497+0000] {logging_mixin.py:188} INFO - Downloaded transactions/date=2026-07-27/transactions_090349736179.parquet -> /tmp/minio_downloads/transactions_090349736179.parquet
[2026-08-05T08:48:20.523+0000] {logging_mixin.py:188} INFO - Downloaded transactions/date=2026-07-27/transactions_090349779576.parquet -> /tmp/minio_downloads/transactions_090349779576.parquet
[2026-08-05T08:48:20.547+0000] {logging_mixin.py:188} INFO - Downloaded transactions/date=2026-07-27/transactions_090349826149.parquet -> /tmp/minio_downloads/transactions_090349826149.parquet
[2026-08-05T08:48:20.569+0000] {logging_mixin.py:188} INFO - Downloaded transactions/date=2026-07-27/transactions_090349873955.parquet -> /tmp/minio_downloads/transactions_090349873955.parquet
[2026-08-05T08:48:20.596+0000] {logging_mixin.py:188} INFO - Downloaded transactions/date=2026-07-27/transactions_090349922318.parquet -> /tmp/minio_downloads/transactions_090349922318.parquet
[2026-08-05T08:48:20.620+0000] {logging_mixin.py:188} INFO - Downloaded transactions/date=2026-07-27/transactions_090349980155.parquet -> /tmp/minio_downloads/transactions_090349980155.parquet
[2026-08-05T08:48:20.643+0000] {logging_mixin.py:188} INFO - Downloaded transactions/date=2026-07-27/transactions_090350043626.parquet -> /tmp/minio_downloads/transactions_090350043626.parquet
[2026-08-05T08:48:20.668+0000] {logging_mixin.py:188} INFO - Downloaded transactions/date=2026-07-27/transactions_090350089592.parquet -> /tmp/minio_downloads/transactions_090350089592.parquet
[2026-08-05T08:48:20.693+0000] {logging_mixin.py:188} INFO - Downloaded transactions/date=2026-07-27/transactions_090350138345.parquet -> /tmp/minio_downloads/transactions_090350138345.parquet
[2026-08-05T08:48:20.718+0000] {logging_mixin.py:188} INFO - Downloaded transactions/date=2026-07-27/transactions_090350183670.parquet -> /tmp/minio_downloads/transactions_090350183670.parquet
[2026-08-05T08:48:20.744+0000] {logging_mixin.py:188} INFO - Downloaded transactions/date=2026-07-27/transactions_090350231811.parquet -> /tmp/minio_downloads/transactions_090350231811.parquet
[2026-08-05T08:48:20.771+0000] {logging_mixin.py:188} INFO - Downloaded transactions/date=2026-07-27/transactions_090350273125.parquet -> /tmp/minio_downloads/transactions_090350273125.parquet
[2026-08-05T08:48:20.800+0000] {logging_mixin.py:188} INFO - Downloaded transactions/date=2026-07-27/transactions_090350321357.parquet -> /tmp/minio_downloads/transactions_090350321357.parquet
[2026-08-05T08:48:20.823+0000] {logging_mixin.py:188} INFO - Downloaded transactions/date=2026-07-27/transactions_090350363457.parquet -> /tmp/minio_downloads/transactions_090350363457.parquet
[2026-08-05T08:48:20.846+0000] {logging_mixin.py:188} INFO - Downloaded transactions/date=2026-07-27/transactions_090350409124.parquet -> /tmp/minio_downloads/transactions_090350409124.parquet
[2026-08-05T08:48:20.870+0000] {logging_mixin.py:188} INFO - Downloaded transactions/date=2026-07-27/transactions_090350456314.parquet -> /tmp/minio_downloads/transactions_090350456314.parquet
[2026-08-05T08:48:20.894+0000] {logging_mixin.py:188} INFO - Downloaded transactions/date=2026-07-27/transactions_090350496727.parquet -> /tmp/minio_downloads/transactions_090350496727.parquet
[2026-08-05T08:48:20.919+0000] {logging_mixin.py:188} INFO - Downloaded transactions/date=2026-07-27/transactions_090350541096.parquet -> /tmp/minio_downloads/transactions_090350541096.parquet
[2026-08-05T08:48:20.944+0000] {logging_mixin.py:188} INFO - Downloaded transactions/date=2026-07-27/transactions_090350590595.parquet -> /tmp/minio_downloads/transactions_090350590595.parquet
[2026-08-05T08:48:20.968+0000] {logging_mixin.py:188} INFO - Downloaded transactions/date=2026-07-27/transactions_090350637392.parquet -> /tmp/minio_downloads/transactions_090350637392.parquet
[2026-08-05T08:48:20.993+0000] {logging_mixin.py:188} INFO - Downloaded transactions/date=2026-07-27/transactions_090350688105.parquet -> /tmp/minio_downloads/transactions_090350688105.parquet
[2026-08-05T08:48:21.018+0000] {logging_mixin.py:188} INFO - Downloaded transactions/date=2026-07-27/transactions_090350735881.parquet -> /tmp/minio_downloads/transactions_090350735881.parquet
[2026-08-05T08:48:21.042+0000] {logging_mixin.py:188} INFO - Downloaded transactions/date=2026-07-27/transactions_090350777950.parquet -> /tmp/minio_downloads/transactions_090350777950.parquet
[2026-08-05T08:48:21.069+0000] {logging_mixin.py:188} INFO - Downloaded transactions/date=2026-07-27/transactions_090350829270.parquet -> /tmp/minio_downloads/transactions_090350829270.parquet
[2026-08-05T08:48:21.095+0000] {logging_mixin.py:188} INFO - Downloaded transactions/date=2026-07-27/transactions_090350872710.parquet -> /tmp/minio_downloads/transactions_090350872710.parquet
[2026-08-05T08:48:21.120+0000] {logging_mixin.py:188} INFO - Downloaded transactions/date=2026-07-27/transactions_090350916886.parquet -> /tmp/minio_downloads/transactions_090350916886.parquet
[2026-08-05T08:48:21.145+0000] {logging_mixin.py:188} INFO - Downloaded transactions/date=2026-07-27/transactions_090350980142.parquet -> /tmp/minio_downloads/transactions_090350980142.parquet
[2026-08-05T08:48:21.170+0000] {logging_mixin.py:188} INFO - Downloaded transactions/date=2026-07-27/transactions_090351132471.parquet -> /tmp/minio_downloads/transactions_090351132471.parquet
[2026-08-05T08:48:21.193+0000] {logging_mixin.py:188} INFO - Downloaded transactions/date=2026-07-27/transactions_090351252512.parquet -> /tmp/minio_downloads/transactions_090351252512.parquet
[2026-08-05T08:48:21.221+0000] {logging_mixin.py:188} INFO - Downloaded transactions/date=2026-07-27/transactions_090351297506.parquet -> /tmp/minio_downloads/transactions_090351297506.parquet
[2026-08-05T08:48:21.247+0000] {logging_mixin.py:188} INFO - Downloaded transactions/date=2026-07-27/transactions_090351354756.parquet -> /tmp/minio_downloads/transactions_090351354756.parquet
[2026-08-05T08:48:21.274+0000] {logging_mixin.py:188} INFO - Downloaded transactions/date=2026-07-27/transactions_090351398315.parquet -> /tmp/minio_downloads/transactions_090351398315.parquet
[2026-08-05T08:48:21.299+0000] {logging_mixin.py:188} INFO - Downloaded transactions/date=2026-07-27/transactions_090351444455.parquet -> /tmp/minio_downloads/transactions_090351444455.parquet
[2026-08-05T08:48:21.324+0000] {logging_mixin.py:188} INFO - Downloaded transactions/date=2026-07-27/transactions_090351498438.parquet -> /tmp/minio_downloads/transactions_090351498438.parquet
[2026-08-05T08:48:21.348+0000] {logging_mixin.py:188} INFO - Downloaded transactions/date=2026-07-27/transactions_090351544144.parquet -> /tmp/minio_downloads/transactions_090351544144.parquet
[2026-08-05T08:48:21.372+0000] {logging_mixin.py:188} INFO - Downloaded transactions/date=2026-07-27/transactions_090351589508.parquet -> /tmp/minio_downloads/transactions_090351589508.parquet
[2026-08-05T08:48:21.397+0000] {logging_mixin.py:188} INFO - Downloaded transactions/date=2026-07-27/transactions_090351635835.parquet -> /tmp/minio_downloads/transactions_090351635835.parquet
[2026-08-05T08:48:21.420+0000] {logging_mixin.py:188} INFO - Downloaded transactions/date=2026-07-27/transactions_090351680419.parquet -> /tmp/minio_downloads/transactions_090351680419.parquet
[2026-08-05T08:48:21.446+0000] {logging_mixin.py:188} INFO - Downloaded transactions/date=2026-07-27/transactions_090351724866.parquet -> /tmp/minio_downloads/transactions_090351724866.parquet
[2026-08-05T08:48:21.469+0000] {logging_mixin.py:188} INFO - Downloaded transactions/date=2026-07-27/transactions_090351781853.parquet -> /tmp/minio_downloads/transactions_090351781853.parquet
[2026-08-05T08:48:21.494+0000] {logging_mixin.py:188} INFO - Downloaded transactions/date=2026-07-27/transactions_090351825152.parquet -> /tmp/minio_downloads/transactions_090351825152.parquet
[2026-08-05T08:48:21.517+0000] {logging_mixin.py:188} INFO - Downloaded transactions/date=2026-07-27/transactions_090351872090.parquet -> /tmp/minio_downloads/transactions_090351872090.parquet
[2026-08-05T08:48:21.542+0000] {logging_mixin.py:188} INFO - Downloaded transactions/date=2026-07-27/transactions_090351922861.parquet -> /tmp/minio_downloads/transactions_090351922861.parquet
[2026-08-05T08:48:21.566+0000] {logging_mixin.py:188} INFO - Downloaded transactions/date=2026-07-27/transactions_090351979204.parquet -> /tmp/minio_downloads/transactions_090351979204.parquet
[2026-08-05T08:48:21.589+0000] {logging_mixin.py:188} INFO - Downloaded transactions/date=2026-07-27/transactions_090352066245.parquet -> /tmp/minio_downloads/transactions_090352066245.parquet
[2026-08-05T08:48:21.614+0000] {logging_mixin.py:188} INFO - Downloaded transactions/date=2026-07-27/transactions_090352131625.parquet -> /tmp/minio_downloads/transactions_090352131625.parquet
[2026-08-05T08:48:21.639+0000] {logging_mixin.py:188} INFO - Downloaded transactions/date=2026-07-27/transactions_090352190228.parquet -> /tmp/minio_downloads/transactions_090352190228.parquet
[2026-08-05T08:48:21.664+0000] {logging_mixin.py:188} INFO - Downloaded transactions/date=2026-07-27/transactions_090352234960.parquet -> /tmp/minio_downloads/transactions_090352234960.parquet
[2026-08-05T08:48:21.689+0000] {logging_mixin.py:188} INFO - Downloaded transactions/date=2026-07-27/transactions_090352284281.parquet -> /tmp/minio_downloads/transactions_090352284281.parquet
[2026-08-05T08:48:21.713+0000] {logging_mixin.py:188} INFO - Downloaded transactions/date=2026-07-27/transactions_090352330005.parquet -> /tmp/minio_downloads/transactions_090352330005.parquet
[2026-08-05T08:48:21.737+0000] {logging_mixin.py:188} INFO - Downloaded transactions/date=2026-07-27/transactions_090352380599.parquet -> /tmp/minio_downloads/transactions_090352380599.parquet
[2026-08-05T08:48:21.762+0000] {logging_mixin.py:188} INFO - Downloaded transactions/date=2026-07-27/transactions_090352425116.parquet -> /tmp/minio_downloads/transactions_090352425116.parquet
[2026-08-05T08:48:21.786+0000] {logging_mixin.py:188} INFO - Downloaded transactions/date=2026-07-27/transactions_090352478787.parquet -> /tmp/minio_downloads/transactions_090352478787.parquet
[2026-08-05T08:48:21.811+0000] {logging_mixin.py:188} INFO - Downloaded transactions/date=2026-07-27/transactions_090352529609.parquet -> /tmp/minio_downloads/transactions_090352529609.parquet
[2026-08-05T08:48:21.835+0000] {logging_mixin.py:188} INFO - Downloaded transactions/date=2026-07-27/transactions_090352591371.parquet -> /tmp/minio_downloads/transactions_090352591371.parquet
[2026-08-05T08:48:21.860+0000] {logging_mixin.py:188} INFO - Downloaded transactions/date=2026-07-27/transactions_090352633351.parquet -> /tmp/minio_downloads/transactions_090352633351.parquet
[2026-08-05T08:48:21.885+0000] {logging_mixin.py:188} INFO - Downloaded transactions/date=2026-07-27/transactions_090352684267.parquet -> /tmp/minio_downloads/transactions_090352684267.parquet
[2026-08-05T08:48:21.911+0000] {logging_mixin.py:188} INFO - Downloaded transactions/date=2026-07-27/transactions_090352737147.parquet -> /tmp/minio_downloads/transactions_090352737147.parquet
[2026-08-05T08:48:21.935+0000] {logging_mixin.py:188} INFO - Downloaded transactions/date=2026-07-27/transactions_090352784321.parquet -> /tmp/minio_downloads/transactions_090352784321.parquet
[2026-08-05T08:48:21.966+0000] {logging_mixin.py:188} INFO - Downloaded transactions/date=2026-07-27/transactions_090352827233.parquet -> /tmp/minio_downloads/transactions_090352827233.parquet
[2026-08-05T08:48:21.994+0000] {logging_mixin.py:188} INFO - Downloaded transactions/date=2026-07-27/transactions_090352878913.parquet -> /tmp/minio_downloads/transactions_090352878913.parquet
[2026-08-05T08:48:22.022+0000] {logging_mixin.py:188} INFO - Downloaded transactions/date=2026-07-27/transactions_090352923444.parquet -> /tmp/minio_downloads/transactions_090352923444.parquet
[2026-08-05T08:48:22.049+0000] {logging_mixin.py:188} INFO - Downloaded transactions/date=2026-07-27/transactions_090352978136.parquet -> /tmp/minio_downloads/transactions_090352978136.parquet
[2026-08-05T08:48:22.077+0000] {logging_mixin.py:188} INFO - Downloaded transactions/date=2026-07-27/transactions_090353026733.parquet -> /tmp/minio_downloads/transactions_090353026733.parquet
[2026-08-05T08:48:22.109+0000] {logging_mixin.py:188} INFO - Downloaded transactions/date=2026-07-27/transactions_090353079889.parquet -> /tmp/minio_downloads/transactions_090353079889.parquet
[2026-08-05T08:48:22.142+0000] {logging_mixin.py:188} INFO - Downloaded transactions/date=2026-07-27/transactions_090353131271.parquet -> /tmp/minio_downloads/transactions_090353131271.parquet
[2026-08-05T08:48:22.166+0000] {logging_mixin.py:188} INFO - Downloaded transactions/date=2026-07-27/transactions_090353179157.parquet -> /tmp/minio_downloads/transactions_090353179157.parquet
[2026-08-05T08:48:22.189+0000] {logging_mixin.py:188} INFO - Downloaded transactions/date=2026-07-27/transactions_090353225043.parquet -> /tmp/minio_downloads/transactions_090353225043.parquet
[2026-08-05T08:48:22.212+0000] {logging_mixin.py:188} INFO - Downloaded transactions/date=2026-07-27/transactions_090353280347.parquet -> /tmp/minio_downloads/transactions_090353280347.parquet
[2026-08-05T08:48:22.240+0000] {logging_mixin.py:188} INFO - Downloaded transactions/date=2026-07-27/transactions_090353402065.parquet -> /tmp/minio_downloads/transactions_090353402065.parquet
[2026-08-05T08:48:22.266+0000] {logging_mixin.py:188} INFO - Downloaded transactions/date=2026-07-27/transactions_090353455149.parquet -> /tmp/minio_downloads/transactions_090353455149.parquet
[2026-08-05T08:48:22.291+0000] {logging_mixin.py:188} INFO - Downloaded transactions/date=2026-07-27/transactions_090353498646.parquet -> /tmp/minio_downloads/transactions_090353498646.parquet
[2026-08-05T08:48:22.317+0000] {logging_mixin.py:188} INFO - Downloaded transactions/date=2026-07-27/transactions_090353547456.parquet -> /tmp/minio_downloads/transactions_090353547456.parquet
[2026-08-05T08:48:22.340+0000] {logging_mixin.py:188} INFO - Downloaded transactions/date=2026-07-27/transactions_090353600706.parquet -> /tmp/minio_downloads/transactions_090353600706.parquet
[2026-08-05T08:48:22.364+0000] {logging_mixin.py:188} INFO - Downloaded transactions/date=2026-07-27/transactions_090353643595.parquet -> /tmp/minio_downloads/transactions_090353643595.parquet
[2026-08-05T08:48:22.390+0000] {logging_mixin.py:188} INFO - Downloaded transactions/date=2026-07-27/transactions_090353700583.parquet -> /tmp/minio_downloads/transactions_090353700583.parquet
[2026-08-05T08:48:22.419+0000] {logging_mixin.py:188} INFO - Downloaded transactions/date=2026-07-27/transactions_090353745449.parquet -> /tmp/minio_downloads/transactions_090353745449.parquet
[2026-08-05T08:48:22.452+0000] {logging_mixin.py:188} INFO - Downloaded transactions/date=2026-07-27/transactions_090353793133.parquet -> /tmp/minio_downloads/transactions_090353793133.parquet
[2026-08-05T08:48:22.489+0000] {logging_mixin.py:188} INFO - Downloaded transactions/date=2026-07-27/transactions_090353838216.parquet -> /tmp/minio_downloads/transactions_090353838216.parquet
[2026-08-05T08:48:22.525+0000] {logging_mixin.py:188} INFO - Downloaded transactions/date=2026-07-27/transactions_090353890729.parquet -> /tmp/minio_downloads/transactions_090353890729.parquet
[2026-08-05T08:48:22.559+0000] {logging_mixin.py:188} INFO - Downloaded transactions/date=2026-07-27/transactions_090353936576.parquet -> /tmp/minio_downloads/transactions_090353936576.parquet
[2026-08-05T08:48:22.591+0000] {logging_mixin.py:188} INFO - Downloaded transactions/date=2026-07-27/transactions_090353983581.parquet -> /tmp/minio_downloads/transactions_090353983581.parquet
[2026-08-05T08:48:22.619+0000] {logging_mixin.py:188} INFO - Downloaded transactions/date=2026-07-27/transactions_090354028144.parquet -> /tmp/minio_downloads/transactions_090354028144.parquet
[2026-08-05T08:48:22.644+0000] {logging_mixin.py:188} INFO - Downloaded transactions/date=2026-07-27/transactions_090354085666.parquet -> /tmp/minio_downloads/transactions_090354085666.parquet
[2026-08-05T08:48:22.672+0000] {logging_mixin.py:188} INFO - Downloaded transactions/date=2026-07-27/transactions_090354143476.parquet -> /tmp/minio_downloads/transactions_090354143476.parquet
[2026-08-05T08:48:22.699+0000] {logging_mixin.py:188} INFO - Downloaded transactions/date=2026-07-27/transactions_090354206565.parquet -> /tmp/minio_downloads/transactions_090354206565.parquet
[2026-08-05T08:48:22.724+0000] {logging_mixin.py:188} INFO - Downloaded transactions/date=2026-07-27/transactions_090354264878.parquet -> /tmp/minio_downloads/transactions_090354264878.parquet
[2026-08-05T08:48:22.750+0000] {logging_mixin.py:188} INFO - Downloaded transactions/date=2026-07-27/transactions_090354321619.parquet -> /tmp/minio_downloads/transactions_090354321619.parquet
[2026-08-05T08:48:22.774+0000] {logging_mixin.py:188} INFO - Downloaded transactions/date=2026-07-27/transactions_090354369569.parquet -> /tmp/minio_downloads/transactions_090354369569.parquet
[2026-08-05T08:48:22.807+0000] {logging_mixin.py:188} INFO - Downloaded transactions/date=2026-07-27/transactions_090354438192.parquet -> /tmp/minio_downloads/transactions_090354438192.parquet
[2026-08-05T08:48:22.842+0000] {logging_mixin.py:188} INFO - Downloaded transactions/date=2026-07-27/transactions_090354501727.parquet -> /tmp/minio_downloads/transactions_090354501727.parquet
[2026-08-05T08:48:22.876+0000] {logging_mixin.py:188} INFO - Downloaded transactions/date=2026-07-27/transactions_090354564597.parquet -> /tmp/minio_downloads/transactions_090354564597.parquet
[2026-08-05T08:48:22.944+0000] {logging_mixin.py:188} INFO - Downloaded transactions/date=2026-07-27/transactions_090354627068.parquet -> /tmp/minio_downloads/transactions_090354627068.parquet
[2026-08-05T08:48:22.979+0000] {logging_mixin.py:188} INFO - Downloaded transactions/date=2026-07-27/transactions_090354712936.parquet -> /tmp/minio_downloads/transactions_090354712936.parquet
[2026-08-05T08:48:23.005+0000] {logging_mixin.py:188} INFO - Downloaded transactions/date=2026-07-27/transactions_090354761873.parquet -> /tmp/minio_downloads/transactions_090354761873.parquet
[2026-08-05T08:48:23.030+0000] {logging_mixin.py:188} INFO - Downloaded transactions/date=2026-07-27/transactions_090354820903.parquet -> /tmp/minio_downloads/transactions_090354820903.parquet
[2026-08-05T08:48:23.057+0000] {logging_mixin.py:188} INFO - Downloaded transactions/date=2026-07-27/transactions_090354877371.parquet -> /tmp/minio_downloads/transactions_090354877371.parquet
[2026-08-05T08:48:23.094+0000] {logging_mixin.py:188} INFO - Downloaded transactions/date=2026-07-27/transactions_090354928245.parquet -> /tmp/minio_downloads/transactions_090354928245.parquet
[2026-08-05T08:48:23.136+0000] {logging_mixin.py:188} INFO - Downloaded transactions/date=2026-07-27/transactions_090354976320.parquet -> /tmp/minio_downloads/transactions_090354976320.parquet
[2026-08-05T08:48:23.181+0000] {logging_mixin.py:188} INFO - Downloaded transactions/date=2026-07-27/transactions_090355028374.parquet -> /tmp/minio_downloads/transactions_090355028374.parquet
[2026-08-05T08:48:23.229+0000] {logging_mixin.py:188} INFO - Downloaded transactions/date=2026-07-27/transactions_090355098015.parquet -> /tmp/minio_downloads/transactions_090355098015.parquet
[2026-08-05T08:48:23.308+0000] {logging_mixin.py:188} INFO - Downloaded transactions/date=2026-07-27/transactions_090355150578.parquet -> /tmp/minio_downloads/transactions_090355150578.parquet
[2026-08-05T08:48:23.457+0000] {logging_mixin.py:188} INFO - Downloaded transactions/date=2026-07-27/transactions_090355208526.parquet -> /tmp/minio_downloads/transactions_090355208526.parquet
[2026-08-05T08:48:23.497+0000] {logging_mixin.py:188} INFO - Downloaded transactions/date=2026-07-27/transactions_090355262557.parquet -> /tmp/minio_downloads/transactions_090355262557.parquet
[2026-08-05T08:48:23.523+0000] {logging_mixin.py:188} INFO - Downloaded transactions/date=2026-07-27/transactions_090355321034.parquet -> /tmp/minio_downloads/transactions_090355321034.parquet
[2026-08-05T08:48:23.552+0000] {logging_mixin.py:188} INFO - Downloaded transactions/date=2026-07-27/transactions_090355376276.parquet -> /tmp/minio_downloads/transactions_090355376276.parquet
[2026-08-05T08:48:23.581+0000] {logging_mixin.py:188} INFO - Downloaded transactions/date=2026-07-27/transactions_090355427809.parquet -> /tmp/minio_downloads/transactions_090355427809.parquet
[2026-08-05T08:48:23.610+0000] {logging_mixin.py:188} INFO - Downloaded transactions/date=2026-07-27/transactions_090355476191.parquet -> /tmp/minio_downloads/transactions_090355476191.parquet
[2026-08-05T08:48:23.635+0000] {logging_mixin.py:188} INFO - Downloaded transactions/date=2026-07-27/transactions_090355536617.parquet -> /tmp/minio_downloads/transactions_090355536617.parquet
[2026-08-05T08:48:23.662+0000] {logging_mixin.py:188} INFO - Downloaded transactions/date=2026-07-27/transactions_090355610693.parquet -> /tmp/minio_downloads/transactions_090355610693.parquet
[2026-08-05T08:48:23.686+0000] {logging_mixin.py:188} INFO - Downloaded transactions/date=2026-07-27/transactions_090355659016.parquet -> /tmp/minio_downloads/transactions_090355659016.parquet
[2026-08-05T08:48:23.712+0000] {logging_mixin.py:188} INFO - Downloaded transactions/date=2026-07-27/transactions_090355707912.parquet -> /tmp/minio_downloads/transactions_090355707912.parquet
[2026-08-05T08:48:23.738+0000] {logging_mixin.py:188} INFO - Downloaded transactions/date=2026-07-27/transactions_090355751412.parquet -> /tmp/minio_downloads/transactions_090355751412.parquet
[2026-08-05T08:48:23.764+0000] {logging_mixin.py:188} INFO - Downloaded transactions/date=2026-07-27/transactions_090355794944.parquet -> /tmp/minio_downloads/transactions_090355794944.parquet
[2026-08-05T08:48:23.788+0000] {logging_mixin.py:188} INFO - Downloaded transactions/date=2026-07-27/transactions_090355840528.parquet -> /tmp/minio_downloads/transactions_090355840528.parquet
[2026-08-05T08:48:23.813+0000] {logging_mixin.py:188} INFO - Downloaded transactions/date=2026-07-27/transactions_090355883874.parquet -> /tmp/minio_downloads/transactions_090355883874.parquet
[2026-08-05T08:48:23.840+0000] {logging_mixin.py:188} INFO - Downloaded transactions/date=2026-07-27/transactions_090355928754.parquet -> /tmp/minio_downloads/transactions_090355928754.parquet
[2026-08-05T08:48:23.867+0000] {logging_mixin.py:188} INFO - Downloaded transactions/date=2026-07-27/transactions_090355974016.parquet -> /tmp/minio_downloads/transactions_090355974016.parquet
[2026-08-05T08:48:23.894+0000] {logging_mixin.py:188} INFO - Downloaded transactions/date=2026-07-27/transactions_090356024551.parquet -> /tmp/minio_downloads/transactions_090356024551.parquet
[2026-08-05T08:48:23.919+0000] {logging_mixin.py:188} INFO - Downloaded transactions/date=2026-07-27/transactions_090356070001.parquet -> /tmp/minio_downloads/transactions_090356070001.parquet
[2026-08-05T08:48:23.946+0000] {logging_mixin.py:188} INFO - Downloaded transactions/date=2026-07-27/transactions_090356124968.parquet -> /tmp/minio_downloads/transactions_090356124968.parquet
[2026-08-05T08:48:23.970+0000] {logging_mixin.py:188} INFO - Downloaded transactions/date=2026-07-27/transactions_090356167955.parquet -> /tmp/minio_downloads/transactions_090356167955.parquet
[2026-08-05T08:48:24.000+0000] {logging_mixin.py:188} INFO - Downloaded transactions/date=2026-07-27/transactions_090356289620.parquet -> /tmp/minio_downloads/transactions_090356289620.parquet
[2026-08-05T08:48:24.026+0000] {logging_mixin.py:188} INFO - Downloaded transactions/date=2026-07-27/transactions_090356332656.parquet -> /tmp/minio_downloads/transactions_090356332656.parquet
[2026-08-05T08:48:24.051+0000] {logging_mixin.py:188} INFO - Downloaded transactions/date=2026-07-27/transactions_090356379752.parquet -> /tmp/minio_downloads/transactions_090356379752.parquet
[2026-08-05T08:48:24.078+0000] {logging_mixin.py:188} INFO - Downloaded transactions/date=2026-07-27/transactions_090356429536.parquet -> /tmp/minio_downloads/transactions_090356429536.parquet
[2026-08-05T08:48:24.103+0000] {logging_mixin.py:188} INFO - Downloaded transactions/date=2026-07-27/transactions_090356484290.parquet -> /tmp/minio_downloads/transactions_090356484290.parquet
[2026-08-05T08:48:24.129+0000] {logging_mixin.py:188} INFO - Downloaded transactions/date=2026-07-27/transactions_090356535040.parquet -> /tmp/minio_downloads/transactions_090356535040.parquet
[2026-08-05T08:48:24.154+0000] {logging_mixin.py:188} INFO - Downloaded transactions/date=2026-07-27/transactions_090356580344.parquet -> /tmp/minio_downloads/transactions_090356580344.parquet
[2026-08-05T08:48:24.180+0000] {logging_mixin.py:188} INFO - Downloaded transactions/date=2026-07-27/transactions_090356632331.parquet -> /tmp/minio_downloads/transactions_090356632331.parquet
[2026-08-05T08:48:24.205+0000] {logging_mixin.py:188} INFO - Downloaded transactions/date=2026-07-27/transactions_090356677968.parquet -> /tmp/minio_downloads/transactions_090356677968.parquet
[2026-08-05T08:48:24.231+0000] {logging_mixin.py:188} INFO - Downloaded transactions/date=2026-07-27/transactions_090356730719.parquet -> /tmp/minio_downloads/transactions_090356730719.parquet
[2026-08-05T08:48:24.255+0000] {logging_mixin.py:188} INFO - Downloaded transactions/date=2026-07-27/transactions_090356805931.parquet -> /tmp/minio_downloads/transactions_090356805931.parquet
[2026-08-05T08:48:24.283+0000] {logging_mixin.py:188} INFO - Downloaded transactions/date=2026-07-27/transactions_090356874133.parquet -> /tmp/minio_downloads/transactions_090356874133.parquet
[2026-08-05T08:48:24.314+0000] {logging_mixin.py:188} INFO - Downloaded transactions/date=2026-07-27/transactions_090356921095.parquet -> /tmp/minio_downloads/transactions_090356921095.parquet
[2026-08-05T08:48:24.340+0000] {logging_mixin.py:188} INFO - Downloaded transactions/date=2026-07-27/transactions_090356966348.parquet -> /tmp/minio_downloads/transactions_090356966348.parquet
[2026-08-05T08:48:24.365+0000] {logging_mixin.py:188} INFO - Downloaded transactions/date=2026-07-27/transactions_090357009429.parquet -> /tmp/minio_downloads/transactions_090357009429.parquet
[2026-08-05T08:48:24.392+0000] {logging_mixin.py:188} INFO - Downloaded transactions/date=2026-07-27/transactions_090357055813.parquet -> /tmp/minio_downloads/transactions_090357055813.parquet
[2026-08-05T08:48:24.418+0000] {logging_mixin.py:188} INFO - Downloaded transactions/date=2026-07-27/transactions_090357106270.parquet -> /tmp/minio_downloads/transactions_090357106270.parquet
[2026-08-05T08:48:24.446+0000] {logging_mixin.py:188} INFO - Downloaded transactions/date=2026-07-27/transactions_090357156838.parquet -> /tmp/minio_downloads/transactions_090357156838.parquet
[2026-08-05T08:48:24.473+0000] {logging_mixin.py:188} INFO - Downloaded transactions/date=2026-07-27/transactions_090357200505.parquet -> /tmp/minio_downloads/transactions_090357200505.parquet
[2026-08-05T08:48:24.499+0000] {logging_mixin.py:188} INFO - Downloaded transactions/date=2026-07-27/transactions_090357261171.parquet -> /tmp/minio_downloads/transactions_090357261171.parquet
[2026-08-05T08:48:24.527+0000] {logging_mixin.py:188} INFO - Downloaded transactions/date=2026-07-27/transactions_090357304843.parquet -> /tmp/minio_downloads/transactions_090357304843.parquet
[2026-08-05T08:48:24.555+0000] {logging_mixin.py:188} INFO - Downloaded transactions/date=2026-07-27/transactions_090357351236.parquet -> /tmp/minio_downloads/transactions_090357351236.parquet
[2026-08-05T08:48:24.582+0000] {logging_mixin.py:188} INFO - Downloaded transactions/date=2026-07-27/transactions_090357394679.parquet -> /tmp/minio_downloads/transactions_090357394679.parquet
[2026-08-05T08:48:24.611+0000] {logging_mixin.py:188} INFO - Downloaded transactions/date=2026-07-27/transactions_090357440164.parquet -> /tmp/minio_downloads/transactions_090357440164.parquet
[2026-08-05T08:48:24.637+0000] {logging_mixin.py:188} INFO - Downloaded transactions/date=2026-07-27/transactions_090357490624.parquet -> /tmp/minio_downloads/transactions_090357490624.parquet
[2026-08-05T08:48:24.662+0000] {logging_mixin.py:188} INFO - Downloaded transactions/date=2026-07-27/transactions_090357538623.parquet -> /tmp/minio_downloads/transactions_090357538623.parquet
[2026-08-05T08:48:24.689+0000] {logging_mixin.py:188} INFO - Downloaded transactions/date=2026-07-27/transactions_090357589134.parquet -> /tmp/minio_downloads/transactions_090357589134.parquet
[2026-08-05T08:48:24.717+0000] {logging_mixin.py:188} INFO - Downloaded transactions/date=2026-07-27/transactions_090357651723.parquet -> /tmp/minio_downloads/transactions_090357651723.parquet
[2026-08-05T08:48:24.744+0000] {logging_mixin.py:188} INFO - Downloaded transactions/date=2026-07-27/transactions_090357702738.parquet -> /tmp/minio_downloads/transactions_090357702738.parquet
[2026-08-05T08:48:24.772+0000] {logging_mixin.py:188} INFO - Downloaded transactions/date=2026-07-27/transactions_090357760100.parquet -> /tmp/minio_downloads/transactions_090357760100.parquet
[2026-08-05T08:48:24.799+0000] {logging_mixin.py:188} INFO - Downloaded transactions/date=2026-07-27/transactions_090357801435.parquet -> /tmp/minio_downloads/transactions_090357801435.parquet
[2026-08-05T08:48:24.824+0000] {logging_mixin.py:188} INFO - Downloaded transactions/date=2026-07-27/transactions_090357851905.parquet -> /tmp/minio_downloads/transactions_090357851905.parquet
[2026-08-05T08:48:24.849+0000] {logging_mixin.py:188} INFO - Downloaded transactions/date=2026-07-27/transactions_090357912801.parquet -> /tmp/minio_downloads/transactions_090357912801.parquet
[2026-08-05T08:48:24.874+0000] {logging_mixin.py:188} INFO - Downloaded transactions/date=2026-07-27/transactions_090357960568.parquet -> /tmp/minio_downloads/transactions_090357960568.parquet
[2026-08-05T08:48:24.899+0000] {logging_mixin.py:188} INFO - Downloaded transactions/date=2026-07-27/transactions_090358004849.parquet -> /tmp/minio_downloads/transactions_090358004849.parquet
[2026-08-05T08:48:24.924+0000] {logging_mixin.py:188} INFO - Downloaded transactions/date=2026-07-27/transactions_090358056560.parquet -> /tmp/minio_downloads/transactions_090358056560.parquet
[2026-08-05T08:48:24.949+0000] {logging_mixin.py:188} INFO - Downloaded transactions/date=2026-07-27/transactions_090358105593.parquet -> /tmp/minio_downloads/transactions_090358105593.parquet
[2026-08-05T08:48:24.975+0000] {logging_mixin.py:188} INFO - Downloaded transactions/date=2026-07-27/transactions_090358162181.parquet -> /tmp/minio_downloads/transactions_090358162181.parquet
[2026-08-05T08:48:25.002+0000] {logging_mixin.py:188} INFO - Downloaded transactions/date=2026-07-27/transactions_090358208325.parquet -> /tmp/minio_downloads/transactions_090358208325.parquet
[2026-08-05T08:48:25.025+0000] {logging_mixin.py:188} INFO - Downloaded transactions/date=2026-07-27/transactions_090358259907.parquet -> /tmp/minio_downloads/transactions_090358259907.parquet
[2026-08-05T08:48:25.050+0000] {logging_mixin.py:188} INFO - Downloaded transactions/date=2026-07-27/transactions_090358303300.parquet -> /tmp/minio_downloads/transactions_090358303300.parquet
[2026-08-05T08:48:25.073+0000] {logging_mixin.py:188} INFO - Downloaded transactions/date=2026-07-27/transactions_090358355686.parquet -> /tmp/minio_downloads/transactions_090358355686.parquet
[2026-08-05T08:48:25.098+0000] {logging_mixin.py:188} INFO - Downloaded transactions/date=2026-07-27/transactions_090358405389.parquet -> /tmp/minio_downloads/transactions_090358405389.parquet
[2026-08-05T08:48:25.122+0000] {logging_mixin.py:188} INFO - Downloaded transactions/date=2026-07-27/transactions_090358443895.parquet -> /tmp/minio_downloads/transactions_090358443895.parquet
[2026-08-05T08:48:25.147+0000] {logging_mixin.py:188} INFO - Downloaded transactions/date=2026-07-27/transactions_090358557096.parquet -> /tmp/minio_downloads/transactions_090358557096.parquet
[2026-08-05T08:48:25.172+0000] {logging_mixin.py:188} INFO - Downloaded transactions/date=2026-07-27/transactions_090358604150.parquet -> /tmp/minio_downloads/transactions_090358604150.parquet
[2026-08-05T08:48:25.197+0000] {logging_mixin.py:188} INFO - Downloaded transactions/date=2026-07-27/transactions_090358674157.parquet -> /tmp/minio_downloads/transactions_090358674157.parquet
[2026-08-05T08:48:25.223+0000] {logging_mixin.py:188} INFO - Downloaded transactions/date=2026-07-27/transactions_090358720067.parquet -> /tmp/minio_downloads/transactions_090358720067.parquet
[2026-08-05T08:48:25.247+0000] {logging_mixin.py:188} INFO - Downloaded transactions/date=2026-07-27/transactions_090358769853.parquet -> /tmp/minio_downloads/transactions_090358769853.parquet
[2026-08-05T08:48:25.274+0000] {logging_mixin.py:188} INFO - Downloaded transactions/date=2026-07-27/transactions_090358814455.parquet -> /tmp/minio_downloads/transactions_090358814455.parquet
[2026-08-05T08:48:25.302+0000] {logging_mixin.py:188} INFO - Downloaded transactions/date=2026-07-27/transactions_090358863524.parquet -> /tmp/minio_downloads/transactions_090358863524.parquet
[2026-08-05T08:48:25.347+0000] {logging_mixin.py:188} INFO - Downloaded transactions/date=2026-07-27/transactions_090358934392.parquet -> /tmp/minio_downloads/transactions_090358934392.parquet
[2026-08-05T08:48:25.385+0000] {logging_mixin.py:188} INFO - Downloaded transactions/date=2026-07-27/transactions_090358979341.parquet -> /tmp/minio_downloads/transactions_090358979341.parquet
[2026-08-05T08:48:25.417+0000] {logging_mixin.py:188} INFO - Downloaded transactions/date=2026-07-27/transactions_090359023383.parquet -> /tmp/minio_downloads/transactions_090359023383.parquet
[2026-08-05T08:48:25.451+0000] {logging_mixin.py:188} INFO - Downloaded transactions/date=2026-07-27/transactions_090359073300.parquet -> /tmp/minio_downloads/transactions_090359073300.parquet
[2026-08-05T08:48:25.486+0000] {logging_mixin.py:188} INFO - Downloaded transactions/date=2026-07-27/transactions_090359125859.parquet -> /tmp/minio_downloads/transactions_090359125859.parquet
[2026-08-05T08:48:25.521+0000] {logging_mixin.py:188} INFO - Downloaded transactions/date=2026-07-27/transactions_090359170062.parquet -> /tmp/minio_downloads/transactions_090359170062.parquet
[2026-08-05T08:48:25.554+0000] {logging_mixin.py:188} INFO - Downloaded transactions/date=2026-07-27/transactions_090359215423.parquet -> /tmp/minio_downloads/transactions_090359215423.parquet
[2026-08-05T08:48:25.585+0000] {logging_mixin.py:188} INFO - Downloaded transactions/date=2026-07-27/transactions_090359261771.parquet -> /tmp/minio_downloads/transactions_090359261771.parquet
[2026-08-05T08:48:25.611+0000] {logging_mixin.py:188} INFO - Downloaded transactions/date=2026-07-27/transactions_090359309259.parquet -> /tmp/minio_downloads/transactions_090359309259.parquet
[2026-08-05T08:48:25.636+0000] {logging_mixin.py:188} INFO - Downloaded transactions/date=2026-07-27/transactions_090359352159.parquet -> /tmp/minio_downloads/transactions_090359352159.parquet
[2026-08-05T08:48:25.660+0000] {logging_mixin.py:188} INFO - Downloaded transactions/date=2026-07-27/transactions_090359412076.parquet -> /tmp/minio_downloads/transactions_090359412076.parquet
[2026-08-05T08:48:25.686+0000] {logging_mixin.py:188} INFO - Downloaded transactions/date=2026-07-27/transactions_090359479421.parquet -> /tmp/minio_downloads/transactions_090359479421.parquet
[2026-08-05T08:48:25.711+0000] {logging_mixin.py:188} INFO - Downloaded transactions/date=2026-07-27/transactions_090359532828.parquet -> /tmp/minio_downloads/transactions_090359532828.parquet
[2026-08-05T08:48:25.736+0000] {logging_mixin.py:188} INFO - Downloaded transactions/date=2026-07-27/transactions_090359614357.parquet -> /tmp/minio_downloads/transactions_090359614357.parquet
[2026-08-05T08:48:25.762+0000] {logging_mixin.py:188} INFO - Downloaded transactions/date=2026-07-27/transactions_090359687534.parquet -> /tmp/minio_downloads/transactions_090359687534.parquet
[2026-08-05T08:48:25.788+0000] {logging_mixin.py:188} INFO - Downloaded transactions/date=2026-07-27/transactions_090359742743.parquet -> /tmp/minio_downloads/transactions_090359742743.parquet
[2026-08-05T08:48:25.814+0000] {logging_mixin.py:188} INFO - Downloaded transactions/date=2026-07-27/transactions_090359809288.parquet -> /tmp/minio_downloads/transactions_090359809288.parquet
[2026-08-05T08:48:25.849+0000] {logging_mixin.py:188} INFO - Downloaded transactions/date=2026-07-27/transactions_090359858103.parquet -> /tmp/minio_downloads/transactions_090359858103.parquet
[2026-08-05T08:48:25.879+0000] {logging_mixin.py:188} INFO - Downloaded transactions/date=2026-07-27/transactions_090359917897.parquet -> /tmp/minio_downloads/transactions_090359917897.parquet
[2026-08-05T08:48:25.905+0000] {logging_mixin.py:188} INFO - Downloaded transactions/date=2026-07-27/transactions_090359961638.parquet -> /tmp/minio_downloads/transactions_090359961638.parquet
[2026-08-05T08:48:25.929+0000] {logging_mixin.py:188} INFO - Downloaded transactions/date=2026-07-27/transactions_090400008307.parquet -> /tmp/minio_downloads/transactions_090400008307.parquet
[2026-08-05T08:48:25.953+0000] {logging_mixin.py:188} INFO - Downloaded transactions/date=2026-07-27/transactions_090400055652.parquet -> /tmp/minio_downloads/transactions_090400055652.parquet
[2026-08-05T08:48:25.982+0000] {logging_mixin.py:188} INFO - Downloaded transactions/date=2026-07-27/transactions_090400100974.parquet -> /tmp/minio_downloads/transactions_090400100974.parquet
[2026-08-05T08:48:26.011+0000] {logging_mixin.py:188} INFO - Downloaded transactions/date=2026-07-27/transactions_090400154865.parquet -> /tmp/minio_downloads/transactions_090400154865.parquet
[2026-08-05T08:48:26.036+0000] {logging_mixin.py:188} INFO - Downloaded transactions/date=2026-07-27/transactions_090400199579.parquet -> /tmp/minio_downloads/transactions_090400199579.parquet
[2026-08-05T08:48:26.060+0000] {logging_mixin.py:188} INFO - Downloaded transactions/date=2026-07-27/transactions_090400244645.parquet -> /tmp/minio_downloads/transactions_090400244645.parquet
[2026-08-05T08:48:26.083+0000] {logging_mixin.py:188} INFO - Downloaded transactions/date=2026-07-27/transactions_090400302861.parquet -> /tmp/minio_downloads/transactions_090400302861.parquet
[2026-08-05T08:48:26.109+0000] {logging_mixin.py:188} INFO - Downloaded transactions/date=2026-07-27/transactions_090400414726.parquet -> /tmp/minio_downloads/transactions_090400414726.parquet
[2026-08-05T08:48:26.133+0000] {logging_mixin.py:188} INFO - Downloaded transactions/date=2026-07-27/transactions_090400462155.parquet -> /tmp/minio_downloads/transactions_090400462155.parquet
[2026-08-05T08:48:26.157+0000] {logging_mixin.py:188} INFO - Downloaded transactions/date=2026-07-27/transactions_090400508113.parquet -> /tmp/minio_downloads/transactions_090400508113.parquet
[2026-08-05T08:48:26.182+0000] {logging_mixin.py:188} INFO - Downloaded transactions/date=2026-07-27/transactions_090400551760.parquet -> /tmp/minio_downloads/transactions_090400551760.parquet
[2026-08-05T08:48:26.206+0000] {logging_mixin.py:188} INFO - Downloaded transactions/date=2026-07-27/transactions_090400598796.parquet -> /tmp/minio_downloads/transactions_090400598796.parquet
[2026-08-05T08:48:26.230+0000] {logging_mixin.py:188} INFO - Downloaded transactions/date=2026-07-27/transactions_090400650307.parquet -> /tmp/minio_downloads/transactions_090400650307.parquet
[2026-08-05T08:48:26.253+0000] {logging_mixin.py:188} INFO - Downloaded transactions/date=2026-07-27/transactions_090400718652.parquet -> /tmp/minio_downloads/transactions_090400718652.parquet
[2026-08-05T08:48:26.282+0000] {logging_mixin.py:188} INFO - Downloaded transactions/date=2026-07-27/transactions_090400764108.parquet -> /tmp/minio_downloads/transactions_090400764108.parquet
[2026-08-05T08:48:26.312+0000] {logging_mixin.py:188} INFO - Downloaded transactions/date=2026-07-27/transactions_090400811028.parquet -> /tmp/minio_downloads/transactions_090400811028.parquet
[2026-08-05T08:48:26.340+0000] {logging_mixin.py:188} INFO - Downloaded transactions/date=2026-07-27/transactions_090400854504.parquet -> /tmp/minio_downloads/transactions_090400854504.parquet
[2026-08-05T08:48:26.366+0000] {logging_mixin.py:188} INFO - Downloaded transactions/date=2026-07-27/transactions_090400901832.parquet -> /tmp/minio_downloads/transactions_090400901832.parquet
[2026-08-05T08:48:26.390+0000] {logging_mixin.py:188} INFO - Downloaded transactions/date=2026-07-27/transactions_090400963088.parquet -> /tmp/minio_downloads/transactions_090400963088.parquet
[2026-08-05T08:48:26.415+0000] {logging_mixin.py:188} INFO - Downloaded transactions/date=2026-07-27/transactions_090401013096.parquet -> /tmp/minio_downloads/transactions_090401013096.parquet
[2026-08-05T08:48:26.439+0000] {logging_mixin.py:188} INFO - Downloaded transactions/date=2026-07-27/transactions_090401055274.parquet -> /tmp/minio_downloads/transactions_090401055274.parquet
[2026-08-05T08:48:26.464+0000] {logging_mixin.py:188} INFO - Downloaded transactions/date=2026-07-27/transactions_090401109174.parquet -> /tmp/minio_downloads/transactions_090401109174.parquet
[2026-08-05T08:48:26.489+0000] {logging_mixin.py:188} INFO - Downloaded transactions/date=2026-07-27/transactions_090401158400.parquet -> /tmp/minio_downloads/transactions_090401158400.parquet
[2026-08-05T08:48:26.512+0000] {logging_mixin.py:188} INFO - Downloaded transactions/date=2026-07-27/transactions_090401204691.parquet -> /tmp/minio_downloads/transactions_090401204691.parquet
[2026-08-05T08:48:26.536+0000] {logging_mixin.py:188} INFO - Downloaded transactions/date=2026-07-27/transactions_090401251759.parquet -> /tmp/minio_downloads/transactions_090401251759.parquet
[2026-08-05T08:48:26.560+0000] {logging_mixin.py:188} INFO - Downloaded transactions/date=2026-07-27/transactions_090401308097.parquet -> /tmp/minio_downloads/transactions_090401308097.parquet
[2026-08-05T08:48:26.587+0000] {logging_mixin.py:188} INFO - Downloaded transactions/date=2026-07-27/transactions_090401353068.parquet -> /tmp/minio_downloads/transactions_090401353068.parquet
[2026-08-05T08:48:26.612+0000] {logging_mixin.py:188} INFO - Downloaded transactions/date=2026-07-27/transactions_090401399897.parquet -> /tmp/minio_downloads/transactions_090401399897.parquet
[2026-08-05T08:48:26.636+0000] {logging_mixin.py:188} INFO - Downloaded transactions/date=2026-07-27/transactions_090401443951.parquet -> /tmp/minio_downloads/transactions_090401443951.parquet
[2026-08-05T08:48:26.659+0000] {logging_mixin.py:188} INFO - Downloaded transactions/date=2026-07-27/transactions_090401488223.parquet -> /tmp/minio_downloads/transactions_090401488223.parquet
[2026-08-05T08:48:26.684+0000] {logging_mixin.py:188} INFO - Downloaded transactions/date=2026-07-27/transactions_090401532150.parquet -> /tmp/minio_downloads/transactions_090401532150.parquet
[2026-08-05T08:48:26.709+0000] {logging_mixin.py:188} INFO - Downloaded transactions/date=2026-07-27/transactions_090401575172.parquet -> /tmp/minio_downloads/transactions_090401575172.parquet
[2026-08-05T08:48:26.734+0000] {logging_mixin.py:188} INFO - Downloaded transactions/date=2026-07-27/transactions_090401621799.parquet -> /tmp/minio_downloads/transactions_090401621799.parquet
[2026-08-05T08:48:26.758+0000] {logging_mixin.py:188} INFO - Downloaded transactions/date=2026-07-27/transactions_090406088254.parquet -> /tmp/minio_downloads/transactions_090406088254.parquet
[2026-08-05T08:48:26.783+0000] {logging_mixin.py:188} INFO - Downloaded transactions/date=2026-07-27/transactions_090406146940.parquet -> /tmp/minio_downloads/transactions_090406146940.parquet
[2026-08-05T08:48:26.809+0000] {logging_mixin.py:188} INFO - Downloaded transactions/date=2026-07-27/transactions_090406202556.parquet -> /tmp/minio_downloads/transactions_090406202556.parquet
[2026-08-05T08:48:26.834+0000] {logging_mixin.py:188} INFO - Downloaded transactions/date=2026-07-27/transactions_090406248287.parquet -> /tmp/minio_downloads/transactions_090406248287.parquet
[2026-08-05T08:48:26.859+0000] {logging_mixin.py:188} INFO - Downloaded transactions/date=2026-07-27/transactions_090406323372.parquet -> /tmp/minio_downloads/transactions_090406323372.parquet
[2026-08-05T08:48:26.887+0000] {logging_mixin.py:188} INFO - Downloaded transactions/date=2026-07-27/transactions_090406401429.parquet -> /tmp/minio_downloads/transactions_090406401429.parquet
[2026-08-05T08:48:26.916+0000] {logging_mixin.py:188} INFO - Downloaded transactions/date=2026-07-27/transactions_090406455142.parquet -> /tmp/minio_downloads/transactions_090406455142.parquet
[2026-08-05T08:48:26.944+0000] {logging_mixin.py:188} INFO - Downloaded transactions/date=2026-07-27/transactions_090406512296.parquet -> /tmp/minio_downloads/transactions_090406512296.parquet
[2026-08-05T08:48:26.973+0000] {logging_mixin.py:188} INFO - Downloaded transactions/date=2026-07-27/transactions_090406599805.parquet -> /tmp/minio_downloads/transactions_090406599805.parquet
[2026-08-05T08:48:27.005+0000] {logging_mixin.py:188} INFO - Downloaded transactions/date=2026-07-27/transactions_090406655922.parquet -> /tmp/minio_downloads/transactions_090406655922.parquet
[2026-08-05T08:48:27.034+0000] {logging_mixin.py:188} INFO - Downloaded transactions/date=2026-07-27/transactions_090406718291.parquet -> /tmp/minio_downloads/transactions_090406718291.parquet
[2026-08-05T08:48:27.063+0000] {logging_mixin.py:188} INFO - Downloaded transactions/date=2026-07-27/transactions_090406794188.parquet -> /tmp/minio_downloads/transactions_090406794188.parquet
[2026-08-05T08:48:27.091+0000] {logging_mixin.py:188} INFO - Downloaded transactions/date=2026-07-27/transactions_090406889864.parquet -> /tmp/minio_downloads/transactions_090406889864.parquet
[2026-08-05T08:48:27.119+0000] {logging_mixin.py:188} INFO - Downloaded transactions/date=2026-07-27/transactions_090406963161.parquet -> /tmp/minio_downloads/transactions_090406963161.parquet
[2026-08-05T08:48:27.143+0000] {logging_mixin.py:188} INFO - Downloaded transactions/date=2026-07-27/transactions_090407014526.parquet -> /tmp/minio_downloads/transactions_090407014526.parquet
[2026-08-05T08:48:27.166+0000] {logging_mixin.py:188} INFO - Downloaded transactions/date=2026-07-27/transactions_090407064895.parquet -> /tmp/minio_downloads/transactions_090407064895.parquet
[2026-08-05T08:48:27.194+0000] {logging_mixin.py:188} INFO - Downloaded transactions/date=2026-07-27/transactions_090407119617.parquet -> /tmp/minio_downloads/transactions_090407119617.parquet
[2026-08-05T08:48:27.217+0000] {logging_mixin.py:188} INFO - Downloaded transactions/date=2026-07-27/transactions_090407171988.parquet -> /tmp/minio_downloads/transactions_090407171988.parquet
[2026-08-05T08:48:27.242+0000] {logging_mixin.py:188} INFO - Downloaded transactions/date=2026-07-27/transactions_090407247987.parquet -> /tmp/minio_downloads/transactions_090407247987.parquet
[2026-08-05T08:48:27.265+0000] {logging_mixin.py:188} INFO - Downloaded transactions/date=2026-07-27/transactions_090407315896.parquet -> /tmp/minio_downloads/transactions_090407315896.parquet
[2026-08-05T08:48:27.291+0000] {logging_mixin.py:188} INFO - Downloaded transactions/date=2026-07-27/transactions_090407371463.parquet -> /tmp/minio_downloads/transactions_090407371463.parquet
[2026-08-05T08:48:27.317+0000] {logging_mixin.py:188} INFO - Downloaded transactions/date=2026-07-27/transactions_090407450009.parquet -> /tmp/minio_downloads/transactions_090407450009.parquet
[2026-08-05T08:48:27.345+0000] {logging_mixin.py:188} INFO - Downloaded transactions/date=2026-07-27/transactions_090407516292.parquet -> /tmp/minio_downloads/transactions_090407516292.parquet
[2026-08-05T08:48:27.378+0000] {logging_mixin.py:188} INFO - Downloaded transactions/date=2026-07-27/transactions_090407566961.parquet -> /tmp/minio_downloads/transactions_090407566961.parquet
[2026-08-05T08:48:27.401+0000] {logging_mixin.py:188} INFO - Downloaded transactions/date=2026-07-27/transactions_090407631725.parquet -> /tmp/minio_downloads/transactions_090407631725.parquet
[2026-08-05T08:48:27.425+0000] {logging_mixin.py:188} INFO - Downloaded transactions/date=2026-07-27/transactions_090407676314.parquet -> /tmp/minio_downloads/transactions_090407676314.parquet
[2026-08-05T08:48:27.448+0000] {logging_mixin.py:188} INFO - Downloaded transactions/date=2026-07-27/transactions_090407722561.parquet -> /tmp/minio_downloads/transactions_090407722561.parquet
[2026-08-05T08:48:27.471+0000] {logging_mixin.py:188} INFO - Downloaded transactions/date=2026-07-27/transactions_090407771326.parquet -> /tmp/minio_downloads/transactions_090407771326.parquet
[2026-08-05T08:48:27.495+0000] {logging_mixin.py:188} INFO - Downloaded transactions/date=2026-07-27/transactions_090407819465.parquet -> /tmp/minio_downloads/transactions_090407819465.parquet
[2026-08-05T08:48:27.519+0000] {logging_mixin.py:188} INFO - Downloaded transactions/date=2026-07-27/transactions_090407866042.parquet -> /tmp/minio_downloads/transactions_090407866042.parquet
[2026-08-05T08:48:27.547+0000] {logging_mixin.py:188} INFO - Downloaded transactions/date=2026-07-27/transactions_090408004044.parquet -> /tmp/minio_downloads/transactions_090408004044.parquet
[2026-08-05T08:48:27.574+0000] {logging_mixin.py:188} INFO - Downloaded transactions/date=2026-07-27/transactions_090408052782.parquet -> /tmp/minio_downloads/transactions_090408052782.parquet
[2026-08-05T08:48:27.599+0000] {logging_mixin.py:188} INFO - Downloaded transactions/date=2026-07-27/transactions_090408101485.parquet -> /tmp/minio_downloads/transactions_090408101485.parquet
[2026-08-05T08:48:27.623+0000] {logging_mixin.py:188} INFO - Downloaded transactions/date=2026-07-27/transactions_090408154313.parquet -> /tmp/minio_downloads/transactions_090408154313.parquet
[2026-08-05T08:48:27.646+0000] {logging_mixin.py:188} INFO - Downloaded transactions/date=2026-07-27/transactions_090408200528.parquet -> /tmp/minio_downloads/transactions_090408200528.parquet
[2026-08-05T08:48:27.671+0000] {logging_mixin.py:188} INFO - Downloaded transactions/date=2026-07-27/transactions_090408249018.parquet -> /tmp/minio_downloads/transactions_090408249018.parquet
[2026-08-05T08:48:27.695+0000] {logging_mixin.py:188} INFO - Downloaded transactions/date=2026-07-27/transactions_090408312965.parquet -> /tmp/minio_downloads/transactions_090408312965.parquet
[2026-08-05T08:48:27.719+0000] {logging_mixin.py:188} INFO - Downloaded transactions/date=2026-07-27/transactions_090408375640.parquet -> /tmp/minio_downloads/transactions_090408375640.parquet
[2026-08-05T08:48:27.744+0000] {logging_mixin.py:188} INFO - Downloaded transactions/date=2026-07-27/transactions_090408429805.parquet -> /tmp/minio_downloads/transactions_090408429805.parquet
[2026-08-05T08:48:27.767+0000] {logging_mixin.py:188} INFO - Downloaded transactions/date=2026-07-27/transactions_090408481925.parquet -> /tmp/minio_downloads/transactions_090408481925.parquet
[2026-08-05T08:48:27.792+0000] {logging_mixin.py:188} INFO - Downloaded transactions/date=2026-07-27/transactions_090408529318.parquet -> /tmp/minio_downloads/transactions_090408529318.parquet
[2026-08-05T08:48:27.815+0000] {logging_mixin.py:188} INFO - Downloaded transactions/date=2026-07-27/transactions_090408587037.parquet -> /tmp/minio_downloads/transactions_090408587037.parquet
[2026-08-05T08:48:27.839+0000] {logging_mixin.py:188} INFO - Downloaded transactions/date=2026-07-27/transactions_090408632655.parquet -> /tmp/minio_downloads/transactions_090408632655.parquet
[2026-08-05T08:48:27.864+0000] {logging_mixin.py:188} INFO - Downloaded transactions/date=2026-07-27/transactions_090408679433.parquet -> /tmp/minio_downloads/transactions_090408679433.parquet
[2026-08-05T08:48:27.891+0000] {logging_mixin.py:188} INFO - Downloaded transactions/date=2026-07-27/transactions_090408727398.parquet -> /tmp/minio_downloads/transactions_090408727398.parquet
[2026-08-05T08:48:27.917+0000] {logging_mixin.py:188} INFO - Downloaded transactions/date=2026-07-27/transactions_090408782212.parquet -> /tmp/minio_downloads/transactions_090408782212.parquet
[2026-08-05T08:48:27.944+0000] {logging_mixin.py:188} INFO - Downloaded transactions/date=2026-07-27/transactions_090408835529.parquet -> /tmp/minio_downloads/transactions_090408835529.parquet
[2026-08-05T08:48:27.970+0000] {logging_mixin.py:188} INFO - Downloaded transactions/date=2026-07-27/transactions_090408886244.parquet -> /tmp/minio_downloads/transactions_090408886244.parquet
[2026-08-05T08:48:27.994+0000] {logging_mixin.py:188} INFO - Downloaded transactions/date=2026-07-27/transactions_090408932712.parquet -> /tmp/minio_downloads/transactions_090408932712.parquet
[2026-08-05T08:48:28.019+0000] {logging_mixin.py:188} INFO - Downloaded transactions/date=2026-07-27/transactions_090409006680.parquet -> /tmp/minio_downloads/transactions_090409006680.parquet
[2026-08-05T08:48:28.043+0000] {logging_mixin.py:188} INFO - Downloaded transactions/date=2026-07-27/transactions_090409060002.parquet -> /tmp/minio_downloads/transactions_090409060002.parquet
[2026-08-05T08:48:28.066+0000] {logging_mixin.py:188} INFO - Downloaded transactions/date=2026-07-27/transactions_090409104703.parquet -> /tmp/minio_downloads/transactions_090409104703.parquet
[2026-08-05T08:48:28.090+0000] {logging_mixin.py:188} INFO - Downloaded transactions/date=2026-07-27/transactions_090409152569.parquet -> /tmp/minio_downloads/transactions_090409152569.parquet
[2026-08-05T08:48:28.113+0000] {logging_mixin.py:188} INFO - Downloaded transactions/date=2026-07-27/transactions_090409197963.parquet -> /tmp/minio_downloads/transactions_090409197963.parquet
[2026-08-05T08:48:28.136+0000] {logging_mixin.py:188} INFO - Downloaded transactions/date=2026-07-27/transactions_090409244623.parquet -> /tmp/minio_downloads/transactions_090409244623.parquet
[2026-08-05T08:48:28.162+0000] {logging_mixin.py:188} INFO - Downloaded transactions/date=2026-07-27/transactions_090409296690.parquet -> /tmp/minio_downloads/transactions_090409296690.parquet
[2026-08-05T08:48:28.185+0000] {logging_mixin.py:188} INFO - Downloaded transactions/date=2026-07-27/transactions_090409372121.parquet -> /tmp/minio_downloads/transactions_090409372121.parquet
[2026-08-05T08:48:28.211+0000] {logging_mixin.py:188} INFO - Downloaded transactions/date=2026-07-27/transactions_090409417527.parquet -> /tmp/minio_downloads/transactions_090409417527.parquet
[2026-08-05T08:48:28.236+0000] {logging_mixin.py:188} INFO - Downloaded transactions/date=2026-07-27/transactions_090409479691.parquet -> /tmp/minio_downloads/transactions_090409479691.parquet
[2026-08-05T08:48:28.260+0000] {logging_mixin.py:188} INFO - Downloaded transactions/date=2026-07-27/transactions_090409546407.parquet -> /tmp/minio_downloads/transactions_090409546407.parquet
[2026-08-05T08:48:28.286+0000] {logging_mixin.py:188} INFO - Downloaded transactions/date=2026-07-27/transactions_090409623927.parquet -> /tmp/minio_downloads/transactions_090409623927.parquet
[2026-08-05T08:48:28.313+0000] {logging_mixin.py:188} INFO - Downloaded transactions/date=2026-07-27/transactions_090409676239.parquet -> /tmp/minio_downloads/transactions_090409676239.parquet
[2026-08-05T08:48:28.340+0000] {logging_mixin.py:188} INFO - Downloaded transactions/date=2026-07-27/transactions_090409719991.parquet -> /tmp/minio_downloads/transactions_090409719991.parquet
[2026-08-05T08:48:28.369+0000] {logging_mixin.py:188} INFO - Downloaded transactions/date=2026-07-27/transactions_090409773039.parquet -> /tmp/minio_downloads/transactions_090409773039.parquet
[2026-08-05T08:48:28.395+0000] {logging_mixin.py:188} INFO - Downloaded transactions/date=2026-07-27/transactions_090409828550.parquet -> /tmp/minio_downloads/transactions_090409828550.parquet
[2026-08-05T08:48:28.421+0000] {logging_mixin.py:188} INFO - Downloaded transactions/date=2026-07-27/transactions_090409882190.parquet -> /tmp/minio_downloads/transactions_090409882190.parquet
[2026-08-05T08:48:28.447+0000] {logging_mixin.py:188} INFO - Downloaded transactions/date=2026-07-27/transactions_090409928613.parquet -> /tmp/minio_downloads/transactions_090409928613.parquet
[2026-08-05T08:48:28.473+0000] {logging_mixin.py:188} INFO - Downloaded transactions/date=2026-07-27/transactions_090409979789.parquet -> /tmp/minio_downloads/transactions_090409979789.parquet
[2026-08-05T08:48:28.499+0000] {logging_mixin.py:188} INFO - Downloaded transactions/date=2026-07-27/transactions_090410029506.parquet -> /tmp/minio_downloads/transactions_090410029506.parquet
[2026-08-05T08:48:28.526+0000] {logging_mixin.py:188} INFO - Downloaded transactions/date=2026-07-27/transactions_090410087550.parquet -> /tmp/minio_downloads/transactions_090410087550.parquet
[2026-08-05T08:48:28.551+0000] {logging_mixin.py:188} INFO - Downloaded transactions/date=2026-07-27/transactions_090410197433.parquet -> /tmp/minio_downloads/transactions_090410197433.parquet
[2026-08-05T08:48:28.578+0000] {logging_mixin.py:188} INFO - Downloaded transactions/date=2026-07-27/transactions_090410244821.parquet -> /tmp/minio_downloads/transactions_090410244821.parquet
[2026-08-05T08:48:28.605+0000] {logging_mixin.py:188} INFO - Downloaded transactions/date=2026-07-27/transactions_090410290192.parquet -> /tmp/minio_downloads/transactions_090410290192.parquet
[2026-08-05T08:48:28.630+0000] {logging_mixin.py:188} INFO - Downloaded transactions/date=2026-07-27/transactions_090410344860.parquet -> /tmp/minio_downloads/transactions_090410344860.parquet
[2026-08-05T08:48:28.656+0000] {logging_mixin.py:188} INFO - Downloaded transactions/date=2026-07-27/transactions_090410400587.parquet -> /tmp/minio_downloads/transactions_090410400587.parquet
[2026-08-05T08:48:28.683+0000] {logging_mixin.py:188} INFO - Downloaded transactions/date=2026-07-27/transactions_090410457697.parquet -> /tmp/minio_downloads/transactions_090410457697.parquet
[2026-08-05T08:48:28.714+0000] {logging_mixin.py:188} INFO - Downloaded transactions/date=2026-07-27/transactions_090410525442.parquet -> /tmp/minio_downloads/transactions_090410525442.parquet
[2026-08-05T08:48:28.742+0000] {logging_mixin.py:188} INFO - Downloaded transactions/date=2026-07-27/transactions_090410572839.parquet -> /tmp/minio_downloads/transactions_090410572839.parquet
[2026-08-05T08:48:28.769+0000] {logging_mixin.py:188} INFO - Downloaded transactions/date=2026-07-27/transactions_090410619421.parquet -> /tmp/minio_downloads/transactions_090410619421.parquet
[2026-08-05T08:48:28.771+0000] {python.py:237} INFO - Done. Returned value was: {'customers': ['/tmp/minio_downloads/customers_090401672966.parquet', '/tmp/minio_downloads/customers_090401722071.parquet', '/tmp/minio_downloads/customers_090401771134.parquet', '/tmp/minio_downloads/customers_090401818881.parquet', '/tmp/minio_downloads/customers_090401869659.parquet', '/tmp/minio_downloads/customers_090401931845.parquet', '/tmp/minio_downloads/customers_090401994043.parquet', '/tmp/minio_downloads/customers_090402069924.parquet', '/tmp/minio_downloads/customers_090402133350.parquet', '/tmp/minio_downloads/customers_090402184633.parquet', '/tmp/minio_downloads/customers_090402234780.parquet', '/tmp/minio_downloads/customers_090402284973.parquet', '/tmp/minio_downloads/customers_090402342610.parquet', '/tmp/minio_downloads/customers_090402385711.parquet', '/tmp/minio_downloads/customers_090402449594.parquet', '/tmp/minio_downloads/customers_090402513017.parquet', '/tmp/minio_downloads/customers_090402644591.parquet', '/tmp/minio_downloads/customers_090402707127.parquet', '/tmp/minio_downloads/customers_090402799962.parquet', '/tmp/minio_downloads/customers_090402929400.parquet', '/tmp/minio_downloads/customers_090402974349.parquet', '/tmp/minio_downloads/customers_090403023880.parquet', '/tmp/minio_downloads/customers_090403076220.parquet', '/tmp/minio_downloads/customers_090403139454.parquet', '/tmp/minio_downloads/customers_090403183405.parquet', '/tmp/minio_downloads/customers_090403246298.parquet', '/tmp/minio_downloads/customers_090403286232.parquet', '/tmp/minio_downloads/customers_090403337856.parquet', '/tmp/minio_downloads/customers_090403384511.parquet', '/tmp/minio_downloads/customers_090403430840.parquet', '/tmp/minio_downloads/customers_090403472396.parquet', '/tmp/minio_downloads/customers_090403524071.parquet', '/tmp/minio_downloads/customers_090403571705.parquet', '/tmp/minio_downloads/customers_090403614708.parquet', '/tmp/minio_downloads/customers_090403654848.parquet', '/tmp/minio_downloads/customers_090403702724.parquet', '/tmp/minio_downloads/customers_090403763292.parquet', '/tmp/minio_downloads/customers_090403806078.parquet', '/tmp/minio_downloads/customers_090403851544.parquet', '/tmp/minio_downloads/customers_090403894193.parquet', '/tmp/minio_downloads/customers_090403939509.parquet', '/tmp/minio_downloads/customers_090403987646.parquet', '/tmp/minio_downloads/customers_090404049607.parquet', '/tmp/minio_downloads/customers_090404098181.parquet', '/tmp/minio_downloads/customers_090404171962.parquet', '/tmp/minio_downloads/customers_090404227529.parquet', '/tmp/minio_downloads/customers_090404283728.parquet', '/tmp/minio_downloads/customers_090404337621.parquet', '/tmp/minio_downloads/customers_090404397305.parquet', '/tmp/minio_downloads/customers_090404443612.parquet', '/tmp/minio_downloads/customers_090404503420.parquet', '/tmp/minio_downloads/customers_090404569754.parquet', '/tmp/minio_downloads/customers_090404616505.parquet', '/tmp/minio_downloads/customers_090404676784.parquet', '/tmp/minio_downloads/customers_090404719565.parquet', '/tmp/minio_downloads/customers_090404776580.parquet', '/tmp/minio_downloads/customers_090404821131.parquet', '/tmp/minio_downloads/customers_090404867684.parquet', '/tmp/minio_downloads/customers_090404914078.parquet', '/tmp/minio_downloads/customers_090404956516.parquet', '/tmp/minio_downloads/customers_090405003694.parquet', '/tmp/minio_downloads/customers_090405050878.parquet', '/tmp/minio_downloads/customers_090405103797.parquet', '/tmp/minio_downloads/customers_090405150219.parquet', '/tmp/minio_downloads/customers_090405196488.parquet', '/tmp/minio_downloads/customers_090405243111.parquet', '/tmp/minio_downloads/customers_090405289533.parquet', '/tmp/minio_downloads/customers_090405335259.parquet', '/tmp/minio_downloads/customers_090405383930.parquet', '/tmp/minio_downloads/customers_090405425934.parquet', '/tmp/minio_downloads/customers_090405469859.parquet', '/tmp/minio_downloads/customers_090405511786.parquet', '/tmp/minio_downloads/customers_090405562635.parquet', '/tmp/minio_downloads/customers_090405606410.parquet', '/tmp/minio_downloads/customers_090405651960.parquet', '/tmp/minio_downloads/customers_090405695356.parquet', '/tmp/minio_downloads/customers_090405739251.parquet', '/tmp/minio_downloads/customers_090405796269.parquet', '/tmp/minio_downloads/customers_090405841506.parquet', '/tmp/minio_downloads/customers_090405899071.parquet', '/tmp/minio_downloads/customers_090405946991.parquet'], 'accounts': ['/tmp/minio_downloads/accounts_090335091997.parquet', '/tmp/minio_downloads/accounts_090335176229.parquet', '/tmp/minio_downloads/accounts_090335225617.parquet', '/tmp/minio_downloads/accounts_090335282589.parquet', '/tmp/minio_downloads/accounts_090335330376.parquet', '/tmp/minio_downloads/accounts_090335387463.parquet', '/tmp/minio_downloads/accounts_090335440093.parquet', '/tmp/minio_downloads/accounts_090335487667.parquet', '/tmp/minio_downloads/accounts_090335532736.parquet', '/tmp/minio_downloads/accounts_090335590697.parquet', '/tmp/minio_downloads/accounts_090335653590.parquet', '/tmp/minio_downloads/accounts_090335716922.parquet', '/tmp/minio_downloads/accounts_090335792915.parquet', '/tmp/minio_downloads/accounts_090335849416.parquet', '/tmp/minio_downloads/accounts_090335918492.parquet', '/tmp/minio_downloads/accounts_090336083229.parquet', '/tmp/minio_downloads/accounts_090336168129.parquet', '/tmp/minio_downloads/accounts_090336236734.parquet', '/tmp/minio_downloads/accounts_090336310038.parquet', '/tmp/minio_downloads/accounts_090336375803.parquet', '/tmp/minio_downloads/accounts_090336437610.parquet', '/tmp/minio_downloads/accounts_090336509130.parquet', '/tmp/minio_downloads/accounts_090336561573.parquet', '/tmp/minio_downloads/accounts_090336619969.parquet', '/tmp/minio_downloads/accounts_090336705658.parquet', '/tmp/minio_downloads/accounts_090336825221.parquet', '/tmp/minio_downloads/accounts_090336934222.parquet', '/tmp/minio_downloads/accounts_090336997264.parquet', '/tmp/minio_downloads/accounts_090337048145.parquet', '/tmp/minio_downloads/accounts_090337100657.parquet', '/tmp/minio_downloads/accounts_090337167701.parquet', '/tmp/minio_downloads/accounts_090337230404.parquet', '/tmp/minio_downloads/accounts_090337287200.parquet', '/tmp/minio_downloads/accounts_090337352500.parquet', '/tmp/minio_downloads/accounts_090337409970.parquet', '/tmp/minio_downloads/accounts_090337468206.parquet', '/tmp/minio_downloads/accounts_090337522740.parquet', '/tmp/minio_downloads/accounts_090337569811.parquet', '/tmp/minio_downloads/accounts_090337620416.parquet', '/tmp/minio_downloads/accounts_090337676744.parquet', '/tmp/minio_downloads/accounts_090337733973.parquet', '/tmp/minio_downloads/accounts_090337779357.parquet', '/tmp/minio_downloads/accounts_090337830813.parquet', '/tmp/minio_downloads/accounts_090337876213.parquet', '/tmp/minio_downloads/accounts_090337924905.parquet', '/tmp/minio_downloads/accounts_090337972586.parquet', '/tmp/minio_downloads/accounts_090338036313.parquet', '/tmp/minio_downloads/accounts_090338087498.parquet', '/tmp/minio_downloads/accounts_090338169836.parquet', '/tmp/minio_downloads/accounts_090338285836.parquet', '/tmp/minio_downloads/accounts_090338348416.parquet', '/tmp/minio_downloads/accounts_090338411783.parquet', '/tmp/minio_downloads/accounts_090338473298.parquet', '/tmp/minio_downloads/accounts_090338539756.parquet', '/tmp/minio_downloads/accounts_090338595444.parquet', '/tmp/minio_downloads/accounts_090338653969.parquet', '/tmp/minio_downloads/accounts_090338722877.parquet', '/tmp/minio_downloads/accounts_090338784168.parquet', '/tmp/minio_downloads/accounts_090338833026.parquet', '/tmp/minio_downloads/accounts_090338879214.parquet', '/tmp/minio_downloads/accounts_090338926904.parquet', '/tmp/minio_downloads/accounts_090338983217.parquet', '/tmp/minio_downloads/accounts_090339036915.parquet', '/tmp/minio_downloads/accounts_090339085807.parquet', '/tmp/minio_downloads/accounts_090339132135.parquet', '/tmp/minio_downloads/accounts_090339207270.parquet', '/tmp/minio_downloads/accounts_090339254198.parquet', '/tmp/minio_downloads/accounts_090339304672.parquet', '/tmp/minio_downloads/accounts_090339356197.parquet', '/tmp/minio_downloads/accounts_090339400231.parquet', '/tmp/minio_downloads/accounts_090339447900.parquet', '/tmp/minio_downloads/accounts_090339510332.parquet', '/tmp/minio_downloads/accounts_090339622965.parquet', '/tmp/minio_downloads/accounts_090339735170.parquet', '/tmp/minio_downloads/accounts_090339802636.parquet', '/tmp/minio_downloads/accounts_090339854967.parquet', '/tmp/minio_downloads/accounts_090339969786.parquet', '/tmp/minio_downloads/accounts_090340009828.parquet', '/tmp/minio_downloads/accounts_090340068304.parquet', '/tmp/minio_downloads/accounts_090340120996.parquet', '/tmp/minio_downloads/accounts_090340165119.parquet', '/tmp/minio_downloads/accounts_090340212592.parquet', '/tmp/minio_downloads/accounts_090340260214.parquet', '/tmp/minio_downloads/accounts_090340312209.parquet', '/tmp/minio_downloads/accounts_090340374831.parquet', '/tmp/minio_downloads/accounts_090340432009.parquet', '/tmp/minio_downloads/accounts_090340485198.parquet', '/tmp/minio_downloads/accounts_090340538086.parquet', '/tmp/minio_downloads/accounts_090340597267.parquet', '/tmp/minio_downloads/accounts_090340643366.parquet', '/tmp/minio_downloads/accounts_090340692918.parquet', '/tmp/minio_downloads/accounts_090340744816.parquet', '/tmp/minio_downloads/accounts_090340797221.parquet', '/tmp/minio_downloads/accounts_090340847915.parquet', '/tmp/minio_downloads/accounts_090340899651.parquet', '/tmp/minio_downloads/accounts_090340945226.parquet', '/tmp/minio_downloads/accounts_090341002128.parquet', '/tmp/minio_downloads/accounts_090341048588.parquet', '/tmp/minio_downloads/accounts_090341112017.parquet', '/tmp/minio_downloads/accounts_090341158981.parquet', '/tmp/minio_downloads/accounts_090341202568.parquet', '/tmp/minio_downloads/accounts_090341253926.parquet', '/tmp/minio_downloads/accounts_090341309247.parquet', '/tmp/minio_downloads/accounts_090341358146.parquet', '/tmp/minio_downloads/accounts_090341414601.parquet', '/tmp/minio_downloads/accounts_090341460477.parquet', '/tmp/minio_downloads/accounts_090341508932.parquet', '/tmp/minio_downloads/accounts_090341566052.parquet', '/tmp/minio_downloads/accounts_090341619353.parquet', '/tmp/minio_downloads/accounts_090341668762.parquet', '/tmp/minio_downloads/accounts_090341718138.parquet', '/tmp/minio_downloads/accounts_090341776387.parquet', '/tmp/minio_downloads/accounts_090341838405.parquet', '/tmp/minio_downloads/accounts_090341981608.parquet', '/tmp/minio_downloads/accounts_090342055992.parquet', '/tmp/minio_downloads/accounts_090342130644.parquet', '/tmp/minio_downloads/accounts_090342179195.parquet', '/tmp/minio_downloads/accounts_090342243528.parquet', '/tmp/minio_downloads/accounts_090342306582.parquet', '/tmp/minio_downloads/accounts_090342357790.parquet', '/tmp/minio_downloads/accounts_090342419173.parquet', '/tmp/minio_downloads/accounts_090342483724.parquet', '/tmp/minio_downloads/accounts_090342544707.parquet', '/tmp/minio_downloads/accounts_090342599697.parquet', '/tmp/minio_downloads/accounts_090342676207.parquet', '/tmp/minio_downloads/accounts_090342736945.parquet', '/tmp/minio_downloads/accounts_090342792308.parquet', '/tmp/minio_downloads/accounts_090342856333.parquet', '/tmp/minio_downloads/accounts_090342912162.parquet', '/tmp/minio_downloads/accounts_090342961837.parquet', '/tmp/minio_downloads/accounts_090343020787.parquet', '/tmp/minio_downloads/accounts_090343073815.parquet', '/tmp/minio_downloads/accounts_090343145518.parquet', '/tmp/minio_downloads/accounts_090343197072.parquet', '/tmp/minio_downloads/accounts_090343253148.parquet', '/tmp/minio_downloads/accounts_090343304398.parquet', '/tmp/minio_downloads/accounts_090343363086.parquet', '/tmp/minio_downloads/accounts_090343413316.parquet', '/tmp/minio_downloads/accounts_090343474555.parquet', '/tmp/minio_downloads/accounts_090343527458.parquet', '/tmp/minio_downloads/accounts_090343585034.parquet', '/tmp/minio_downloads/accounts_090343634679.parquet', '/tmp/minio_downloads/accounts_090343680435.parquet', '/tmp/minio_downloads/accounts_090343728598.parquet', '/tmp/minio_downloads/accounts_090343779632.parquet', '/tmp/minio_downloads/accounts_090343833916.parquet', '/tmp/minio_downloads/accounts_090343888730.parquet', '/tmp/minio_downloads/accounts_090343934679.parquet', '/tmp/minio_downloads/accounts_090343976827.parquet', '/tmp/minio_downloads/accounts_090344021032.parquet', '/tmp/minio_downloads/accounts_090344070350.parquet', '/tmp/minio_downloads/accounts_090344114475.parquet', '/tmp/minio_downloads/accounts_090344178771.parquet', '/tmp/minio_downloads/accounts_090344234782.parquet', '/tmp/minio_downloads/accounts_090344295645.parquet', '/tmp/minio_downloads/accounts_090344355098.parquet', '/tmp/minio_downloads/accounts_090344408224.parquet', '/tmp/minio_downloads/accounts_090344461455.parquet', '/tmp/minio_downloads/accounts_090344517205.parquet', '/tmp/minio_downloads/accounts_090344564860.parquet'], 'transactions': ['/tmp/minio_downloads/transactions_090344635325.parquet', '/tmp/minio_downloads/transactions_090344698403.parquet', '/tmp/minio_downloads/transactions_090344744646.parquet', '/tmp/minio_downloads/transactions_090344795789.parquet', '/tmp/minio_downloads/transactions_090344850100.parquet', '/tmp/minio_downloads/transactions_090344900109.parquet', '/tmp/minio_downloads/transactions_090344947492.parquet', '/tmp/minio_downloads/transactions_090344993567.parquet', '/tmp/minio_downloads/transactions_090345052242.parquet', '/tmp/minio_downloads/transactions_090345100340.parquet', '/tmp/minio_downloads/transactions_090345147085.parquet', '/tmp/minio_downloads/transactions_090345192944.parquet', '/tmp/minio_downloads/transactions_090345308408.parquet', '/tmp/minio_downloads/transactions_090345357692.parquet', '/tmp/minio_downloads/transactions_090345402851.parquet', '/tmp/minio_downloads/transactions_090345456814.parquet', '/tmp/minio_downloads/transactions_090345501980.parquet', '/tmp/minio_downloads/transactions_090345551838.parquet', '/tmp/minio_downloads/transactions_090345595622.parquet', '/tmp/minio_downloads/transactions_090345662310.parquet', '/tmp/minio_downloads/transactions_090345710767.parquet', '/tmp/minio_downloads/transactions_090345754288.parquet', '/tmp/minio_downloads/transactions_090345804973.parquet', '/tmp/minio_downloads/transactions_090345861683.parquet', '/tmp/minio_downloads/transactions_090345909777.parquet', '/tmp/minio_downloads/transactions_090345961293.parquet', '/tmp/minio_downloads/transactions_090346008937.parquet', '/tmp/minio_downloads/transactions_090346056562.parquet', '/tmp/minio_downloads/transactions_090346102527.parquet', '/tmp/minio_downloads/transactions_090346152705.parquet', '/tmp/minio_downloads/transactions_090346198936.parquet', '/tmp/minio_downloads/transactions_090346247151.parquet', '/tmp/minio_downloads/transactions_090346296845.parquet', '/tmp/minio_downloads/transactions_090346362045.parquet', '/tmp/minio_downloads/transactions_090346407218.parquet', '/tmp/minio_downloads/transactions_090346456355.parquet', '/tmp/minio_downloads/transactions_090346503975.parquet', '/tmp/minio_downloads/transactions_090346552820.parquet', '/tmp/minio_downloads/transactions_090346595247.parquet', '/tmp/minio_downloads/transactions_090346646157.parquet', '/tmp/minio_downloads/transactions_090346718780.parquet', '/tmp/minio_downloads/transactions_090346804433.parquet', '/tmp/minio_downloads/transactions_090346901001.parquet', '/tmp/minio_downloads/transactions_090346944243.parquet', '/tmp/minio_downloads/transactions_090346989485.parquet', '/tmp/minio_downloads/transactions_090347034187.parquet', '/tmp/minio_downloads/transactions_090347079809.parquet', '/tmp/minio_downloads/transactions_090347125087.parquet', '/tmp/minio_downloads/transactions_090347178696.parquet', '/tmp/minio_downloads/transactions_090347229220.parquet', '/tmp/minio_downloads/transactions_090347275437.parquet', '/tmp/minio_downloads/transactions_090347329417.parquet', '/tmp/minio_downloads/transactions_090347384750.parquet', '/tmp/minio_downloads/transactions_090347434686.parquet', '/tmp/minio_downloads/transactions_090347488696.parquet', '/tmp/minio_downloads/transactions_090347536914.parquet', '/tmp/minio_downloads/transactions_090347596012.parquet', '/tmp/minio_downloads/transactions_090347711514.parquet', '/tmp/minio_downloads/transactions_090347754828.parquet', '/tmp/minio_downloads/transactions_090347804639.parquet', '/tmp/minio_downloads/transactions_090347847633.parquet', '/tmp/minio_downloads/transactions_090347911934.parquet', '/tmp/minio_downloads/transactions_090347957527.parquet', '/tmp/minio_downloads/transactions_090348008862.parquet', '/tmp/minio_downloads/transactions_090348059997.parquet', '/tmp/minio_downloads/transactions_090348110511.parquet', '/tmp/minio_downloads/transactions_090348157671.parquet', '/tmp/minio_downloads/transactions_090348204374.parquet', '/tmp/minio_downloads/transactions_090348252573.parquet', '/tmp/minio_downloads/transactions_090348298605.parquet', '/tmp/minio_downloads/transactions_090348342378.parquet', '/tmp/minio_downloads/transactions_090348401092.parquet', '/tmp/minio_downloads/transactions_090348459158.parquet', '/tmp/minio_downloads/transactions_090348510411.parquet', '/tmp/minio_downloads/transactions_090348559775.parquet', '/tmp/minio_downloads/transactions_090348607300.parquet', '/tmp/minio_downloads/transactions_090348653264.parquet', '/tmp/minio_downloads/transactions_090348708374.parquet', '/tmp/minio_downloads/transactions_090348757425.parquet', '/tmp/minio_downloads/transactions_090348808601.parquet', '/tmp/minio_downloads/transactions_090348853162.parquet', '/tmp/minio_downloads/transactions_090348917946.parquet', '/tmp/minio_downloads/transactions_090348986480.parquet', '/tmp/minio_downloads/transactions_090349047306.parquet', '/tmp/minio_downloads/transactions_090349092982.parquet', '/tmp/minio_downloads/transactions_090349140604.parquet', '/tmp/minio_downloads/transactions_090349185139.parquet', '/tmp/minio_downloads/transactions_090349238746.parquet', '/tmp/minio_downloads/transactions_090349290508.parquet', '/tmp/minio_downloads/transactions_090349340716.parquet', '/tmp/minio_downloads/transactions_090349386604.parquet', '/tmp/minio_downloads/transactions_090349466276.parquet', '/tmp/minio_downloads/transactions_090349539821.parquet', '/tmp/minio_downloads/transactions_090349637195.parquet', '/tmp/minio_downloads/transactions_090349689733.parquet', '/tmp/minio_downloads/transactions_090349736179.parquet', '/tmp/minio_downloads/transactions_090349779576.parquet', '/tmp/minio_downloads/transactions_090349826149.parquet', '/tmp/minio_downloads/transactions_090349873955.parquet', '/tmp/minio_downloads/transactions_090349922318.parquet', '/tmp/minio_downloads/transactions_090349980155.parquet', '/tmp/minio_downloads/transactions_090350043626.parquet', '/tmp/minio_downloads/transactions_090350089592.parquet', '/tmp/minio_downloads/transactions_090350138345.parquet', '/tmp/minio_downloads/transactions_090350183670.parquet', '/tmp/minio_downloads/transactions_090350231811.parquet', '/tmp/minio_downloads/transactions_090350273125.parquet', '/tmp/minio_downloads/transactions_090350321357.parquet', '/tmp/minio_downloads/transactions_090350363457.parquet', '/tmp/minio_downloads/transactions_090350409124.parquet', '/tmp/minio_downloads/transactions_090350456314.parquet', '/tmp/minio_downloads/transactions_090350496727.parquet', '/tmp/minio_downloads/transactions_090350541096.parquet', '/tmp/minio_downloads/transactions_090350590595.parquet', '/tmp/minio_downloads/transactions_090350637392.parquet', '/tmp/minio_downloads/transactions_090350688105.parquet', '/tmp/minio_downloads/transactions_090350735881.parquet', '/tmp/minio_downloads/transactions_090350777950.parquet', '/tmp/minio_downloads/transactions_090350829270.parquet', '/tmp/minio_downloads/transactions_090350872710.parquet', '/tmp/minio_downloads/transactions_090350916886.parquet', '/tmp/minio_downloads/transactions_090350980142.parquet', '/tmp/minio_downloads/transactions_090351132471.parquet', '/tmp/minio_downloads/transactions_090351252512.parquet', '/tmp/minio_downloads/transactions_090351297506.parquet', '/tmp/minio_downloads/transactions_090351354756.parquet', '/tmp/minio_downloads/transactions_090351398315.parquet', '/tmp/minio_downloads/transactions_090351444455.parquet', '/tmp/minio_downloads/transactions_090351498438.parquet', '/tmp/minio_downloads/transactions_090351544144.parquet', '/tmp/minio_downloads/transactions_090351589508.parquet', '/tmp/minio_downloads/transactions_090351635835.parquet', '/tmp/minio_downloads/transactions_090351680419.parquet', '/tmp/minio_downloads/transactions_090351724866.parquet', '/tmp/minio_downloads/transactions_090351781853.parquet', '/tmp/minio_downloads/transactions_090351825152.parquet', '/tmp/minio_downloads/transactions_090351872090.parquet', '/tmp/minio_downloads/transactions_090351922861.parquet', '/tmp/minio_downloads/transactions_090351979204.parquet', '/tmp/minio_downloads/transactions_090352066245.parquet', '/tmp/minio_downloads/transactions_090352131625.parquet', '/tmp/minio_downloads/transactions_090352190228.parquet', '/tmp/minio_downloads/transactions_090352234960.parquet', '/tmp/minio_downloads/transactions_090352284281.parquet', '/tmp/minio_downloads/transactions_090352330005.parquet', '/tmp/minio_downloads/transactions_090352380599.parquet', '/tmp/minio_downloads/transactions_090352425116.parquet', '/tmp/minio_downloads/transactions_090352478787.parquet', '/tmp/minio_downloads/transactions_090352529609.parquet', '/tmp/minio_downloads/transactions_090352591371.parquet', '/tmp/minio_downloads/transactions_090352633351.parquet', '/tmp/minio_downloads/transactions_090352684267.parquet', '/tmp/minio_downloads/transactions_090352737147.parquet', '/tmp/minio_downloads/transactions_090352784321.parquet', '/tmp/minio_downloads/transactions_090352827233.parquet', '/tmp/minio_downloads/transactions_090352878913.parquet', '/tmp/minio_downloads/transactions_090352923444.parquet', '/tmp/minio_downloads/transactions_090352978136.parquet', '/tmp/minio_downloads/transactions_090353026733.parquet', '/tmp/minio_downloads/transactions_090353079889.parquet', '/tmp/minio_downloads/transactions_090353131271.parquet', '/tmp/minio_downloads/transactions_090353179157.parquet', '/tmp/minio_downloads/transactions_090353225043.parquet', '/tmp/minio_downloads/transactions_090353280347.parquet', '/tmp/minio_downloads/transactions_090353402065.parquet', '/tmp/minio_downloads/transactions_090353455149.parquet', '/tmp/minio_downloads/transactions_090353498646.parquet', '/tmp/minio_downloads/transactions_090353547456.parquet', '/tmp/minio_downloads/transactions_090353600706.parquet', '/tmp/minio_downloads/transactions_090353643595.parquet', '/tmp/minio_downloads/transactions_090353700583.parquet', '/tmp/minio_downloads/transactions_090353745449.parquet', '/tmp/minio_downloads/transactions_090353793133.parquet', '/tmp/minio_downloads/transactions_090353838216.parquet', '/tmp/minio_downloads/transactions_090353890729.parquet', '/tmp/minio_downloads/transactions_090353936576.parquet', '/tmp/minio_downloads/transactions_090353983581.parquet', '/tmp/minio_downloads/transactions_090354028144.parquet', '/tmp/minio_downloads/transactions_090354085666.parquet', '/tmp/minio_downloads/transactions_090354143476.parquet', '/tmp/minio_downloads/transactions_090354206565.parquet', '/tmp/minio_downloads/transactions_090354264878.parquet', '/tmp/minio_downloads/transactions_090354321619.parquet', '/tmp/minio_downloads/transactions_090354369569.parquet', '/tmp/minio_downloads/transactions_090354438192.parquet', '/tmp/minio_downloads/transactions_090354501727.parquet', '/tmp/minio_downloads/transactions_090354564597.parquet', '/tmp/minio_downloads/transactions_090354627068.parquet', '/tmp/minio_downloads/transactions_090354712936.parquet', '/tmp/minio_downloads/transactions_090354761873.parquet', '/tmp/minio_downloads/transactions_090354820903.parquet', '/tmp/minio_downloads/transactions_090354877371.parquet', '/tmp/minio_downloads/transactions_090354928245.parquet', '/tmp/minio_downloads/transactions_090354976320.parquet', '/tmp/minio_downloads/transactions_090355028374.parquet', '/tmp/minio_downloads/transactions_090355098015.parquet', '/tmp/minio_downloads/transactions_090355150578.parquet', '/tmp/minio_downloads/transactions_090355208526.parquet', '/tmp/minio_downloads/transactions_090355262557.parquet', '/tmp/minio_downloads/transactions_090355321034.parquet', '/tmp/minio_downloads/transactions_090355376276.parquet', '/tmp/minio_downloads/transactions_090355427809.parquet', '/tmp/minio_downloads/transactions_090355476191.parquet', '/tmp/minio_downloads/transactions_090355536617.parquet', '/tmp/minio_downloads/transactions_090355610693.parquet', '/tmp/minio_downloads/transactions_090355659016.parquet', '/tmp/minio_downloads/transactions_090355707912.parquet', '/tmp/minio_downloads/transactions_090355751412.parquet', '/tmp/minio_downloads/transactions_090355794944.parquet', '/tmp/minio_downloads/transactions_090355840528.parquet', '/tmp/minio_downloads/transactions_090355883874.parquet', '/tmp/minio_downloads/transactions_090355928754.parquet', '/tmp/minio_downloads/transactions_090355974016.parquet', '/tmp/minio_downloads/transactions_090356024551.parquet', '/tmp/minio_downloads/transactions_090356070001.parquet', '/tmp/minio_downloads/transactions_090356124968.parquet', '/tmp/minio_downloads/transactions_090356167955.parquet', '/tmp/minio_downloads/transactions_090356289620.parquet', '/tmp/minio_downloads/transactions_090356332656.parquet', '/tmp/minio_downloads/transactions_090356379752.parquet', '/tmp/minio_downloads/transactions_090356429536.parquet', '/tmp/minio_downloads/transactions_090356484290.parquet', '/tmp/minio_downloads/transactions_090356535040.parquet', '/tmp/minio_downloads/transactions_090356580344.parquet', '/tmp/minio_downloads/transactions_090356632331.parquet', '/tmp/minio_downloads/transactions_090356677968.parquet', '/tmp/minio_downloads/transactions_090356730719.parquet', '/tmp/minio_downloads/transactions_090356805931.parquet', '/tmp/minio_downloads/transactions_090356874133.parquet', '/tmp/minio_downloads/transactions_090356921095.parquet', '/tmp/minio_downloads/transactions_090356966348.parquet', '/tmp/minio_downloads/transactions_090357009429.parquet', '/tmp/minio_downloads/transactions_090357055813.parquet', '/tmp/minio_downloads/transactions_090357106270.parquet', '/tmp/minio_downloads/transactions_090357156838.parquet', '/tmp/minio_downloads/transactions_090357200505.parquet', '/tmp/minio_downloads/transactions_090357261171.parquet', '/tmp/minio_downloads/transactions_090357304843.parquet', '/tmp/minio_downloads/transactions_090357351236.parquet', '/tmp/minio_downloads/transactions_090357394679.parquet', '/tmp/minio_downloads/transactions_090357440164.parquet', '/tmp/minio_downloads/transactions_090357490624.parquet', '/tmp/minio_downloads/transactions_090357538623.parquet', '/tmp/minio_downloads/transactions_090357589134.parquet', '/tmp/minio_downloads/transactions_090357651723.parquet', '/tmp/minio_downloads/transactions_090357702738.parquet', '/tmp/minio_downloads/transactions_090357760100.parquet', '/tmp/minio_downloads/transactions_090357801435.parquet', '/tmp/minio_downloads/transactions_090357851905.parquet', '/tmp/minio_downloads/transactions_090357912801.parquet', '/tmp/minio_downloads/transactions_090357960568.parquet', '/tmp/minio_downloads/transactions_090358004849.parquet', '/tmp/minio_downloads/transactions_090358056560.parquet', '/tmp/minio_downloads/transactions_090358105593.parquet', '/tmp/minio_downloads/transactions_090358162181.parquet', '/tmp/minio_downloads/transactions_090358208325.parquet', '/tmp/minio_downloads/transactions_090358259907.parquet', '/tmp/minio_downloads/transactions_090358303300.parquet', '/tmp/minio_downloads/transactions_090358355686.parquet', '/tmp/minio_downloads/transactions_090358405389.parquet', '/tmp/minio_downloads/transactions_090358443895.parquet', '/tmp/minio_downloads/transactions_090358557096.parquet', '/tmp/minio_downloads/transactions_090358604150.parquet', '/tmp/minio_downloads/transactions_090358674157.parquet', '/tmp/minio_downloads/transactions_090358720067.parquet', '/tmp/minio_downloads/transactions_090358769853.parquet', '/tmp/minio_downloads/transactions_090358814455.parquet', '/tmp/minio_downloads/transactions_090358863524.parquet', '/tmp/minio_downloads/transactions_090358934392.parquet', '/tmp/minio_downloads/transactions_090358979341.parquet', '/tmp/minio_downloads/transactions_090359023383.parquet', '/tmp/minio_downloads/transactions_090359073300.parquet', '/tmp/minio_downloads/transactions_090359125859.parquet', '/tmp/minio_downloads/transactions_090359170062.parquet', '/tmp/minio_downloads/transactions_090359215423.parquet', '/tmp/minio_downloads/transactions_090359261771.parquet', '/tmp/minio_downloads/transactions_090359309259.parquet', '/tmp/minio_downloads/transactions_090359352159.parquet', '/tmp/minio_downloads/transactions_090359412076.parquet', '/tmp/minio_downloads/transactions_090359479421.parquet', '/tmp/minio_downloads/transactions_090359532828.parquet', '/tmp/minio_downloads/transactions_090359614357.parquet', '/tmp/minio_downloads/transactions_090359687534.parquet', '/tmp/minio_downloads/transactions_090359742743.parquet', '/tmp/minio_downloads/transactions_090359809288.parquet', '/tmp/minio_downloads/transactions_090359858103.parquet', '/tmp/minio_downloads/transactions_090359917897.parquet', '/tmp/minio_downloads/transactions_090359961638.parquet', '/tmp/minio_downloads/transactions_090400008307.parquet', '/tmp/minio_downloads/transactions_090400055652.parquet', '/tmp/minio_downloads/transactions_090400100974.parquet', '/tmp/minio_downloads/transactions_090400154865.parquet', '/tmp/minio_downloads/transactions_090400199579.parquet', '/tmp/minio_downloads/transactions_090400244645.parquet', '/tmp/minio_downloads/transactions_090400302861.parquet', '/tmp/minio_downloads/transactions_090400414726.parquet', '/tmp/minio_downloads/transactions_090400462155.parquet', '/tmp/minio_downloads/transactions_090400508113.parquet', '/tmp/minio_downloads/transactions_090400551760.parquet', '/tmp/minio_downloads/transactions_090400598796.parquet', '/tmp/minio_downloads/transactions_090400650307.parquet', '/tmp/minio_downloads/transactions_090400718652.parquet', '/tmp/minio_downloads/transactions_090400764108.parquet', '/tmp/minio_downloads/transactions_090400811028.parquet', '/tmp/minio_downloads/transactions_090400854504.parquet', '/tmp/minio_downloads/transactions_090400901832.parquet', '/tmp/minio_downloads/transactions_090400963088.parquet', '/tmp/minio_downloads/transactions_090401013096.parquet', '/tmp/minio_downloads/transactions_090401055274.parquet', '/tmp/minio_downloads/transactions_090401109174.parquet', '/tmp/minio_downloads/transactions_090401158400.parquet', '/tmp/minio_downloads/transactions_090401204691.parquet', '/tmp/minio_downloads/transactions_090401251759.parquet', '/tmp/minio_downloads/transactions_090401308097.parquet', '/tmp/minio_downloads/transactions_090401353068.parquet', '/tmp/minio_downloads/transactions_090401399897.parquet', '/tmp/minio_downloads/transactions_090401443951.parquet', '/tmp/minio_downloads/transactions_090401488223.parquet', '/tmp/minio_downloads/transactions_090401532150.parquet', '/tmp/minio_downloads/transactions_090401575172.parquet', '/tmp/minio_downloads/transactions_090401621799.parquet', '/tmp/minio_downloads/transactions_090406088254.parquet', '/tmp/minio_downloads/transactions_090406146940.parquet', '/tmp/minio_downloads/transactions_090406202556.parquet', '/tmp/minio_downloads/transactions_090406248287.parquet', '/tmp/minio_downloads/transactions_090406323372.parquet', '/tmp/minio_downloads/transactions_090406401429.parquet', '/tmp/minio_downloads/transactions_090406455142.parquet', '/tmp/minio_downloads/transactions_090406512296.parquet', '/tmp/minio_downloads/transactions_090406599805.parquet', '/tmp/minio_downloads/transactions_090406655922.parquet', '/tmp/minio_downloads/transactions_090406718291.parquet', '/tmp/minio_downloads/transactions_090406794188.parquet', '/tmp/minio_downloads/transactions_090406889864.parquet', '/tmp/minio_downloads/transactions_090406963161.parquet', '/tmp/minio_downloads/transactions_090407014526.parquet', '/tmp/minio_downloads/transactions_090407064895.parquet', '/tmp/minio_downloads/transactions_090407119617.parquet', '/tmp/minio_downloads/transactions_090407171988.parquet', '/tmp/minio_downloads/transactions_090407247987.parquet', '/tmp/minio_downloads/transactions_090407315896.parquet', '/tmp/minio_downloads/transactions_090407371463.parquet', '/tmp/minio_downloads/transactions_090407450009.parquet', '/tmp/minio_downloads/transactions_090407516292.parquet', '/tmp/minio_downloads/transactions_090407566961.parquet', '/tmp/minio_downloads/transactions_090407631725.parquet', '/tmp/minio_downloads/transactions_090407676314.parquet', '/tmp/minio_downloads/transactions_090407722561.parquet', '/tmp/minio_downloads/transactions_090407771326.parquet', '/tmp/minio_downloads/transactions_090407819465.parquet', '/tmp/minio_downloads/transactions_090407866042.parquet', '/tmp/minio_downloads/transactions_090408004044.parquet', '/tmp/minio_downloads/transactions_090408052782.parquet', '/tmp/minio_downloads/transactions_090408101485.parquet', '/tmp/minio_downloads/transactions_090408154313.parquet', '/tmp/minio_downloads/transactions_090408200528.parquet', '/tmp/minio_downloads/transactions_090408249018.parquet', '/tmp/minio_downloads/transactions_090408312965.parquet', '/tmp/minio_downloads/transactions_090408375640.parquet', '/tmp/minio_downloads/transactions_090408429805.parquet', '/tmp/minio_downloads/transactions_090408481925.parquet', '/tmp/minio_downloads/transactions_090408529318.parquet', '/tmp/minio_downloads/transactions_090408587037.parquet', '/tmp/minio_downloads/transactions_090408632655.parquet', '/tmp/minio_downloads/transactions_090408679433.parquet', '/tmp/minio_downloads/transactions_090408727398.parquet', '/tmp/minio_downloads/transactions_090408782212.parquet', '/tmp/minio_downloads/transactions_090408835529.parquet', '/tmp/minio_downloads/transactions_090408886244.parquet', '/tmp/minio_downloads/transactions_090408932712.parquet', '/tmp/minio_downloads/transactions_090409006680.parquet', '/tmp/minio_downloads/transactions_090409060002.parquet', '/tmp/minio_downloads/transactions_090409104703.parquet', '/tmp/minio_downloads/transactions_090409152569.parquet', '/tmp/minio_downloads/transactions_090409197963.parquet', '/tmp/minio_downloads/transactions_090409244623.parquet', '/tmp/minio_downloads/transactions_090409296690.parquet', '/tmp/minio_downloads/transactions_090409372121.parquet', '/tmp/minio_downloads/transactions_090409417527.parquet', '/tmp/minio_downloads/transactions_090409479691.parquet', '/tmp/minio_downloads/transactions_090409546407.parquet', '/tmp/minio_downloads/transactions_090409623927.parquet', '/tmp/minio_downloads/transactions_090409676239.parquet', '/tmp/minio_downloads/transactions_090409719991.parquet', '/tmp/minio_downloads/transactions_090409773039.parquet', '/tmp/minio_downloads/transactions_090409828550.parquet', '/tmp/minio_downloads/transactions_090409882190.parquet', '/tmp/minio_downloads/transactions_090409928613.parquet', '/tmp/minio_downloads/transactions_090409979789.parquet', '/tmp/minio_downloads/transactions_090410029506.parquet', '/tmp/minio_downloads/transactions_090410087550.parquet', '/tmp/minio_downloads/transactions_090410197433.parquet', '/tmp/minio_downloads/transactions_090410244821.parquet', '/tmp/minio_downloads/transactions_090410290192.parquet', '/tmp/minio_downloads/transactions_090410344860.parquet', '/tmp/minio_downloads/transactions_090410400587.parquet', '/tmp/minio_downloads/transactions_090410457697.parquet', '/tmp/minio_downloads/transactions_090410525442.parquet', '/tmp/minio_downloads/transactions_090410572839.parquet', '/tmp/minio_downloads/transactions_090410619421.parquet']}
[2026-08-05T08:48:28.776+0000] {taskinstance.py:441} INFO - ::group::Post task execution logs
[2026-08-05T08:48:28.825+0000] {taskinstance.py:1206} INFO - Marking task as SUCCESS. dag_id=minio_to_snowflake_banking, task_id=download_minio, run_id=scheduled__2026-08-05T08:46:00+00:00, execution_date=20260805T084600, start_date=20260805T084806, end_date=20260805T084828
[2026-08-05T08:48:28.894+0000] {local_task_job_runner.py:243} INFO - Task exited with return code 0
[2026-08-05T08:48:28.960+0000] {taskinstance.py:3503} INFO - 1 downstream tasks scheduled from follow-on schedule check
[2026-08-05T08:48:28.964+0000] {local_task_job_runner.py:222} INFO - ::endgroup::
