[2026-08-05T08:28:59.852+0000] {local_task_job_runner.py:120} INFO - ::group::Pre task execution logs
[2026-08-05T08:28:59.883+0000] {taskinstance.py:2076} INFO - Dependencies all met for dep_context=non-requeueable deps ti=<TaskInstance: minio_to_snowflake_banking.download_minio scheduled__2026-08-05T08:27:00+00:00 [queued]>
[2026-08-05T08:28:59.891+0000] {taskinstance.py:2076} INFO - Dependencies all met for dep_context=requeueable deps ti=<TaskInstance: minio_to_snowflake_banking.download_minio scheduled__2026-08-05T08:27:00+00:00 [queued]>
[2026-08-05T08:28:59.892+0000] {taskinstance.py:2306} INFO - Starting attempt 1 of 2
[2026-08-05T08:28:59.904+0000] {taskinstance.py:2330} INFO - Executing <Task(PythonOperator): download_minio> on 2026-08-05 08:27:00+00:00
[2026-08-05T08:28:59.953+0000] {standard_task_runner.py:90} INFO - Running: ['***', 'tasks', 'run', 'minio_to_snowflake_banking', 'download_minio', 'scheduled__2026-08-05T08:27:00+00:00', '--job-id', '9', '--raw', '--subdir', 'DAGS_FOLDER/minio_to_snowflake_dag.py', '--cfg-path', '/tmp/tmplkp_5vvp']
[2026-08-05T08:28:59.972+0000] {standard_task_runner.py:91} INFO - Job 9: Subtask download_minio
[2026-08-05T08:28:59.974+0000] {logging_mixin.py:188} WARNING - /home/***/.local/lib/python3.12/site-packages/***/task/task_runner/standard_task_runner.py:62 DeprecationWarning: This process (pid=6462) is multi-threaded, use of fork() may lead to deadlocks in the child.
[2026-08-05T08:28:59.975+0000] {standard_task_runner.py:64} INFO - Started process 6473 to run task
[2026-08-05T08:29:00.084+0000] {task_command.py:426} INFO - Running <TaskInstance: minio_to_snowflake_banking.download_minio scheduled__2026-08-05T08:27:00+00:00 [running]> on host dbaa032e7d7c
[2026-08-05T08:29:00.226+0000] {taskinstance.py:2648} INFO - Exporting env vars: AIRFLOW_CTX_DAG_OWNER='***' AIRFLOW_CTX_DAG_ID='minio_to_snowflake_banking' AIRFLOW_CTX_TASK_ID='download_minio' AIRFLOW_CTX_EXECUTION_DATE='2026-08-05T08:27:00+00:00' AIRFLOW_CTX_TRY_NUMBER='1' AIRFLOW_CTX_DAG_RUN_ID='scheduled__2026-08-05T08:27:00+00:00'
[2026-08-05T08:29:00.228+0000] {taskinstance.py:430} INFO - ::endgroup::
[2026-08-05T08:29:02.120+0000] {logging_mixin.py:188} INFO - Downloaded customers/date=2026-07-27/customers_090401672966.parquet -> /tmp/minio_downloads/customers_090401672966.parquet
[2026-08-05T08:29:02.135+0000] {logging_mixin.py:188} INFO - Downloaded customers/date=2026-07-27/customers_090401722071.parquet -> /tmp/minio_downloads/customers_090401722071.parquet
[2026-08-05T08:29:02.149+0000] {logging_mixin.py:188} INFO - Downloaded customers/date=2026-07-27/customers_090401771134.parquet -> /tmp/minio_downloads/customers_090401771134.parquet
[2026-08-05T08:29:02.176+0000] {logging_mixin.py:188} INFO - Downloaded customers/date=2026-07-27/customers_090401818881.parquet -> /tmp/minio_downloads/customers_090401818881.parquet
[2026-08-05T08:29:02.190+0000] {logging_mixin.py:188} INFO - Downloaded customers/date=2026-07-27/customers_090401869659.parquet -> /tmp/minio_downloads/customers_090401869659.parquet
[2026-08-05T08:29:02.205+0000] {logging_mixin.py:188} INFO - Downloaded customers/date=2026-07-27/customers_090401931845.parquet -> /tmp/minio_downloads/customers_090401931845.parquet
[2026-08-05T08:29:02.218+0000] {logging_mixin.py:188} INFO - Downloaded customers/date=2026-07-27/customers_090401994043.parquet -> /tmp/minio_downloads/customers_090401994043.parquet
[2026-08-05T08:29:02.233+0000] {logging_mixin.py:188} INFO - Downloaded customers/date=2026-07-27/customers_090402069924.parquet -> /tmp/minio_downloads/customers_090402069924.parquet
[2026-08-05T08:29:02.247+0000] {logging_mixin.py:188} INFO - Downloaded customers/date=2026-07-27/customers_090402133350.parquet -> /tmp/minio_downloads/customers_090402133350.parquet
[2026-08-05T08:29:02.262+0000] {logging_mixin.py:188} INFO - Downloaded customers/date=2026-07-27/customers_090402184633.parquet -> /tmp/minio_downloads/customers_090402184633.parquet
[2026-08-05T08:29:02.277+0000] {logging_mixin.py:188} INFO - Downloaded customers/date=2026-07-27/customers_090402234780.parquet -> /tmp/minio_downloads/customers_090402234780.parquet
[2026-08-05T08:29:02.292+0000] {logging_mixin.py:188} INFO - Downloaded customers/date=2026-07-27/customers_090402284973.parquet -> /tmp/minio_downloads/customers_090402284973.parquet
[2026-08-05T08:29:02.369+0000] {logging_mixin.py:188} INFO - Downloaded customers/date=2026-07-27/customers_090402342610.parquet -> /tmp/minio_downloads/customers_090402342610.parquet
[2026-08-05T08:29:02.404+0000] {logging_mixin.py:188} INFO - Downloaded customers/date=2026-07-27/customers_090402385711.parquet -> /tmp/minio_downloads/customers_090402385711.parquet
[2026-08-05T08:29:02.419+0000] {logging_mixin.py:188} INFO - Downloaded customers/date=2026-07-27/customers_090402449594.parquet -> /tmp/minio_downloads/customers_090402449594.parquet
[2026-08-05T08:29:02.434+0000] {logging_mixin.py:188} INFO - Downloaded customers/date=2026-07-27/customers_090402513017.parquet -> /tmp/minio_downloads/customers_090402513017.parquet
[2026-08-05T08:29:02.448+0000] {logging_mixin.py:188} INFO - Downloaded customers/date=2026-07-27/customers_090402644591.parquet -> /tmp/minio_downloads/customers_090402644591.parquet
[2026-08-05T08:29:02.462+0000] {logging_mixin.py:188} INFO - Downloaded customers/date=2026-07-27/customers_090402707127.parquet -> /tmp/minio_downloads/customers_090402707127.parquet
[2026-08-05T08:29:02.491+0000] {logging_mixin.py:188} INFO - Downloaded customers/date=2026-07-27/customers_090402799962.parquet -> /tmp/minio_downloads/customers_090402799962.parquet
[2026-08-05T08:29:02.507+0000] {logging_mixin.py:188} INFO - Downloaded customers/date=2026-07-27/customers_090402929400.parquet -> /tmp/minio_downloads/customers_090402929400.parquet
[2026-08-05T08:29:02.522+0000] {logging_mixin.py:188} INFO - Downloaded customers/date=2026-07-27/customers_090402974349.parquet -> /tmp/minio_downloads/customers_090402974349.parquet
[2026-08-05T08:29:02.537+0000] {logging_mixin.py:188} INFO - Downloaded customers/date=2026-07-27/customers_090403023880.parquet -> /tmp/minio_downloads/customers_090403023880.parquet
[2026-08-05T08:29:02.552+0000] {logging_mixin.py:188} INFO - Downloaded customers/date=2026-07-27/customers_090403076220.parquet -> /tmp/minio_downloads/customers_090403076220.parquet
[2026-08-05T08:29:02.566+0000] {logging_mixin.py:188} INFO - Downloaded customers/date=2026-07-27/customers_090403139454.parquet -> /tmp/minio_downloads/customers_090403139454.parquet
[2026-08-05T08:29:02.579+0000] {logging_mixin.py:188} INFO - Downloaded customers/date=2026-07-27/customers_090403183405.parquet -> /tmp/minio_downloads/customers_090403183405.parquet
[2026-08-05T08:29:02.630+0000] {logging_mixin.py:188} INFO - Downloaded customers/date=2026-07-27/customers_090403246298.parquet -> /tmp/minio_downloads/customers_090403246298.parquet
[2026-08-05T08:29:02.645+0000] {logging_mixin.py:188} INFO - Downloaded customers/date=2026-07-27/customers_090403286232.parquet -> /tmp/minio_downloads/customers_090403286232.parquet
[2026-08-05T08:29:02.660+0000] {logging_mixin.py:188} INFO - Downloaded customers/date=2026-07-27/customers_090403337856.parquet -> /tmp/minio_downloads/customers_090403337856.parquet
[2026-08-05T08:29:02.673+0000] {logging_mixin.py:188} INFO - Downloaded customers/date=2026-07-27/customers_090403384511.parquet -> /tmp/minio_downloads/customers_090403384511.parquet
[2026-08-05T08:29:02.687+0000] {logging_mixin.py:188} INFO - Downloaded customers/date=2026-07-27/customers_090403430840.parquet -> /tmp/minio_downloads/customers_090403430840.parquet
[2026-08-05T08:29:02.701+0000] {logging_mixin.py:188} INFO - Downloaded customers/date=2026-07-27/customers_090403472396.parquet -> /tmp/minio_downloads/customers_090403472396.parquet
[2026-08-05T08:29:02.717+0000] {logging_mixin.py:188} INFO - Downloaded customers/date=2026-07-27/customers_090403524071.parquet -> /tmp/minio_downloads/customers_090403524071.parquet
[2026-08-05T08:29:02.732+0000] {logging_mixin.py:188} INFO - Downloaded customers/date=2026-07-27/customers_090403571705.parquet -> /tmp/minio_downloads/customers_090403571705.parquet
[2026-08-05T08:29:02.747+0000] {logging_mixin.py:188} INFO - Downloaded customers/date=2026-07-27/customers_090403614708.parquet -> /tmp/minio_downloads/customers_090403614708.parquet
[2026-08-05T08:29:02.761+0000] {logging_mixin.py:188} INFO - Downloaded customers/date=2026-07-27/customers_090403654848.parquet -> /tmp/minio_downloads/customers_090403654848.parquet
[2026-08-05T08:29:02.775+0000] {logging_mixin.py:188} INFO - Downloaded customers/date=2026-07-27/customers_090403702724.parquet -> /tmp/minio_downloads/customers_090403702724.parquet
[2026-08-05T08:29:02.789+0000] {logging_mixin.py:188} INFO - Downloaded customers/date=2026-07-27/customers_090403763292.parquet -> /tmp/minio_downloads/customers_090403763292.parquet
[2026-08-05T08:29:02.803+0000] {logging_mixin.py:188} INFO - Downloaded customers/date=2026-07-27/customers_090403806078.parquet -> /tmp/minio_downloads/customers_090403806078.parquet
[2026-08-05T08:29:02.817+0000] {logging_mixin.py:188} INFO - Downloaded customers/date=2026-07-27/customers_090403851544.parquet -> /tmp/minio_downloads/customers_090403851544.parquet
[2026-08-05T08:29:02.833+0000] {logging_mixin.py:188} INFO - Downloaded customers/date=2026-07-27/customers_090403894193.parquet -> /tmp/minio_downloads/customers_090403894193.parquet
[2026-08-05T08:29:02.847+0000] {logging_mixin.py:188} INFO - Downloaded customers/date=2026-07-27/customers_090403939509.parquet -> /tmp/minio_downloads/customers_090403939509.parquet
[2026-08-05T08:29:02.863+0000] {logging_mixin.py:188} INFO - Downloaded customers/date=2026-07-27/customers_090403987646.parquet -> /tmp/minio_downloads/customers_090403987646.parquet
[2026-08-05T08:29:02.877+0000] {logging_mixin.py:188} INFO - Downloaded customers/date=2026-07-27/customers_090404049607.parquet -> /tmp/minio_downloads/customers_090404049607.parquet
[2026-08-05T08:29:02.892+0000] {logging_mixin.py:188} INFO - Downloaded customers/date=2026-07-27/customers_090404098181.parquet -> /tmp/minio_downloads/customers_090404098181.parquet
[2026-08-05T08:29:02.906+0000] {logging_mixin.py:188} INFO - Downloaded customers/date=2026-07-27/customers_090404171962.parquet -> /tmp/minio_downloads/customers_090404171962.parquet
[2026-08-05T08:29:02.920+0000] {logging_mixin.py:188} INFO - Downloaded customers/date=2026-07-27/customers_090404227529.parquet -> /tmp/minio_downloads/customers_090404227529.parquet
[2026-08-05T08:29:02.934+0000] {logging_mixin.py:188} INFO - Downloaded customers/date=2026-07-27/customers_090404283728.parquet -> /tmp/minio_downloads/customers_090404283728.parquet
[2026-08-05T08:29:02.947+0000] {logging_mixin.py:188} INFO - Downloaded customers/date=2026-07-27/customers_090404337621.parquet -> /tmp/minio_downloads/customers_090404337621.parquet
[2026-08-05T08:29:02.961+0000] {logging_mixin.py:188} INFO - Downloaded customers/date=2026-07-27/customers_090404397305.parquet -> /tmp/minio_downloads/customers_090404397305.parquet
[2026-08-05T08:29:02.974+0000] {logging_mixin.py:188} INFO - Downloaded customers/date=2026-07-27/customers_090404443612.parquet -> /tmp/minio_downloads/customers_090404443612.parquet
[2026-08-05T08:29:02.988+0000] {logging_mixin.py:188} INFO - Downloaded customers/date=2026-07-27/customers_090404503420.parquet -> /tmp/minio_downloads/customers_090404503420.parquet
[2026-08-05T08:29:03.003+0000] {logging_mixin.py:188} INFO - Downloaded customers/date=2026-07-27/customers_090404569754.parquet -> /tmp/minio_downloads/customers_090404569754.parquet
[2026-08-05T08:29:03.017+0000] {logging_mixin.py:188} INFO - Downloaded customers/date=2026-07-27/customers_090404616505.parquet -> /tmp/minio_downloads/customers_090404616505.parquet
[2026-08-05T08:29:03.032+0000] {logging_mixin.py:188} INFO - Downloaded customers/date=2026-07-27/customers_090404676784.parquet -> /tmp/minio_downloads/customers_090404676784.parquet
[2026-08-05T08:29:03.046+0000] {logging_mixin.py:188} INFO - Downloaded customers/date=2026-07-27/customers_090404719565.parquet -> /tmp/minio_downloads/customers_090404719565.parquet
[2026-08-05T08:29:03.061+0000] {logging_mixin.py:188} INFO - Downloaded customers/date=2026-07-27/customers_090404776580.parquet -> /tmp/minio_downloads/customers_090404776580.parquet
[2026-08-05T08:29:03.078+0000] {logging_mixin.py:188} INFO - Downloaded customers/date=2026-07-27/customers_090404821131.parquet -> /tmp/minio_downloads/customers_090404821131.parquet
[2026-08-05T08:29:03.094+0000] {logging_mixin.py:188} INFO - Downloaded customers/date=2026-07-27/customers_090404867684.parquet -> /tmp/minio_downloads/customers_090404867684.parquet
[2026-08-05T08:29:03.111+0000] {logging_mixin.py:188} INFO - Downloaded customers/date=2026-07-27/customers_090404914078.parquet -> /tmp/minio_downloads/customers_090404914078.parquet
[2026-08-05T08:29:03.126+0000] {logging_mixin.py:188} INFO - Downloaded customers/date=2026-07-27/customers_090404956516.parquet -> /tmp/minio_downloads/customers_090404956516.parquet
[2026-08-05T08:29:03.141+0000] {logging_mixin.py:188} INFO - Downloaded customers/date=2026-07-27/customers_090405003694.parquet -> /tmp/minio_downloads/customers_090405003694.parquet
[2026-08-05T08:29:03.155+0000] {logging_mixin.py:188} INFO - Downloaded customers/date=2026-07-27/customers_090405050878.parquet -> /tmp/minio_downloads/customers_090405050878.parquet
[2026-08-05T08:29:03.168+0000] {logging_mixin.py:188} INFO - Downloaded customers/date=2026-07-27/customers_090405103797.parquet -> /tmp/minio_downloads/customers_090405103797.parquet
[2026-08-05T08:29:03.182+0000] {logging_mixin.py:188} INFO - Downloaded customers/date=2026-07-27/customers_090405150219.parquet -> /tmp/minio_downloads/customers_090405150219.parquet
[2026-08-05T08:29:03.196+0000] {logging_mixin.py:188} INFO - Downloaded customers/date=2026-07-27/customers_090405196488.parquet -> /tmp/minio_downloads/customers_090405196488.parquet
[2026-08-05T08:29:03.209+0000] {logging_mixin.py:188} INFO - Downloaded customers/date=2026-07-27/customers_090405243111.parquet -> /tmp/minio_downloads/customers_090405243111.parquet
[2026-08-05T08:29:03.223+0000] {logging_mixin.py:188} INFO - Downloaded customers/date=2026-07-27/customers_090405289533.parquet -> /tmp/minio_downloads/customers_090405289533.parquet
[2026-08-05T08:29:03.236+0000] {logging_mixin.py:188} INFO - Downloaded customers/date=2026-07-27/customers_090405335259.parquet -> /tmp/minio_downloads/customers_090405335259.parquet
[2026-08-05T08:29:03.271+0000] {logging_mixin.py:188} INFO - Downloaded customers/date=2026-07-27/customers_090405383930.parquet -> /tmp/minio_downloads/customers_090405383930.parquet
[2026-08-05T08:29:03.733+0000] {logging_mixin.py:188} INFO - Downloaded customers/date=2026-07-27/customers_090405425934.parquet -> /tmp/minio_downloads/customers_090405425934.parquet
[2026-08-05T08:29:03.893+0000] {logging_mixin.py:188} INFO - Downloaded customers/date=2026-07-27/customers_090405469859.parquet -> /tmp/minio_downloads/customers_090405469859.parquet
[2026-08-05T08:29:03.907+0000] {logging_mixin.py:188} INFO - Downloaded customers/date=2026-07-27/customers_090405511786.parquet -> /tmp/minio_downloads/customers_090405511786.parquet
[2026-08-05T08:29:03.921+0000] {logging_mixin.py:188} INFO - Downloaded customers/date=2026-07-27/customers_090405562635.parquet -> /tmp/minio_downloads/customers_090405562635.parquet
[2026-08-05T08:29:03.977+0000] {logging_mixin.py:188} INFO - Downloaded customers/date=2026-07-27/customers_090405606410.parquet -> /tmp/minio_downloads/customers_090405606410.parquet
[2026-08-05T08:29:04.165+0000] {logging_mixin.py:188} INFO - Downloaded customers/date=2026-07-27/customers_090405651960.parquet -> /tmp/minio_downloads/customers_090405651960.parquet
[2026-08-05T08:29:04.190+0000] {logging_mixin.py:188} INFO - Downloaded customers/date=2026-07-27/customers_090405695356.parquet -> /tmp/minio_downloads/customers_090405695356.parquet
[2026-08-05T08:29:04.205+0000] {logging_mixin.py:188} INFO - Downloaded customers/date=2026-07-27/customers_090405739251.parquet -> /tmp/minio_downloads/customers_090405739251.parquet
[2026-08-05T08:29:04.218+0000] {logging_mixin.py:188} INFO - Downloaded customers/date=2026-07-27/customers_090405796269.parquet -> /tmp/minio_downloads/customers_090405796269.parquet
[2026-08-05T08:29:04.233+0000] {logging_mixin.py:188} INFO - Downloaded customers/date=2026-07-27/customers_090405841506.parquet -> /tmp/minio_downloads/customers_090405841506.parquet
[2026-08-05T08:29:04.247+0000] {logging_mixin.py:188} INFO - Downloaded customers/date=2026-07-27/customers_090405899071.parquet -> /tmp/minio_downloads/customers_090405899071.parquet
[2026-08-05T08:29:04.287+0000] {logging_mixin.py:188} INFO - Downloaded customers/date=2026-07-27/customers_090405946991.parquet -> /tmp/minio_downloads/customers_090405946991.parquet
[2026-08-05T08:29:04.904+0000] {logging_mixin.py:188} INFO - Downloaded accounts/date=2026-07-27/accounts_090335091997.parquet -> /tmp/minio_downloads/accounts_090335091997.parquet
[2026-08-05T08:29:04.918+0000] {logging_mixin.py:188} INFO - Downloaded accounts/date=2026-07-27/accounts_090335176229.parquet -> /tmp/minio_downloads/accounts_090335176229.parquet
[2026-08-05T08:29:04.933+0000] {logging_mixin.py:188} INFO - Downloaded accounts/date=2026-07-27/accounts_090335225617.parquet -> /tmp/minio_downloads/accounts_090335225617.parquet
[2026-08-05T08:29:04.949+0000] {logging_mixin.py:188} INFO - Downloaded accounts/date=2026-07-27/accounts_090335282589.parquet -> /tmp/minio_downloads/accounts_090335282589.parquet
[2026-08-05T08:29:04.962+0000] {logging_mixin.py:188} INFO - Downloaded accounts/date=2026-07-27/accounts_090335330376.parquet -> /tmp/minio_downloads/accounts_090335330376.parquet
[2026-08-05T08:29:04.996+0000] {logging_mixin.py:188} INFO - Downloaded accounts/date=2026-07-27/accounts_090335387463.parquet -> /tmp/minio_downloads/accounts_090335387463.parquet
[2026-08-05T08:29:05.029+0000] {logging_mixin.py:188} INFO - Downloaded accounts/date=2026-07-27/accounts_090335440093.parquet -> /tmp/minio_downloads/accounts_090335440093.parquet
[2026-08-05T08:29:05.043+0000] {logging_mixin.py:188} INFO - Downloaded accounts/date=2026-07-27/accounts_090335487667.parquet -> /tmp/minio_downloads/accounts_090335487667.parquet
[2026-08-05T08:29:05.058+0000] {logging_mixin.py:188} INFO - Downloaded accounts/date=2026-07-27/accounts_090335532736.parquet -> /tmp/minio_downloads/accounts_090335532736.parquet
[2026-08-05T08:29:05.072+0000] {logging_mixin.py:188} INFO - Downloaded accounts/date=2026-07-27/accounts_090335590697.parquet -> /tmp/minio_downloads/accounts_090335590697.parquet
[2026-08-05T08:29:05.150+0000] {logging_mixin.py:188} INFO - Downloaded accounts/date=2026-07-27/accounts_090335653590.parquet -> /tmp/minio_downloads/accounts_090335653590.parquet
[2026-08-05T08:29:05.167+0000] {logging_mixin.py:188} INFO - Downloaded accounts/date=2026-07-27/accounts_090335716922.parquet -> /tmp/minio_downloads/accounts_090335716922.parquet
[2026-08-05T08:29:05.238+0000] {logging_mixin.py:188} INFO - Downloaded accounts/date=2026-07-27/accounts_090335792915.parquet -> /tmp/minio_downloads/accounts_090335792915.parquet
[2026-08-05T08:29:05.252+0000] {logging_mixin.py:188} INFO - Downloaded accounts/date=2026-07-27/accounts_090335849416.parquet -> /tmp/minio_downloads/accounts_090335849416.parquet
[2026-08-05T08:29:05.266+0000] {logging_mixin.py:188} INFO - Downloaded accounts/date=2026-07-27/accounts_090335918492.parquet -> /tmp/minio_downloads/accounts_090335918492.parquet
[2026-08-05T08:29:05.281+0000] {logging_mixin.py:188} INFO - Downloaded accounts/date=2026-07-27/accounts_090336083229.parquet -> /tmp/minio_downloads/accounts_090336083229.parquet
[2026-08-05T08:29:05.295+0000] {logging_mixin.py:188} INFO - Downloaded accounts/date=2026-07-27/accounts_090336168129.parquet -> /tmp/minio_downloads/accounts_090336168129.parquet
[2026-08-05T08:29:05.308+0000] {logging_mixin.py:188} INFO - Downloaded accounts/date=2026-07-27/accounts_090336236734.parquet -> /tmp/minio_downloads/accounts_090336236734.parquet
[2026-08-05T08:29:05.365+0000] {logging_mixin.py:188} INFO - Downloaded accounts/date=2026-07-27/accounts_090336310038.parquet -> /tmp/minio_downloads/accounts_090336310038.parquet
[2026-08-05T08:29:05.380+0000] {logging_mixin.py:188} INFO - Downloaded accounts/date=2026-07-27/accounts_090336375803.parquet -> /tmp/minio_downloads/accounts_090336375803.parquet
[2026-08-05T08:29:05.400+0000] {logging_mixin.py:188} INFO - Downloaded accounts/date=2026-07-27/accounts_090336437610.parquet -> /tmp/minio_downloads/accounts_090336437610.parquet
[2026-08-05T08:29:05.431+0000] {logging_mixin.py:188} INFO - Downloaded accounts/date=2026-07-27/accounts_090336509130.parquet -> /tmp/minio_downloads/accounts_090336509130.parquet
[2026-08-05T08:29:05.446+0000] {logging_mixin.py:188} INFO - Downloaded accounts/date=2026-07-27/accounts_090336561573.parquet -> /tmp/minio_downloads/accounts_090336561573.parquet
[2026-08-05T08:29:05.460+0000] {logging_mixin.py:188} INFO - Downloaded accounts/date=2026-07-27/accounts_090336619969.parquet -> /tmp/minio_downloads/accounts_090336619969.parquet
[2026-08-05T08:29:05.475+0000] {logging_mixin.py:188} INFO - Downloaded accounts/date=2026-07-27/accounts_090336705658.parquet -> /tmp/minio_downloads/accounts_090336705658.parquet
[2026-08-05T08:29:05.488+0000] {logging_mixin.py:188} INFO - Downloaded accounts/date=2026-07-27/accounts_090336825221.parquet -> /tmp/minio_downloads/accounts_090336825221.parquet
[2026-08-05T08:29:05.502+0000] {logging_mixin.py:188} INFO - Downloaded accounts/date=2026-07-27/accounts_090336934222.parquet -> /tmp/minio_downloads/accounts_090336934222.parquet
[2026-08-05T08:29:05.516+0000] {logging_mixin.py:188} INFO - Downloaded accounts/date=2026-07-27/accounts_090336997264.parquet -> /tmp/minio_downloads/accounts_090336997264.parquet
[2026-08-05T08:29:05.533+0000] {logging_mixin.py:188} INFO - Downloaded accounts/date=2026-07-27/accounts_090337048145.parquet -> /tmp/minio_downloads/accounts_090337048145.parquet
[2026-08-05T08:29:05.547+0000] {logging_mixin.py:188} INFO - Downloaded accounts/date=2026-07-27/accounts_090337100657.parquet -> /tmp/minio_downloads/accounts_090337100657.parquet
[2026-08-05T08:29:05.562+0000] {logging_mixin.py:188} INFO - Downloaded accounts/date=2026-07-27/accounts_090337167701.parquet -> /tmp/minio_downloads/accounts_090337167701.parquet
[2026-08-05T08:29:05.576+0000] {logging_mixin.py:188} INFO - Downloaded accounts/date=2026-07-27/accounts_090337230404.parquet -> /tmp/minio_downloads/accounts_090337230404.parquet
[2026-08-05T08:29:05.591+0000] {logging_mixin.py:188} INFO - Downloaded accounts/date=2026-07-27/accounts_090337287200.parquet -> /tmp/minio_downloads/accounts_090337287200.parquet
[2026-08-05T08:29:05.605+0000] {logging_mixin.py:188} INFO - Downloaded accounts/date=2026-07-27/accounts_090337352500.parquet -> /tmp/minio_downloads/accounts_090337352500.parquet
[2026-08-05T08:29:05.619+0000] {logging_mixin.py:188} INFO - Downloaded accounts/date=2026-07-27/accounts_090337409970.parquet -> /tmp/minio_downloads/accounts_090337409970.parquet
[2026-08-05T08:29:05.632+0000] {logging_mixin.py:188} INFO - Downloaded accounts/date=2026-07-27/accounts_090337468206.parquet -> /tmp/minio_downloads/accounts_090337468206.parquet
[2026-08-05T08:29:05.647+0000] {logging_mixin.py:188} INFO - Downloaded accounts/date=2026-07-27/accounts_090337522740.parquet -> /tmp/minio_downloads/accounts_090337522740.parquet
[2026-08-05T08:29:05.662+0000] {logging_mixin.py:188} INFO - Downloaded accounts/date=2026-07-27/accounts_090337569811.parquet -> /tmp/minio_downloads/accounts_090337569811.parquet
[2026-08-05T08:29:05.676+0000] {logging_mixin.py:188} INFO - Downloaded accounts/date=2026-07-27/accounts_090337620416.parquet -> /tmp/minio_downloads/accounts_090337620416.parquet
[2026-08-05T08:29:05.689+0000] {logging_mixin.py:188} INFO - Downloaded accounts/date=2026-07-27/accounts_090337676744.parquet -> /tmp/minio_downloads/accounts_090337676744.parquet
[2026-08-05T08:29:05.703+0000] {logging_mixin.py:188} INFO - Downloaded accounts/date=2026-07-27/accounts_090337733973.parquet -> /tmp/minio_downloads/accounts_090337733973.parquet
[2026-08-05T08:29:05.718+0000] {logging_mixin.py:188} INFO - Downloaded accounts/date=2026-07-27/accounts_090337779357.parquet -> /tmp/minio_downloads/accounts_090337779357.parquet
[2026-08-05T08:29:05.732+0000] {logging_mixin.py:188} INFO - Downloaded accounts/date=2026-07-27/accounts_090337830813.parquet -> /tmp/minio_downloads/accounts_090337830813.parquet
[2026-08-05T08:29:05.746+0000] {logging_mixin.py:188} INFO - Downloaded accounts/date=2026-07-27/accounts_090337876213.parquet -> /tmp/minio_downloads/accounts_090337876213.parquet
[2026-08-05T08:29:05.759+0000] {logging_mixin.py:188} INFO - Downloaded accounts/date=2026-07-27/accounts_090337924905.parquet -> /tmp/minio_downloads/accounts_090337924905.parquet
[2026-08-05T08:29:05.788+0000] {logging_mixin.py:188} INFO - Downloaded accounts/date=2026-07-27/accounts_090337972586.parquet -> /tmp/minio_downloads/accounts_090337972586.parquet
[2026-08-05T08:29:05.803+0000] {logging_mixin.py:188} INFO - Downloaded accounts/date=2026-07-27/accounts_090338036313.parquet -> /tmp/minio_downloads/accounts_090338036313.parquet
[2026-08-05T08:29:05.818+0000] {logging_mixin.py:188} INFO - Downloaded accounts/date=2026-07-27/accounts_090338087498.parquet -> /tmp/minio_downloads/accounts_090338087498.parquet
[2026-08-05T08:29:05.832+0000] {logging_mixin.py:188} INFO - Downloaded accounts/date=2026-07-27/accounts_090338169836.parquet -> /tmp/minio_downloads/accounts_090338169836.parquet
[2026-08-05T08:29:05.845+0000] {logging_mixin.py:188} INFO - Downloaded accounts/date=2026-07-27/accounts_090338285836.parquet -> /tmp/minio_downloads/accounts_090338285836.parquet
[2026-08-05T08:29:05.885+0000] {logging_mixin.py:188} INFO - Downloaded accounts/date=2026-07-27/accounts_090338348416.parquet -> /tmp/minio_downloads/accounts_090338348416.parquet
[2026-08-05T08:29:05.901+0000] {logging_mixin.py:188} INFO - Downloaded accounts/date=2026-07-27/accounts_090338411783.parquet -> /tmp/minio_downloads/accounts_090338411783.parquet
[2026-08-05T08:29:05.915+0000] {logging_mixin.py:188} INFO - Downloaded accounts/date=2026-07-27/accounts_090338473298.parquet -> /tmp/minio_downloads/accounts_090338473298.parquet
[2026-08-05T08:29:05.929+0000] {logging_mixin.py:188} INFO - Downloaded accounts/date=2026-07-27/accounts_090338539756.parquet -> /tmp/minio_downloads/accounts_090338539756.parquet
[2026-08-05T08:29:05.942+0000] {logging_mixin.py:188} INFO - Downloaded accounts/date=2026-07-27/accounts_090338595444.parquet -> /tmp/minio_downloads/accounts_090338595444.parquet
[2026-08-05T08:29:05.956+0000] {logging_mixin.py:188} INFO - Downloaded accounts/date=2026-07-27/accounts_090338653969.parquet -> /tmp/minio_downloads/accounts_090338653969.parquet
[2026-08-05T08:29:05.969+0000] {logging_mixin.py:188} INFO - Downloaded accounts/date=2026-07-27/accounts_090338722877.parquet -> /tmp/minio_downloads/accounts_090338722877.parquet
[2026-08-05T08:29:05.984+0000] {logging_mixin.py:188} INFO - Downloaded accounts/date=2026-07-27/accounts_090338784168.parquet -> /tmp/minio_downloads/accounts_090338784168.parquet
[2026-08-05T08:29:05.998+0000] {logging_mixin.py:188} INFO - Downloaded accounts/date=2026-07-27/accounts_090338833026.parquet -> /tmp/minio_downloads/accounts_090338833026.parquet
[2026-08-05T08:29:06.013+0000] {logging_mixin.py:188} INFO - Downloaded accounts/date=2026-07-27/accounts_090338879214.parquet -> /tmp/minio_downloads/accounts_090338879214.parquet
[2026-08-05T08:29:06.026+0000] {logging_mixin.py:188} INFO - Downloaded accounts/date=2026-07-27/accounts_090338926904.parquet -> /tmp/minio_downloads/accounts_090338926904.parquet
[2026-08-05T08:29:06.040+0000] {logging_mixin.py:188} INFO - Downloaded accounts/date=2026-07-27/accounts_090338983217.parquet -> /tmp/minio_downloads/accounts_090338983217.parquet
[2026-08-05T08:29:06.054+0000] {logging_mixin.py:188} INFO - Downloaded accounts/date=2026-07-27/accounts_090339036915.parquet -> /tmp/minio_downloads/accounts_090339036915.parquet
[2026-08-05T08:29:06.089+0000] {logging_mixin.py:188} INFO - Downloaded accounts/date=2026-07-27/accounts_090339085807.parquet -> /tmp/minio_downloads/accounts_090339085807.parquet
[2026-08-05T08:29:06.104+0000] {logging_mixin.py:188} INFO - Downloaded accounts/date=2026-07-27/accounts_090339132135.parquet -> /tmp/minio_downloads/accounts_090339132135.parquet
[2026-08-05T08:29:06.119+0000] {logging_mixin.py:188} INFO - Downloaded accounts/date=2026-07-27/accounts_090339207270.parquet -> /tmp/minio_downloads/accounts_090339207270.parquet
[2026-08-05T08:29:06.133+0000] {logging_mixin.py:188} INFO - Downloaded accounts/date=2026-07-27/accounts_090339254198.parquet -> /tmp/minio_downloads/accounts_090339254198.parquet
[2026-08-05T08:29:06.145+0000] {logging_mixin.py:188} INFO - Downloaded accounts/date=2026-07-27/accounts_090339304672.parquet -> /tmp/minio_downloads/accounts_090339304672.parquet
[2026-08-05T08:29:06.159+0000] {logging_mixin.py:188} INFO - Downloaded accounts/date=2026-07-27/accounts_090339356197.parquet -> /tmp/minio_downloads/accounts_090339356197.parquet
[2026-08-05T08:29:06.174+0000] {logging_mixin.py:188} INFO - Downloaded accounts/date=2026-07-27/accounts_090339400231.parquet -> /tmp/minio_downloads/accounts_090339400231.parquet
[2026-08-05T08:29:06.190+0000] {logging_mixin.py:188} INFO - Downloaded accounts/date=2026-07-27/accounts_090339447900.parquet -> /tmp/minio_downloads/accounts_090339447900.parquet
[2026-08-05T08:29:06.210+0000] {logging_mixin.py:188} INFO - Downloaded accounts/date=2026-07-27/accounts_090339510332.parquet -> /tmp/minio_downloads/accounts_090339510332.parquet
[2026-08-05T08:29:06.225+0000] {logging_mixin.py:188} INFO - Downloaded accounts/date=2026-07-27/accounts_090339622965.parquet -> /tmp/minio_downloads/accounts_090339622965.parquet
[2026-08-05T08:29:06.240+0000] {logging_mixin.py:188} INFO - Downloaded accounts/date=2026-07-27/accounts_090339735170.parquet -> /tmp/minio_downloads/accounts_090339735170.parquet
[2026-08-05T08:29:06.255+0000] {logging_mixin.py:188} INFO - Downloaded accounts/date=2026-07-27/accounts_090339802636.parquet -> /tmp/minio_downloads/accounts_090339802636.parquet
[2026-08-05T08:29:06.269+0000] {logging_mixin.py:188} INFO - Downloaded accounts/date=2026-07-27/accounts_090339854967.parquet -> /tmp/minio_downloads/accounts_090339854967.parquet
[2026-08-05T08:29:06.283+0000] {logging_mixin.py:188} INFO - Downloaded accounts/date=2026-07-27/accounts_090339969786.parquet -> /tmp/minio_downloads/accounts_090339969786.parquet
[2026-08-05T08:29:06.297+0000] {logging_mixin.py:188} INFO - Downloaded accounts/date=2026-07-27/accounts_090340009828.parquet -> /tmp/minio_downloads/accounts_090340009828.parquet
[2026-08-05T08:29:06.312+0000] {logging_mixin.py:188} INFO - Downloaded accounts/date=2026-07-27/accounts_090340068304.parquet -> /tmp/minio_downloads/accounts_090340068304.parquet
[2026-08-05T08:29:06.330+0000] {logging_mixin.py:188} INFO - Downloaded accounts/date=2026-07-27/accounts_090340120996.parquet -> /tmp/minio_downloads/accounts_090340120996.parquet
[2026-08-05T08:29:06.361+0000] {logging_mixin.py:188} INFO - Downloaded accounts/date=2026-07-27/accounts_090340165119.parquet -> /tmp/minio_downloads/accounts_090340165119.parquet
[2026-08-05T08:29:06.387+0000] {logging_mixin.py:188} INFO - Downloaded accounts/date=2026-07-27/accounts_090340212592.parquet -> /tmp/minio_downloads/accounts_090340212592.parquet
[2026-08-05T08:29:06.401+0000] {logging_mixin.py:188} INFO - Downloaded accounts/date=2026-07-27/accounts_090340260214.parquet -> /tmp/minio_downloads/accounts_090340260214.parquet
[2026-08-05T08:29:06.433+0000] {logging_mixin.py:188} INFO - Downloaded accounts/date=2026-07-27/accounts_090340312209.parquet -> /tmp/minio_downloads/accounts_090340312209.parquet
[2026-08-05T08:29:06.448+0000] {logging_mixin.py:188} INFO - Downloaded accounts/date=2026-07-27/accounts_090340374831.parquet -> /tmp/minio_downloads/accounts_090340374831.parquet
[2026-08-05T08:29:06.462+0000] {logging_mixin.py:188} INFO - Downloaded accounts/date=2026-07-27/accounts_090340432009.parquet -> /tmp/minio_downloads/accounts_090340432009.parquet
[2026-08-05T08:29:06.476+0000] {logging_mixin.py:188} INFO - Downloaded accounts/date=2026-07-27/accounts_090340485198.parquet -> /tmp/minio_downloads/accounts_090340485198.parquet
[2026-08-05T08:29:06.491+0000] {logging_mixin.py:188} INFO - Downloaded accounts/date=2026-07-27/accounts_090340538086.parquet -> /tmp/minio_downloads/accounts_090340538086.parquet
[2026-08-05T08:29:06.505+0000] {logging_mixin.py:188} INFO - Downloaded accounts/date=2026-07-27/accounts_090340597267.parquet -> /tmp/minio_downloads/accounts_090340597267.parquet
[2026-08-05T08:29:06.519+0000] {logging_mixin.py:188} INFO - Downloaded accounts/date=2026-07-27/accounts_090340643366.parquet -> /tmp/minio_downloads/accounts_090340643366.parquet
[2026-08-05T08:29:06.589+0000] {logging_mixin.py:188} INFO - Downloaded accounts/date=2026-07-27/accounts_090340692918.parquet -> /tmp/minio_downloads/accounts_090340692918.parquet
[2026-08-05T08:29:06.614+0000] {logging_mixin.py:188} INFO - Downloaded accounts/date=2026-07-27/accounts_090340744816.parquet -> /tmp/minio_downloads/accounts_090340744816.parquet
[2026-08-05T08:29:06.629+0000] {logging_mixin.py:188} INFO - Downloaded accounts/date=2026-07-27/accounts_090340797221.parquet -> /tmp/minio_downloads/accounts_090340797221.parquet
[2026-08-05T08:29:06.643+0000] {logging_mixin.py:188} INFO - Downloaded accounts/date=2026-07-27/accounts_090340847915.parquet -> /tmp/minio_downloads/accounts_090340847915.parquet
[2026-08-05T08:29:06.658+0000] {logging_mixin.py:188} INFO - Downloaded accounts/date=2026-07-27/accounts_090340899651.parquet -> /tmp/minio_downloads/accounts_090340899651.parquet
[2026-08-05T08:29:06.673+0000] {logging_mixin.py:188} INFO - Downloaded accounts/date=2026-07-27/accounts_090340945226.parquet -> /tmp/minio_downloads/accounts_090340945226.parquet
[2026-08-05T08:29:06.686+0000] {logging_mixin.py:188} INFO - Downloaded accounts/date=2026-07-27/accounts_090341002128.parquet -> /tmp/minio_downloads/accounts_090341002128.parquet
[2026-08-05T08:29:06.700+0000] {logging_mixin.py:188} INFO - Downloaded accounts/date=2026-07-27/accounts_090341048588.parquet -> /tmp/minio_downloads/accounts_090341048588.parquet
[2026-08-05T08:29:06.714+0000] {logging_mixin.py:188} INFO - Downloaded accounts/date=2026-07-27/accounts_090341112017.parquet -> /tmp/minio_downloads/accounts_090341112017.parquet
[2026-08-05T08:29:06.728+0000] {logging_mixin.py:188} INFO - Downloaded accounts/date=2026-07-27/accounts_090341158981.parquet -> /tmp/minio_downloads/accounts_090341158981.parquet
[2026-08-05T08:29:06.764+0000] {logging_mixin.py:188} INFO - Downloaded accounts/date=2026-07-27/accounts_090341202568.parquet -> /tmp/minio_downloads/accounts_090341202568.parquet
[2026-08-05T08:29:06.779+0000] {logging_mixin.py:188} INFO - Downloaded accounts/date=2026-07-27/accounts_090341253926.parquet -> /tmp/minio_downloads/accounts_090341253926.parquet
[2026-08-05T08:29:06.793+0000] {logging_mixin.py:188} INFO - Downloaded accounts/date=2026-07-27/accounts_090341309247.parquet -> /tmp/minio_downloads/accounts_090341309247.parquet
[2026-08-05T08:29:06.808+0000] {logging_mixin.py:188} INFO - Downloaded accounts/date=2026-07-27/accounts_090341358146.parquet -> /tmp/minio_downloads/accounts_090341358146.parquet
[2026-08-05T08:29:06.844+0000] {logging_mixin.py:188} INFO - Downloaded accounts/date=2026-07-27/accounts_090341414601.parquet -> /tmp/minio_downloads/accounts_090341414601.parquet
[2026-08-05T08:29:06.858+0000] {logging_mixin.py:188} INFO - Downloaded accounts/date=2026-07-27/accounts_090341460477.parquet -> /tmp/minio_downloads/accounts_090341460477.parquet
[2026-08-05T08:29:06.872+0000] {logging_mixin.py:188} INFO - Downloaded accounts/date=2026-07-27/accounts_090341508932.parquet -> /tmp/minio_downloads/accounts_090341508932.parquet
[2026-08-05T08:29:06.886+0000] {logging_mixin.py:188} INFO - Downloaded accounts/date=2026-07-27/accounts_090341566052.parquet -> /tmp/minio_downloads/accounts_090341566052.parquet
[2026-08-05T08:29:06.901+0000] {logging_mixin.py:188} INFO - Downloaded accounts/date=2026-07-27/accounts_090341619353.parquet -> /tmp/minio_downloads/accounts_090341619353.parquet
[2026-08-05T08:29:06.916+0000] {logging_mixin.py:188} INFO - Downloaded accounts/date=2026-07-27/accounts_090341668762.parquet -> /tmp/minio_downloads/accounts_090341668762.parquet
[2026-08-05T08:29:06.930+0000] {logging_mixin.py:188} INFO - Downloaded accounts/date=2026-07-27/accounts_090341718138.parquet -> /tmp/minio_downloads/accounts_090341718138.parquet
[2026-08-05T08:29:06.944+0000] {logging_mixin.py:188} INFO - Downloaded accounts/date=2026-07-27/accounts_090341776387.parquet -> /tmp/minio_downloads/accounts_090341776387.parquet
[2026-08-05T08:29:06.959+0000] {logging_mixin.py:188} INFO - Downloaded accounts/date=2026-07-27/accounts_090341838405.parquet -> /tmp/minio_downloads/accounts_090341838405.parquet
[2026-08-05T08:29:06.973+0000] {logging_mixin.py:188} INFO - Downloaded accounts/date=2026-07-27/accounts_090341981608.parquet -> /tmp/minio_downloads/accounts_090341981608.parquet
[2026-08-05T08:29:06.991+0000] {logging_mixin.py:188} INFO - Downloaded accounts/date=2026-07-27/accounts_090342055992.parquet -> /tmp/minio_downloads/accounts_090342055992.parquet
[2026-08-05T08:29:07.006+0000] {logging_mixin.py:188} INFO - Downloaded accounts/date=2026-07-27/accounts_090342130644.parquet -> /tmp/minio_downloads/accounts_090342130644.parquet
[2026-08-05T08:29:07.020+0000] {logging_mixin.py:188} INFO - Downloaded accounts/date=2026-07-27/accounts_090342179195.parquet -> /tmp/minio_downloads/accounts_090342179195.parquet
[2026-08-05T08:29:07.034+0000] {logging_mixin.py:188} INFO - Downloaded accounts/date=2026-07-27/accounts_090342243528.parquet -> /tmp/minio_downloads/accounts_090342243528.parquet
[2026-08-05T08:29:07.047+0000] {logging_mixin.py:188} INFO - Downloaded accounts/date=2026-07-27/accounts_090342306582.parquet -> /tmp/minio_downloads/accounts_090342306582.parquet
[2026-08-05T08:29:07.061+0000] {logging_mixin.py:188} INFO - Downloaded accounts/date=2026-07-27/accounts_090342357790.parquet -> /tmp/minio_downloads/accounts_090342357790.parquet
[2026-08-05T08:29:07.075+0000] {logging_mixin.py:188} INFO - Downloaded accounts/date=2026-07-27/accounts_090342419173.parquet -> /tmp/minio_downloads/accounts_090342419173.parquet
[2026-08-05T08:29:07.091+0000] {logging_mixin.py:188} INFO - Downloaded accounts/date=2026-07-27/accounts_090342483724.parquet -> /tmp/minio_downloads/accounts_090342483724.parquet
[2026-08-05T08:29:07.105+0000] {logging_mixin.py:188} INFO - Downloaded accounts/date=2026-07-27/accounts_090342544707.parquet -> /tmp/minio_downloads/accounts_090342544707.parquet
[2026-08-05T08:29:07.121+0000] {logging_mixin.py:188} INFO - Downloaded accounts/date=2026-07-27/accounts_090342599697.parquet -> /tmp/minio_downloads/accounts_090342599697.parquet
[2026-08-05T08:29:07.135+0000] {logging_mixin.py:188} INFO - Downloaded accounts/date=2026-07-27/accounts_090342676207.parquet -> /tmp/minio_downloads/accounts_090342676207.parquet
[2026-08-05T08:29:07.150+0000] {logging_mixin.py:188} INFO - Downloaded accounts/date=2026-07-27/accounts_090342736945.parquet -> /tmp/minio_downloads/accounts_090342736945.parquet
[2026-08-05T08:29:07.164+0000] {logging_mixin.py:188} INFO - Downloaded accounts/date=2026-07-27/accounts_090342792308.parquet -> /tmp/minio_downloads/accounts_090342792308.parquet
[2026-08-05T08:29:07.179+0000] {logging_mixin.py:188} INFO - Downloaded accounts/date=2026-07-27/accounts_090342856333.parquet -> /tmp/minio_downloads/accounts_090342856333.parquet
[2026-08-05T08:29:07.194+0000] {logging_mixin.py:188} INFO - Downloaded accounts/date=2026-07-27/accounts_090342912162.parquet -> /tmp/minio_downloads/accounts_090342912162.parquet
[2026-08-05T08:29:07.214+0000] {logging_mixin.py:188} INFO - Downloaded accounts/date=2026-07-27/accounts_090342961837.parquet -> /tmp/minio_downloads/accounts_090342961837.parquet
[2026-08-05T08:29:07.231+0000] {logging_mixin.py:188} INFO - Downloaded accounts/date=2026-07-27/accounts_090343020787.parquet -> /tmp/minio_downloads/accounts_090343020787.parquet
[2026-08-05T08:29:07.246+0000] {logging_mixin.py:188} INFO - Downloaded accounts/date=2026-07-27/accounts_090343073815.parquet -> /tmp/minio_downloads/accounts_090343073815.parquet
[2026-08-05T08:29:07.263+0000] {logging_mixin.py:188} INFO - Downloaded accounts/date=2026-07-27/accounts_090343145518.parquet -> /tmp/minio_downloads/accounts_090343145518.parquet
[2026-08-05T08:29:07.279+0000] {logging_mixin.py:188} INFO - Downloaded accounts/date=2026-07-27/accounts_090343197072.parquet -> /tmp/minio_downloads/accounts_090343197072.parquet
[2026-08-05T08:29:07.297+0000] {logging_mixin.py:188} INFO - Downloaded accounts/date=2026-07-27/accounts_090343253148.parquet -> /tmp/minio_downloads/accounts_090343253148.parquet
[2026-08-05T08:29:07.318+0000] {logging_mixin.py:188} INFO - Downloaded accounts/date=2026-07-27/accounts_090343304398.parquet -> /tmp/minio_downloads/accounts_090343304398.parquet
[2026-08-05T08:29:07.334+0000] {logging_mixin.py:188} INFO - Downloaded accounts/date=2026-07-27/accounts_090343363086.parquet -> /tmp/minio_downloads/accounts_090343363086.parquet
[2026-08-05T08:29:07.348+0000] {logging_mixin.py:188} INFO - Downloaded accounts/date=2026-07-27/accounts_090343413316.parquet -> /tmp/minio_downloads/accounts_090343413316.parquet
[2026-08-05T08:29:07.362+0000] {logging_mixin.py:188} INFO - Downloaded accounts/date=2026-07-27/accounts_090343474555.parquet -> /tmp/minio_downloads/accounts_090343474555.parquet
[2026-08-05T08:29:07.411+0000] {logging_mixin.py:188} INFO - Downloaded accounts/date=2026-07-27/accounts_090343527458.parquet -> /tmp/minio_downloads/accounts_090343527458.parquet
[2026-08-05T08:29:07.426+0000] {logging_mixin.py:188} INFO - Downloaded accounts/date=2026-07-27/accounts_090343585034.parquet -> /tmp/minio_downloads/accounts_090343585034.parquet
[2026-08-05T08:29:07.445+0000] {logging_mixin.py:188} INFO - Downloaded accounts/date=2026-07-27/accounts_090343634679.parquet -> /tmp/minio_downloads/accounts_090343634679.parquet
[2026-08-05T08:29:07.460+0000] {logging_mixin.py:188} INFO - Downloaded accounts/date=2026-07-27/accounts_090343680435.parquet -> /tmp/minio_downloads/accounts_090343680435.parquet
[2026-08-05T08:29:07.474+0000] {logging_mixin.py:188} INFO - Downloaded accounts/date=2026-07-27/accounts_090343728598.parquet -> /tmp/minio_downloads/accounts_090343728598.parquet
[2026-08-05T08:29:07.489+0000] {logging_mixin.py:188} INFO - Downloaded accounts/date=2026-07-27/accounts_090343779632.parquet -> /tmp/minio_downloads/accounts_090343779632.parquet
[2026-08-05T08:29:07.506+0000] {logging_mixin.py:188} INFO - Downloaded accounts/date=2026-07-27/accounts_090343833916.parquet -> /tmp/minio_downloads/accounts_090343833916.parquet
[2026-08-05T08:29:07.522+0000] {logging_mixin.py:188} INFO - Downloaded accounts/date=2026-07-27/accounts_090343888730.parquet -> /tmp/minio_downloads/accounts_090343888730.parquet
[2026-08-05T08:29:07.540+0000] {logging_mixin.py:188} INFO - Downloaded accounts/date=2026-07-27/accounts_090343934679.parquet -> /tmp/minio_downloads/accounts_090343934679.parquet
[2026-08-05T08:29:07.555+0000] {logging_mixin.py:188} INFO - Downloaded accounts/date=2026-07-27/accounts_090343976827.parquet -> /tmp/minio_downloads/accounts_090343976827.parquet
[2026-08-05T08:29:07.572+0000] {logging_mixin.py:188} INFO - Downloaded accounts/date=2026-07-27/accounts_090344021032.parquet -> /tmp/minio_downloads/accounts_090344021032.parquet
[2026-08-05T08:29:07.589+0000] {logging_mixin.py:188} INFO - Downloaded accounts/date=2026-07-27/accounts_090344070350.parquet -> /tmp/minio_downloads/accounts_090344070350.parquet
[2026-08-05T08:29:07.606+0000] {logging_mixin.py:188} INFO - Downloaded accounts/date=2026-07-27/accounts_090344114475.parquet -> /tmp/minio_downloads/accounts_090344114475.parquet
[2026-08-05T08:29:07.621+0000] {logging_mixin.py:188} INFO - Downloaded accounts/date=2026-07-27/accounts_090344178771.parquet -> /tmp/minio_downloads/accounts_090344178771.parquet
[2026-08-05T08:29:07.635+0000] {logging_mixin.py:188} INFO - Downloaded accounts/date=2026-07-27/accounts_090344234782.parquet -> /tmp/minio_downloads/accounts_090344234782.parquet
[2026-08-05T08:29:07.651+0000] {logging_mixin.py:188} INFO - Downloaded accounts/date=2026-07-27/accounts_090344295645.parquet -> /tmp/minio_downloads/accounts_090344295645.parquet
[2026-08-05T08:29:07.666+0000] {logging_mixin.py:188} INFO - Downloaded accounts/date=2026-07-27/accounts_090344355098.parquet -> /tmp/minio_downloads/accounts_090344355098.parquet
[2026-08-05T08:29:07.681+0000] {logging_mixin.py:188} INFO - Downloaded accounts/date=2026-07-27/accounts_090344408224.parquet -> /tmp/minio_downloads/accounts_090344408224.parquet
[2026-08-05T08:29:07.695+0000] {logging_mixin.py:188} INFO - Downloaded accounts/date=2026-07-27/accounts_090344461455.parquet -> /tmp/minio_downloads/accounts_090344461455.parquet
[2026-08-05T08:29:07.710+0000] {logging_mixin.py:188} INFO - Downloaded accounts/date=2026-07-27/accounts_090344517205.parquet -> /tmp/minio_downloads/accounts_090344517205.parquet
[2026-08-05T08:29:07.726+0000] {logging_mixin.py:188} INFO - Downloaded accounts/date=2026-07-27/accounts_090344564860.parquet -> /tmp/minio_downloads/accounts_090344564860.parquet
[2026-08-05T08:29:09.380+0000] {logging_mixin.py:188} INFO - Downloaded transactions/date=2026-07-27/transactions_090344635325.parquet -> /tmp/minio_downloads/transactions_090344635325.parquet
[2026-08-05T08:29:09.397+0000] {logging_mixin.py:188} INFO - Downloaded transactions/date=2026-07-27/transactions_090344698403.parquet -> /tmp/minio_downloads/transactions_090344698403.parquet
[2026-08-05T08:29:09.422+0000] {logging_mixin.py:188} INFO - Downloaded transactions/date=2026-07-27/transactions_090344744646.parquet -> /tmp/minio_downloads/transactions_090344744646.parquet
[2026-08-05T08:29:09.439+0000] {logging_mixin.py:188} INFO - Downloaded transactions/date=2026-07-27/transactions_090344795789.parquet -> /tmp/minio_downloads/transactions_090344795789.parquet
[2026-08-05T08:29:09.453+0000] {logging_mixin.py:188} INFO - Downloaded transactions/date=2026-07-27/transactions_090344850100.parquet -> /tmp/minio_downloads/transactions_090344850100.parquet
[2026-08-05T08:29:09.467+0000] {logging_mixin.py:188} INFO - Downloaded transactions/date=2026-07-27/transactions_090344900109.parquet -> /tmp/minio_downloads/transactions_090344900109.parquet
[2026-08-05T08:29:09.481+0000] {logging_mixin.py:188} INFO - Downloaded transactions/date=2026-07-27/transactions_090344947492.parquet -> /tmp/minio_downloads/transactions_090344947492.parquet
[2026-08-05T08:29:09.650+0000] {logging_mixin.py:188} INFO - Downloaded transactions/date=2026-07-27/transactions_090344993567.parquet -> /tmp/minio_downloads/transactions_090344993567.parquet
[2026-08-05T08:29:09.706+0000] {logging_mixin.py:188} INFO - Downloaded transactions/date=2026-07-27/transactions_090345052242.parquet -> /tmp/minio_downloads/transactions_090345052242.parquet
[2026-08-05T08:29:09.721+0000] {logging_mixin.py:188} INFO - Downloaded transactions/date=2026-07-27/transactions_090345100340.parquet -> /tmp/minio_downloads/transactions_090345100340.parquet
[2026-08-05T08:29:09.736+0000] {logging_mixin.py:188} INFO - Downloaded transactions/date=2026-07-27/transactions_090345147085.parquet -> /tmp/minio_downloads/transactions_090345147085.parquet
[2026-08-05T08:29:09.751+0000] {logging_mixin.py:188} INFO - Downloaded transactions/date=2026-07-27/transactions_090345192944.parquet -> /tmp/minio_downloads/transactions_090345192944.parquet
[2026-08-05T08:29:09.781+0000] {logging_mixin.py:188} INFO - Downloaded transactions/date=2026-07-27/transactions_090345308408.parquet -> /tmp/minio_downloads/transactions_090345308408.parquet
[2026-08-05T08:29:09.796+0000] {logging_mixin.py:188} INFO - Downloaded transactions/date=2026-07-27/transactions_090345357692.parquet -> /tmp/minio_downloads/transactions_090345357692.parquet
[2026-08-05T08:29:09.811+0000] {logging_mixin.py:188} INFO - Downloaded transactions/date=2026-07-27/transactions_090345402851.parquet -> /tmp/minio_downloads/transactions_090345402851.parquet
[2026-08-05T08:29:09.826+0000] {logging_mixin.py:188} INFO - Downloaded transactions/date=2026-07-27/transactions_090345456814.parquet -> /tmp/minio_downloads/transactions_090345456814.parquet
[2026-08-05T08:29:09.841+0000] {logging_mixin.py:188} INFO - Downloaded transactions/date=2026-07-27/transactions_090345501980.parquet -> /tmp/minio_downloads/transactions_090345501980.parquet
[2026-08-05T08:29:09.856+0000] {logging_mixin.py:188} INFO - Downloaded transactions/date=2026-07-27/transactions_090345551838.parquet -> /tmp/minio_downloads/transactions_090345551838.parquet
[2026-08-05T08:29:09.918+0000] {logging_mixin.py:188} INFO - Downloaded transactions/date=2026-07-27/transactions_090345595622.parquet -> /tmp/minio_downloads/transactions_090345595622.parquet
[2026-08-05T08:29:10.054+0000] {logging_mixin.py:188} INFO - Downloaded transactions/date=2026-07-27/transactions_090345662310.parquet -> /tmp/minio_downloads/transactions_090345662310.parquet
[2026-08-05T08:29:10.073+0000] {logging_mixin.py:188} INFO - Downloaded transactions/date=2026-07-27/transactions_090345710767.parquet -> /tmp/minio_downloads/transactions_090345710767.parquet
[2026-08-05T08:29:10.136+0000] {logging_mixin.py:188} INFO - Downloaded transactions/date=2026-07-27/transactions_090345754288.parquet -> /tmp/minio_downloads/transactions_090345754288.parquet
[2026-08-05T08:29:10.208+0000] {logging_mixin.py:188} INFO - Downloaded transactions/date=2026-07-27/transactions_090345804973.parquet -> /tmp/minio_downloads/transactions_090345804973.parquet
[2026-08-05T08:29:10.383+0000] {logging_mixin.py:188} INFO - Downloaded transactions/date=2026-07-27/transactions_090345861683.parquet -> /tmp/minio_downloads/transactions_090345861683.parquet
[2026-08-05T08:29:10.415+0000] {logging_mixin.py:188} INFO - Downloaded transactions/date=2026-07-27/transactions_090345909777.parquet -> /tmp/minio_downloads/transactions_090345909777.parquet
[2026-08-05T08:29:10.659+0000] {logging_mixin.py:188} INFO - Downloaded transactions/date=2026-07-27/transactions_090345961293.parquet -> /tmp/minio_downloads/transactions_090345961293.parquet
[2026-08-05T08:29:12.002+0000] {logging_mixin.py:188} INFO - Downloaded transactions/date=2026-07-27/transactions_090346008937.parquet -> /tmp/minio_downloads/transactions_090346008937.parquet
[2026-08-05T08:29:12.186+0000] {logging_mixin.py:188} INFO - Downloaded transactions/date=2026-07-27/transactions_090346056562.parquet -> /tmp/minio_downloads/transactions_090346056562.parquet
[2026-08-05T08:29:13.496+0000] {logging_mixin.py:188} INFO - Downloaded transactions/date=2026-07-27/transactions_090346102527.parquet -> /tmp/minio_downloads/transactions_090346102527.parquet
[2026-08-05T08:29:13.511+0000] {logging_mixin.py:188} INFO - Downloaded transactions/date=2026-07-27/transactions_090346152705.parquet -> /tmp/minio_downloads/transactions_090346152705.parquet
[2026-08-05T08:29:13.589+0000] {logging_mixin.py:188} INFO - Downloaded transactions/date=2026-07-27/transactions_090346198936.parquet -> /tmp/minio_downloads/transactions_090346198936.parquet
[2026-08-05T08:29:13.609+0000] {logging_mixin.py:188} INFO - Downloaded transactions/date=2026-07-27/transactions_090346247151.parquet -> /tmp/minio_downloads/transactions_090346247151.parquet
[2026-08-05T08:29:13.803+0000] {logging_mixin.py:188} INFO - Downloaded transactions/date=2026-07-27/transactions_090346296845.parquet -> /tmp/minio_downloads/transactions_090346296845.parquet
[2026-08-05T08:29:15.795+0000] {logging_mixin.py:188} INFO - Downloaded transactions/date=2026-07-27/transactions_090346362045.parquet -> /tmp/minio_downloads/transactions_090346362045.parquet
[2026-08-05T08:29:15.817+0000] {logging_mixin.py:188} INFO - Downloaded transactions/date=2026-07-27/transactions_090346407218.parquet -> /tmp/minio_downloads/transactions_090346407218.parquet
[2026-08-05T08:29:16.028+0000] {logging_mixin.py:188} INFO - Downloaded transactions/date=2026-07-27/transactions_090346456355.parquet -> /tmp/minio_downloads/transactions_090346456355.parquet
[2026-08-05T08:29:16.044+0000] {logging_mixin.py:188} INFO - Downloaded transactions/date=2026-07-27/transactions_090346503975.parquet -> /tmp/minio_downloads/transactions_090346503975.parquet
[2026-08-05T08:29:16.691+0000] {logging_mixin.py:188} INFO - Downloaded transactions/date=2026-07-27/transactions_090346552820.parquet -> /tmp/minio_downloads/transactions_090346552820.parquet
[2026-08-05T08:29:16.705+0000] {logging_mixin.py:188} INFO - Downloaded transactions/date=2026-07-27/transactions_090346595247.parquet -> /tmp/minio_downloads/transactions_090346595247.parquet
[2026-08-05T08:29:16.759+0000] {logging_mixin.py:188} INFO - Downloaded transactions/date=2026-07-27/transactions_090346646157.parquet -> /tmp/minio_downloads/transactions_090346646157.parquet
[2026-08-05T08:29:16.774+0000] {logging_mixin.py:188} INFO - Downloaded transactions/date=2026-07-27/transactions_090346718780.parquet -> /tmp/minio_downloads/transactions_090346718780.parquet
[2026-08-05T08:29:16.788+0000] {logging_mixin.py:188} INFO - Downloaded transactions/date=2026-07-27/transactions_090346804433.parquet -> /tmp/minio_downloads/transactions_090346804433.parquet
[2026-08-05T08:29:16.804+0000] {logging_mixin.py:188} INFO - Downloaded transactions/date=2026-07-27/transactions_090346901001.parquet -> /tmp/minio_downloads/transactions_090346901001.parquet
[2026-08-05T08:29:16.871+0000] {logging_mixin.py:188} INFO - Downloaded transactions/date=2026-07-27/transactions_090346944243.parquet -> /tmp/minio_downloads/transactions_090346944243.parquet
[2026-08-05T08:29:16.885+0000] {logging_mixin.py:188} INFO - Downloaded transactions/date=2026-07-27/transactions_090346989485.parquet -> /tmp/minio_downloads/transactions_090346989485.parquet
[2026-08-05T08:29:16.901+0000] {logging_mixin.py:188} INFO - Downloaded transactions/date=2026-07-27/transactions_090347034187.parquet -> /tmp/minio_downloads/transactions_090347034187.parquet
[2026-08-05T08:29:16.916+0000] {logging_mixin.py:188} INFO - Downloaded transactions/date=2026-07-27/transactions_090347079809.parquet -> /tmp/minio_downloads/transactions_090347079809.parquet
[2026-08-05T08:29:16.955+0000] {logging_mixin.py:188} INFO - Downloaded transactions/date=2026-07-27/transactions_090347125087.parquet -> /tmp/minio_downloads/transactions_090347125087.parquet
[2026-08-05T08:29:17.062+0000] {logging_mixin.py:188} INFO - Downloaded transactions/date=2026-07-27/transactions_090347178696.parquet -> /tmp/minio_downloads/transactions_090347178696.parquet
[2026-08-05T08:29:18.056+0000] {logging_mixin.py:188} INFO - Downloaded transactions/date=2026-07-27/transactions_090347229220.parquet -> /tmp/minio_downloads/transactions_090347229220.parquet
[2026-08-05T08:29:18.136+0000] {logging_mixin.py:188} INFO - Downloaded transactions/date=2026-07-27/transactions_090347275437.parquet -> /tmp/minio_downloads/transactions_090347275437.parquet
[2026-08-05T08:29:18.405+0000] {logging_mixin.py:188} INFO - Downloaded transactions/date=2026-07-27/transactions_090347329417.parquet -> /tmp/minio_downloads/transactions_090347329417.parquet
[2026-08-05T08:29:18.455+0000] {logging_mixin.py:188} INFO - Downloaded transactions/date=2026-07-27/transactions_090347384750.parquet -> /tmp/minio_downloads/transactions_090347384750.parquet
[2026-08-05T08:29:18.471+0000] {logging_mixin.py:188} INFO - Downloaded transactions/date=2026-07-27/transactions_090347434686.parquet -> /tmp/minio_downloads/transactions_090347434686.parquet
[2026-08-05T08:29:18.540+0000] {logging_mixin.py:188} INFO - Downloaded transactions/date=2026-07-27/transactions_090347488696.parquet -> /tmp/minio_downloads/transactions_090347488696.parquet
[2026-08-05T08:29:18.652+0000] {logging_mixin.py:188} INFO - Downloaded transactions/date=2026-07-27/transactions_090347536914.parquet -> /tmp/minio_downloads/transactions_090347536914.parquet
[2026-08-05T08:29:18.857+0000] {logging_mixin.py:188} INFO - Downloaded transactions/date=2026-07-27/transactions_090347596012.parquet -> /tmp/minio_downloads/transactions_090347596012.parquet
[2026-08-05T08:29:19.334+0000] {logging_mixin.py:188} INFO - Downloaded transactions/date=2026-07-27/transactions_090347711514.parquet -> /tmp/minio_downloads/transactions_090347711514.parquet
[2026-08-05T08:29:19.375+0000] {logging_mixin.py:188} INFO - Downloaded transactions/date=2026-07-27/transactions_090347754828.parquet -> /tmp/minio_downloads/transactions_090347754828.parquet
[2026-08-05T08:29:19.441+0000] {logging_mixin.py:188} INFO - Downloaded transactions/date=2026-07-27/transactions_090347804639.parquet -> /tmp/minio_downloads/transactions_090347804639.parquet
[2026-08-05T08:29:19.458+0000] {logging_mixin.py:188} INFO - Downloaded transactions/date=2026-07-27/transactions_090347847633.parquet -> /tmp/minio_downloads/transactions_090347847633.parquet
[2026-08-05T08:29:19.473+0000] {logging_mixin.py:188} INFO - Downloaded transactions/date=2026-07-27/transactions_090347911934.parquet -> /tmp/minio_downloads/transactions_090347911934.parquet
[2026-08-05T08:29:19.644+0000] {logging_mixin.py:188} INFO - Downloaded transactions/date=2026-07-27/transactions_090347957527.parquet -> /tmp/minio_downloads/transactions_090347957527.parquet
[2026-08-05T08:29:19.661+0000] {logging_mixin.py:188} INFO - Downloaded transactions/date=2026-07-27/transactions_090348008862.parquet -> /tmp/minio_downloads/transactions_090348008862.parquet
[2026-08-05T08:29:19.785+0000] {logging_mixin.py:188} INFO - Downloaded transactions/date=2026-07-27/transactions_090348059997.parquet -> /tmp/minio_downloads/transactions_090348059997.parquet
[2026-08-05T08:29:20.011+0000] {logging_mixin.py:188} INFO - Downloaded transactions/date=2026-07-27/transactions_090348110511.parquet -> /tmp/minio_downloads/transactions_090348110511.parquet
[2026-08-05T08:29:20.029+0000] {logging_mixin.py:188} INFO - Downloaded transactions/date=2026-07-27/transactions_090348157671.parquet -> /tmp/minio_downloads/transactions_090348157671.parquet
[2026-08-05T08:29:20.305+0000] {logging_mixin.py:188} INFO - Downloaded transactions/date=2026-07-27/transactions_090348204374.parquet -> /tmp/minio_downloads/transactions_090348204374.parquet
[2026-08-05T08:29:20.319+0000] {logging_mixin.py:188} INFO - Downloaded transactions/date=2026-07-27/transactions_090348252573.parquet -> /tmp/minio_downloads/transactions_090348252573.parquet
[2026-08-05T08:29:20.453+0000] {logging_mixin.py:188} INFO - Downloaded transactions/date=2026-07-27/transactions_090348298605.parquet -> /tmp/minio_downloads/transactions_090348298605.parquet
[2026-08-05T08:29:20.468+0000] {logging_mixin.py:188} INFO - Downloaded transactions/date=2026-07-27/transactions_090348342378.parquet -> /tmp/minio_downloads/transactions_090348342378.parquet
[2026-08-05T08:29:20.490+0000] {logging_mixin.py:188} INFO - Downloaded transactions/date=2026-07-27/transactions_090348401092.parquet -> /tmp/minio_downloads/transactions_090348401092.parquet
[2026-08-05T08:29:20.504+0000] {logging_mixin.py:188} INFO - Downloaded transactions/date=2026-07-27/transactions_090348459158.parquet -> /tmp/minio_downloads/transactions_090348459158.parquet
[2026-08-05T08:29:20.518+0000] {logging_mixin.py:188} INFO - Downloaded transactions/date=2026-07-27/transactions_090348510411.parquet -> /tmp/minio_downloads/transactions_090348510411.parquet
[2026-08-05T08:29:20.553+0000] {logging_mixin.py:188} INFO - Downloaded transactions/date=2026-07-27/transactions_090348559775.parquet -> /tmp/minio_downloads/transactions_090348559775.parquet
[2026-08-05T08:29:20.568+0000] {logging_mixin.py:188} INFO - Downloaded transactions/date=2026-07-27/transactions_090348607300.parquet -> /tmp/minio_downloads/transactions_090348607300.parquet
[2026-08-05T08:29:20.659+0000] {logging_mixin.py:188} INFO - Downloaded transactions/date=2026-07-27/transactions_090348653264.parquet -> /tmp/minio_downloads/transactions_090348653264.parquet
[2026-08-05T08:29:20.676+0000] {logging_mixin.py:188} INFO - Downloaded transactions/date=2026-07-27/transactions_090348708374.parquet -> /tmp/minio_downloads/transactions_090348708374.parquet
[2026-08-05T08:29:20.848+0000] {logging_mixin.py:188} INFO - Downloaded transactions/date=2026-07-27/transactions_090348757425.parquet -> /tmp/minio_downloads/transactions_090348757425.parquet
[2026-08-05T08:29:20.945+0000] {logging_mixin.py:188} INFO - Downloaded transactions/date=2026-07-27/transactions_090348808601.parquet -> /tmp/minio_downloads/transactions_090348808601.parquet
[2026-08-05T08:29:20.994+0000] {logging_mixin.py:188} INFO - Downloaded transactions/date=2026-07-27/transactions_090348853162.parquet -> /tmp/minio_downloads/transactions_090348853162.parquet
[2026-08-05T08:29:21.009+0000] {logging_mixin.py:188} INFO - Downloaded transactions/date=2026-07-27/transactions_090348917946.parquet -> /tmp/minio_downloads/transactions_090348917946.parquet
[2026-08-05T08:29:21.025+0000] {logging_mixin.py:188} INFO - Downloaded transactions/date=2026-07-27/transactions_090348986480.parquet -> /tmp/minio_downloads/transactions_090348986480.parquet
[2026-08-05T08:29:21.396+0000] {logging_mixin.py:188} INFO - Downloaded transactions/date=2026-07-27/transactions_090349047306.parquet -> /tmp/minio_downloads/transactions_090349047306.parquet
[2026-08-05T08:29:21.424+0000] {logging_mixin.py:188} INFO - Downloaded transactions/date=2026-07-27/transactions_090349092982.parquet -> /tmp/minio_downloads/transactions_090349092982.parquet
[2026-08-05T08:29:21.576+0000] {logging_mixin.py:188} INFO - Downloaded transactions/date=2026-07-27/transactions_090349140604.parquet -> /tmp/minio_downloads/transactions_090349140604.parquet
[2026-08-05T08:29:21.631+0000] {logging_mixin.py:188} INFO - Downloaded transactions/date=2026-07-27/transactions_090349185139.parquet -> /tmp/minio_downloads/transactions_090349185139.parquet
[2026-08-05T08:29:21.675+0000] {logging_mixin.py:188} INFO - Downloaded transactions/date=2026-07-27/transactions_090349238746.parquet -> /tmp/minio_downloads/transactions_090349238746.parquet
[2026-08-05T08:29:21.705+0000] {logging_mixin.py:188} INFO - Downloaded transactions/date=2026-07-27/transactions_090349290508.parquet -> /tmp/minio_downloads/transactions_090349290508.parquet
[2026-08-05T08:29:21.728+0000] {logging_mixin.py:188} INFO - Downloaded transactions/date=2026-07-27/transactions_090349340716.parquet -> /tmp/minio_downloads/transactions_090349340716.parquet
[2026-08-05T08:29:21.869+0000] {logging_mixin.py:188} INFO - Downloaded transactions/date=2026-07-27/transactions_090349386604.parquet -> /tmp/minio_downloads/transactions_090349386604.parquet
[2026-08-05T08:29:21.934+0000] {logging_mixin.py:188} INFO - Downloaded transactions/date=2026-07-27/transactions_090349466276.parquet -> /tmp/minio_downloads/transactions_090349466276.parquet
[2026-08-05T08:29:22.607+0000] {logging_mixin.py:188} INFO - Downloaded transactions/date=2026-07-27/transactions_090349539821.parquet -> /tmp/minio_downloads/transactions_090349539821.parquet
[2026-08-05T08:29:22.624+0000] {logging_mixin.py:188} INFO - Downloaded transactions/date=2026-07-27/transactions_090349637195.parquet -> /tmp/minio_downloads/transactions_090349637195.parquet
[2026-08-05T08:29:22.637+0000] {logging_mixin.py:188} INFO - Downloaded transactions/date=2026-07-27/transactions_090349689733.parquet -> /tmp/minio_downloads/transactions_090349689733.parquet
[2026-08-05T08:29:22.651+0000] {logging_mixin.py:188} INFO - Downloaded transactions/date=2026-07-27/transactions_090349736179.parquet -> /tmp/minio_downloads/transactions_090349736179.parquet
[2026-08-05T08:29:22.812+0000] {logging_mixin.py:188} INFO - Downloaded transactions/date=2026-07-27/transactions_090349779576.parquet -> /tmp/minio_downloads/transactions_090349779576.parquet
[2026-08-05T08:29:22.906+0000] {logging_mixin.py:188} INFO - Downloaded transactions/date=2026-07-27/transactions_090349826149.parquet -> /tmp/minio_downloads/transactions_090349826149.parquet
[2026-08-05T08:29:22.969+0000] {logging_mixin.py:188} INFO - Downloaded transactions/date=2026-07-27/transactions_090349873955.parquet -> /tmp/minio_downloads/transactions_090349873955.parquet
[2026-08-05T08:29:22.985+0000] {logging_mixin.py:188} INFO - Downloaded transactions/date=2026-07-27/transactions_090349922318.parquet -> /tmp/minio_downloads/transactions_090349922318.parquet
[2026-08-05T08:29:23.053+0000] {logging_mixin.py:188} INFO - Downloaded transactions/date=2026-07-27/transactions_090349980155.parquet -> /tmp/minio_downloads/transactions_090349980155.parquet
[2026-08-05T08:29:23.120+0000] {logging_mixin.py:188} INFO - Downloaded transactions/date=2026-07-27/transactions_090350043626.parquet -> /tmp/minio_downloads/transactions_090350043626.parquet
[2026-08-05T08:29:23.134+0000] {logging_mixin.py:188} INFO - Downloaded transactions/date=2026-07-27/transactions_090350089592.parquet -> /tmp/minio_downloads/transactions_090350089592.parquet
[2026-08-05T08:29:23.159+0000] {logging_mixin.py:188} INFO - Downloaded transactions/date=2026-07-27/transactions_090350138345.parquet -> /tmp/minio_downloads/transactions_090350138345.parquet
[2026-08-05T08:29:23.173+0000] {logging_mixin.py:188} INFO - Downloaded transactions/date=2026-07-27/transactions_090350183670.parquet -> /tmp/minio_downloads/transactions_090350183670.parquet
[2026-08-05T08:29:23.240+0000] {logging_mixin.py:188} INFO - Downloaded transactions/date=2026-07-27/transactions_090350231811.parquet -> /tmp/minio_downloads/transactions_090350231811.parquet
[2026-08-05T08:29:23.255+0000] {logging_mixin.py:188} INFO - Downloaded transactions/date=2026-07-27/transactions_090350273125.parquet -> /tmp/minio_downloads/transactions_090350273125.parquet
[2026-08-05T08:29:23.341+0000] {logging_mixin.py:188} INFO - Downloaded transactions/date=2026-07-27/transactions_090350321357.parquet -> /tmp/minio_downloads/transactions_090350321357.parquet
[2026-08-05T08:29:23.355+0000] {logging_mixin.py:188} INFO - Downloaded transactions/date=2026-07-27/transactions_090350363457.parquet -> /tmp/minio_downloads/transactions_090350363457.parquet
[2026-08-05T08:29:23.600+0000] {logging_mixin.py:188} INFO - Downloaded transactions/date=2026-07-27/transactions_090350409124.parquet -> /tmp/minio_downloads/transactions_090350409124.parquet
[2026-08-05T08:29:23.620+0000] {logging_mixin.py:188} INFO - Downloaded transactions/date=2026-07-27/transactions_090350456314.parquet -> /tmp/minio_downloads/transactions_090350456314.parquet
[2026-08-05T08:29:23.648+0000] {logging_mixin.py:188} INFO - Downloaded transactions/date=2026-07-27/transactions_090350496727.parquet -> /tmp/minio_downloads/transactions_090350496727.parquet
[2026-08-05T08:29:23.662+0000] {logging_mixin.py:188} INFO - Downloaded transactions/date=2026-07-27/transactions_090350541096.parquet -> /tmp/minio_downloads/transactions_090350541096.parquet
[2026-08-05T08:29:23.676+0000] {logging_mixin.py:188} INFO - Downloaded transactions/date=2026-07-27/transactions_090350590595.parquet -> /tmp/minio_downloads/transactions_090350590595.parquet
[2026-08-05T08:29:24.011+0000] {logging_mixin.py:188} INFO - Downloaded transactions/date=2026-07-27/transactions_090350637392.parquet -> /tmp/minio_downloads/transactions_090350637392.parquet
[2026-08-05T08:29:24.312+0000] {logging_mixin.py:188} INFO - Downloaded transactions/date=2026-07-27/transactions_090350688105.parquet -> /tmp/minio_downloads/transactions_090350688105.parquet
[2026-08-05T08:29:25.032+0000] {logging_mixin.py:188} INFO - Downloaded transactions/date=2026-07-27/transactions_090350735881.parquet -> /tmp/minio_downloads/transactions_090350735881.parquet
[2026-08-05T08:29:25.046+0000] {logging_mixin.py:188} INFO - Downloaded transactions/date=2026-07-27/transactions_090350777950.parquet -> /tmp/minio_downloads/transactions_090350777950.parquet
[2026-08-05T08:29:25.121+0000] {logging_mixin.py:188} INFO - Downloaded transactions/date=2026-07-27/transactions_090350829270.parquet -> /tmp/minio_downloads/transactions_090350829270.parquet
[2026-08-05T08:29:26.014+0000] {logging_mixin.py:188} INFO - Downloaded transactions/date=2026-07-27/transactions_090350872710.parquet -> /tmp/minio_downloads/transactions_090350872710.parquet
[2026-08-05T08:29:26.228+0000] {logging_mixin.py:188} INFO - Downloaded transactions/date=2026-07-27/transactions_090350916886.parquet -> /tmp/minio_downloads/transactions_090350916886.parquet
[2026-08-05T08:29:26.344+0000] {logging_mixin.py:188} INFO - Downloaded transactions/date=2026-07-27/transactions_090350980142.parquet -> /tmp/minio_downloads/transactions_090350980142.parquet
[2026-08-05T08:29:26.359+0000] {logging_mixin.py:188} INFO - Downloaded transactions/date=2026-07-27/transactions_090351132471.parquet -> /tmp/minio_downloads/transactions_090351132471.parquet
[2026-08-05T08:29:26.582+0000] {logging_mixin.py:188} INFO - Downloaded transactions/date=2026-07-27/transactions_090351252512.parquet -> /tmp/minio_downloads/transactions_090351252512.parquet
[2026-08-05T08:29:27.157+0000] {logging_mixin.py:188} INFO - Downloaded transactions/date=2026-07-27/transactions_090351297506.parquet -> /tmp/minio_downloads/transactions_090351297506.parquet
[2026-08-05T08:29:28.282+0000] {logging_mixin.py:188} INFO - Downloaded transactions/date=2026-07-27/transactions_090351354756.parquet -> /tmp/minio_downloads/transactions_090351354756.parquet
[2026-08-05T08:29:28.301+0000] {logging_mixin.py:188} INFO - Downloaded transactions/date=2026-07-27/transactions_090351398315.parquet -> /tmp/minio_downloads/transactions_090351398315.parquet
[2026-08-05T08:29:28.674+0000] {logging_mixin.py:188} INFO - Downloaded transactions/date=2026-07-27/transactions_090351444455.parquet -> /tmp/minio_downloads/transactions_090351444455.parquet
[2026-08-05T08:29:29.009+0000] {logging_mixin.py:188} INFO - Downloaded transactions/date=2026-07-27/transactions_090351498438.parquet -> /tmp/minio_downloads/transactions_090351498438.parquet
[2026-08-05T08:29:29.314+0000] {logging_mixin.py:188} INFO - Downloaded transactions/date=2026-07-27/transactions_090351544144.parquet -> /tmp/minio_downloads/transactions_090351544144.parquet
[2026-08-05T08:29:29.494+0000] {logging_mixin.py:188} INFO - Downloaded transactions/date=2026-07-27/transactions_090351589508.parquet -> /tmp/minio_downloads/transactions_090351589508.parquet
[2026-08-05T08:29:29.614+0000] {logging_mixin.py:188} INFO - Downloaded transactions/date=2026-07-27/transactions_090351635835.parquet -> /tmp/minio_downloads/transactions_090351635835.parquet
[2026-08-05T08:29:29.631+0000] {logging_mixin.py:188} INFO - Downloaded transactions/date=2026-07-27/transactions_090351680419.parquet -> /tmp/minio_downloads/transactions_090351680419.parquet
[2026-08-05T08:29:29.776+0000] {logging_mixin.py:188} INFO - Downloaded transactions/date=2026-07-27/transactions_090351724866.parquet -> /tmp/minio_downloads/transactions_090351724866.parquet
[2026-08-05T08:29:30.822+0000] {logging_mixin.py:188} INFO - Downloaded transactions/date=2026-07-27/transactions_090351781853.parquet -> /tmp/minio_downloads/transactions_090351781853.parquet
[2026-08-05T08:29:30.880+0000] {logging_mixin.py:188} INFO - Downloaded transactions/date=2026-07-27/transactions_090351825152.parquet -> /tmp/minio_downloads/transactions_090351825152.parquet
[2026-08-05T08:29:31.051+0000] {logging_mixin.py:188} INFO - Downloaded transactions/date=2026-07-27/transactions_090351872090.parquet -> /tmp/minio_downloads/transactions_090351872090.parquet
[2026-08-05T08:29:31.066+0000] {logging_mixin.py:188} INFO - Downloaded transactions/date=2026-07-27/transactions_090351922861.parquet -> /tmp/minio_downloads/transactions_090351922861.parquet
[2026-08-05T08:29:31.081+0000] {logging_mixin.py:188} INFO - Downloaded transactions/date=2026-07-27/transactions_090351979204.parquet -> /tmp/minio_downloads/transactions_090351979204.parquet
[2026-08-05T08:29:31.163+0000] {logging_mixin.py:188} INFO - Downloaded transactions/date=2026-07-27/transactions_090352066245.parquet -> /tmp/minio_downloads/transactions_090352066245.parquet
[2026-08-05T08:29:31.243+0000] {logging_mixin.py:188} INFO - Downloaded transactions/date=2026-07-27/transactions_090352131625.parquet -> /tmp/minio_downloads/transactions_090352131625.parquet
[2026-08-05T08:29:31.259+0000] {logging_mixin.py:188} INFO - Downloaded transactions/date=2026-07-27/transactions_090352190228.parquet -> /tmp/minio_downloads/transactions_090352190228.parquet
[2026-08-05T08:29:31.437+0000] {logging_mixin.py:188} INFO - Downloaded transactions/date=2026-07-27/transactions_090352234960.parquet -> /tmp/minio_downloads/transactions_090352234960.parquet
[2026-08-05T08:29:31.477+0000] {logging_mixin.py:188} INFO - Downloaded transactions/date=2026-07-27/transactions_090352284281.parquet -> /tmp/minio_downloads/transactions_090352284281.parquet
[2026-08-05T08:29:31.742+0000] {logging_mixin.py:188} INFO - Downloaded transactions/date=2026-07-27/transactions_090352330005.parquet -> /tmp/minio_downloads/transactions_090352330005.parquet
[2026-08-05T08:29:33.790+0000] {logging_mixin.py:188} INFO - Downloaded transactions/date=2026-07-27/transactions_090352380599.parquet -> /tmp/minio_downloads/transactions_090352380599.parquet
[2026-08-05T08:29:33.825+0000] {logging_mixin.py:188} INFO - Downloaded transactions/date=2026-07-27/transactions_090352425116.parquet -> /tmp/minio_downloads/transactions_090352425116.parquet
[2026-08-05T08:29:34.034+0000] {logging_mixin.py:188} INFO - Downloaded transactions/date=2026-07-27/transactions_090352478787.parquet -> /tmp/minio_downloads/transactions_090352478787.parquet
[2026-08-05T08:29:34.308+0000] {logging_mixin.py:188} INFO - Downloaded transactions/date=2026-07-27/transactions_090352529609.parquet -> /tmp/minio_downloads/transactions_090352529609.parquet
[2026-08-05T08:29:34.323+0000] {logging_mixin.py:188} INFO - Downloaded transactions/date=2026-07-27/transactions_090352591371.parquet -> /tmp/minio_downloads/transactions_090352591371.parquet
[2026-08-05T08:29:34.405+0000] {logging_mixin.py:188} INFO - Downloaded transactions/date=2026-07-27/transactions_090352633351.parquet -> /tmp/minio_downloads/transactions_090352633351.parquet
[2026-08-05T08:29:34.420+0000] {logging_mixin.py:188} INFO - Downloaded transactions/date=2026-07-27/transactions_090352684267.parquet -> /tmp/minio_downloads/transactions_090352684267.parquet
[2026-08-05T08:29:34.476+0000] {logging_mixin.py:188} INFO - Downloaded transactions/date=2026-07-27/transactions_090352737147.parquet -> /tmp/minio_downloads/transactions_090352737147.parquet
[2026-08-05T08:29:34.492+0000] {logging_mixin.py:188} INFO - Downloaded transactions/date=2026-07-27/transactions_090352784321.parquet -> /tmp/minio_downloads/transactions_090352784321.parquet
[2026-08-05T08:29:34.616+0000] {logging_mixin.py:188} INFO - Downloaded transactions/date=2026-07-27/transactions_090352827233.parquet -> /tmp/minio_downloads/transactions_090352827233.parquet
[2026-08-05T08:29:34.650+0000] {logging_mixin.py:188} INFO - Downloaded transactions/date=2026-07-27/transactions_090352878913.parquet -> /tmp/minio_downloads/transactions_090352878913.parquet
[2026-08-05T08:29:34.816+0000] {logging_mixin.py:188} INFO - Downloaded transactions/date=2026-07-27/transactions_090352923444.parquet -> /tmp/minio_downloads/transactions_090352923444.parquet
[2026-08-05T08:29:34.832+0000] {logging_mixin.py:188} INFO - Downloaded transactions/date=2026-07-27/transactions_090352978136.parquet -> /tmp/minio_downloads/transactions_090352978136.parquet
[2026-08-05T08:29:35.256+0000] {logging_mixin.py:188} INFO - Downloaded transactions/date=2026-07-27/transactions_090353026733.parquet -> /tmp/minio_downloads/transactions_090353026733.parquet
[2026-08-05T08:29:35.334+0000] {logging_mixin.py:188} INFO - Downloaded transactions/date=2026-07-27/transactions_090353079889.parquet -> /tmp/minio_downloads/transactions_090353079889.parquet
[2026-08-05T08:29:35.482+0000] {logging_mixin.py:188} INFO - Downloaded transactions/date=2026-07-27/transactions_090353131271.parquet -> /tmp/minio_downloads/transactions_090353131271.parquet
[2026-08-05T08:29:35.514+0000] {logging_mixin.py:188} INFO - Downloaded transactions/date=2026-07-27/transactions_090353179157.parquet -> /tmp/minio_downloads/transactions_090353179157.parquet
[2026-08-05T08:29:35.528+0000] {logging_mixin.py:188} INFO - Downloaded transactions/date=2026-07-27/transactions_090353225043.parquet -> /tmp/minio_downloads/transactions_090353225043.parquet
[2026-08-05T08:29:35.607+0000] {logging_mixin.py:188} INFO - Downloaded transactions/date=2026-07-27/transactions_090353280347.parquet -> /tmp/minio_downloads/transactions_090353280347.parquet
[2026-08-05T08:29:35.623+0000] {logging_mixin.py:188} INFO - Downloaded transactions/date=2026-07-27/transactions_090353402065.parquet -> /tmp/minio_downloads/transactions_090353402065.parquet
[2026-08-05T08:29:35.640+0000] {logging_mixin.py:188} INFO - Downloaded transactions/date=2026-07-27/transactions_090353455149.parquet -> /tmp/minio_downloads/transactions_090353455149.parquet
[2026-08-05T08:29:35.655+0000] {logging_mixin.py:188} INFO - Downloaded transactions/date=2026-07-27/transactions_090353498646.parquet -> /tmp/minio_downloads/transactions_090353498646.parquet
[2026-08-05T08:29:35.671+0000] {logging_mixin.py:188} INFO - Downloaded transactions/date=2026-07-27/transactions_090353547456.parquet -> /tmp/minio_downloads/transactions_090353547456.parquet
[2026-08-05T08:29:35.686+0000] {logging_mixin.py:188} INFO - Downloaded transactions/date=2026-07-27/transactions_090353600706.parquet -> /tmp/minio_downloads/transactions_090353600706.parquet
[2026-08-05T08:29:35.701+0000] {logging_mixin.py:188} INFO - Downloaded transactions/date=2026-07-27/transactions_090353643595.parquet -> /tmp/minio_downloads/transactions_090353643595.parquet
[2026-08-05T08:29:35.719+0000] {logging_mixin.py:188} INFO - Downloaded transactions/date=2026-07-27/transactions_090353700583.parquet -> /tmp/minio_downloads/transactions_090353700583.parquet
[2026-08-05T08:29:35.734+0000] {logging_mixin.py:188} INFO - Downloaded transactions/date=2026-07-27/transactions_090353745449.parquet -> /tmp/minio_downloads/transactions_090353745449.parquet
[2026-08-05T08:29:35.749+0000] {logging_mixin.py:188} INFO - Downloaded transactions/date=2026-07-27/transactions_090353793133.parquet -> /tmp/minio_downloads/transactions_090353793133.parquet
[2026-08-05T08:29:35.764+0000] {logging_mixin.py:188} INFO - Downloaded transactions/date=2026-07-27/transactions_090353838216.parquet -> /tmp/minio_downloads/transactions_090353838216.parquet
[2026-08-05T08:29:35.778+0000] {logging_mixin.py:188} INFO - Downloaded transactions/date=2026-07-27/transactions_090353890729.parquet -> /tmp/minio_downloads/transactions_090353890729.parquet
[2026-08-05T08:29:35.796+0000] {logging_mixin.py:188} INFO - Downloaded transactions/date=2026-07-27/transactions_090353936576.parquet -> /tmp/minio_downloads/transactions_090353936576.parquet
[2026-08-05T08:29:35.811+0000] {logging_mixin.py:188} INFO - Downloaded transactions/date=2026-07-27/transactions_090353983581.parquet -> /tmp/minio_downloads/transactions_090353983581.parquet
[2026-08-05T08:29:35.827+0000] {logging_mixin.py:188} INFO - Downloaded transactions/date=2026-07-27/transactions_090354028144.parquet -> /tmp/minio_downloads/transactions_090354028144.parquet
[2026-08-05T08:29:35.844+0000] {logging_mixin.py:188} INFO - Downloaded transactions/date=2026-07-27/transactions_090354085666.parquet -> /tmp/minio_downloads/transactions_090354085666.parquet
[2026-08-05T08:29:35.859+0000] {logging_mixin.py:188} INFO - Downloaded transactions/date=2026-07-27/transactions_090354143476.parquet -> /tmp/minio_downloads/transactions_090354143476.parquet
[2026-08-05T08:29:35.875+0000] {logging_mixin.py:188} INFO - Downloaded transactions/date=2026-07-27/transactions_090354206565.parquet -> /tmp/minio_downloads/transactions_090354206565.parquet
[2026-08-05T08:29:35.890+0000] {logging_mixin.py:188} INFO - Downloaded transactions/date=2026-07-27/transactions_090354264878.parquet -> /tmp/minio_downloads/transactions_090354264878.parquet
[2026-08-05T08:29:35.903+0000] {logging_mixin.py:188} INFO - Downloaded transactions/date=2026-07-27/transactions_090354321619.parquet -> /tmp/minio_downloads/transactions_090354321619.parquet
[2026-08-05T08:29:35.918+0000] {logging_mixin.py:188} INFO - Downloaded transactions/date=2026-07-27/transactions_090354369569.parquet -> /tmp/minio_downloads/transactions_090354369569.parquet
[2026-08-05T08:29:35.933+0000] {logging_mixin.py:188} INFO - Downloaded transactions/date=2026-07-27/transactions_090354438192.parquet -> /tmp/minio_downloads/transactions_090354438192.parquet
[2026-08-05T08:29:35.949+0000] {logging_mixin.py:188} INFO - Downloaded transactions/date=2026-07-27/transactions_090354501727.parquet -> /tmp/minio_downloads/transactions_090354501727.parquet
[2026-08-05T08:29:35.982+0000] {logging_mixin.py:188} INFO - Downloaded transactions/date=2026-07-27/transactions_090354564597.parquet -> /tmp/minio_downloads/transactions_090354564597.parquet
[2026-08-05T08:29:35.998+0000] {logging_mixin.py:188} INFO - Downloaded transactions/date=2026-07-27/transactions_090354627068.parquet -> /tmp/minio_downloads/transactions_090354627068.parquet
[2026-08-05T08:29:36.013+0000] {logging_mixin.py:188} INFO - Downloaded transactions/date=2026-07-27/transactions_090354712936.parquet -> /tmp/minio_downloads/transactions_090354712936.parquet
[2026-08-05T08:29:36.028+0000] {logging_mixin.py:188} INFO - Downloaded transactions/date=2026-07-27/transactions_090354761873.parquet -> /tmp/minio_downloads/transactions_090354761873.parquet
[2026-08-05T08:29:36.045+0000] {logging_mixin.py:188} INFO - Downloaded transactions/date=2026-07-27/transactions_090354820903.parquet -> /tmp/minio_downloads/transactions_090354820903.parquet
[2026-08-05T08:29:36.061+0000] {logging_mixin.py:188} INFO - Downloaded transactions/date=2026-07-27/transactions_090354877371.parquet -> /tmp/minio_downloads/transactions_090354877371.parquet
[2026-08-05T08:29:36.076+0000] {logging_mixin.py:188} INFO - Downloaded transactions/date=2026-07-27/transactions_090354928245.parquet -> /tmp/minio_downloads/transactions_090354928245.parquet
[2026-08-05T08:29:36.091+0000] {logging_mixin.py:188} INFO - Downloaded transactions/date=2026-07-27/transactions_090354976320.parquet -> /tmp/minio_downloads/transactions_090354976320.parquet
[2026-08-05T08:29:36.105+0000] {logging_mixin.py:188} INFO - Downloaded transactions/date=2026-07-27/transactions_090355028374.parquet -> /tmp/minio_downloads/transactions_090355028374.parquet
[2026-08-05T08:29:36.120+0000] {logging_mixin.py:188} INFO - Downloaded transactions/date=2026-07-27/transactions_090355098015.parquet -> /tmp/minio_downloads/transactions_090355098015.parquet
[2026-08-05T08:29:36.135+0000] {logging_mixin.py:188} INFO - Downloaded transactions/date=2026-07-27/transactions_090355150578.parquet -> /tmp/minio_downloads/transactions_090355150578.parquet
[2026-08-05T08:29:36.150+0000] {logging_mixin.py:188} INFO - Downloaded transactions/date=2026-07-27/transactions_090355208526.parquet -> /tmp/minio_downloads/transactions_090355208526.parquet
[2026-08-05T08:29:36.165+0000] {logging_mixin.py:188} INFO - Downloaded transactions/date=2026-07-27/transactions_090355262557.parquet -> /tmp/minio_downloads/transactions_090355262557.parquet
[2026-08-05T08:29:36.180+0000] {logging_mixin.py:188} INFO - Downloaded transactions/date=2026-07-27/transactions_090355321034.parquet -> /tmp/minio_downloads/transactions_090355321034.parquet
[2026-08-05T08:29:36.195+0000] {logging_mixin.py:188} INFO - Downloaded transactions/date=2026-07-27/transactions_090355376276.parquet -> /tmp/minio_downloads/transactions_090355376276.parquet
[2026-08-05T08:29:36.209+0000] {logging_mixin.py:188} INFO - Downloaded transactions/date=2026-07-27/transactions_090355427809.parquet -> /tmp/minio_downloads/transactions_090355427809.parquet
[2026-08-05T08:29:36.223+0000] {logging_mixin.py:188} INFO - Downloaded transactions/date=2026-07-27/transactions_090355476191.parquet -> /tmp/minio_downloads/transactions_090355476191.parquet
[2026-08-05T08:29:36.276+0000] {logging_mixin.py:188} INFO - Downloaded transactions/date=2026-07-27/transactions_090355536617.parquet -> /tmp/minio_downloads/transactions_090355536617.parquet
[2026-08-05T08:29:36.291+0000] {logging_mixin.py:188} INFO - Downloaded transactions/date=2026-07-27/transactions_090355610693.parquet -> /tmp/minio_downloads/transactions_090355610693.parquet
[2026-08-05T08:29:36.326+0000] {logging_mixin.py:188} INFO - Downloaded transactions/date=2026-07-27/transactions_090355659016.parquet -> /tmp/minio_downloads/transactions_090355659016.parquet
[2026-08-05T08:29:36.353+0000] {logging_mixin.py:188} INFO - Downloaded transactions/date=2026-07-27/transactions_090355707912.parquet -> /tmp/minio_downloads/transactions_090355707912.parquet
[2026-08-05T08:29:36.368+0000] {logging_mixin.py:188} INFO - Downloaded transactions/date=2026-07-27/transactions_090355751412.parquet -> /tmp/minio_downloads/transactions_090355751412.parquet
[2026-08-05T08:29:36.384+0000] {logging_mixin.py:188} INFO - Downloaded transactions/date=2026-07-27/transactions_090355794944.parquet -> /tmp/minio_downloads/transactions_090355794944.parquet
[2026-08-05T08:29:36.874+0000] {logging_mixin.py:188} INFO - Downloaded transactions/date=2026-07-27/transactions_090355840528.parquet -> /tmp/minio_downloads/transactions_090355840528.parquet
[2026-08-05T08:29:36.928+0000] {logging_mixin.py:188} INFO - Downloaded transactions/date=2026-07-27/transactions_090355883874.parquet -> /tmp/minio_downloads/transactions_090355883874.parquet
[2026-08-05T08:29:36.944+0000] {logging_mixin.py:188} INFO - Downloaded transactions/date=2026-07-27/transactions_090355928754.parquet -> /tmp/minio_downloads/transactions_090355928754.parquet
[2026-08-05T08:29:36.959+0000] {logging_mixin.py:188} INFO - Downloaded transactions/date=2026-07-27/transactions_090355974016.parquet -> /tmp/minio_downloads/transactions_090355974016.parquet
[2026-08-05T08:29:36.975+0000] {logging_mixin.py:188} INFO - Downloaded transactions/date=2026-07-27/transactions_090356024551.parquet -> /tmp/minio_downloads/transactions_090356024551.parquet
[2026-08-05T08:29:36.990+0000] {logging_mixin.py:188} INFO - Downloaded transactions/date=2026-07-27/transactions_090356070001.parquet -> /tmp/minio_downloads/transactions_090356070001.parquet
[2026-08-05T08:29:37.005+0000] {logging_mixin.py:188} INFO - Downloaded transactions/date=2026-07-27/transactions_090356124968.parquet -> /tmp/minio_downloads/transactions_090356124968.parquet
[2026-08-05T08:29:37.021+0000] {logging_mixin.py:188} INFO - Downloaded transactions/date=2026-07-27/transactions_090356167955.parquet -> /tmp/minio_downloads/transactions_090356167955.parquet
[2026-08-05T08:29:37.036+0000] {logging_mixin.py:188} INFO - Downloaded transactions/date=2026-07-27/transactions_090356289620.parquet -> /tmp/minio_downloads/transactions_090356289620.parquet
[2026-08-05T08:29:37.050+0000] {logging_mixin.py:188} INFO - Downloaded transactions/date=2026-07-27/transactions_090356332656.parquet -> /tmp/minio_downloads/transactions_090356332656.parquet
[2026-08-05T08:29:37.345+0000] {logging_mixin.py:188} INFO - Downloaded transactions/date=2026-07-27/transactions_090356379752.parquet -> /tmp/minio_downloads/transactions_090356379752.parquet
[2026-08-05T08:29:37.362+0000] {logging_mixin.py:188} INFO - Downloaded transactions/date=2026-07-27/transactions_090356429536.parquet -> /tmp/minio_downloads/transactions_090356429536.parquet
[2026-08-05T08:29:37.379+0000] {logging_mixin.py:188} INFO - Downloaded transactions/date=2026-07-27/transactions_090356484290.parquet -> /tmp/minio_downloads/transactions_090356484290.parquet
[2026-08-05T08:29:37.393+0000] {logging_mixin.py:188} INFO - Downloaded transactions/date=2026-07-27/transactions_090356535040.parquet -> /tmp/minio_downloads/transactions_090356535040.parquet
[2026-08-05T08:29:37.411+0000] {logging_mixin.py:188} INFO - Downloaded transactions/date=2026-07-27/transactions_090356580344.parquet -> /tmp/minio_downloads/transactions_090356580344.parquet
[2026-08-05T08:29:37.428+0000] {logging_mixin.py:188} INFO - Downloaded transactions/date=2026-07-27/transactions_090356632331.parquet -> /tmp/minio_downloads/transactions_090356632331.parquet
[2026-08-05T08:29:37.443+0000] {logging_mixin.py:188} INFO - Downloaded transactions/date=2026-07-27/transactions_090356677968.parquet -> /tmp/minio_downloads/transactions_090356677968.parquet
[2026-08-05T08:29:37.458+0000] {logging_mixin.py:188} INFO - Downloaded transactions/date=2026-07-27/transactions_090356730719.parquet -> /tmp/minio_downloads/transactions_090356730719.parquet
[2026-08-05T08:29:37.472+0000] {logging_mixin.py:188} INFO - Downloaded transactions/date=2026-07-27/transactions_090356805931.parquet -> /tmp/minio_downloads/transactions_090356805931.parquet
[2026-08-05T08:29:37.486+0000] {logging_mixin.py:188} INFO - Downloaded transactions/date=2026-07-27/transactions_090356874133.parquet -> /tmp/minio_downloads/transactions_090356874133.parquet
[2026-08-05T08:29:37.852+0000] {logging_mixin.py:188} INFO - Downloaded transactions/date=2026-07-27/transactions_090356921095.parquet -> /tmp/minio_downloads/transactions_090356921095.parquet
[2026-08-05T08:29:37.868+0000] {logging_mixin.py:188} INFO - Downloaded transactions/date=2026-07-27/transactions_090356966348.parquet -> /tmp/minio_downloads/transactions_090356966348.parquet
[2026-08-05T08:29:37.883+0000] {logging_mixin.py:188} INFO - Downloaded transactions/date=2026-07-27/transactions_090357009429.parquet -> /tmp/minio_downloads/transactions_090357009429.parquet
[2026-08-05T08:29:37.898+0000] {logging_mixin.py:188} INFO - Downloaded transactions/date=2026-07-27/transactions_090357055813.parquet -> /tmp/minio_downloads/transactions_090357055813.parquet
[2026-08-05T08:29:37.913+0000] {logging_mixin.py:188} INFO - Downloaded transactions/date=2026-07-27/transactions_090357106270.parquet -> /tmp/minio_downloads/transactions_090357106270.parquet
[2026-08-05T08:29:37.928+0000] {logging_mixin.py:188} INFO - Downloaded transactions/date=2026-07-27/transactions_090357156838.parquet -> /tmp/minio_downloads/transactions_090357156838.parquet
[2026-08-05T08:29:37.942+0000] {logging_mixin.py:188} INFO - Downloaded transactions/date=2026-07-27/transactions_090357200505.parquet -> /tmp/minio_downloads/transactions_090357200505.parquet
[2026-08-05T08:29:37.957+0000] {logging_mixin.py:188} INFO - Downloaded transactions/date=2026-07-27/transactions_090357261171.parquet -> /tmp/minio_downloads/transactions_090357261171.parquet
[2026-08-05T08:29:37.971+0000] {logging_mixin.py:188} INFO - Downloaded transactions/date=2026-07-27/transactions_090357304843.parquet -> /tmp/minio_downloads/transactions_090357304843.parquet
[2026-08-05T08:29:37.986+0000] {logging_mixin.py:188} INFO - Downloaded transactions/date=2026-07-27/transactions_090357351236.parquet -> /tmp/minio_downloads/transactions_090357351236.parquet
[2026-08-05T08:29:38.000+0000] {logging_mixin.py:188} INFO - Downloaded transactions/date=2026-07-27/transactions_090357394679.parquet -> /tmp/minio_downloads/transactions_090357394679.parquet
[2026-08-05T08:29:38.035+0000] {logging_mixin.py:188} INFO - Downloaded transactions/date=2026-07-27/transactions_090357440164.parquet -> /tmp/minio_downloads/transactions_090357440164.parquet
[2026-08-05T08:29:38.051+0000] {logging_mixin.py:188} INFO - Downloaded transactions/date=2026-07-27/transactions_090357490624.parquet -> /tmp/minio_downloads/transactions_090357490624.parquet
[2026-08-05T08:29:38.066+0000] {logging_mixin.py:188} INFO - Downloaded transactions/date=2026-07-27/transactions_090357538623.parquet -> /tmp/minio_downloads/transactions_090357538623.parquet
[2026-08-05T08:29:38.081+0000] {logging_mixin.py:188} INFO - Downloaded transactions/date=2026-07-27/transactions_090357589134.parquet -> /tmp/minio_downloads/transactions_090357589134.parquet
[2026-08-05T08:29:38.095+0000] {logging_mixin.py:188} INFO - Downloaded transactions/date=2026-07-27/transactions_090357651723.parquet -> /tmp/minio_downloads/transactions_090357651723.parquet
[2026-08-05T08:29:38.109+0000] {logging_mixin.py:188} INFO - Downloaded transactions/date=2026-07-27/transactions_090357702738.parquet -> /tmp/minio_downloads/transactions_090357702738.parquet
[2026-08-05T08:29:38.124+0000] {logging_mixin.py:188} INFO - Downloaded transactions/date=2026-07-27/transactions_090357760100.parquet -> /tmp/minio_downloads/transactions_090357760100.parquet
[2026-08-05T08:29:38.138+0000] {logging_mixin.py:188} INFO - Downloaded transactions/date=2026-07-27/transactions_090357801435.parquet -> /tmp/minio_downloads/transactions_090357801435.parquet
[2026-08-05T08:29:38.153+0000] {logging_mixin.py:188} INFO - Downloaded transactions/date=2026-07-27/transactions_090357851905.parquet -> /tmp/minio_downloads/transactions_090357851905.parquet
[2026-08-05T08:29:39.215+0000] {logging_mixin.py:188} INFO - Downloaded transactions/date=2026-07-27/transactions_090357912801.parquet -> /tmp/minio_downloads/transactions_090357912801.parquet
[2026-08-05T08:29:39.232+0000] {logging_mixin.py:188} INFO - Downloaded transactions/date=2026-07-27/transactions_090357960568.parquet -> /tmp/minio_downloads/transactions_090357960568.parquet
[2026-08-05T08:29:39.250+0000] {logging_mixin.py:188} INFO - Downloaded transactions/date=2026-07-27/transactions_090358004849.parquet -> /tmp/minio_downloads/transactions_090358004849.parquet
[2026-08-05T08:29:39.268+0000] {logging_mixin.py:188} INFO - Downloaded transactions/date=2026-07-27/transactions_090358056560.parquet -> /tmp/minio_downloads/transactions_090358056560.parquet
[2026-08-05T08:29:39.283+0000] {logging_mixin.py:188} INFO - Downloaded transactions/date=2026-07-27/transactions_090358105593.parquet -> /tmp/minio_downloads/transactions_090358105593.parquet
[2026-08-05T08:29:39.296+0000] {logging_mixin.py:188} INFO - Downloaded transactions/date=2026-07-27/transactions_090358162181.parquet -> /tmp/minio_downloads/transactions_090358162181.parquet
[2026-08-05T08:29:39.310+0000] {logging_mixin.py:188} INFO - Downloaded transactions/date=2026-07-27/transactions_090358208325.parquet -> /tmp/minio_downloads/transactions_090358208325.parquet
[2026-08-05T08:29:39.324+0000] {logging_mixin.py:188} INFO - Downloaded transactions/date=2026-07-27/transactions_090358259907.parquet -> /tmp/minio_downloads/transactions_090358259907.parquet
[2026-08-05T08:29:39.338+0000] {logging_mixin.py:188} INFO - Downloaded transactions/date=2026-07-27/transactions_090358303300.parquet -> /tmp/minio_downloads/transactions_090358303300.parquet
[2026-08-05T08:29:39.352+0000] {logging_mixin.py:188} INFO - Downloaded transactions/date=2026-07-27/transactions_090358355686.parquet -> /tmp/minio_downloads/transactions_090358355686.parquet
[2026-08-05T08:29:39.367+0000] {logging_mixin.py:188} INFO - Downloaded transactions/date=2026-07-27/transactions_090358405389.parquet -> /tmp/minio_downloads/transactions_090358405389.parquet
[2026-08-05T08:29:39.381+0000] {logging_mixin.py:188} INFO - Downloaded transactions/date=2026-07-27/transactions_090358443895.parquet -> /tmp/minio_downloads/transactions_090358443895.parquet
[2026-08-05T08:29:39.416+0000] {logging_mixin.py:188} INFO - Downloaded transactions/date=2026-07-27/transactions_090358557096.parquet -> /tmp/minio_downloads/transactions_090358557096.parquet
[2026-08-05T08:29:39.431+0000] {logging_mixin.py:188} INFO - Downloaded transactions/date=2026-07-27/transactions_090358604150.parquet -> /tmp/minio_downloads/transactions_090358604150.parquet
[2026-08-05T08:29:39.445+0000] {logging_mixin.py:188} INFO - Downloaded transactions/date=2026-07-27/transactions_090358674157.parquet -> /tmp/minio_downloads/transactions_090358674157.parquet
[2026-08-05T08:29:39.462+0000] {logging_mixin.py:188} INFO - Downloaded transactions/date=2026-07-27/transactions_090358720067.parquet -> /tmp/minio_downloads/transactions_090358720067.parquet
[2026-08-05T08:29:39.479+0000] {logging_mixin.py:188} INFO - Downloaded transactions/date=2026-07-27/transactions_090358769853.parquet -> /tmp/minio_downloads/transactions_090358769853.parquet
[2026-08-05T08:29:39.494+0000] {logging_mixin.py:188} INFO - Downloaded transactions/date=2026-07-27/transactions_090358814455.parquet -> /tmp/minio_downloads/transactions_090358814455.parquet
[2026-08-05T08:29:39.507+0000] {logging_mixin.py:188} INFO - Downloaded transactions/date=2026-07-27/transactions_090358863524.parquet -> /tmp/minio_downloads/transactions_090358863524.parquet
[2026-08-05T08:29:39.522+0000] {logging_mixin.py:188} INFO - Downloaded transactions/date=2026-07-27/transactions_090358934392.parquet -> /tmp/minio_downloads/transactions_090358934392.parquet
[2026-08-05T08:29:39.537+0000] {logging_mixin.py:188} INFO - Downloaded transactions/date=2026-07-27/transactions_090358979341.parquet -> /tmp/minio_downloads/transactions_090358979341.parquet
[2026-08-05T08:29:39.606+0000] {logging_mixin.py:188} INFO - Downloaded transactions/date=2026-07-27/transactions_090359023383.parquet -> /tmp/minio_downloads/transactions_090359023383.parquet
[2026-08-05T08:29:39.631+0000] {logging_mixin.py:188} INFO - Downloaded transactions/date=2026-07-27/transactions_090359073300.parquet -> /tmp/minio_downloads/transactions_090359073300.parquet
[2026-08-05T08:29:39.645+0000] {logging_mixin.py:188} INFO - Downloaded transactions/date=2026-07-27/transactions_090359125859.parquet -> /tmp/minio_downloads/transactions_090359125859.parquet
[2026-08-05T08:29:39.660+0000] {logging_mixin.py:188} INFO - Downloaded transactions/date=2026-07-27/transactions_090359170062.parquet -> /tmp/minio_downloads/transactions_090359170062.parquet
[2026-08-05T08:29:39.675+0000] {logging_mixin.py:188} INFO - Downloaded transactions/date=2026-07-27/transactions_090359215423.parquet -> /tmp/minio_downloads/transactions_090359215423.parquet
[2026-08-05T08:29:39.690+0000] {logging_mixin.py:188} INFO - Downloaded transactions/date=2026-07-27/transactions_090359261771.parquet -> /tmp/minio_downloads/transactions_090359261771.parquet
[2026-08-05T08:29:39.704+0000] {logging_mixin.py:188} INFO - Downloaded transactions/date=2026-07-27/transactions_090359309259.parquet -> /tmp/minio_downloads/transactions_090359309259.parquet
[2026-08-05T08:29:39.720+0000] {logging_mixin.py:188} INFO - Downloaded transactions/date=2026-07-27/transactions_090359352159.parquet -> /tmp/minio_downloads/transactions_090359352159.parquet
[2026-08-05T08:29:39.735+0000] {logging_mixin.py:188} INFO - Downloaded transactions/date=2026-07-27/transactions_090359412076.parquet -> /tmp/minio_downloads/transactions_090359412076.parquet
[2026-08-05T08:29:39.750+0000] {logging_mixin.py:188} INFO - Downloaded transactions/date=2026-07-27/transactions_090359479421.parquet -> /tmp/minio_downloads/transactions_090359479421.parquet
[2026-08-05T08:29:39.765+0000] {logging_mixin.py:188} INFO - Downloaded transactions/date=2026-07-27/transactions_090359532828.parquet -> /tmp/minio_downloads/transactions_090359532828.parquet
[2026-08-05T08:29:39.779+0000] {logging_mixin.py:188} INFO - Downloaded transactions/date=2026-07-27/transactions_090359614357.parquet -> /tmp/minio_downloads/transactions_090359614357.parquet
[2026-08-05T08:29:39.794+0000] {logging_mixin.py:188} INFO - Downloaded transactions/date=2026-07-27/transactions_090359687534.parquet -> /tmp/minio_downloads/transactions_090359687534.parquet
[2026-08-05T08:29:39.808+0000] {logging_mixin.py:188} INFO - Downloaded transactions/date=2026-07-27/transactions_090359742743.parquet -> /tmp/minio_downloads/transactions_090359742743.parquet
[2026-08-05T08:29:39.823+0000] {logging_mixin.py:188} INFO - Downloaded transactions/date=2026-07-27/transactions_090359809288.parquet -> /tmp/minio_downloads/transactions_090359809288.parquet
[2026-08-05T08:29:39.854+0000] {logging_mixin.py:188} INFO - Downloaded transactions/date=2026-07-27/transactions_090359858103.parquet -> /tmp/minio_downloads/transactions_090359858103.parquet
[2026-08-05T08:29:39.911+0000] {logging_mixin.py:188} INFO - Downloaded transactions/date=2026-07-27/transactions_090359917897.parquet -> /tmp/minio_downloads/transactions_090359917897.parquet
[2026-08-05T08:29:39.926+0000] {logging_mixin.py:188} INFO - Downloaded transactions/date=2026-07-27/transactions_090359961638.parquet -> /tmp/minio_downloads/transactions_090359961638.parquet
[2026-08-05T08:29:39.941+0000] {logging_mixin.py:188} INFO - Downloaded transactions/date=2026-07-27/transactions_090400008307.parquet -> /tmp/minio_downloads/transactions_090400008307.parquet
[2026-08-05T08:29:39.955+0000] {logging_mixin.py:188} INFO - Downloaded transactions/date=2026-07-27/transactions_090400055652.parquet -> /tmp/minio_downloads/transactions_090400055652.parquet
[2026-08-05T08:29:39.999+0000] {logging_mixin.py:188} INFO - Downloaded transactions/date=2026-07-27/transactions_090400100974.parquet -> /tmp/minio_downloads/transactions_090400100974.parquet
[2026-08-05T08:29:40.014+0000] {logging_mixin.py:188} INFO - Downloaded transactions/date=2026-07-27/transactions_090400154865.parquet -> /tmp/minio_downloads/transactions_090400154865.parquet
[2026-08-05T08:29:40.029+0000] {logging_mixin.py:188} INFO - Downloaded transactions/date=2026-07-27/transactions_090400199579.parquet -> /tmp/minio_downloads/transactions_090400199579.parquet
[2026-08-05T08:29:40.043+0000] {logging_mixin.py:188} INFO - Downloaded transactions/date=2026-07-27/transactions_090400244645.parquet -> /tmp/minio_downloads/transactions_090400244645.parquet
[2026-08-05T08:29:40.061+0000] {logging_mixin.py:188} INFO - Downloaded transactions/date=2026-07-27/transactions_090400302861.parquet -> /tmp/minio_downloads/transactions_090400302861.parquet
[2026-08-05T08:29:40.079+0000] {logging_mixin.py:188} INFO - Downloaded transactions/date=2026-07-27/transactions_090400414726.parquet -> /tmp/minio_downloads/transactions_090400414726.parquet
[2026-08-05T08:29:40.096+0000] {logging_mixin.py:188} INFO - Downloaded transactions/date=2026-07-27/transactions_090400462155.parquet -> /tmp/minio_downloads/transactions_090400462155.parquet
[2026-08-05T08:29:40.118+0000] {logging_mixin.py:188} INFO - Downloaded transactions/date=2026-07-27/transactions_090400508113.parquet -> /tmp/minio_downloads/transactions_090400508113.parquet
[2026-08-05T08:29:40.139+0000] {logging_mixin.py:188} INFO - Downloaded transactions/date=2026-07-27/transactions_090400551760.parquet -> /tmp/minio_downloads/transactions_090400551760.parquet
[2026-08-05T08:29:40.160+0000] {logging_mixin.py:188} INFO - Downloaded transactions/date=2026-07-27/transactions_090400598796.parquet -> /tmp/minio_downloads/transactions_090400598796.parquet
[2026-08-05T08:29:40.179+0000] {logging_mixin.py:188} INFO - Downloaded transactions/date=2026-07-27/transactions_090400650307.parquet -> /tmp/minio_downloads/transactions_090400650307.parquet
[2026-08-05T08:29:40.197+0000] {logging_mixin.py:188} INFO - Downloaded transactions/date=2026-07-27/transactions_090400718652.parquet -> /tmp/minio_downloads/transactions_090400718652.parquet
[2026-08-05T08:29:40.213+0000] {logging_mixin.py:188} INFO - Downloaded transactions/date=2026-07-27/transactions_090400764108.parquet -> /tmp/minio_downloads/transactions_090400764108.parquet
[2026-08-05T08:29:40.231+0000] {logging_mixin.py:188} INFO - Downloaded transactions/date=2026-07-27/transactions_090400811028.parquet -> /tmp/minio_downloads/transactions_090400811028.parquet
[2026-08-05T08:29:40.247+0000] {logging_mixin.py:188} INFO - Downloaded transactions/date=2026-07-27/transactions_090400854504.parquet -> /tmp/minio_downloads/transactions_090400854504.parquet
[2026-08-05T08:29:40.261+0000] {logging_mixin.py:188} INFO - Downloaded transactions/date=2026-07-27/transactions_090400901832.parquet -> /tmp/minio_downloads/transactions_090400901832.parquet
[2026-08-05T08:29:40.275+0000] {logging_mixin.py:188} INFO - Downloaded transactions/date=2026-07-27/transactions_090400963088.parquet -> /tmp/minio_downloads/transactions_090400963088.parquet
[2026-08-05T08:29:40.288+0000] {logging_mixin.py:188} INFO - Downloaded transactions/date=2026-07-27/transactions_090401013096.parquet -> /tmp/minio_downloads/transactions_090401013096.parquet
[2026-08-05T08:29:40.301+0000] {logging_mixin.py:188} INFO - Downloaded transactions/date=2026-07-27/transactions_090401055274.parquet -> /tmp/minio_downloads/transactions_090401055274.parquet
[2026-08-05T08:29:40.314+0000] {logging_mixin.py:188} INFO - Downloaded transactions/date=2026-07-27/transactions_090401109174.parquet -> /tmp/minio_downloads/transactions_090401109174.parquet
[2026-08-05T08:29:40.328+0000] {logging_mixin.py:188} INFO - Downloaded transactions/date=2026-07-27/transactions_090401158400.parquet -> /tmp/minio_downloads/transactions_090401158400.parquet
[2026-08-05T08:29:40.342+0000] {logging_mixin.py:188} INFO - Downloaded transactions/date=2026-07-27/transactions_090401204691.parquet -> /tmp/minio_downloads/transactions_090401204691.parquet
[2026-08-05T08:29:40.356+0000] {logging_mixin.py:188} INFO - Downloaded transactions/date=2026-07-27/transactions_090401251759.parquet -> /tmp/minio_downloads/transactions_090401251759.parquet
[2026-08-05T08:29:40.370+0000] {logging_mixin.py:188} INFO - Downloaded transactions/date=2026-07-27/transactions_090401308097.parquet -> /tmp/minio_downloads/transactions_090401308097.parquet
[2026-08-05T08:29:40.384+0000] {logging_mixin.py:188} INFO - Downloaded transactions/date=2026-07-27/transactions_090401353068.parquet -> /tmp/minio_downloads/transactions_090401353068.parquet
[2026-08-05T08:29:40.398+0000] {logging_mixin.py:188} INFO - Downloaded transactions/date=2026-07-27/transactions_090401399897.parquet -> /tmp/minio_downloads/transactions_090401399897.parquet
[2026-08-05T08:29:40.412+0000] {logging_mixin.py:188} INFO - Downloaded transactions/date=2026-07-27/transactions_090401443951.parquet -> /tmp/minio_downloads/transactions_090401443951.parquet
[2026-08-05T08:29:40.426+0000] {logging_mixin.py:188} INFO - Downloaded transactions/date=2026-07-27/transactions_090401488223.parquet -> /tmp/minio_downloads/transactions_090401488223.parquet
[2026-08-05T08:29:40.440+0000] {logging_mixin.py:188} INFO - Downloaded transactions/date=2026-07-27/transactions_090401532150.parquet -> /tmp/minio_downloads/transactions_090401532150.parquet
[2026-08-05T08:29:40.453+0000] {logging_mixin.py:188} INFO - Downloaded transactions/date=2026-07-27/transactions_090401575172.parquet -> /tmp/minio_downloads/transactions_090401575172.parquet
[2026-08-05T08:29:40.467+0000] {logging_mixin.py:188} INFO - Downloaded transactions/date=2026-07-27/transactions_090401621799.parquet -> /tmp/minio_downloads/transactions_090401621799.parquet
[2026-08-05T08:29:40.480+0000] {logging_mixin.py:188} INFO - Downloaded transactions/date=2026-07-27/transactions_090406088254.parquet -> /tmp/minio_downloads/transactions_090406088254.parquet
[2026-08-05T08:29:40.493+0000] {logging_mixin.py:188} INFO - Downloaded transactions/date=2026-07-27/transactions_090406146940.parquet -> /tmp/minio_downloads/transactions_090406146940.parquet
[2026-08-05T08:29:40.507+0000] {logging_mixin.py:188} INFO - Downloaded transactions/date=2026-07-27/transactions_090406202556.parquet -> /tmp/minio_downloads/transactions_090406202556.parquet
[2026-08-05T08:29:40.520+0000] {logging_mixin.py:188} INFO - Downloaded transactions/date=2026-07-27/transactions_090406248287.parquet -> /tmp/minio_downloads/transactions_090406248287.parquet
[2026-08-05T08:29:40.534+0000] {logging_mixin.py:188} INFO - Downloaded transactions/date=2026-07-27/transactions_090406323372.parquet -> /tmp/minio_downloads/transactions_090406323372.parquet
[2026-08-05T08:29:40.549+0000] {logging_mixin.py:188} INFO - Downloaded transactions/date=2026-07-27/transactions_090406401429.parquet -> /tmp/minio_downloads/transactions_090406401429.parquet
[2026-08-05T08:29:40.562+0000] {logging_mixin.py:188} INFO - Downloaded transactions/date=2026-07-27/transactions_090406455142.parquet -> /tmp/minio_downloads/transactions_090406455142.parquet
[2026-08-05T08:29:40.576+0000] {logging_mixin.py:188} INFO - Downloaded transactions/date=2026-07-27/transactions_090406512296.parquet -> /tmp/minio_downloads/transactions_090406512296.parquet
[2026-08-05T08:29:40.590+0000] {logging_mixin.py:188} INFO - Downloaded transactions/date=2026-07-27/transactions_090406599805.parquet -> /tmp/minio_downloads/transactions_090406599805.parquet
[2026-08-05T08:29:40.604+0000] {logging_mixin.py:188} INFO - Downloaded transactions/date=2026-07-27/transactions_090406655922.parquet -> /tmp/minio_downloads/transactions_090406655922.parquet
[2026-08-05T08:29:40.617+0000] {logging_mixin.py:188} INFO - Downloaded transactions/date=2026-07-27/transactions_090406718291.parquet -> /tmp/minio_downloads/transactions_090406718291.parquet
[2026-08-05T08:29:40.630+0000] {logging_mixin.py:188} INFO - Downloaded transactions/date=2026-07-27/transactions_090406794188.parquet -> /tmp/minio_downloads/transactions_090406794188.parquet
[2026-08-05T08:29:40.644+0000] {logging_mixin.py:188} INFO - Downloaded transactions/date=2026-07-27/transactions_090406889864.parquet -> /tmp/minio_downloads/transactions_090406889864.parquet
[2026-08-05T08:29:40.658+0000] {logging_mixin.py:188} INFO - Downloaded transactions/date=2026-07-27/transactions_090406963161.parquet -> /tmp/minio_downloads/transactions_090406963161.parquet
[2026-08-05T08:29:40.671+0000] {logging_mixin.py:188} INFO - Downloaded transactions/date=2026-07-27/transactions_090407014526.parquet -> /tmp/minio_downloads/transactions_090407014526.parquet
[2026-08-05T08:29:40.685+0000] {logging_mixin.py:188} INFO - Downloaded transactions/date=2026-07-27/transactions_090407064895.parquet -> /tmp/minio_downloads/transactions_090407064895.parquet
[2026-08-05T08:29:40.698+0000] {logging_mixin.py:188} INFO - Downloaded transactions/date=2026-07-27/transactions_090407119617.parquet -> /tmp/minio_downloads/transactions_090407119617.parquet
[2026-08-05T08:29:40.711+0000] {logging_mixin.py:188} INFO - Downloaded transactions/date=2026-07-27/transactions_090407171988.parquet -> /tmp/minio_downloads/transactions_090407171988.parquet
[2026-08-05T08:29:40.725+0000] {logging_mixin.py:188} INFO - Downloaded transactions/date=2026-07-27/transactions_090407247987.parquet -> /tmp/minio_downloads/transactions_090407247987.parquet
[2026-08-05T08:29:40.738+0000] {logging_mixin.py:188} INFO - Downloaded transactions/date=2026-07-27/transactions_090407315896.parquet -> /tmp/minio_downloads/transactions_090407315896.parquet
[2026-08-05T08:29:40.750+0000] {logging_mixin.py:188} INFO - Downloaded transactions/date=2026-07-27/transactions_090407371463.parquet -> /tmp/minio_downloads/transactions_090407371463.parquet
[2026-08-05T08:29:40.764+0000] {logging_mixin.py:188} INFO - Downloaded transactions/date=2026-07-27/transactions_090407450009.parquet -> /tmp/minio_downloads/transactions_090407450009.parquet
[2026-08-05T08:29:40.778+0000] {logging_mixin.py:188} INFO - Downloaded transactions/date=2026-07-27/transactions_090407516292.parquet -> /tmp/minio_downloads/transactions_090407516292.parquet
[2026-08-05T08:29:40.792+0000] {logging_mixin.py:188} INFO - Downloaded transactions/date=2026-07-27/transactions_090407566961.parquet -> /tmp/minio_downloads/transactions_090407566961.parquet
[2026-08-05T08:29:40.805+0000] {logging_mixin.py:188} INFO - Downloaded transactions/date=2026-07-27/transactions_090407631725.parquet -> /tmp/minio_downloads/transactions_090407631725.parquet
[2026-08-05T08:29:40.819+0000] {logging_mixin.py:188} INFO - Downloaded transactions/date=2026-07-27/transactions_090407676314.parquet -> /tmp/minio_downloads/transactions_090407676314.parquet
[2026-08-05T08:29:40.831+0000] {logging_mixin.py:188} INFO - Downloaded transactions/date=2026-07-27/transactions_090407722561.parquet -> /tmp/minio_downloads/transactions_090407722561.parquet
[2026-08-05T08:29:40.845+0000] {logging_mixin.py:188} INFO - Downloaded transactions/date=2026-07-27/transactions_090407771326.parquet -> /tmp/minio_downloads/transactions_090407771326.parquet
[2026-08-05T08:29:40.861+0000] {logging_mixin.py:188} INFO - Downloaded transactions/date=2026-07-27/transactions_090407819465.parquet -> /tmp/minio_downloads/transactions_090407819465.parquet
[2026-08-05T08:29:40.876+0000] {logging_mixin.py:188} INFO - Downloaded transactions/date=2026-07-27/transactions_090407866042.parquet -> /tmp/minio_downloads/transactions_090407866042.parquet
[2026-08-05T08:29:40.908+0000] {logging_mixin.py:188} INFO - Downloaded transactions/date=2026-07-27/transactions_090408004044.parquet -> /tmp/minio_downloads/transactions_090408004044.parquet
[2026-08-05T08:29:40.923+0000] {logging_mixin.py:188} INFO - Downloaded transactions/date=2026-07-27/transactions_090408052782.parquet -> /tmp/minio_downloads/transactions_090408052782.parquet
[2026-08-05T08:29:40.939+0000] {logging_mixin.py:188} INFO - Downloaded transactions/date=2026-07-27/transactions_090408101485.parquet -> /tmp/minio_downloads/transactions_090408101485.parquet
[2026-08-05T08:29:40.955+0000] {logging_mixin.py:188} INFO - Downloaded transactions/date=2026-07-27/transactions_090408154313.parquet -> /tmp/minio_downloads/transactions_090408154313.parquet
[2026-08-05T08:29:40.971+0000] {logging_mixin.py:188} INFO - Downloaded transactions/date=2026-07-27/transactions_090408200528.parquet -> /tmp/minio_downloads/transactions_090408200528.parquet
[2026-08-05T08:29:40.986+0000] {logging_mixin.py:188} INFO - Downloaded transactions/date=2026-07-27/transactions_090408249018.parquet -> /tmp/minio_downloads/transactions_090408249018.parquet
[2026-08-05T08:29:41.000+0000] {logging_mixin.py:188} INFO - Downloaded transactions/date=2026-07-27/transactions_090408312965.parquet -> /tmp/minio_downloads/transactions_090408312965.parquet
[2026-08-05T08:29:41.013+0000] {logging_mixin.py:188} INFO - Downloaded transactions/date=2026-07-27/transactions_090408375640.parquet -> /tmp/minio_downloads/transactions_090408375640.parquet
[2026-08-05T08:29:41.027+0000] {logging_mixin.py:188} INFO - Downloaded transactions/date=2026-07-27/transactions_090408429805.parquet -> /tmp/minio_downloads/transactions_090408429805.parquet
[2026-08-05T08:29:41.040+0000] {logging_mixin.py:188} INFO - Downloaded transactions/date=2026-07-27/transactions_090408481925.parquet -> /tmp/minio_downloads/transactions_090408481925.parquet
[2026-08-05T08:29:41.068+0000] {logging_mixin.py:188} INFO - Downloaded transactions/date=2026-07-27/transactions_090408529318.parquet -> /tmp/minio_downloads/transactions_090408529318.parquet
[2026-08-05T08:29:41.083+0000] {logging_mixin.py:188} INFO - Downloaded transactions/date=2026-07-27/transactions_090408587037.parquet -> /tmp/minio_downloads/transactions_090408587037.parquet
[2026-08-05T08:29:41.097+0000] {logging_mixin.py:188} INFO - Downloaded transactions/date=2026-07-27/transactions_090408632655.parquet -> /tmp/minio_downloads/transactions_090408632655.parquet
[2026-08-05T08:29:41.110+0000] {logging_mixin.py:188} INFO - Downloaded transactions/date=2026-07-27/transactions_090408679433.parquet -> /tmp/minio_downloads/transactions_090408679433.parquet
[2026-08-05T08:29:41.125+0000] {logging_mixin.py:188} INFO - Downloaded transactions/date=2026-07-27/transactions_090408727398.parquet -> /tmp/minio_downloads/transactions_090408727398.parquet
[2026-08-05T08:29:41.138+0000] {logging_mixin.py:188} INFO - Downloaded transactions/date=2026-07-27/transactions_090408782212.parquet -> /tmp/minio_downloads/transactions_090408782212.parquet
[2026-08-05T08:29:41.151+0000] {logging_mixin.py:188} INFO - Downloaded transactions/date=2026-07-27/transactions_090408835529.parquet -> /tmp/minio_downloads/transactions_090408835529.parquet
[2026-08-05T08:29:41.165+0000] {logging_mixin.py:188} INFO - Downloaded transactions/date=2026-07-27/transactions_090408886244.parquet -> /tmp/minio_downloads/transactions_090408886244.parquet
[2026-08-05T08:29:41.179+0000] {logging_mixin.py:188} INFO - Downloaded transactions/date=2026-07-27/transactions_090408932712.parquet -> /tmp/minio_downloads/transactions_090408932712.parquet
[2026-08-05T08:29:41.193+0000] {logging_mixin.py:188} INFO - Downloaded transactions/date=2026-07-27/transactions_090409006680.parquet -> /tmp/minio_downloads/transactions_090409006680.parquet
[2026-08-05T08:29:41.208+0000] {logging_mixin.py:188} INFO - Downloaded transactions/date=2026-07-27/transactions_090409060002.parquet -> /tmp/minio_downloads/transactions_090409060002.parquet
[2026-08-05T08:29:41.223+0000] {logging_mixin.py:188} INFO - Downloaded transactions/date=2026-07-27/transactions_090409104703.parquet -> /tmp/minio_downloads/transactions_090409104703.parquet
[2026-08-05T08:29:41.248+0000] {logging_mixin.py:188} INFO - Downloaded transactions/date=2026-07-27/transactions_090409152569.parquet -> /tmp/minio_downloads/transactions_090409152569.parquet
[2026-08-05T08:29:41.265+0000] {logging_mixin.py:188} INFO - Downloaded transactions/date=2026-07-27/transactions_090409197963.parquet -> /tmp/minio_downloads/transactions_090409197963.parquet
[2026-08-05T08:29:41.282+0000] {logging_mixin.py:188} INFO - Downloaded transactions/date=2026-07-27/transactions_090409244623.parquet -> /tmp/minio_downloads/transactions_090409244623.parquet
[2026-08-05T08:29:41.298+0000] {logging_mixin.py:188} INFO - Downloaded transactions/date=2026-07-27/transactions_090409296690.parquet -> /tmp/minio_downloads/transactions_090409296690.parquet
[2026-08-05T08:29:41.315+0000] {logging_mixin.py:188} INFO - Downloaded transactions/date=2026-07-27/transactions_090409372121.parquet -> /tmp/minio_downloads/transactions_090409372121.parquet
[2026-08-05T08:29:41.331+0000] {logging_mixin.py:188} INFO - Downloaded transactions/date=2026-07-27/transactions_090409417527.parquet -> /tmp/minio_downloads/transactions_090409417527.parquet
[2026-08-05T08:29:41.348+0000] {logging_mixin.py:188} INFO - Downloaded transactions/date=2026-07-27/transactions_090409479691.parquet -> /tmp/minio_downloads/transactions_090409479691.parquet
[2026-08-05T08:29:41.364+0000] {logging_mixin.py:188} INFO - Downloaded transactions/date=2026-07-27/transactions_090409546407.parquet -> /tmp/minio_downloads/transactions_090409546407.parquet
[2026-08-05T08:29:41.382+0000] {logging_mixin.py:188} INFO - Downloaded transactions/date=2026-07-27/transactions_090409623927.parquet -> /tmp/minio_downloads/transactions_090409623927.parquet
[2026-08-05T08:29:41.398+0000] {logging_mixin.py:188} INFO - Downloaded transactions/date=2026-07-27/transactions_090409676239.parquet -> /tmp/minio_downloads/transactions_090409676239.parquet
[2026-08-05T08:29:41.414+0000] {logging_mixin.py:188} INFO - Downloaded transactions/date=2026-07-27/transactions_090409719991.parquet -> /tmp/minio_downloads/transactions_090409719991.parquet
[2026-08-05T08:29:41.431+0000] {logging_mixin.py:188} INFO - Downloaded transactions/date=2026-07-27/transactions_090409773039.parquet -> /tmp/minio_downloads/transactions_090409773039.parquet
[2026-08-05T08:29:41.447+0000] {logging_mixin.py:188} INFO - Downloaded transactions/date=2026-07-27/transactions_090409828550.parquet -> /tmp/minio_downloads/transactions_090409828550.parquet
[2026-08-05T08:29:41.466+0000] {logging_mixin.py:188} INFO - Downloaded transactions/date=2026-07-27/transactions_090409882190.parquet -> /tmp/minio_downloads/transactions_090409882190.parquet
[2026-08-05T08:29:41.487+0000] {logging_mixin.py:188} INFO - Downloaded transactions/date=2026-07-27/transactions_090409928613.parquet -> /tmp/minio_downloads/transactions_090409928613.parquet
[2026-08-05T08:29:41.503+0000] {logging_mixin.py:188} INFO - Downloaded transactions/date=2026-07-27/transactions_090409979789.parquet -> /tmp/minio_downloads/transactions_090409979789.parquet
[2026-08-05T08:29:41.518+0000] {logging_mixin.py:188} INFO - Downloaded transactions/date=2026-07-27/transactions_090410029506.parquet -> /tmp/minio_downloads/transactions_090410029506.parquet
[2026-08-05T08:29:41.532+0000] {logging_mixin.py:188} INFO - Downloaded transactions/date=2026-07-27/transactions_090410087550.parquet -> /tmp/minio_downloads/transactions_090410087550.parquet
[2026-08-05T08:29:41.546+0000] {logging_mixin.py:188} INFO - Downloaded transactions/date=2026-07-27/transactions_090410197433.parquet -> /tmp/minio_downloads/transactions_090410197433.parquet
[2026-08-05T08:29:41.561+0000] {logging_mixin.py:188} INFO - Downloaded transactions/date=2026-07-27/transactions_090410244821.parquet -> /tmp/minio_downloads/transactions_090410244821.parquet
[2026-08-05T08:29:41.575+0000] {logging_mixin.py:188} INFO - Downloaded transactions/date=2026-07-27/transactions_090410290192.parquet -> /tmp/minio_downloads/transactions_090410290192.parquet
[2026-08-05T08:29:41.588+0000] {logging_mixin.py:188} INFO - Downloaded transactions/date=2026-07-27/transactions_090410344860.parquet -> /tmp/minio_downloads/transactions_090410344860.parquet
[2026-08-05T08:29:41.601+0000] {logging_mixin.py:188} INFO - Downloaded transactions/date=2026-07-27/transactions_090410400587.parquet -> /tmp/minio_downloads/transactions_090410400587.parquet
[2026-08-05T08:29:41.614+0000] {logging_mixin.py:188} INFO - Downloaded transactions/date=2026-07-27/transactions_090410457697.parquet -> /tmp/minio_downloads/transactions_090410457697.parquet
[2026-08-05T08:29:41.629+0000] {logging_mixin.py:188} INFO - Downloaded transactions/date=2026-07-27/transactions_090410525442.parquet -> /tmp/minio_downloads/transactions_090410525442.parquet
[2026-08-05T08:29:41.644+0000] {logging_mixin.py:188} INFO - Downloaded transactions/date=2026-07-27/transactions_090410572839.parquet -> /tmp/minio_downloads/transactions_090410572839.parquet
[2026-08-05T08:29:41.658+0000] {logging_mixin.py:188} INFO - Downloaded transactions/date=2026-07-27/transactions_090410619421.parquet -> /tmp/minio_downloads/transactions_090410619421.parquet
[2026-08-05T08:29:41.660+0000] {python.py:237} INFO - Done. Returned value was: {'customers': ['/tmp/minio_downloads/customers_090401672966.parquet', '/tmp/minio_downloads/customers_090401722071.parquet', '/tmp/minio_downloads/customers_090401771134.parquet', '/tmp/minio_downloads/customers_090401818881.parquet', '/tmp/minio_downloads/customers_090401869659.parquet', '/tmp/minio_downloads/customers_090401931845.parquet', '/tmp/minio_downloads/customers_090401994043.parquet', '/tmp/minio_downloads/customers_090402069924.parquet', '/tmp/minio_downloads/customers_090402133350.parquet', '/tmp/minio_downloads/customers_090402184633.parquet', '/tmp/minio_downloads/customers_090402234780.parquet', '/tmp/minio_downloads/customers_090402284973.parquet', '/tmp/minio_downloads/customers_090402342610.parquet', '/tmp/minio_downloads/customers_090402385711.parquet', '/tmp/minio_downloads/customers_090402449594.parquet', '/tmp/minio_downloads/customers_090402513017.parquet', '/tmp/minio_downloads/customers_090402644591.parquet', '/tmp/minio_downloads/customers_090402707127.parquet', '/tmp/minio_downloads/customers_090402799962.parquet', '/tmp/minio_downloads/customers_090402929400.parquet', '/tmp/minio_downloads/customers_090402974349.parquet', '/tmp/minio_downloads/customers_090403023880.parquet', '/tmp/minio_downloads/customers_090403076220.parquet', '/tmp/minio_downloads/customers_090403139454.parquet', '/tmp/minio_downloads/customers_090403183405.parquet', '/tmp/minio_downloads/customers_090403246298.parquet', '/tmp/minio_downloads/customers_090403286232.parquet', '/tmp/minio_downloads/customers_090403337856.parquet', '/tmp/minio_downloads/customers_090403384511.parquet', '/tmp/minio_downloads/customers_090403430840.parquet', '/tmp/minio_downloads/customers_090403472396.parquet', '/tmp/minio_downloads/customers_090403524071.parquet', '/tmp/minio_downloads/customers_090403571705.parquet', '/tmp/minio_downloads/customers_090403614708.parquet', '/tmp/minio_downloads/customers_090403654848.parquet', '/tmp/minio_downloads/customers_090403702724.parquet', '/tmp/minio_downloads/customers_090403763292.parquet', '/tmp/minio_downloads/customers_090403806078.parquet', '/tmp/minio_downloads/customers_090403851544.parquet', '/tmp/minio_downloads/customers_090403894193.parquet', '/tmp/minio_downloads/customers_090403939509.parquet', '/tmp/minio_downloads/customers_090403987646.parquet', '/tmp/minio_downloads/customers_090404049607.parquet', '/tmp/minio_downloads/customers_090404098181.parquet', '/tmp/minio_downloads/customers_090404171962.parquet', '/tmp/minio_downloads/customers_090404227529.parquet', '/tmp/minio_downloads/customers_090404283728.parquet', '/tmp/minio_downloads/customers_090404337621.parquet', '/tmp/minio_downloads/customers_090404397305.parquet', '/tmp/minio_downloads/customers_090404443612.parquet', '/tmp/minio_downloads/customers_090404503420.parquet', '/tmp/minio_downloads/customers_090404569754.parquet', '/tmp/minio_downloads/customers_090404616505.parquet', '/tmp/minio_downloads/customers_090404676784.parquet', '/tmp/minio_downloads/customers_090404719565.parquet', '/tmp/minio_downloads/customers_090404776580.parquet', '/tmp/minio_downloads/customers_090404821131.parquet', '/tmp/minio_downloads/customers_090404867684.parquet', '/tmp/minio_downloads/customers_090404914078.parquet', '/tmp/minio_downloads/customers_090404956516.parquet', '/tmp/minio_downloads/customers_090405003694.parquet', '/tmp/minio_downloads/customers_090405050878.parquet', '/tmp/minio_downloads/customers_090405103797.parquet', '/tmp/minio_downloads/customers_090405150219.parquet', '/tmp/minio_downloads/customers_090405196488.parquet', '/tmp/minio_downloads/customers_090405243111.parquet', '/tmp/minio_downloads/customers_090405289533.parquet', '/tmp/minio_downloads/customers_090405335259.parquet', '/tmp/minio_downloads/customers_090405383930.parquet', '/tmp/minio_downloads/customers_090405425934.parquet', '/tmp/minio_downloads/customers_090405469859.parquet', '/tmp/minio_downloads/customers_090405511786.parquet', '/tmp/minio_downloads/customers_090405562635.parquet', '/tmp/minio_downloads/customers_090405606410.parquet', '/tmp/minio_downloads/customers_090405651960.parquet', '/tmp/minio_downloads/customers_090405695356.parquet', '/tmp/minio_downloads/customers_090405739251.parquet', '/tmp/minio_downloads/customers_090405796269.parquet', '/tmp/minio_downloads/customers_090405841506.parquet', '/tmp/minio_downloads/customers_090405899071.parquet', '/tmp/minio_downloads/customers_090405946991.parquet'], 'accounts': ['/tmp/minio_downloads/accounts_090335091997.parquet', '/tmp/minio_downloads/accounts_090335176229.parquet', '/tmp/minio_downloads/accounts_090335225617.parquet', '/tmp/minio_downloads/accounts_090335282589.parquet', '/tmp/minio_downloads/accounts_090335330376.parquet', '/tmp/minio_downloads/accounts_090335387463.parquet', '/tmp/minio_downloads/accounts_090335440093.parquet', '/tmp/minio_downloads/accounts_090335487667.parquet', '/tmp/minio_downloads/accounts_090335532736.parquet', '/tmp/minio_downloads/accounts_090335590697.parquet', '/tmp/minio_downloads/accounts_090335653590.parquet', '/tmp/minio_downloads/accounts_090335716922.parquet', '/tmp/minio_downloads/accounts_090335792915.parquet', '/tmp/minio_downloads/accounts_090335849416.parquet', '/tmp/minio_downloads/accounts_090335918492.parquet', '/tmp/minio_downloads/accounts_090336083229.parquet', '/tmp/minio_downloads/accounts_090336168129.parquet', '/tmp/minio_downloads/accounts_090336236734.parquet', '/tmp/minio_downloads/accounts_090336310038.parquet', '/tmp/minio_downloads/accounts_090336375803.parquet', '/tmp/minio_downloads/accounts_090336437610.parquet', '/tmp/minio_downloads/accounts_090336509130.parquet', '/tmp/minio_downloads/accounts_090336561573.parquet', '/tmp/minio_downloads/accounts_090336619969.parquet', '/tmp/minio_downloads/accounts_090336705658.parquet', '/tmp/minio_downloads/accounts_090336825221.parquet', '/tmp/minio_downloads/accounts_090336934222.parquet', '/tmp/minio_downloads/accounts_090336997264.parquet', '/tmp/minio_downloads/accounts_090337048145.parquet', '/tmp/minio_downloads/accounts_090337100657.parquet', '/tmp/minio_downloads/accounts_090337167701.parquet', '/tmp/minio_downloads/accounts_090337230404.parquet', '/tmp/minio_downloads/accounts_090337287200.parquet', '/tmp/minio_downloads/accounts_090337352500.parquet', '/tmp/minio_downloads/accounts_090337409970.parquet', '/tmp/minio_downloads/accounts_090337468206.parquet', '/tmp/minio_downloads/accounts_090337522740.parquet', '/tmp/minio_downloads/accounts_090337569811.parquet', '/tmp/minio_downloads/accounts_090337620416.parquet', '/tmp/minio_downloads/accounts_090337676744.parquet', '/tmp/minio_downloads/accounts_090337733973.parquet', '/tmp/minio_downloads/accounts_090337779357.parquet', '/tmp/minio_downloads/accounts_090337830813.parquet', '/tmp/minio_downloads/accounts_090337876213.parquet', '/tmp/minio_downloads/accounts_090337924905.parquet', '/tmp/minio_downloads/accounts_090337972586.parquet', '/tmp/minio_downloads/accounts_090338036313.parquet', '/tmp/minio_downloads/accounts_090338087498.parquet', '/tmp/minio_downloads/accounts_090338169836.parquet', '/tmp/minio_downloads/accounts_090338285836.parquet', '/tmp/minio_downloads/accounts_090338348416.parquet', '/tmp/minio_downloads/accounts_090338411783.parquet', '/tmp/minio_downloads/accounts_090338473298.parquet', '/tmp/minio_downloads/accounts_090338539756.parquet', '/tmp/minio_downloads/accounts_090338595444.parquet', '/tmp/minio_downloads/accounts_090338653969.parquet', '/tmp/minio_downloads/accounts_090338722877.parquet', '/tmp/minio_downloads/accounts_090338784168.parquet', '/tmp/minio_downloads/accounts_090338833026.parquet', '/tmp/minio_downloads/accounts_090338879214.parquet', '/tmp/minio_downloads/accounts_090338926904.parquet', '/tmp/minio_downloads/accounts_090338983217.parquet', '/tmp/minio_downloads/accounts_090339036915.parquet', '/tmp/minio_downloads/accounts_090339085807.parquet', '/tmp/minio_downloads/accounts_090339132135.parquet', '/tmp/minio_downloads/accounts_090339207270.parquet', '/tmp/minio_downloads/accounts_090339254198.parquet', '/tmp/minio_downloads/accounts_090339304672.parquet', '/tmp/minio_downloads/accounts_090339356197.parquet', '/tmp/minio_downloads/accounts_090339400231.parquet', '/tmp/minio_downloads/accounts_090339447900.parquet', '/tmp/minio_downloads/accounts_090339510332.parquet', '/tmp/minio_downloads/accounts_090339622965.parquet', '/tmp/minio_downloads/accounts_090339735170.parquet', '/tmp/minio_downloads/accounts_090339802636.parquet', '/tmp/minio_downloads/accounts_090339854967.parquet', '/tmp/minio_downloads/accounts_090339969786.parquet', '/tmp/minio_downloads/accounts_090340009828.parquet', '/tmp/minio_downloads/accounts_090340068304.parquet', '/tmp/minio_downloads/accounts_090340120996.parquet', '/tmp/minio_downloads/accounts_090340165119.parquet', '/tmp/minio_downloads/accounts_090340212592.parquet', '/tmp/minio_downloads/accounts_090340260214.parquet', '/tmp/minio_downloads/accounts_090340312209.parquet', '/tmp/minio_downloads/accounts_090340374831.parquet', '/tmp/minio_downloads/accounts_090340432009.parquet', '/tmp/minio_downloads/accounts_090340485198.parquet', '/tmp/minio_downloads/accounts_090340538086.parquet', '/tmp/minio_downloads/accounts_090340597267.parquet', '/tmp/minio_downloads/accounts_090340643366.parquet', '/tmp/minio_downloads/accounts_090340692918.parquet', '/tmp/minio_downloads/accounts_090340744816.parquet', '/tmp/minio_downloads/accounts_090340797221.parquet', '/tmp/minio_downloads/accounts_090340847915.parquet', '/tmp/minio_downloads/accounts_090340899651.parquet', '/tmp/minio_downloads/accounts_090340945226.parquet', '/tmp/minio_downloads/accounts_090341002128.parquet', '/tmp/minio_downloads/accounts_090341048588.parquet', '/tmp/minio_downloads/accounts_090341112017.parquet', '/tmp/minio_downloads/accounts_090341158981.parquet', '/tmp/minio_downloads/accounts_090341202568.parquet', '/tmp/minio_downloads/accounts_090341253926.parquet', '/tmp/minio_downloads/accounts_090341309247.parquet', '/tmp/minio_downloads/accounts_090341358146.parquet', '/tmp/minio_downloads/accounts_090341414601.parquet', '/tmp/minio_downloads/accounts_090341460477.parquet', '/tmp/minio_downloads/accounts_090341508932.parquet', '/tmp/minio_downloads/accounts_090341566052.parquet', '/tmp/minio_downloads/accounts_090341619353.parquet', '/tmp/minio_downloads/accounts_090341668762.parquet', '/tmp/minio_downloads/accounts_090341718138.parquet', '/tmp/minio_downloads/accounts_090341776387.parquet', '/tmp/minio_downloads/accounts_090341838405.parquet', '/tmp/minio_downloads/accounts_090341981608.parquet', '/tmp/minio_downloads/accounts_090342055992.parquet', '/tmp/minio_downloads/accounts_090342130644.parquet', '/tmp/minio_downloads/accounts_090342179195.parquet', '/tmp/minio_downloads/accounts_090342243528.parquet', '/tmp/minio_downloads/accounts_090342306582.parquet', '/tmp/minio_downloads/accounts_090342357790.parquet', '/tmp/minio_downloads/accounts_090342419173.parquet', '/tmp/minio_downloads/accounts_090342483724.parquet', '/tmp/minio_downloads/accounts_090342544707.parquet', '/tmp/minio_downloads/accounts_090342599697.parquet', '/tmp/minio_downloads/accounts_090342676207.parquet', '/tmp/minio_downloads/accounts_090342736945.parquet', '/tmp/minio_downloads/accounts_090342792308.parquet', '/tmp/minio_downloads/accounts_090342856333.parquet', '/tmp/minio_downloads/accounts_090342912162.parquet', '/tmp/minio_downloads/accounts_090342961837.parquet', '/tmp/minio_downloads/accounts_090343020787.parquet', '/tmp/minio_downloads/accounts_090343073815.parquet', '/tmp/minio_downloads/accounts_090343145518.parquet', '/tmp/minio_downloads/accounts_090343197072.parquet', '/tmp/minio_downloads/accounts_090343253148.parquet', '/tmp/minio_downloads/accounts_090343304398.parquet', '/tmp/minio_downloads/accounts_090343363086.parquet', '/tmp/minio_downloads/accounts_090343413316.parquet', '/tmp/minio_downloads/accounts_090343474555.parquet', '/tmp/minio_downloads/accounts_090343527458.parquet', '/tmp/minio_downloads/accounts_090343585034.parquet', '/tmp/minio_downloads/accounts_090343634679.parquet', '/tmp/minio_downloads/accounts_090343680435.parquet', '/tmp/minio_downloads/accounts_090343728598.parquet', '/tmp/minio_downloads/accounts_090343779632.parquet', '/tmp/minio_downloads/accounts_090343833916.parquet', '/tmp/minio_downloads/accounts_090343888730.parquet', '/tmp/minio_downloads/accounts_090343934679.parquet', '/tmp/minio_downloads/accounts_090343976827.parquet', '/tmp/minio_downloads/accounts_090344021032.parquet', '/tmp/minio_downloads/accounts_090344070350.parquet', '/tmp/minio_downloads/accounts_090344114475.parquet', '/tmp/minio_downloads/accounts_090344178771.parquet', '/tmp/minio_downloads/accounts_090344234782.parquet', '/tmp/minio_downloads/accounts_090344295645.parquet', '/tmp/minio_downloads/accounts_090344355098.parquet', '/tmp/minio_downloads/accounts_090344408224.parquet', '/tmp/minio_downloads/accounts_090344461455.parquet', '/tmp/minio_downloads/accounts_090344517205.parquet', '/tmp/minio_downloads/accounts_090344564860.parquet'], 'transactions': ['/tmp/minio_downloads/transactions_090344635325.parquet', '/tmp/minio_downloads/transactions_090344698403.parquet', '/tmp/minio_downloads/transactions_090344744646.parquet', '/tmp/minio_downloads/transactions_090344795789.parquet', '/tmp/minio_downloads/transactions_090344850100.parquet', '/tmp/minio_downloads/transactions_090344900109.parquet', '/tmp/minio_downloads/transactions_090344947492.parquet', '/tmp/minio_downloads/transactions_090344993567.parquet', '/tmp/minio_downloads/transactions_090345052242.parquet', '/tmp/minio_downloads/transactions_090345100340.parquet', '/tmp/minio_downloads/transactions_090345147085.parquet', '/tmp/minio_downloads/transactions_090345192944.parquet', '/tmp/minio_downloads/transactions_090345308408.parquet', '/tmp/minio_downloads/transactions_090345357692.parquet', '/tmp/minio_downloads/transactions_090345402851.parquet', '/tmp/minio_downloads/transactions_090345456814.parquet', '/tmp/minio_downloads/transactions_090345501980.parquet', '/tmp/minio_downloads/transactions_090345551838.parquet', '/tmp/minio_downloads/transactions_090345595622.parquet', '/tmp/minio_downloads/transactions_090345662310.parquet', '/tmp/minio_downloads/transactions_090345710767.parquet', '/tmp/minio_downloads/transactions_090345754288.parquet', '/tmp/minio_downloads/transactions_090345804973.parquet', '/tmp/minio_downloads/transactions_090345861683.parquet', '/tmp/minio_downloads/transactions_090345909777.parquet', '/tmp/minio_downloads/transactions_090345961293.parquet', '/tmp/minio_downloads/transactions_090346008937.parquet', '/tmp/minio_downloads/transactions_090346056562.parquet', '/tmp/minio_downloads/transactions_090346102527.parquet', '/tmp/minio_downloads/transactions_090346152705.parquet', '/tmp/minio_downloads/transactions_090346198936.parquet', '/tmp/minio_downloads/transactions_090346247151.parquet', '/tmp/minio_downloads/transactions_090346296845.parquet', '/tmp/minio_downloads/transactions_090346362045.parquet', '/tmp/minio_downloads/transactions_090346407218.parquet', '/tmp/minio_downloads/transactions_090346456355.parquet', '/tmp/minio_downloads/transactions_090346503975.parquet', '/tmp/minio_downloads/transactions_090346552820.parquet', '/tmp/minio_downloads/transactions_090346595247.parquet', '/tmp/minio_downloads/transactions_090346646157.parquet', '/tmp/minio_downloads/transactions_090346718780.parquet', '/tmp/minio_downloads/transactions_090346804433.parquet', '/tmp/minio_downloads/transactions_090346901001.parquet', '/tmp/minio_downloads/transactions_090346944243.parquet', '/tmp/minio_downloads/transactions_090346989485.parquet', '/tmp/minio_downloads/transactions_090347034187.parquet', '/tmp/minio_downloads/transactions_090347079809.parquet', '/tmp/minio_downloads/transactions_090347125087.parquet', '/tmp/minio_downloads/transactions_090347178696.parquet', '/tmp/minio_downloads/transactions_090347229220.parquet', '/tmp/minio_downloads/transactions_090347275437.parquet', '/tmp/minio_downloads/transactions_090347329417.parquet', '/tmp/minio_downloads/transactions_090347384750.parquet', '/tmp/minio_downloads/transactions_090347434686.parquet', '/tmp/minio_downloads/transactions_090347488696.parquet', '/tmp/minio_downloads/transactions_090347536914.parquet', '/tmp/minio_downloads/transactions_090347596012.parquet', '/tmp/minio_downloads/transactions_090347711514.parquet', '/tmp/minio_downloads/transactions_090347754828.parquet', '/tmp/minio_downloads/transactions_090347804639.parquet', '/tmp/minio_downloads/transactions_090347847633.parquet', '/tmp/minio_downloads/transactions_090347911934.parquet', '/tmp/minio_downloads/transactions_090347957527.parquet', '/tmp/minio_downloads/transactions_090348008862.parquet', '/tmp/minio_downloads/transactions_090348059997.parquet', '/tmp/minio_downloads/transactions_090348110511.parquet', '/tmp/minio_downloads/transactions_090348157671.parquet', '/tmp/minio_downloads/transactions_090348204374.parquet', '/tmp/minio_downloads/transactions_090348252573.parquet', '/tmp/minio_downloads/transactions_090348298605.parquet', '/tmp/minio_downloads/transactions_090348342378.parquet', '/tmp/minio_downloads/transactions_090348401092.parquet', '/tmp/minio_downloads/transactions_090348459158.parquet', '/tmp/minio_downloads/transactions_090348510411.parquet', '/tmp/minio_downloads/transactions_090348559775.parquet', '/tmp/minio_downloads/transactions_090348607300.parquet', '/tmp/minio_downloads/transactions_090348653264.parquet', '/tmp/minio_downloads/transactions_090348708374.parquet', '/tmp/minio_downloads/transactions_090348757425.parquet', '/tmp/minio_downloads/transactions_090348808601.parquet', '/tmp/minio_downloads/transactions_090348853162.parquet', '/tmp/minio_downloads/transactions_090348917946.parquet', '/tmp/minio_downloads/transactions_090348986480.parquet', '/tmp/minio_downloads/transactions_090349047306.parquet', '/tmp/minio_downloads/transactions_090349092982.parquet', '/tmp/minio_downloads/transactions_090349140604.parquet', '/tmp/minio_downloads/transactions_090349185139.parquet', '/tmp/minio_downloads/transactions_090349238746.parquet', '/tmp/minio_downloads/transactions_090349290508.parquet', '/tmp/minio_downloads/transactions_090349340716.parquet', '/tmp/minio_downloads/transactions_090349386604.parquet', '/tmp/minio_downloads/transactions_090349466276.parquet', '/tmp/minio_downloads/transactions_090349539821.parquet', '/tmp/minio_downloads/transactions_090349637195.parquet', '/tmp/minio_downloads/transactions_090349689733.parquet', '/tmp/minio_downloads/transactions_090349736179.parquet', '/tmp/minio_downloads/transactions_090349779576.parquet', '/tmp/minio_downloads/transactions_090349826149.parquet', '/tmp/minio_downloads/transactions_090349873955.parquet', '/tmp/minio_downloads/transactions_090349922318.parquet', '/tmp/minio_downloads/transactions_090349980155.parquet', '/tmp/minio_downloads/transactions_090350043626.parquet', '/tmp/minio_downloads/transactions_090350089592.parquet', '/tmp/minio_downloads/transactions_090350138345.parquet', '/tmp/minio_downloads/transactions_090350183670.parquet', '/tmp/minio_downloads/transactions_090350231811.parquet', '/tmp/minio_downloads/transactions_090350273125.parquet', '/tmp/minio_downloads/transactions_090350321357.parquet', '/tmp/minio_downloads/transactions_090350363457.parquet', '/tmp/minio_downloads/transactions_090350409124.parquet', '/tmp/minio_downloads/transactions_090350456314.parquet', '/tmp/minio_downloads/transactions_090350496727.parquet', '/tmp/minio_downloads/transactions_090350541096.parquet', '/tmp/minio_downloads/transactions_090350590595.parquet', '/tmp/minio_downloads/transactions_090350637392.parquet', '/tmp/minio_downloads/transactions_090350688105.parquet', '/tmp/minio_downloads/transactions_090350735881.parquet', '/tmp/minio_downloads/transactions_090350777950.parquet', '/tmp/minio_downloads/transactions_090350829270.parquet', '/tmp/minio_downloads/transactions_090350872710.parquet', '/tmp/minio_downloads/transactions_090350916886.parquet', '/tmp/minio_downloads/transactions_090350980142.parquet', '/tmp/minio_downloads/transactions_090351132471.parquet', '/tmp/minio_downloads/transactions_090351252512.parquet', '/tmp/minio_downloads/transactions_090351297506.parquet', '/tmp/minio_downloads/transactions_090351354756.parquet', '/tmp/minio_downloads/transactions_090351398315.parquet', '/tmp/minio_downloads/transactions_090351444455.parquet', '/tmp/minio_downloads/transactions_090351498438.parquet', '/tmp/minio_downloads/transactions_090351544144.parquet', '/tmp/minio_downloads/transactions_090351589508.parquet', '/tmp/minio_downloads/transactions_090351635835.parquet', '/tmp/minio_downloads/transactions_090351680419.parquet', '/tmp/minio_downloads/transactions_090351724866.parquet', '/tmp/minio_downloads/transactions_090351781853.parquet', '/tmp/minio_downloads/transactions_090351825152.parquet', '/tmp/minio_downloads/transactions_090351872090.parquet', '/tmp/minio_downloads/transactions_090351922861.parquet', '/tmp/minio_downloads/transactions_090351979204.parquet', '/tmp/minio_downloads/transactions_090352066245.parquet', '/tmp/minio_downloads/transactions_090352131625.parquet', '/tmp/minio_downloads/transactions_090352190228.parquet', '/tmp/minio_downloads/transactions_090352234960.parquet', '/tmp/minio_downloads/transactions_090352284281.parquet', '/tmp/minio_downloads/transactions_090352330005.parquet', '/tmp/minio_downloads/transactions_090352380599.parquet', '/tmp/minio_downloads/transactions_090352425116.parquet', '/tmp/minio_downloads/transactions_090352478787.parquet', '/tmp/minio_downloads/transactions_090352529609.parquet', '/tmp/minio_downloads/transactions_090352591371.parquet', '/tmp/minio_downloads/transactions_090352633351.parquet', '/tmp/minio_downloads/transactions_090352684267.parquet', '/tmp/minio_downloads/transactions_090352737147.parquet', '/tmp/minio_downloads/transactions_090352784321.parquet', '/tmp/minio_downloads/transactions_090352827233.parquet', '/tmp/minio_downloads/transactions_090352878913.parquet', '/tmp/minio_downloads/transactions_090352923444.parquet', '/tmp/minio_downloads/transactions_090352978136.parquet', '/tmp/minio_downloads/transactions_090353026733.parquet', '/tmp/minio_downloads/transactions_090353079889.parquet', '/tmp/minio_downloads/transactions_090353131271.parquet', '/tmp/minio_downloads/transactions_090353179157.parquet', '/tmp/minio_downloads/transactions_090353225043.parquet', '/tmp/minio_downloads/transactions_090353280347.parquet', '/tmp/minio_downloads/transactions_090353402065.parquet', '/tmp/minio_downloads/transactions_090353455149.parquet', '/tmp/minio_downloads/transactions_090353498646.parquet', '/tmp/minio_downloads/transactions_090353547456.parquet', '/tmp/minio_downloads/transactions_090353600706.parquet', '/tmp/minio_downloads/transactions_090353643595.parquet', '/tmp/minio_downloads/transactions_090353700583.parquet', '/tmp/minio_downloads/transactions_090353745449.parquet', '/tmp/minio_downloads/transactions_090353793133.parquet', '/tmp/minio_downloads/transactions_090353838216.parquet', '/tmp/minio_downloads/transactions_090353890729.parquet', '/tmp/minio_downloads/transactions_090353936576.parquet', '/tmp/minio_downloads/transactions_090353983581.parquet', '/tmp/minio_downloads/transactions_090354028144.parquet', '/tmp/minio_downloads/transactions_090354085666.parquet', '/tmp/minio_downloads/transactions_090354143476.parquet', '/tmp/minio_downloads/transactions_090354206565.parquet', '/tmp/minio_downloads/transactions_090354264878.parquet', '/tmp/minio_downloads/transactions_090354321619.parquet', '/tmp/minio_downloads/transactions_090354369569.parquet', '/tmp/minio_downloads/transactions_090354438192.parquet', '/tmp/minio_downloads/transactions_090354501727.parquet', '/tmp/minio_downloads/transactions_090354564597.parquet', '/tmp/minio_downloads/transactions_090354627068.parquet', '/tmp/minio_downloads/transactions_090354712936.parquet', '/tmp/minio_downloads/transactions_090354761873.parquet', '/tmp/minio_downloads/transactions_090354820903.parquet', '/tmp/minio_downloads/transactions_090354877371.parquet', '/tmp/minio_downloads/transactions_090354928245.parquet', '/tmp/minio_downloads/transactions_090354976320.parquet', '/tmp/minio_downloads/transactions_090355028374.parquet', '/tmp/minio_downloads/transactions_090355098015.parquet', '/tmp/minio_downloads/transactions_090355150578.parquet', '/tmp/minio_downloads/transactions_090355208526.parquet', '/tmp/minio_downloads/transactions_090355262557.parquet', '/tmp/minio_downloads/transactions_090355321034.parquet', '/tmp/minio_downloads/transactions_090355376276.parquet', '/tmp/minio_downloads/transactions_090355427809.parquet', '/tmp/minio_downloads/transactions_090355476191.parquet', '/tmp/minio_downloads/transactions_090355536617.parquet', '/tmp/minio_downloads/transactions_090355610693.parquet', '/tmp/minio_downloads/transactions_090355659016.parquet', '/tmp/minio_downloads/transactions_090355707912.parquet', '/tmp/minio_downloads/transactions_090355751412.parquet', '/tmp/minio_downloads/transactions_090355794944.parquet', '/tmp/minio_downloads/transactions_090355840528.parquet', '/tmp/minio_downloads/transactions_090355883874.parquet', '/tmp/minio_downloads/transactions_090355928754.parquet', '/tmp/minio_downloads/transactions_090355974016.parquet', '/tmp/minio_downloads/transactions_090356024551.parquet', '/tmp/minio_downloads/transactions_090356070001.parquet', '/tmp/minio_downloads/transactions_090356124968.parquet', '/tmp/minio_downloads/transactions_090356167955.parquet', '/tmp/minio_downloads/transactions_090356289620.parquet', '/tmp/minio_downloads/transactions_090356332656.parquet', '/tmp/minio_downloads/transactions_090356379752.parquet', '/tmp/minio_downloads/transactions_090356429536.parquet', '/tmp/minio_downloads/transactions_090356484290.parquet', '/tmp/minio_downloads/transactions_090356535040.parquet', '/tmp/minio_downloads/transactions_090356580344.parquet', '/tmp/minio_downloads/transactions_090356632331.parquet', '/tmp/minio_downloads/transactions_090356677968.parquet', '/tmp/minio_downloads/transactions_090356730719.parquet', '/tmp/minio_downloads/transactions_090356805931.parquet', '/tmp/minio_downloads/transactions_090356874133.parquet', '/tmp/minio_downloads/transactions_090356921095.parquet', '/tmp/minio_downloads/transactions_090356966348.parquet', '/tmp/minio_downloads/transactions_090357009429.parquet', '/tmp/minio_downloads/transactions_090357055813.parquet', '/tmp/minio_downloads/transactions_090357106270.parquet', '/tmp/minio_downloads/transactions_090357156838.parquet', '/tmp/minio_downloads/transactions_090357200505.parquet', '/tmp/minio_downloads/transactions_090357261171.parquet', '/tmp/minio_downloads/transactions_090357304843.parquet', '/tmp/minio_downloads/transactions_090357351236.parquet', '/tmp/minio_downloads/transactions_090357394679.parquet', '/tmp/minio_downloads/transactions_090357440164.parquet', '/tmp/minio_downloads/transactions_090357490624.parquet', '/tmp/minio_downloads/transactions_090357538623.parquet', '/tmp/minio_downloads/transactions_090357589134.parquet', '/tmp/minio_downloads/transactions_090357651723.parquet', '/tmp/minio_downloads/transactions_090357702738.parquet', '/tmp/minio_downloads/transactions_090357760100.parquet', '/tmp/minio_downloads/transactions_090357801435.parquet', '/tmp/minio_downloads/transactions_090357851905.parquet', '/tmp/minio_downloads/transactions_090357912801.parquet', '/tmp/minio_downloads/transactions_090357960568.parquet', '/tmp/minio_downloads/transactions_090358004849.parquet', '/tmp/minio_downloads/transactions_090358056560.parquet', '/tmp/minio_downloads/transactions_090358105593.parquet', '/tmp/minio_downloads/transactions_090358162181.parquet', '/tmp/minio_downloads/transactions_090358208325.parquet', '/tmp/minio_downloads/transactions_090358259907.parquet', '/tmp/minio_downloads/transactions_090358303300.parquet', '/tmp/minio_downloads/transactions_090358355686.parquet', '/tmp/minio_downloads/transactions_090358405389.parquet', '/tmp/minio_downloads/transactions_090358443895.parquet', '/tmp/minio_downloads/transactions_090358557096.parquet', '/tmp/minio_downloads/transactions_090358604150.parquet', '/tmp/minio_downloads/transactions_090358674157.parquet', '/tmp/minio_downloads/transactions_090358720067.parquet', '/tmp/minio_downloads/transactions_090358769853.parquet', '/tmp/minio_downloads/transactions_090358814455.parquet', '/tmp/minio_downloads/transactions_090358863524.parquet', '/tmp/minio_downloads/transactions_090358934392.parquet', '/tmp/minio_downloads/transactions_090358979341.parquet', '/tmp/minio_downloads/transactions_090359023383.parquet', '/tmp/minio_downloads/transactions_090359073300.parquet', '/tmp/minio_downloads/transactions_090359125859.parquet', '/tmp/minio_downloads/transactions_090359170062.parquet', '/tmp/minio_downloads/transactions_090359215423.parquet', '/tmp/minio_downloads/transactions_090359261771.parquet', '/tmp/minio_downloads/transactions_090359309259.parquet', '/tmp/minio_downloads/transactions_090359352159.parquet', '/tmp/minio_downloads/transactions_090359412076.parquet', '/tmp/minio_downloads/transactions_090359479421.parquet', '/tmp/minio_downloads/transactions_090359532828.parquet', '/tmp/minio_downloads/transactions_090359614357.parquet', '/tmp/minio_downloads/transactions_090359687534.parquet', '/tmp/minio_downloads/transactions_090359742743.parquet', '/tmp/minio_downloads/transactions_090359809288.parquet', '/tmp/minio_downloads/transactions_090359858103.parquet', '/tmp/minio_downloads/transactions_090359917897.parquet', '/tmp/minio_downloads/transactions_090359961638.parquet', '/tmp/minio_downloads/transactions_090400008307.parquet', '/tmp/minio_downloads/transactions_090400055652.parquet', '/tmp/minio_downloads/transactions_090400100974.parquet', '/tmp/minio_downloads/transactions_090400154865.parquet', '/tmp/minio_downloads/transactions_090400199579.parquet', '/tmp/minio_downloads/transactions_090400244645.parquet', '/tmp/minio_downloads/transactions_090400302861.parquet', '/tmp/minio_downloads/transactions_090400414726.parquet', '/tmp/minio_downloads/transactions_090400462155.parquet', '/tmp/minio_downloads/transactions_090400508113.parquet', '/tmp/minio_downloads/transactions_090400551760.parquet', '/tmp/minio_downloads/transactions_090400598796.parquet', '/tmp/minio_downloads/transactions_090400650307.parquet', '/tmp/minio_downloads/transactions_090400718652.parquet', '/tmp/minio_downloads/transactions_090400764108.parquet', '/tmp/minio_downloads/transactions_090400811028.parquet', '/tmp/minio_downloads/transactions_090400854504.parquet', '/tmp/minio_downloads/transactions_090400901832.parquet', '/tmp/minio_downloads/transactions_090400963088.parquet', '/tmp/minio_downloads/transactions_090401013096.parquet', '/tmp/minio_downloads/transactions_090401055274.parquet', '/tmp/minio_downloads/transactions_090401109174.parquet', '/tmp/minio_downloads/transactions_090401158400.parquet', '/tmp/minio_downloads/transactions_090401204691.parquet', '/tmp/minio_downloads/transactions_090401251759.parquet', '/tmp/minio_downloads/transactions_090401308097.parquet', '/tmp/minio_downloads/transactions_090401353068.parquet', '/tmp/minio_downloads/transactions_090401399897.parquet', '/tmp/minio_downloads/transactions_090401443951.parquet', '/tmp/minio_downloads/transactions_090401488223.parquet', '/tmp/minio_downloads/transactions_090401532150.parquet', '/tmp/minio_downloads/transactions_090401575172.parquet', '/tmp/minio_downloads/transactions_090401621799.parquet', '/tmp/minio_downloads/transactions_090406088254.parquet', '/tmp/minio_downloads/transactions_090406146940.parquet', '/tmp/minio_downloads/transactions_090406202556.parquet', '/tmp/minio_downloads/transactions_090406248287.parquet', '/tmp/minio_downloads/transactions_090406323372.parquet', '/tmp/minio_downloads/transactions_090406401429.parquet', '/tmp/minio_downloads/transactions_090406455142.parquet', '/tmp/minio_downloads/transactions_090406512296.parquet', '/tmp/minio_downloads/transactions_090406599805.parquet', '/tmp/minio_downloads/transactions_090406655922.parquet', '/tmp/minio_downloads/transactions_090406718291.parquet', '/tmp/minio_downloads/transactions_090406794188.parquet', '/tmp/minio_downloads/transactions_090406889864.parquet', '/tmp/minio_downloads/transactions_090406963161.parquet', '/tmp/minio_downloads/transactions_090407014526.parquet', '/tmp/minio_downloads/transactions_090407064895.parquet', '/tmp/minio_downloads/transactions_090407119617.parquet', '/tmp/minio_downloads/transactions_090407171988.parquet', '/tmp/minio_downloads/transactions_090407247987.parquet', '/tmp/minio_downloads/transactions_090407315896.parquet', '/tmp/minio_downloads/transactions_090407371463.parquet', '/tmp/minio_downloads/transactions_090407450009.parquet', '/tmp/minio_downloads/transactions_090407516292.parquet', '/tmp/minio_downloads/transactions_090407566961.parquet', '/tmp/minio_downloads/transactions_090407631725.parquet', '/tmp/minio_downloads/transactions_090407676314.parquet', '/tmp/minio_downloads/transactions_090407722561.parquet', '/tmp/minio_downloads/transactions_090407771326.parquet', '/tmp/minio_downloads/transactions_090407819465.parquet', '/tmp/minio_downloads/transactions_090407866042.parquet', '/tmp/minio_downloads/transactions_090408004044.parquet', '/tmp/minio_downloads/transactions_090408052782.parquet', '/tmp/minio_downloads/transactions_090408101485.parquet', '/tmp/minio_downloads/transactions_090408154313.parquet', '/tmp/minio_downloads/transactions_090408200528.parquet', '/tmp/minio_downloads/transactions_090408249018.parquet', '/tmp/minio_downloads/transactions_090408312965.parquet', '/tmp/minio_downloads/transactions_090408375640.parquet', '/tmp/minio_downloads/transactions_090408429805.parquet', '/tmp/minio_downloads/transactions_090408481925.parquet', '/tmp/minio_downloads/transactions_090408529318.parquet', '/tmp/minio_downloads/transactions_090408587037.parquet', '/tmp/minio_downloads/transactions_090408632655.parquet', '/tmp/minio_downloads/transactions_090408679433.parquet', '/tmp/minio_downloads/transactions_090408727398.parquet', '/tmp/minio_downloads/transactions_090408782212.parquet', '/tmp/minio_downloads/transactions_090408835529.parquet', '/tmp/minio_downloads/transactions_090408886244.parquet', '/tmp/minio_downloads/transactions_090408932712.parquet', '/tmp/minio_downloads/transactions_090409006680.parquet', '/tmp/minio_downloads/transactions_090409060002.parquet', '/tmp/minio_downloads/transactions_090409104703.parquet', '/tmp/minio_downloads/transactions_090409152569.parquet', '/tmp/minio_downloads/transactions_090409197963.parquet', '/tmp/minio_downloads/transactions_090409244623.parquet', '/tmp/minio_downloads/transactions_090409296690.parquet', '/tmp/minio_downloads/transactions_090409372121.parquet', '/tmp/minio_downloads/transactions_090409417527.parquet', '/tmp/minio_downloads/transactions_090409479691.parquet', '/tmp/minio_downloads/transactions_090409546407.parquet', '/tmp/minio_downloads/transactions_090409623927.parquet', '/tmp/minio_downloads/transactions_090409676239.parquet', '/tmp/minio_downloads/transactions_090409719991.parquet', '/tmp/minio_downloads/transactions_090409773039.parquet', '/tmp/minio_downloads/transactions_090409828550.parquet', '/tmp/minio_downloads/transactions_090409882190.parquet', '/tmp/minio_downloads/transactions_090409928613.parquet', '/tmp/minio_downloads/transactions_090409979789.parquet', '/tmp/minio_downloads/transactions_090410029506.parquet', '/tmp/minio_downloads/transactions_090410087550.parquet', '/tmp/minio_downloads/transactions_090410197433.parquet', '/tmp/minio_downloads/transactions_090410244821.parquet', '/tmp/minio_downloads/transactions_090410290192.parquet', '/tmp/minio_downloads/transactions_090410344860.parquet', '/tmp/minio_downloads/transactions_090410400587.parquet', '/tmp/minio_downloads/transactions_090410457697.parquet', '/tmp/minio_downloads/transactions_090410525442.parquet', '/tmp/minio_downloads/transactions_090410572839.parquet', '/tmp/minio_downloads/transactions_090410619421.parquet']}
[2026-08-05T08:29:41.663+0000] {taskinstance.py:441} INFO - ::group::Post task execution logs
[2026-08-05T08:29:42.096+0000] {taskinstance.py:1206} INFO - Marking task as SUCCESS. dag_id=minio_to_snowflake_banking, task_id=download_minio, run_id=scheduled__2026-08-05T08:27:00+00:00, execution_date=20260805T082700, start_date=20260805T082859, end_date=20260805T082942
[2026-08-05T08:29:42.198+0000] {local_task_job_runner.py:243} INFO - Task exited with return code 0
[2026-08-05T08:29:42.789+0000] {taskinstance.py:3503} INFO - 1 downstream tasks scheduled from follow-on schedule check
[2026-08-05T08:29:42.792+0000] {local_task_job_runner.py:222} INFO - ::endgroup::
