[2026-08-05T05:27:46.749+0000] {processor.py:161} INFO - Started process (PID=25) to work on /opt/airflow/dags/minio_to_snowflake_dag.py
[2026-08-05T05:27:46.772+0000] {processor.py:830} INFO - Processing file /opt/airflow/dags/minio_to_snowflake_dag.py for tasks to queue
[2026-08-05T05:27:46.863+0000] {logging_mixin.py:188} INFO - [2026-08-05T05:27:46.861+0000] {dagbag.py:545} INFO - Filling up the DagBag from /opt/airflow/dags/minio_to_snowflake_dag.py
[2026-08-05T05:28:17.642+0000] {logging_mixin.py:188} INFO - [2026-08-05T05:28:17.642+0000] {timeout.py:68} ERROR - Process timed out, PID: 25
[2026-08-05T05:28:17.643+0000] {logging_mixin.py:188} WARNING - Exception ignored in: <module 'collections.abc' from '/usr/local/lib/python3.12/collections/abc.py'>
[2026-08-05T05:28:17.645+0000] {logging_mixin.py:188} WARNING - Traceback (most recent call last):
[2026-08-05T05:28:17.646+0000] {logging_mixin.py:188} WARNING -   File "<string>", line 0, in <module>
[2026-08-05T05:28:17.647+0000] {logging_mixin.py:188} WARNING -   File "/home/airflow/.local/lib/python3.12/site-packages/airflow/utils/timeout.py", line 69, in handle_timeout
[2026-08-05T05:28:17.757+0000] {logging_mixin.py:188} WARNING -     raise AirflowTaskTimeout(self.error_message)
[2026-08-05T05:28:17.948+0000] {logging_mixin.py:188} WARNING - airflow.exceptions.AirflowTaskTimeout: DagBag import timeout for /opt/airflow/dags/minio_to_snowflake_dag.py after 30.0s.
Please take a look at these docs to improve your DAG import time:
* https://airflow.apache.org/docs/apache-airflow/2.9.3/best-practices.html#top-level-python-code
* https://airflow.apache.org/docs/apache-airflow/2.9.3/best-practices.html#reducing-dag-complexity, PID: 25
[2026-08-05T05:28:18.014+0000] {logging_mixin.py:188} WARNING - <frozen importlib._bootstrap>:488 RuntimeWarning: Cython module failed to patch module with custom type
[2026-08-05T05:31:50.888+0000] {processor.py:161} INFO - Started process (PID=25) to work on /opt/airflow/dags/minio_to_snowflake_dag.py
[2026-08-05T05:31:51.466+0000] {processor.py:830} INFO - Processing file /opt/airflow/dags/minio_to_snowflake_dag.py for tasks to queue
[2026-08-05T05:31:51.979+0000] {logging_mixin.py:188} INFO - [2026-08-05T05:31:51.978+0000] {dagbag.py:545} INFO - Filling up the DagBag from /opt/airflow/dags/minio_to_snowflake_dag.py
[2026-08-05T05:32:22.666+0000] {logging_mixin.py:188} INFO - [2026-08-05T05:32:22.666+0000] {timeout.py:68} ERROR - Process timed out, PID: 25
[2026-08-05T05:32:56.394+0000] {processor.py:161} INFO - Started process (PID=26) to work on /opt/airflow/dags/minio_to_snowflake_dag.py
[2026-08-05T05:32:56.396+0000] {processor.py:830} INFO - Processing file /opt/airflow/dags/minio_to_snowflake_dag.py for tasks to queue
[2026-08-05T05:32:56.400+0000] {logging_mixin.py:188} INFO - [2026-08-05T05:32:56.400+0000] {dagbag.py:545} INFO - Filling up the DagBag from /opt/airflow/dags/minio_to_snowflake_dag.py
[2026-08-05T05:33:24.162+0000] {processor.py:840} INFO - DAG(s) 'minio_to_snowflake_banking' retrieved from /opt/airflow/dags/minio_to_snowflake_dag.py
[2026-08-05T05:33:25.012+0000] {logging_mixin.py:188} INFO - [2026-08-05T05:33:25.011+0000] {override.py:1858} INFO - Created Permission View: can read on DAG:minio_to_snowflake_banking
[2026-08-05T05:33:25.030+0000] {logging_mixin.py:188} INFO - [2026-08-05T05:33:25.029+0000] {override.py:1858} INFO - Created Permission View: can delete on DAG:minio_to_snowflake_banking
[2026-08-05T05:33:25.043+0000] {logging_mixin.py:188} INFO - [2026-08-05T05:33:25.042+0000] {override.py:1858} INFO - Created Permission View: can edit on DAG:minio_to_snowflake_banking
[2026-08-05T05:33:25.045+0000] {logging_mixin.py:188} INFO - [2026-08-05T05:33:25.044+0000] {dag.py:3089} INFO - Sync 1 DAGs
[2026-08-05T05:33:25.064+0000] {logging_mixin.py:188} INFO - [2026-08-05T05:33:25.063+0000] {dag.py:3111} INFO - Creating ORM DAG for minio_to_snowflake_banking
[2026-08-05T05:33:25.100+0000] {logging_mixin.py:188} INFO - [2026-08-05T05:33:25.099+0000] {dag.py:3947} INFO - Setting next_dagrun for minio_to_snowflake_banking to 2026-08-05 05:32:00+00:00, run_after=2026-08-05 05:33:00+00:00
[2026-08-05T05:33:25.131+0000] {processor.py:183} INFO - Processing /opt/airflow/dags/minio_to_snowflake_dag.py took 28.767 seconds
[2026-08-05T05:33:56.671+0000] {processor.py:161} INFO - Started process (PID=30) to work on /opt/airflow/dags/minio_to_snowflake_dag.py
[2026-08-05T05:33:56.722+0000] {processor.py:830} INFO - Processing file /opt/airflow/dags/minio_to_snowflake_dag.py for tasks to queue
[2026-08-05T05:33:57.412+0000] {logging_mixin.py:188} INFO - [2026-08-05T05:33:57.344+0000] {dagbag.py:545} INFO - Filling up the DagBag from /opt/airflow/dags/minio_to_snowflake_dag.py
[2026-08-05T05:34:25.656+0000] {processor.py:840} INFO - DAG(s) 'minio_to_snowflake_banking' retrieved from /opt/airflow/dags/minio_to_snowflake_dag.py
[2026-08-05T05:34:27.234+0000] {logging_mixin.py:188} INFO - [2026-08-05T05:34:27.233+0000] {dag.py:3089} INFO - Sync 1 DAGs
[2026-08-05T05:34:27.660+0000] {logging_mixin.py:188} INFO - [2026-08-05T05:34:27.660+0000] {dag.py:3947} INFO - Setting next_dagrun for minio_to_snowflake_banking to 2026-08-05 05:33:00+00:00, run_after=2026-08-05 05:34:00+00:00
[2026-08-05T05:34:27.778+0000] {processor.py:183} INFO - Processing /opt/airflow/dags/minio_to_snowflake_dag.py took 31.394 seconds
[2026-08-05T05:34:59.002+0000] {processor.py:161} INFO - Started process (PID=34) to work on /opt/airflow/dags/minio_to_snowflake_dag.py
[2026-08-05T05:34:59.004+0000] {processor.py:830} INFO - Processing file /opt/airflow/dags/minio_to_snowflake_dag.py for tasks to queue
[2026-08-05T05:34:59.010+0000] {logging_mixin.py:188} INFO - [2026-08-05T05:34:59.009+0000] {dagbag.py:545} INFO - Filling up the DagBag from /opt/airflow/dags/minio_to_snowflake_dag.py
[2026-08-05T05:35:16.762+0000] {processor.py:840} INFO - DAG(s) 'minio_to_snowflake_banking' retrieved from /opt/airflow/dags/minio_to_snowflake_dag.py
[2026-08-05T05:35:17.144+0000] {logging_mixin.py:188} INFO - [2026-08-05T05:35:17.144+0000] {dag.py:3089} INFO - Sync 1 DAGs
[2026-08-05T05:35:17.357+0000] {logging_mixin.py:188} INFO - [2026-08-05T05:35:17.356+0000] {dag.py:3947} INFO - Setting next_dagrun for minio_to_snowflake_banking to 2026-08-05 05:34:00+00:00, run_after=2026-08-05 05:35:00+00:00
[2026-08-05T05:35:17.978+0000] {processor.py:183} INFO - Processing /opt/airflow/dags/minio_to_snowflake_dag.py took 19.650 seconds
[2026-08-05T05:35:48.406+0000] {processor.py:161} INFO - Started process (PID=38) to work on /opt/airflow/dags/minio_to_snowflake_dag.py
[2026-08-05T05:35:48.409+0000] {processor.py:830} INFO - Processing file /opt/airflow/dags/minio_to_snowflake_dag.py for tasks to queue
[2026-08-05T05:35:48.415+0000] {logging_mixin.py:188} INFO - [2026-08-05T05:35:48.414+0000] {dagbag.py:545} INFO - Filling up the DagBag from /opt/airflow/dags/minio_to_snowflake_dag.py
[2026-08-05T05:35:56.678+0000] {processor.py:840} INFO - DAG(s) 'minio_to_snowflake_banking' retrieved from /opt/airflow/dags/minio_to_snowflake_dag.py
[2026-08-05T05:35:57.285+0000] {logging_mixin.py:188} INFO - [2026-08-05T05:35:57.284+0000] {dag.py:3089} INFO - Sync 1 DAGs
[2026-08-05T05:35:57.762+0000] {logging_mixin.py:188} INFO - [2026-08-05T05:35:57.762+0000] {dag.py:3947} INFO - Setting next_dagrun for minio_to_snowflake_banking to 2026-08-05 05:34:00+00:00, run_after=2026-08-05 05:35:00+00:00
[2026-08-05T05:35:57.860+0000] {processor.py:183} INFO - Processing /opt/airflow/dags/minio_to_snowflake_dag.py took 9.470 seconds
[2026-08-05T05:36:28.357+0000] {processor.py:161} INFO - Started process (PID=42) to work on /opt/airflow/dags/minio_to_snowflake_dag.py
[2026-08-05T05:36:28.362+0000] {processor.py:830} INFO - Processing file /opt/airflow/dags/minio_to_snowflake_dag.py for tasks to queue
[2026-08-05T05:36:28.372+0000] {logging_mixin.py:188} INFO - [2026-08-05T05:36:28.371+0000] {dagbag.py:545} INFO - Filling up the DagBag from /opt/airflow/dags/minio_to_snowflake_dag.py
[2026-08-05T05:36:46.192+0000] {processor.py:840} INFO - DAG(s) 'minio_to_snowflake_banking' retrieved from /opt/airflow/dags/minio_to_snowflake_dag.py
[2026-08-05T05:36:47.157+0000] {logging_mixin.py:188} INFO - [2026-08-05T05:36:47.156+0000] {dag.py:3089} INFO - Sync 1 DAGs
[2026-08-05T05:36:50.582+0000] {logging_mixin.py:188} INFO - [2026-08-05T05:36:50.581+0000] {dag.py:3947} INFO - Setting next_dagrun for minio_to_snowflake_banking to 2026-08-05 05:35:00+00:00, run_after=2026-08-05 05:36:00+00:00
[2026-08-05T05:36:52.496+0000] {processor.py:183} INFO - Processing /opt/airflow/dags/minio_to_snowflake_dag.py took 24.190 seconds
[2026-08-05T05:37:23.948+0000] {processor.py:161} INFO - Started process (PID=46) to work on /opt/airflow/dags/minio_to_snowflake_dag.py
[2026-08-05T05:37:23.953+0000] {processor.py:830} INFO - Processing file /opt/airflow/dags/minio_to_snowflake_dag.py for tasks to queue
[2026-08-05T05:37:23.962+0000] {logging_mixin.py:188} INFO - [2026-08-05T05:37:23.961+0000] {dagbag.py:545} INFO - Filling up the DagBag from /opt/airflow/dags/minio_to_snowflake_dag.py
[2026-08-05T05:37:30.251+0000] {processor.py:840} INFO - DAG(s) 'minio_to_snowflake_banking' retrieved from /opt/airflow/dags/minio_to_snowflake_dag.py
[2026-08-05T05:37:31.178+0000] {logging_mixin.py:188} INFO - [2026-08-05T05:37:31.176+0000] {dag.py:3089} INFO - Sync 1 DAGs
[2026-08-05T05:37:31.335+0000] {logging_mixin.py:188} INFO - [2026-08-05T05:37:31.334+0000] {dag.py:3947} INFO - Setting next_dagrun for minio_to_snowflake_banking to 2026-08-05 05:36:00+00:00, run_after=2026-08-05 05:37:00+00:00
[2026-08-05T05:37:31.675+0000] {processor.py:183} INFO - Processing /opt/airflow/dags/minio_to_snowflake_dag.py took 7.753 seconds
[2026-08-05T05:38:02.525+0000] {processor.py:161} INFO - Started process (PID=50) to work on /opt/airflow/dags/minio_to_snowflake_dag.py
[2026-08-05T05:38:02.528+0000] {processor.py:830} INFO - Processing file /opt/airflow/dags/minio_to_snowflake_dag.py for tasks to queue
[2026-08-05T05:38:02.533+0000] {logging_mixin.py:188} INFO - [2026-08-05T05:38:02.532+0000] {dagbag.py:545} INFO - Filling up the DagBag from /opt/airflow/dags/minio_to_snowflake_dag.py
[2026-08-05T05:38:06.123+0000] {processor.py:840} INFO - DAG(s) 'minio_to_snowflake_banking' retrieved from /opt/airflow/dags/minio_to_snowflake_dag.py
[2026-08-05T05:38:06.170+0000] {logging_mixin.py:188} INFO - [2026-08-05T05:38:06.170+0000] {dag.py:3089} INFO - Sync 1 DAGs
[2026-08-05T05:38:06.212+0000] {logging_mixin.py:188} INFO - [2026-08-05T05:38:06.212+0000] {dag.py:3947} INFO - Setting next_dagrun for minio_to_snowflake_banking to 2026-08-05 05:37:00+00:00, run_after=2026-08-05 05:38:00+00:00
[2026-08-05T05:38:06.271+0000] {processor.py:183} INFO - Processing /opt/airflow/dags/minio_to_snowflake_dag.py took 3.759 seconds
[2026-08-05T05:38:36.586+0000] {processor.py:161} INFO - Started process (PID=54) to work on /opt/airflow/dags/minio_to_snowflake_dag.py
[2026-08-05T05:38:36.589+0000] {processor.py:830} INFO - Processing file /opt/airflow/dags/minio_to_snowflake_dag.py for tasks to queue
[2026-08-05T05:38:36.595+0000] {logging_mixin.py:188} INFO - [2026-08-05T05:38:36.595+0000] {dagbag.py:545} INFO - Filling up the DagBag from /opt/airflow/dags/minio_to_snowflake_dag.py
[2026-08-05T05:38:38.605+0000] {processor.py:840} INFO - DAG(s) 'minio_to_snowflake_banking' retrieved from /opt/airflow/dags/minio_to_snowflake_dag.py
[2026-08-05T05:38:38.662+0000] {logging_mixin.py:188} INFO - [2026-08-05T05:38:38.662+0000] {dag.py:3089} INFO - Sync 1 DAGs
[2026-08-05T05:38:38.702+0000] {logging_mixin.py:188} INFO - [2026-08-05T05:38:38.702+0000] {dag.py:3947} INFO - Setting next_dagrun for minio_to_snowflake_banking to 2026-08-05 05:37:00+00:00, run_after=2026-08-05 05:38:00+00:00
[2026-08-05T05:38:38.731+0000] {processor.py:183} INFO - Processing /opt/airflow/dags/minio_to_snowflake_dag.py took 2.158 seconds
[2026-08-05T05:39:08.817+0000] {processor.py:161} INFO - Started process (PID=58) to work on /opt/airflow/dags/minio_to_snowflake_dag.py
[2026-08-05T05:39:08.820+0000] {processor.py:830} INFO - Processing file /opt/airflow/dags/minio_to_snowflake_dag.py for tasks to queue
[2026-08-05T05:39:08.824+0000] {logging_mixin.py:188} INFO - [2026-08-05T05:39:08.824+0000] {dagbag.py:545} INFO - Filling up the DagBag from /opt/airflow/dags/minio_to_snowflake_dag.py
[2026-08-05T05:39:10.043+0000] {processor.py:840} INFO - DAG(s) 'minio_to_snowflake_banking' retrieved from /opt/airflow/dags/minio_to_snowflake_dag.py
[2026-08-05T05:39:10.087+0000] {logging_mixin.py:188} INFO - [2026-08-05T05:39:10.086+0000] {dag.py:3089} INFO - Sync 1 DAGs
[2026-08-05T05:39:10.124+0000] {logging_mixin.py:188} INFO - [2026-08-05T05:39:10.123+0000] {dag.py:3947} INFO - Setting next_dagrun for minio_to_snowflake_banking to 2026-08-05 05:38:00+00:00, run_after=2026-08-05 05:39:00+00:00
[2026-08-05T05:39:10.152+0000] {processor.py:183} INFO - Processing /opt/airflow/dags/minio_to_snowflake_dag.py took 1.348 seconds
[2026-08-05T05:39:40.417+0000] {processor.py:161} INFO - Started process (PID=62) to work on /opt/airflow/dags/minio_to_snowflake_dag.py
[2026-08-05T05:39:40.420+0000] {processor.py:830} INFO - Processing file /opt/airflow/dags/minio_to_snowflake_dag.py for tasks to queue
[2026-08-05T05:39:40.425+0000] {logging_mixin.py:188} INFO - [2026-08-05T05:39:40.424+0000] {dagbag.py:545} INFO - Filling up the DagBag from /opt/airflow/dags/minio_to_snowflake_dag.py
[2026-08-05T05:39:41.694+0000] {processor.py:840} INFO - DAG(s) 'minio_to_snowflake_banking' retrieved from /opt/airflow/dags/minio_to_snowflake_dag.py
[2026-08-05T05:39:41.739+0000] {logging_mixin.py:188} INFO - [2026-08-05T05:39:41.739+0000] {dag.py:3089} INFO - Sync 1 DAGs
[2026-08-05T05:39:41.777+0000] {logging_mixin.py:188} INFO - [2026-08-05T05:39:41.777+0000] {dag.py:3947} INFO - Setting next_dagrun for minio_to_snowflake_banking to 2026-08-05 05:38:00+00:00, run_after=2026-08-05 05:39:00+00:00
[2026-08-05T05:39:41.806+0000] {processor.py:183} INFO - Processing /opt/airflow/dags/minio_to_snowflake_dag.py took 1.404 seconds
[2026-08-05T05:40:12.124+0000] {processor.py:161} INFO - Started process (PID=66) to work on /opt/airflow/dags/minio_to_snowflake_dag.py
[2026-08-05T05:40:12.126+0000] {processor.py:830} INFO - Processing file /opt/airflow/dags/minio_to_snowflake_dag.py for tasks to queue
[2026-08-05T05:40:12.130+0000] {logging_mixin.py:188} INFO - [2026-08-05T05:40:12.130+0000] {dagbag.py:545} INFO - Filling up the DagBag from /opt/airflow/dags/minio_to_snowflake_dag.py
[2026-08-05T05:40:13.312+0000] {processor.py:840} INFO - DAG(s) 'minio_to_snowflake_banking' retrieved from /opt/airflow/dags/minio_to_snowflake_dag.py
[2026-08-05T05:40:13.573+0000] {logging_mixin.py:188} INFO - [2026-08-05T05:40:13.572+0000] {dag.py:3089} INFO - Sync 1 DAGs
[2026-08-05T05:40:13.608+0000] {logging_mixin.py:188} INFO - [2026-08-05T05:40:13.607+0000] {dag.py:3947} INFO - Setting next_dagrun for minio_to_snowflake_banking to 2026-08-05 05:39:00+00:00, run_after=2026-08-05 05:40:00+00:00
[2026-08-05T05:40:13.638+0000] {processor.py:183} INFO - Processing /opt/airflow/dags/minio_to_snowflake_dag.py took 1.532 seconds
[2026-08-05T05:40:44.076+0000] {processor.py:161} INFO - Started process (PID=70) to work on /opt/airflow/dags/minio_to_snowflake_dag.py
[2026-08-05T05:40:44.078+0000] {processor.py:830} INFO - Processing file /opt/airflow/dags/minio_to_snowflake_dag.py for tasks to queue
[2026-08-05T05:40:44.081+0000] {logging_mixin.py:188} INFO - [2026-08-05T05:40:44.080+0000] {dagbag.py:545} INFO - Filling up the DagBag from /opt/airflow/dags/minio_to_snowflake_dag.py
[2026-08-05T05:40:44.829+0000] {processor.py:840} INFO - DAG(s) 'minio_to_snowflake_banking' retrieved from /opt/airflow/dags/minio_to_snowflake_dag.py
[2026-08-05T05:40:44.855+0000] {logging_mixin.py:188} INFO - [2026-08-05T05:40:44.855+0000] {dag.py:3089} INFO - Sync 1 DAGs
[2026-08-05T05:40:44.875+0000] {logging_mixin.py:188} INFO - [2026-08-05T05:40:44.875+0000] {dag.py:3947} INFO - Setting next_dagrun for minio_to_snowflake_banking to 2026-08-05 05:39:00+00:00, run_after=2026-08-05 05:40:00+00:00
[2026-08-05T05:40:44.892+0000] {processor.py:183} INFO - Processing /opt/airflow/dags/minio_to_snowflake_dag.py took 0.825 seconds
[2026-08-05T05:41:15.158+0000] {processor.py:161} INFO - Started process (PID=74) to work on /opt/airflow/dags/minio_to_snowflake_dag.py
[2026-08-05T05:41:15.160+0000] {processor.py:830} INFO - Processing file /opt/airflow/dags/minio_to_snowflake_dag.py for tasks to queue
[2026-08-05T05:41:15.162+0000] {logging_mixin.py:188} INFO - [2026-08-05T05:41:15.162+0000] {dagbag.py:545} INFO - Filling up the DagBag from /opt/airflow/dags/minio_to_snowflake_dag.py
[2026-08-05T05:41:15.933+0000] {processor.py:840} INFO - DAG(s) 'minio_to_snowflake_banking' retrieved from /opt/airflow/dags/minio_to_snowflake_dag.py
[2026-08-05T05:41:15.963+0000] {logging_mixin.py:188} INFO - [2026-08-05T05:41:15.963+0000] {dag.py:3089} INFO - Sync 1 DAGs
[2026-08-05T05:41:15.986+0000] {logging_mixin.py:188} INFO - [2026-08-05T05:41:15.985+0000] {dag.py:3947} INFO - Setting next_dagrun for minio_to_snowflake_banking to 2026-08-05 05:40:00+00:00, run_after=2026-08-05 05:41:00+00:00
[2026-08-05T05:41:16.003+0000] {processor.py:183} INFO - Processing /opt/airflow/dags/minio_to_snowflake_dag.py took 0.851 seconds
[2026-08-05T05:41:46.220+0000] {processor.py:161} INFO - Started process (PID=78) to work on /opt/airflow/dags/minio_to_snowflake_dag.py
[2026-08-05T05:41:46.221+0000] {processor.py:830} INFO - Processing file /opt/airflow/dags/minio_to_snowflake_dag.py for tasks to queue
[2026-08-05T05:41:46.224+0000] {logging_mixin.py:188} INFO - [2026-08-05T05:41:46.223+0000] {dagbag.py:545} INFO - Filling up the DagBag from /opt/airflow/dags/minio_to_snowflake_dag.py
[2026-08-05T05:41:47.238+0000] {processor.py:840} INFO - DAG(s) 'minio_to_snowflake_banking' retrieved from /opt/airflow/dags/minio_to_snowflake_dag.py
[2026-08-05T05:41:47.268+0000] {logging_mixin.py:188} INFO - [2026-08-05T05:41:47.267+0000] {dag.py:3089} INFO - Sync 1 DAGs
[2026-08-05T05:41:47.297+0000] {logging_mixin.py:188} INFO - [2026-08-05T05:41:47.297+0000] {dag.py:3947} INFO - Setting next_dagrun for minio_to_snowflake_banking to 2026-08-05 05:40:00+00:00, run_after=2026-08-05 05:41:00+00:00
[2026-08-05T05:41:47.316+0000] {processor.py:183} INFO - Processing /opt/airflow/dags/minio_to_snowflake_dag.py took 1.102 seconds
[2026-08-05T05:42:17.528+0000] {processor.py:161} INFO - Started process (PID=82) to work on /opt/airflow/dags/minio_to_snowflake_dag.py
[2026-08-05T05:42:17.529+0000] {processor.py:830} INFO - Processing file /opt/airflow/dags/minio_to_snowflake_dag.py for tasks to queue
[2026-08-05T05:42:17.531+0000] {logging_mixin.py:188} INFO - [2026-08-05T05:42:17.531+0000] {dagbag.py:545} INFO - Filling up the DagBag from /opt/airflow/dags/minio_to_snowflake_dag.py
[2026-08-05T05:42:18.233+0000] {processor.py:840} INFO - DAG(s) 'minio_to_snowflake_banking' retrieved from /opt/airflow/dags/minio_to_snowflake_dag.py
[2026-08-05T05:42:18.260+0000] {logging_mixin.py:188} INFO - [2026-08-05T05:42:18.260+0000] {dag.py:3089} INFO - Sync 1 DAGs
[2026-08-05T05:42:18.282+0000] {logging_mixin.py:188} INFO - [2026-08-05T05:42:18.282+0000] {dag.py:3947} INFO - Setting next_dagrun for minio_to_snowflake_banking to 2026-08-05 05:41:00+00:00, run_after=2026-08-05 05:42:00+00:00
[2026-08-05T05:42:18.301+0000] {processor.py:183} INFO - Processing /opt/airflow/dags/minio_to_snowflake_dag.py took 0.779 seconds
[2026-08-05T05:42:48.662+0000] {processor.py:161} INFO - Started process (PID=86) to work on /opt/airflow/dags/minio_to_snowflake_dag.py
[2026-08-05T05:42:48.664+0000] {processor.py:830} INFO - Processing file /opt/airflow/dags/minio_to_snowflake_dag.py for tasks to queue
[2026-08-05T05:42:48.667+0000] {logging_mixin.py:188} INFO - [2026-08-05T05:42:48.666+0000] {dagbag.py:545} INFO - Filling up the DagBag from /opt/airflow/dags/minio_to_snowflake_dag.py
[2026-08-05T05:42:50.556+0000] {processor.py:840} INFO - DAG(s) 'minio_to_snowflake_banking' retrieved from /opt/airflow/dags/minio_to_snowflake_dag.py
[2026-08-05T05:42:50.583+0000] {logging_mixin.py:188} INFO - [2026-08-05T05:42:50.583+0000] {dag.py:3089} INFO - Sync 1 DAGs
[2026-08-05T05:42:50.608+0000] {logging_mixin.py:188} INFO - [2026-08-05T05:42:50.607+0000] {dag.py:3947} INFO - Setting next_dagrun for minio_to_snowflake_banking to 2026-08-05 05:41:00+00:00, run_after=2026-08-05 05:42:00+00:00
[2026-08-05T05:42:50.631+0000] {processor.py:183} INFO - Processing /opt/airflow/dags/minio_to_snowflake_dag.py took 1.977 seconds
[2026-08-05T05:43:20.822+0000] {processor.py:161} INFO - Started process (PID=90) to work on /opt/airflow/dags/minio_to_snowflake_dag.py
[2026-08-05T05:43:20.824+0000] {processor.py:830} INFO - Processing file /opt/airflow/dags/minio_to_snowflake_dag.py for tasks to queue
[2026-08-05T05:43:20.826+0000] {logging_mixin.py:188} INFO - [2026-08-05T05:43:20.826+0000] {dagbag.py:545} INFO - Filling up the DagBag from /opt/airflow/dags/minio_to_snowflake_dag.py
[2026-08-05T05:43:21.471+0000] {processor.py:840} INFO - DAG(s) 'minio_to_snowflake_banking' retrieved from /opt/airflow/dags/minio_to_snowflake_dag.py
[2026-08-05T05:43:21.496+0000] {logging_mixin.py:188} INFO - [2026-08-05T05:43:21.496+0000] {dag.py:3089} INFO - Sync 1 DAGs
[2026-08-05T05:43:21.516+0000] {logging_mixin.py:188} INFO - [2026-08-05T05:43:21.516+0000] {dag.py:3947} INFO - Setting next_dagrun for minio_to_snowflake_banking to 2026-08-05 05:42:00+00:00, run_after=2026-08-05 05:43:00+00:00
[2026-08-05T05:43:21.533+0000] {processor.py:183} INFO - Processing /opt/airflow/dags/minio_to_snowflake_dag.py took 0.717 seconds
[2026-08-05T05:43:51.720+0000] {processor.py:161} INFO - Started process (PID=94) to work on /opt/airflow/dags/minio_to_snowflake_dag.py
[2026-08-05T05:43:51.721+0000] {processor.py:830} INFO - Processing file /opt/airflow/dags/minio_to_snowflake_dag.py for tasks to queue
[2026-08-05T05:43:51.724+0000] {logging_mixin.py:188} INFO - [2026-08-05T05:43:51.724+0000] {dagbag.py:545} INFO - Filling up the DagBag from /opt/airflow/dags/minio_to_snowflake_dag.py
[2026-08-05T05:43:52.470+0000] {processor.py:840} INFO - DAG(s) 'minio_to_snowflake_banking' retrieved from /opt/airflow/dags/minio_to_snowflake_dag.py
[2026-08-05T05:43:52.699+0000] {logging_mixin.py:188} INFO - [2026-08-05T05:43:52.699+0000] {dag.py:3089} INFO - Sync 1 DAGs
[2026-08-05T05:43:52.726+0000] {logging_mixin.py:188} INFO - [2026-08-05T05:43:52.726+0000] {dag.py:3947} INFO - Setting next_dagrun for minio_to_snowflake_banking to 2026-08-05 05:42:00+00:00, run_after=2026-08-05 05:43:00+00:00
[2026-08-05T05:43:52.745+0000] {processor.py:183} INFO - Processing /opt/airflow/dags/minio_to_snowflake_dag.py took 1.031 seconds
[2026-08-05T05:44:23.026+0000] {processor.py:161} INFO - Started process (PID=98) to work on /opt/airflow/dags/minio_to_snowflake_dag.py
[2026-08-05T05:44:23.027+0000] {processor.py:830} INFO - Processing file /opt/airflow/dags/minio_to_snowflake_dag.py for tasks to queue
[2026-08-05T05:44:23.030+0000] {logging_mixin.py:188} INFO - [2026-08-05T05:44:23.029+0000] {dagbag.py:545} INFO - Filling up the DagBag from /opt/airflow/dags/minio_to_snowflake_dag.py
[2026-08-05T05:44:23.678+0000] {processor.py:840} INFO - DAG(s) 'minio_to_snowflake_banking' retrieved from /opt/airflow/dags/minio_to_snowflake_dag.py
[2026-08-05T05:44:23.744+0000] {logging_mixin.py:188} INFO - [2026-08-05T05:44:23.744+0000] {dag.py:3089} INFO - Sync 1 DAGs
[2026-08-05T05:44:23.765+0000] {logging_mixin.py:188} INFO - [2026-08-05T05:44:23.765+0000] {dag.py:3947} INFO - Setting next_dagrun for minio_to_snowflake_banking to 2026-08-05 05:43:00+00:00, run_after=2026-08-05 05:44:00+00:00
[2026-08-05T05:44:23.784+0000] {processor.py:183} INFO - Processing /opt/airflow/dags/minio_to_snowflake_dag.py took 0.764 seconds
[2026-08-05T05:44:53.976+0000] {processor.py:161} INFO - Started process (PID=102) to work on /opt/airflow/dags/minio_to_snowflake_dag.py
[2026-08-05T05:44:53.978+0000] {processor.py:830} INFO - Processing file /opt/airflow/dags/minio_to_snowflake_dag.py for tasks to queue
[2026-08-05T05:44:53.981+0000] {logging_mixin.py:188} INFO - [2026-08-05T05:44:53.980+0000] {dagbag.py:545} INFO - Filling up the DagBag from /opt/airflow/dags/minio_to_snowflake_dag.py
[2026-08-05T05:44:54.677+0000] {processor.py:840} INFO - DAG(s) 'minio_to_snowflake_banking' retrieved from /opt/airflow/dags/minio_to_snowflake_dag.py
[2026-08-05T05:44:54.779+0000] {logging_mixin.py:188} INFO - [2026-08-05T05:44:54.779+0000] {dag.py:3089} INFO - Sync 1 DAGs
[2026-08-05T05:44:54.800+0000] {logging_mixin.py:188} INFO - [2026-08-05T05:44:54.800+0000] {dag.py:3947} INFO - Setting next_dagrun for minio_to_snowflake_banking to 2026-08-05 05:43:00+00:00, run_after=2026-08-05 05:44:00+00:00
[2026-08-05T05:44:54.819+0000] {processor.py:183} INFO - Processing /opt/airflow/dags/minio_to_snowflake_dag.py took 0.853 seconds
[2026-08-05T05:45:25.008+0000] {processor.py:161} INFO - Started process (PID=106) to work on /opt/airflow/dags/minio_to_snowflake_dag.py
[2026-08-05T05:45:25.010+0000] {processor.py:830} INFO - Processing file /opt/airflow/dags/minio_to_snowflake_dag.py for tasks to queue
[2026-08-05T05:45:25.013+0000] {logging_mixin.py:188} INFO - [2026-08-05T05:45:25.013+0000] {dagbag.py:545} INFO - Filling up the DagBag from /opt/airflow/dags/minio_to_snowflake_dag.py
[2026-08-05T05:45:25.661+0000] {processor.py:840} INFO - DAG(s) 'minio_to_snowflake_banking' retrieved from /opt/airflow/dags/minio_to_snowflake_dag.py
[2026-08-05T05:45:25.686+0000] {logging_mixin.py:188} INFO - [2026-08-05T05:45:25.686+0000] {dag.py:3089} INFO - Sync 1 DAGs
[2026-08-05T05:45:25.705+0000] {logging_mixin.py:188} INFO - [2026-08-05T05:45:25.705+0000] {dag.py:3947} INFO - Setting next_dagrun for minio_to_snowflake_banking to 2026-08-05 05:44:00+00:00, run_after=2026-08-05 05:45:00+00:00
[2026-08-05T05:45:25.722+0000] {processor.py:183} INFO - Processing /opt/airflow/dags/minio_to_snowflake_dag.py took 0.720 seconds
[2026-08-05T05:45:55.903+0000] {processor.py:161} INFO - Started process (PID=110) to work on /opt/airflow/dags/minio_to_snowflake_dag.py
[2026-08-05T05:45:55.904+0000] {processor.py:830} INFO - Processing file /opt/airflow/dags/minio_to_snowflake_dag.py for tasks to queue
[2026-08-05T05:45:55.907+0000] {logging_mixin.py:188} INFO - [2026-08-05T05:45:55.907+0000] {dagbag.py:545} INFO - Filling up the DagBag from /opt/airflow/dags/minio_to_snowflake_dag.py
[2026-08-05T05:45:56.600+0000] {processor.py:840} INFO - DAG(s) 'minio_to_snowflake_banking' retrieved from /opt/airflow/dags/minio_to_snowflake_dag.py
[2026-08-05T05:45:56.628+0000] {logging_mixin.py:188} INFO - [2026-08-05T05:45:56.627+0000] {dag.py:3089} INFO - Sync 1 DAGs
[2026-08-05T05:45:56.649+0000] {logging_mixin.py:188} INFO - [2026-08-05T05:45:56.649+0000] {dag.py:3947} INFO - Setting next_dagrun for minio_to_snowflake_banking to 2026-08-05 05:44:00+00:00, run_after=2026-08-05 05:45:00+00:00
[2026-08-05T05:45:56.665+0000] {processor.py:183} INFO - Processing /opt/airflow/dags/minio_to_snowflake_dag.py took 0.771 seconds
[2026-08-05T05:46:26.830+0000] {processor.py:161} INFO - Started process (PID=114) to work on /opt/airflow/dags/minio_to_snowflake_dag.py
[2026-08-05T05:46:26.832+0000] {processor.py:830} INFO - Processing file /opt/airflow/dags/minio_to_snowflake_dag.py for tasks to queue
[2026-08-05T05:46:26.834+0000] {logging_mixin.py:188} INFO - [2026-08-05T05:46:26.834+0000] {dagbag.py:545} INFO - Filling up the DagBag from /opt/airflow/dags/minio_to_snowflake_dag.py
[2026-08-05T05:46:27.450+0000] {processor.py:840} INFO - DAG(s) 'minio_to_snowflake_banking' retrieved from /opt/airflow/dags/minio_to_snowflake_dag.py
[2026-08-05T05:46:27.475+0000] {logging_mixin.py:188} INFO - [2026-08-05T05:46:27.474+0000] {dag.py:3089} INFO - Sync 1 DAGs
[2026-08-05T05:46:27.494+0000] {logging_mixin.py:188} INFO - [2026-08-05T05:46:27.494+0000] {dag.py:3947} INFO - Setting next_dagrun for minio_to_snowflake_banking to 2026-08-05 05:45:00+00:00, run_after=2026-08-05 05:46:00+00:00
[2026-08-05T05:46:27.510+0000] {processor.py:183} INFO - Processing /opt/airflow/dags/minio_to_snowflake_dag.py took 0.686 seconds
[2026-08-05T05:46:57.730+0000] {processor.py:161} INFO - Started process (PID=118) to work on /opt/airflow/dags/minio_to_snowflake_dag.py
[2026-08-05T05:46:57.731+0000] {processor.py:830} INFO - Processing file /opt/airflow/dags/minio_to_snowflake_dag.py for tasks to queue
[2026-08-05T05:46:57.734+0000] {logging_mixin.py:188} INFO - [2026-08-05T05:46:57.733+0000] {dagbag.py:545} INFO - Filling up the DagBag from /opt/airflow/dags/minio_to_snowflake_dag.py
[2026-08-05T05:46:58.371+0000] {processor.py:840} INFO - DAG(s) 'minio_to_snowflake_banking' retrieved from /opt/airflow/dags/minio_to_snowflake_dag.py
[2026-08-05T05:46:58.396+0000] {logging_mixin.py:188} INFO - [2026-08-05T05:46:58.395+0000] {dag.py:3089} INFO - Sync 1 DAGs
[2026-08-05T05:46:58.421+0000] {logging_mixin.py:188} INFO - [2026-08-05T05:46:58.421+0000] {dag.py:3947} INFO - Setting next_dagrun for minio_to_snowflake_banking to 2026-08-05 05:45:00+00:00, run_after=2026-08-05 05:46:00+00:00
[2026-08-05T05:46:58.437+0000] {processor.py:183} INFO - Processing /opt/airflow/dags/minio_to_snowflake_dag.py took 0.713 seconds
[2026-08-05T05:47:28.650+0000] {processor.py:161} INFO - Started process (PID=122) to work on /opt/airflow/dags/minio_to_snowflake_dag.py
[2026-08-05T05:47:28.652+0000] {processor.py:830} INFO - Processing file /opt/airflow/dags/minio_to_snowflake_dag.py for tasks to queue
[2026-08-05T05:47:28.656+0000] {logging_mixin.py:188} INFO - [2026-08-05T05:47:28.655+0000] {dagbag.py:545} INFO - Filling up the DagBag from /opt/airflow/dags/minio_to_snowflake_dag.py
[2026-08-05T05:47:29.473+0000] {processor.py:840} INFO - DAG(s) 'minio_to_snowflake_banking' retrieved from /opt/airflow/dags/minio_to_snowflake_dag.py
[2026-08-05T05:47:29.501+0000] {logging_mixin.py:188} INFO - [2026-08-05T05:47:29.501+0000] {dag.py:3089} INFO - Sync 1 DAGs
[2026-08-05T05:47:29.522+0000] {logging_mixin.py:188} INFO - [2026-08-05T05:47:29.522+0000] {dag.py:3947} INFO - Setting next_dagrun for minio_to_snowflake_banking to 2026-08-05 05:46:00+00:00, run_after=2026-08-05 05:47:00+00:00
[2026-08-05T05:47:29.539+0000] {processor.py:183} INFO - Processing /opt/airflow/dags/minio_to_snowflake_dag.py took 0.904 seconds
[2026-08-05T05:47:59.758+0000] {processor.py:161} INFO - Started process (PID=126) to work on /opt/airflow/dags/minio_to_snowflake_dag.py
[2026-08-05T05:47:59.759+0000] {processor.py:830} INFO - Processing file /opt/airflow/dags/minio_to_snowflake_dag.py for tasks to queue
[2026-08-05T05:47:59.762+0000] {logging_mixin.py:188} INFO - [2026-08-05T05:47:59.762+0000] {dagbag.py:545} INFO - Filling up the DagBag from /opt/airflow/dags/minio_to_snowflake_dag.py
[2026-08-05T05:48:00.407+0000] {processor.py:840} INFO - DAG(s) 'minio_to_snowflake_banking' retrieved from /opt/airflow/dags/minio_to_snowflake_dag.py
[2026-08-05T05:48:00.434+0000] {logging_mixin.py:188} INFO - [2026-08-05T05:48:00.434+0000] {dag.py:3089} INFO - Sync 1 DAGs
[2026-08-05T05:48:00.455+0000] {logging_mixin.py:188} INFO - [2026-08-05T05:48:00.455+0000] {dag.py:3947} INFO - Setting next_dagrun for minio_to_snowflake_banking to 2026-08-05 05:47:00+00:00, run_after=2026-08-05 05:48:00+00:00
[2026-08-05T05:48:00.472+0000] {processor.py:183} INFO - Processing /opt/airflow/dags/minio_to_snowflake_dag.py took 0.724 seconds
[2026-08-05T05:48:30.633+0000] {processor.py:161} INFO - Started process (PID=130) to work on /opt/airflow/dags/minio_to_snowflake_dag.py
[2026-08-05T05:48:30.635+0000] {processor.py:830} INFO - Processing file /opt/airflow/dags/minio_to_snowflake_dag.py for tasks to queue
[2026-08-05T05:48:30.638+0000] {logging_mixin.py:188} INFO - [2026-08-05T05:48:30.637+0000] {dagbag.py:545} INFO - Filling up the DagBag from /opt/airflow/dags/minio_to_snowflake_dag.py
[2026-08-05T05:48:31.400+0000] {processor.py:840} INFO - DAG(s) 'minio_to_snowflake_banking' retrieved from /opt/airflow/dags/minio_to_snowflake_dag.py
[2026-08-05T05:48:31.424+0000] {logging_mixin.py:188} INFO - [2026-08-05T05:48:31.424+0000] {dag.py:3089} INFO - Sync 1 DAGs
[2026-08-05T05:48:31.445+0000] {logging_mixin.py:188} INFO - [2026-08-05T05:48:31.444+0000] {dag.py:3947} INFO - Setting next_dagrun for minio_to_snowflake_banking to 2026-08-05 05:47:00+00:00, run_after=2026-08-05 05:48:00+00:00
[2026-08-05T05:48:31.460+0000] {processor.py:183} INFO - Processing /opt/airflow/dags/minio_to_snowflake_dag.py took 0.835 seconds
[2026-08-05T05:49:01.657+0000] {processor.py:161} INFO - Started process (PID=134) to work on /opt/airflow/dags/minio_to_snowflake_dag.py
[2026-08-05T05:49:01.659+0000] {processor.py:830} INFO - Processing file /opt/airflow/dags/minio_to_snowflake_dag.py for tasks to queue
[2026-08-05T05:49:01.661+0000] {logging_mixin.py:188} INFO - [2026-08-05T05:49:01.661+0000] {dagbag.py:545} INFO - Filling up the DagBag from /opt/airflow/dags/minio_to_snowflake_dag.py
[2026-08-05T05:49:02.330+0000] {processor.py:840} INFO - DAG(s) 'minio_to_snowflake_banking' retrieved from /opt/airflow/dags/minio_to_snowflake_dag.py
[2026-08-05T05:49:02.356+0000] {logging_mixin.py:188} INFO - [2026-08-05T05:49:02.356+0000] {dag.py:3089} INFO - Sync 1 DAGs
[2026-08-05T05:49:02.381+0000] {logging_mixin.py:188} INFO - [2026-08-05T05:49:02.380+0000] {dag.py:3947} INFO - Setting next_dagrun for minio_to_snowflake_banking to 2026-08-05 05:48:00+00:00, run_after=2026-08-05 05:49:00+00:00
[2026-08-05T05:49:02.401+0000] {processor.py:183} INFO - Processing /opt/airflow/dags/minio_to_snowflake_dag.py took 0.750 seconds
[2026-08-05T05:49:32.591+0000] {processor.py:161} INFO - Started process (PID=138) to work on /opt/airflow/dags/minio_to_snowflake_dag.py
[2026-08-05T05:49:32.592+0000] {processor.py:830} INFO - Processing file /opt/airflow/dags/minio_to_snowflake_dag.py for tasks to queue
[2026-08-05T05:49:32.595+0000] {logging_mixin.py:188} INFO - [2026-08-05T05:49:32.594+0000] {dagbag.py:545} INFO - Filling up the DagBag from /opt/airflow/dags/minio_to_snowflake_dag.py
[2026-08-05T05:49:33.276+0000] {processor.py:840} INFO - DAG(s) 'minio_to_snowflake_banking' retrieved from /opt/airflow/dags/minio_to_snowflake_dag.py
[2026-08-05T05:49:33.301+0000] {logging_mixin.py:188} INFO - [2026-08-05T05:49:33.300+0000] {dag.py:3089} INFO - Sync 1 DAGs
[2026-08-05T05:49:33.320+0000] {logging_mixin.py:188} INFO - [2026-08-05T05:49:33.320+0000] {dag.py:3947} INFO - Setting next_dagrun for minio_to_snowflake_banking to 2026-08-05 05:48:00+00:00, run_after=2026-08-05 05:49:00+00:00
[2026-08-05T05:49:33.337+0000] {processor.py:183} INFO - Processing /opt/airflow/dags/minio_to_snowflake_dag.py took 0.752 seconds
[2026-08-05T05:50:03.515+0000] {processor.py:161} INFO - Started process (PID=142) to work on /opt/airflow/dags/minio_to_snowflake_dag.py
[2026-08-05T05:50:03.516+0000] {processor.py:830} INFO - Processing file /opt/airflow/dags/minio_to_snowflake_dag.py for tasks to queue
[2026-08-05T05:50:03.519+0000] {logging_mixin.py:188} INFO - [2026-08-05T05:50:03.518+0000] {dagbag.py:545} INFO - Filling up the DagBag from /opt/airflow/dags/minio_to_snowflake_dag.py
[2026-08-05T05:50:04.136+0000] {processor.py:840} INFO - DAG(s) 'minio_to_snowflake_banking' retrieved from /opt/airflow/dags/minio_to_snowflake_dag.py
[2026-08-05T05:50:04.159+0000] {logging_mixin.py:188} INFO - [2026-08-05T05:50:04.159+0000] {dag.py:3089} INFO - Sync 1 DAGs
[2026-08-05T05:50:04.178+0000] {logging_mixin.py:188} INFO - [2026-08-05T05:50:04.178+0000] {dag.py:3947} INFO - Setting next_dagrun for minio_to_snowflake_banking to 2026-08-05 05:49:00+00:00, run_after=2026-08-05 05:50:00+00:00
[2026-08-05T05:50:04.194+0000] {processor.py:183} INFO - Processing /opt/airflow/dags/minio_to_snowflake_dag.py took 0.685 seconds
[2026-08-05T05:50:34.354+0000] {processor.py:161} INFO - Started process (PID=146) to work on /opt/airflow/dags/minio_to_snowflake_dag.py
[2026-08-05T05:50:34.355+0000] {processor.py:830} INFO - Processing file /opt/airflow/dags/minio_to_snowflake_dag.py for tasks to queue
[2026-08-05T05:50:34.357+0000] {logging_mixin.py:188} INFO - [2026-08-05T05:50:34.357+0000] {dagbag.py:545} INFO - Filling up the DagBag from /opt/airflow/dags/minio_to_snowflake_dag.py
[2026-08-05T05:50:34.966+0000] {processor.py:840} INFO - DAG(s) 'minio_to_snowflake_banking' retrieved from /opt/airflow/dags/minio_to_snowflake_dag.py
[2026-08-05T05:50:34.992+0000] {logging_mixin.py:188} INFO - [2026-08-05T05:50:34.992+0000] {dag.py:3089} INFO - Sync 1 DAGs
[2026-08-05T05:50:35.013+0000] {logging_mixin.py:188} INFO - [2026-08-05T05:50:35.013+0000] {dag.py:3947} INFO - Setting next_dagrun for minio_to_snowflake_banking to 2026-08-05 05:49:00+00:00, run_after=2026-08-05 05:50:00+00:00
[2026-08-05T05:50:35.029+0000] {processor.py:183} INFO - Processing /opt/airflow/dags/minio_to_snowflake_dag.py took 0.682 seconds
[2026-08-05T05:51:05.219+0000] {processor.py:161} INFO - Started process (PID=150) to work on /opt/airflow/dags/minio_to_snowflake_dag.py
[2026-08-05T05:51:05.221+0000] {processor.py:830} INFO - Processing file /opt/airflow/dags/minio_to_snowflake_dag.py for tasks to queue
[2026-08-05T05:51:05.223+0000] {logging_mixin.py:188} INFO - [2026-08-05T05:51:05.222+0000] {dagbag.py:545} INFO - Filling up the DagBag from /opt/airflow/dags/minio_to_snowflake_dag.py
[2026-08-05T05:51:05.842+0000] {processor.py:840} INFO - DAG(s) 'minio_to_snowflake_banking' retrieved from /opt/airflow/dags/minio_to_snowflake_dag.py
[2026-08-05T05:51:05.867+0000] {logging_mixin.py:188} INFO - [2026-08-05T05:51:05.867+0000] {dag.py:3089} INFO - Sync 1 DAGs
[2026-08-05T05:51:05.886+0000] {logging_mixin.py:188} INFO - [2026-08-05T05:51:05.886+0000] {dag.py:3947} INFO - Setting next_dagrun for minio_to_snowflake_banking to 2026-08-05 05:50:00+00:00, run_after=2026-08-05 05:51:00+00:00
[2026-08-05T05:51:05.904+0000] {processor.py:183} INFO - Processing /opt/airflow/dags/minio_to_snowflake_dag.py took 0.692 seconds
[2026-08-05T05:51:36.085+0000] {processor.py:161} INFO - Started process (PID=154) to work on /opt/airflow/dags/minio_to_snowflake_dag.py
[2026-08-05T05:51:36.086+0000] {processor.py:830} INFO - Processing file /opt/airflow/dags/minio_to_snowflake_dag.py for tasks to queue
[2026-08-05T05:51:36.089+0000] {logging_mixin.py:188} INFO - [2026-08-05T05:51:36.088+0000] {dagbag.py:545} INFO - Filling up the DagBag from /opt/airflow/dags/minio_to_snowflake_dag.py
[2026-08-05T05:51:36.707+0000] {processor.py:840} INFO - DAG(s) 'minio_to_snowflake_banking' retrieved from /opt/airflow/dags/minio_to_snowflake_dag.py
[2026-08-05T05:51:36.885+0000] {logging_mixin.py:188} INFO - [2026-08-05T05:51:36.885+0000] {dag.py:3089} INFO - Sync 1 DAGs
[2026-08-05T05:51:36.907+0000] {logging_mixin.py:188} INFO - [2026-08-05T05:51:36.907+0000] {dag.py:3947} INFO - Setting next_dagrun for minio_to_snowflake_banking to 2026-08-05 05:50:00+00:00, run_after=2026-08-05 05:51:00+00:00
[2026-08-05T05:51:36.924+0000] {processor.py:183} INFO - Processing /opt/airflow/dags/minio_to_snowflake_dag.py took 0.845 seconds
[2026-08-05T05:52:07.091+0000] {processor.py:161} INFO - Started process (PID=158) to work on /opt/airflow/dags/minio_to_snowflake_dag.py
[2026-08-05T05:52:07.092+0000] {processor.py:830} INFO - Processing file /opt/airflow/dags/minio_to_snowflake_dag.py for tasks to queue
[2026-08-05T05:52:07.094+0000] {logging_mixin.py:188} INFO - [2026-08-05T05:52:07.094+0000] {dagbag.py:545} INFO - Filling up the DagBag from /opt/airflow/dags/minio_to_snowflake_dag.py
[2026-08-05T05:52:07.702+0000] {processor.py:840} INFO - DAG(s) 'minio_to_snowflake_banking' retrieved from /opt/airflow/dags/minio_to_snowflake_dag.py
[2026-08-05T05:52:07.727+0000] {logging_mixin.py:188} INFO - [2026-08-05T05:52:07.727+0000] {dag.py:3089} INFO - Sync 1 DAGs
[2026-08-05T05:52:07.746+0000] {logging_mixin.py:188} INFO - [2026-08-05T05:52:07.746+0000] {dag.py:3947} INFO - Setting next_dagrun for minio_to_snowflake_banking to 2026-08-05 05:51:00+00:00, run_after=2026-08-05 05:52:00+00:00
[2026-08-05T05:52:07.763+0000] {processor.py:183} INFO - Processing /opt/airflow/dags/minio_to_snowflake_dag.py took 0.678 seconds
[2026-08-05T05:52:37.957+0000] {processor.py:161} INFO - Started process (PID=162) to work on /opt/airflow/dags/minio_to_snowflake_dag.py
[2026-08-05T05:52:37.959+0000] {processor.py:830} INFO - Processing file /opt/airflow/dags/minio_to_snowflake_dag.py for tasks to queue
[2026-08-05T05:52:37.962+0000] {logging_mixin.py:188} INFO - [2026-08-05T05:52:37.961+0000] {dagbag.py:545} INFO - Filling up the DagBag from /opt/airflow/dags/minio_to_snowflake_dag.py
[2026-08-05T05:52:38.617+0000] {processor.py:840} INFO - DAG(s) 'minio_to_snowflake_banking' retrieved from /opt/airflow/dags/minio_to_snowflake_dag.py
[2026-08-05T05:52:38.642+0000] {logging_mixin.py:188} INFO - [2026-08-05T05:52:38.641+0000] {dag.py:3089} INFO - Sync 1 DAGs
[2026-08-05T05:52:38.662+0000] {logging_mixin.py:188} INFO - [2026-08-05T05:52:38.661+0000] {dag.py:3947} INFO - Setting next_dagrun for minio_to_snowflake_banking to 2026-08-05 05:51:00+00:00, run_after=2026-08-05 05:52:00+00:00
[2026-08-05T05:52:38.679+0000] {processor.py:183} INFO - Processing /opt/airflow/dags/minio_to_snowflake_dag.py took 0.731 seconds
[2026-08-05T05:53:08.888+0000] {processor.py:161} INFO - Started process (PID=166) to work on /opt/airflow/dags/minio_to_snowflake_dag.py
[2026-08-05T05:53:08.890+0000] {processor.py:830} INFO - Processing file /opt/airflow/dags/minio_to_snowflake_dag.py for tasks to queue
[2026-08-05T05:53:08.893+0000] {logging_mixin.py:188} INFO - [2026-08-05T05:53:08.892+0000] {dagbag.py:545} INFO - Filling up the DagBag from /opt/airflow/dags/minio_to_snowflake_dag.py
[2026-08-05T05:53:09.518+0000] {processor.py:840} INFO - DAG(s) 'minio_to_snowflake_banking' retrieved from /opt/airflow/dags/minio_to_snowflake_dag.py
[2026-08-05T05:53:09.543+0000] {logging_mixin.py:188} INFO - [2026-08-05T05:53:09.543+0000] {dag.py:3089} INFO - Sync 1 DAGs
[2026-08-05T05:53:09.562+0000] {logging_mixin.py:188} INFO - [2026-08-05T05:53:09.562+0000] {dag.py:3947} INFO - Setting next_dagrun for minio_to_snowflake_banking to 2026-08-05 05:52:00+00:00, run_after=2026-08-05 05:53:00+00:00
[2026-08-05T05:53:09.579+0000] {processor.py:183} INFO - Processing /opt/airflow/dags/minio_to_snowflake_dag.py took 0.709 seconds
[2026-08-05T05:53:39.755+0000] {processor.py:161} INFO - Started process (PID=170) to work on /opt/airflow/dags/minio_to_snowflake_dag.py
[2026-08-05T05:53:39.756+0000] {processor.py:830} INFO - Processing file /opt/airflow/dags/minio_to_snowflake_dag.py for tasks to queue
[2026-08-05T05:53:39.758+0000] {logging_mixin.py:188} INFO - [2026-08-05T05:53:39.758+0000] {dagbag.py:545} INFO - Filling up the DagBag from /opt/airflow/dags/minio_to_snowflake_dag.py
[2026-08-05T05:53:40.388+0000] {processor.py:840} INFO - DAG(s) 'minio_to_snowflake_banking' retrieved from /opt/airflow/dags/minio_to_snowflake_dag.py
[2026-08-05T05:53:40.415+0000] {logging_mixin.py:188} INFO - [2026-08-05T05:53:40.414+0000] {dag.py:3089} INFO - Sync 1 DAGs
[2026-08-05T05:53:40.435+0000] {logging_mixin.py:188} INFO - [2026-08-05T05:53:40.435+0000] {dag.py:3947} INFO - Setting next_dagrun for minio_to_snowflake_banking to 2026-08-05 05:52:00+00:00, run_after=2026-08-05 05:53:00+00:00
[2026-08-05T05:53:40.451+0000] {processor.py:183} INFO - Processing /opt/airflow/dags/minio_to_snowflake_dag.py took 0.702 seconds
[2026-08-05T05:54:10.623+0000] {processor.py:161} INFO - Started process (PID=174) to work on /opt/airflow/dags/minio_to_snowflake_dag.py
[2026-08-05T05:54:10.625+0000] {processor.py:830} INFO - Processing file /opt/airflow/dags/minio_to_snowflake_dag.py for tasks to queue
[2026-08-05T05:54:10.628+0000] {logging_mixin.py:188} INFO - [2026-08-05T05:54:10.627+0000] {dagbag.py:545} INFO - Filling up the DagBag from /opt/airflow/dags/minio_to_snowflake_dag.py
[2026-08-05T05:54:11.283+0000] {processor.py:840} INFO - DAG(s) 'minio_to_snowflake_banking' retrieved from /opt/airflow/dags/minio_to_snowflake_dag.py
[2026-08-05T05:54:11.308+0000] {logging_mixin.py:188} INFO - [2026-08-05T05:54:11.308+0000] {dag.py:3089} INFO - Sync 1 DAGs
[2026-08-05T05:54:11.328+0000] {logging_mixin.py:188} INFO - [2026-08-05T05:54:11.327+0000] {dag.py:3947} INFO - Setting next_dagrun for minio_to_snowflake_banking to 2026-08-05 05:53:00+00:00, run_after=2026-08-05 05:54:00+00:00
[2026-08-05T05:54:11.346+0000] {processor.py:183} INFO - Processing /opt/airflow/dags/minio_to_snowflake_dag.py took 0.730 seconds
[2026-08-05T05:54:41.523+0000] {processor.py:161} INFO - Started process (PID=178) to work on /opt/airflow/dags/minio_to_snowflake_dag.py
[2026-08-05T05:54:41.525+0000] {processor.py:830} INFO - Processing file /opt/airflow/dags/minio_to_snowflake_dag.py for tasks to queue
[2026-08-05T05:54:41.528+0000] {logging_mixin.py:188} INFO - [2026-08-05T05:54:41.527+0000] {dagbag.py:545} INFO - Filling up the DagBag from /opt/airflow/dags/minio_to_snowflake_dag.py
[2026-08-05T05:54:42.151+0000] {processor.py:840} INFO - DAG(s) 'minio_to_snowflake_banking' retrieved from /opt/airflow/dags/minio_to_snowflake_dag.py
[2026-08-05T05:54:42.176+0000] {logging_mixin.py:188} INFO - [2026-08-05T05:54:42.175+0000] {dag.py:3089} INFO - Sync 1 DAGs
[2026-08-05T05:54:42.195+0000] {logging_mixin.py:188} INFO - [2026-08-05T05:54:42.195+0000] {dag.py:3947} INFO - Setting next_dagrun for minio_to_snowflake_banking to 2026-08-05 05:53:00+00:00, run_after=2026-08-05 05:54:00+00:00
[2026-08-05T05:54:42.211+0000] {processor.py:183} INFO - Processing /opt/airflow/dags/minio_to_snowflake_dag.py took 0.694 seconds
[2026-08-05T05:55:12.392+0000] {processor.py:161} INFO - Started process (PID=182) to work on /opt/airflow/dags/minio_to_snowflake_dag.py
[2026-08-05T05:55:12.394+0000] {processor.py:830} INFO - Processing file /opt/airflow/dags/minio_to_snowflake_dag.py for tasks to queue
[2026-08-05T05:55:12.396+0000] {logging_mixin.py:188} INFO - [2026-08-05T05:55:12.396+0000] {dagbag.py:545} INFO - Filling up the DagBag from /opt/airflow/dags/minio_to_snowflake_dag.py
[2026-08-05T05:55:13.081+0000] {processor.py:840} INFO - DAG(s) 'minio_to_snowflake_banking' retrieved from /opt/airflow/dags/minio_to_snowflake_dag.py
[2026-08-05T05:55:13.108+0000] {logging_mixin.py:188} INFO - [2026-08-05T05:55:13.107+0000] {dag.py:3089} INFO - Sync 1 DAGs
[2026-08-05T05:55:13.131+0000] {logging_mixin.py:188} INFO - [2026-08-05T05:55:13.131+0000] {dag.py:3947} INFO - Setting next_dagrun for minio_to_snowflake_banking to 2026-08-05 05:54:00+00:00, run_after=2026-08-05 05:55:00+00:00
[2026-08-05T05:55:13.151+0000] {processor.py:183} INFO - Processing /opt/airflow/dags/minio_to_snowflake_dag.py took 0.765 seconds
[2026-08-05T05:55:43.344+0000] {processor.py:161} INFO - Started process (PID=186) to work on /opt/airflow/dags/minio_to_snowflake_dag.py
[2026-08-05T05:55:43.346+0000] {processor.py:830} INFO - Processing file /opt/airflow/dags/minio_to_snowflake_dag.py for tasks to queue
[2026-08-05T05:55:43.349+0000] {logging_mixin.py:188} INFO - [2026-08-05T05:55:43.348+0000] {dagbag.py:545} INFO - Filling up the DagBag from /opt/airflow/dags/minio_to_snowflake_dag.py
[2026-08-05T05:55:44.107+0000] {processor.py:840} INFO - DAG(s) 'minio_to_snowflake_banking' retrieved from /opt/airflow/dags/minio_to_snowflake_dag.py
[2026-08-05T05:55:44.133+0000] {logging_mixin.py:188} INFO - [2026-08-05T05:55:44.132+0000] {dag.py:3089} INFO - Sync 1 DAGs
[2026-08-05T05:55:44.152+0000] {logging_mixin.py:188} INFO - [2026-08-05T05:55:44.152+0000] {dag.py:3947} INFO - Setting next_dagrun for minio_to_snowflake_banking to 2026-08-05 05:54:00+00:00, run_after=2026-08-05 05:55:00+00:00
[2026-08-05T05:55:44.169+0000] {processor.py:183} INFO - Processing /opt/airflow/dags/minio_to_snowflake_dag.py took 0.836 seconds
[2026-08-05T05:56:14.346+0000] {processor.py:161} INFO - Started process (PID=190) to work on /opt/airflow/dags/minio_to_snowflake_dag.py
[2026-08-05T05:56:14.347+0000] {processor.py:830} INFO - Processing file /opt/airflow/dags/minio_to_snowflake_dag.py for tasks to queue
[2026-08-05T05:56:14.350+0000] {logging_mixin.py:188} INFO - [2026-08-05T05:56:14.349+0000] {dagbag.py:545} INFO - Filling up the DagBag from /opt/airflow/dags/minio_to_snowflake_dag.py
[2026-08-05T05:56:15.010+0000] {processor.py:840} INFO - DAG(s) 'minio_to_snowflake_banking' retrieved from /opt/airflow/dags/minio_to_snowflake_dag.py
[2026-08-05T05:56:15.034+0000] {logging_mixin.py:188} INFO - [2026-08-05T05:56:15.034+0000] {dag.py:3089} INFO - Sync 1 DAGs
[2026-08-05T05:56:15.054+0000] {logging_mixin.py:188} INFO - [2026-08-05T05:56:15.053+0000] {dag.py:3947} INFO - Setting next_dagrun for minio_to_snowflake_banking to 2026-08-05 05:55:00+00:00, run_after=2026-08-05 05:56:00+00:00
[2026-08-05T05:56:15.070+0000] {processor.py:183} INFO - Processing /opt/airflow/dags/minio_to_snowflake_dag.py took 0.730 seconds
[2026-08-05T05:56:45.158+0000] {processor.py:161} INFO - Started process (PID=194) to work on /opt/airflow/dags/minio_to_snowflake_dag.py
[2026-08-05T05:56:45.160+0000] {processor.py:830} INFO - Processing file /opt/airflow/dags/minio_to_snowflake_dag.py for tasks to queue
[2026-08-05T05:56:45.162+0000] {logging_mixin.py:188} INFO - [2026-08-05T05:56:45.162+0000] {dagbag.py:545} INFO - Filling up the DagBag from /opt/airflow/dags/minio_to_snowflake_dag.py
[2026-08-05T05:56:45.769+0000] {processor.py:840} INFO - DAG(s) 'minio_to_snowflake_banking' retrieved from /opt/airflow/dags/minio_to_snowflake_dag.py
[2026-08-05T05:56:45.793+0000] {logging_mixin.py:188} INFO - [2026-08-05T05:56:45.792+0000] {dag.py:3089} INFO - Sync 1 DAGs
[2026-08-05T05:56:45.812+0000] {logging_mixin.py:188} INFO - [2026-08-05T05:56:45.812+0000] {dag.py:3947} INFO - Setting next_dagrun for minio_to_snowflake_banking to 2026-08-05 05:55:00+00:00, run_after=2026-08-05 05:56:00+00:00
[2026-08-05T05:56:45.829+0000] {processor.py:183} INFO - Processing /opt/airflow/dags/minio_to_snowflake_dag.py took 0.678 seconds
[2026-08-05T05:57:16.011+0000] {processor.py:161} INFO - Started process (PID=198) to work on /opt/airflow/dags/minio_to_snowflake_dag.py
[2026-08-05T05:57:16.013+0000] {processor.py:830} INFO - Processing file /opt/airflow/dags/minio_to_snowflake_dag.py for tasks to queue
[2026-08-05T05:57:16.016+0000] {logging_mixin.py:188} INFO - [2026-08-05T05:57:16.015+0000] {dagbag.py:545} INFO - Filling up the DagBag from /opt/airflow/dags/minio_to_snowflake_dag.py
[2026-08-05T05:57:16.630+0000] {processor.py:840} INFO - DAG(s) 'minio_to_snowflake_banking' retrieved from /opt/airflow/dags/minio_to_snowflake_dag.py
[2026-08-05T05:57:16.654+0000] {logging_mixin.py:188} INFO - [2026-08-05T05:57:16.654+0000] {dag.py:3089} INFO - Sync 1 DAGs
[2026-08-05T05:57:16.673+0000] {logging_mixin.py:188} INFO - [2026-08-05T05:57:16.673+0000] {dag.py:3947} INFO - Setting next_dagrun for minio_to_snowflake_banking to 2026-08-05 05:56:00+00:00, run_after=2026-08-05 05:57:00+00:00
[2026-08-05T05:57:16.690+0000] {processor.py:183} INFO - Processing /opt/airflow/dags/minio_to_snowflake_dag.py took 0.686 seconds
[2026-08-05T05:57:46.865+0000] {processor.py:161} INFO - Started process (PID=202) to work on /opt/airflow/dags/minio_to_snowflake_dag.py
[2026-08-05T05:57:46.867+0000] {processor.py:830} INFO - Processing file /opt/airflow/dags/minio_to_snowflake_dag.py for tasks to queue
[2026-08-05T05:57:46.870+0000] {logging_mixin.py:188} INFO - [2026-08-05T05:57:46.869+0000] {dagbag.py:545} INFO - Filling up the DagBag from /opt/airflow/dags/minio_to_snowflake_dag.py
[2026-08-05T05:57:47.499+0000] {processor.py:840} INFO - DAG(s) 'minio_to_snowflake_banking' retrieved from /opt/airflow/dags/minio_to_snowflake_dag.py
[2026-08-05T05:57:47.524+0000] {logging_mixin.py:188} INFO - [2026-08-05T05:57:47.524+0000] {dag.py:3089} INFO - Sync 1 DAGs
[2026-08-05T05:57:47.543+0000] {logging_mixin.py:188} INFO - [2026-08-05T05:57:47.543+0000] {dag.py:3947} INFO - Setting next_dagrun for minio_to_snowflake_banking to 2026-08-05 05:56:00+00:00, run_after=2026-08-05 05:57:00+00:00
[2026-08-05T05:57:47.560+0000] {processor.py:183} INFO - Processing /opt/airflow/dags/minio_to_snowflake_dag.py took 0.703 seconds
[2026-08-05T05:58:17.667+0000] {processor.py:161} INFO - Started process (PID=206) to work on /opt/airflow/dags/minio_to_snowflake_dag.py
[2026-08-05T05:58:17.669+0000] {processor.py:830} INFO - Processing file /opt/airflow/dags/minio_to_snowflake_dag.py for tasks to queue
[2026-08-05T05:58:17.675+0000] {logging_mixin.py:188} INFO - [2026-08-05T05:58:17.674+0000] {dagbag.py:545} INFO - Filling up the DagBag from /opt/airflow/dags/minio_to_snowflake_dag.py
[2026-08-05T05:58:18.313+0000] {processor.py:840} INFO - DAG(s) 'minio_to_snowflake_banking' retrieved from /opt/airflow/dags/minio_to_snowflake_dag.py
[2026-08-05T05:58:18.336+0000] {logging_mixin.py:188} INFO - [2026-08-05T05:58:18.336+0000] {dag.py:3089} INFO - Sync 1 DAGs
[2026-08-05T05:58:18.355+0000] {logging_mixin.py:188} INFO - [2026-08-05T05:58:18.355+0000] {dag.py:3947} INFO - Setting next_dagrun for minio_to_snowflake_banking to 2026-08-05 05:57:00+00:00, run_after=2026-08-05 05:58:00+00:00
[2026-08-05T05:58:18.371+0000] {processor.py:183} INFO - Processing /opt/airflow/dags/minio_to_snowflake_dag.py took 0.709 seconds
[2026-08-05T05:58:48.555+0000] {processor.py:161} INFO - Started process (PID=210) to work on /opt/airflow/dags/minio_to_snowflake_dag.py
[2026-08-05T05:58:48.557+0000] {processor.py:830} INFO - Processing file /opt/airflow/dags/minio_to_snowflake_dag.py for tasks to queue
[2026-08-05T05:58:48.559+0000] {logging_mixin.py:188} INFO - [2026-08-05T05:58:48.559+0000] {dagbag.py:545} INFO - Filling up the DagBag from /opt/airflow/dags/minio_to_snowflake_dag.py
[2026-08-05T05:58:49.230+0000] {processor.py:840} INFO - DAG(s) 'minio_to_snowflake_banking' retrieved from /opt/airflow/dags/minio_to_snowflake_dag.py
[2026-08-05T05:58:49.255+0000] {logging_mixin.py:188} INFO - [2026-08-05T05:58:49.255+0000] {dag.py:3089} INFO - Sync 1 DAGs
[2026-08-05T05:58:49.281+0000] {logging_mixin.py:188} INFO - [2026-08-05T05:58:49.281+0000] {dag.py:3947} INFO - Setting next_dagrun for minio_to_snowflake_banking to 2026-08-05 05:57:00+00:00, run_after=2026-08-05 05:58:00+00:00
[2026-08-05T05:58:49.298+0000] {processor.py:183} INFO - Processing /opt/airflow/dags/minio_to_snowflake_dag.py took 0.751 seconds
[2026-08-05T05:59:19.473+0000] {processor.py:161} INFO - Started process (PID=214) to work on /opt/airflow/dags/minio_to_snowflake_dag.py
[2026-08-05T05:59:19.475+0000] {processor.py:830} INFO - Processing file /opt/airflow/dags/minio_to_snowflake_dag.py for tasks to queue
[2026-08-05T05:59:19.477+0000] {logging_mixin.py:188} INFO - [2026-08-05T05:59:19.477+0000] {dagbag.py:545} INFO - Filling up the DagBag from /opt/airflow/dags/minio_to_snowflake_dag.py
[2026-08-05T05:59:20.079+0000] {processor.py:840} INFO - DAG(s) 'minio_to_snowflake_banking' retrieved from /opt/airflow/dags/minio_to_snowflake_dag.py
[2026-08-05T05:59:20.101+0000] {logging_mixin.py:188} INFO - [2026-08-05T05:59:20.101+0000] {dag.py:3089} INFO - Sync 1 DAGs
[2026-08-05T05:59:20.120+0000] {logging_mixin.py:188} INFO - [2026-08-05T05:59:20.120+0000] {dag.py:3947} INFO - Setting next_dagrun for minio_to_snowflake_banking to 2026-08-05 05:58:00+00:00, run_after=2026-08-05 05:59:00+00:00
[2026-08-05T05:59:20.137+0000] {processor.py:183} INFO - Processing /opt/airflow/dags/minio_to_snowflake_dag.py took 0.670 seconds
[2026-08-05T05:59:50.299+0000] {processor.py:161} INFO - Started process (PID=218) to work on /opt/airflow/dags/minio_to_snowflake_dag.py
[2026-08-05T05:59:50.300+0000] {processor.py:830} INFO - Processing file /opt/airflow/dags/minio_to_snowflake_dag.py for tasks to queue
[2026-08-05T05:59:50.303+0000] {logging_mixin.py:188} INFO - [2026-08-05T05:59:50.303+0000] {dagbag.py:545} INFO - Filling up the DagBag from /opt/airflow/dags/minio_to_snowflake_dag.py
[2026-08-05T05:59:50.937+0000] {processor.py:840} INFO - DAG(s) 'minio_to_snowflake_banking' retrieved from /opt/airflow/dags/minio_to_snowflake_dag.py
[2026-08-05T05:59:50.963+0000] {logging_mixin.py:188} INFO - [2026-08-05T05:59:50.963+0000] {dag.py:3089} INFO - Sync 1 DAGs
[2026-08-05T05:59:50.982+0000] {logging_mixin.py:188} INFO - [2026-08-05T05:59:50.982+0000] {dag.py:3947} INFO - Setting next_dagrun for minio_to_snowflake_banking to 2026-08-05 05:58:00+00:00, run_after=2026-08-05 05:59:00+00:00
[2026-08-05T05:59:50.998+0000] {processor.py:183} INFO - Processing /opt/airflow/dags/minio_to_snowflake_dag.py took 0.707 seconds
[2026-08-05T06:00:21.178+0000] {processor.py:161} INFO - Started process (PID=222) to work on /opt/airflow/dags/minio_to_snowflake_dag.py
[2026-08-05T06:00:21.180+0000] {processor.py:830} INFO - Processing file /opt/airflow/dags/minio_to_snowflake_dag.py for tasks to queue
[2026-08-05T06:00:21.182+0000] {logging_mixin.py:188} INFO - [2026-08-05T06:00:21.182+0000] {dagbag.py:545} INFO - Filling up the DagBag from /opt/airflow/dags/minio_to_snowflake_dag.py
[2026-08-05T06:00:21.796+0000] {processor.py:840} INFO - DAG(s) 'minio_to_snowflake_banking' retrieved from /opt/airflow/dags/minio_to_snowflake_dag.py
[2026-08-05T06:00:21.820+0000] {logging_mixin.py:188} INFO - [2026-08-05T06:00:21.820+0000] {dag.py:3089} INFO - Sync 1 DAGs
[2026-08-05T06:00:21.840+0000] {logging_mixin.py:188} INFO - [2026-08-05T06:00:21.840+0000] {dag.py:3947} INFO - Setting next_dagrun for minio_to_snowflake_banking to 2026-08-05 05:59:00+00:00, run_after=2026-08-05 06:00:00+00:00
[2026-08-05T06:00:21.858+0000] {processor.py:183} INFO - Processing /opt/airflow/dags/minio_to_snowflake_dag.py took 0.685 seconds
[2026-08-05T06:00:52.114+0000] {processor.py:161} INFO - Started process (PID=226) to work on /opt/airflow/dags/minio_to_snowflake_dag.py
[2026-08-05T06:00:52.115+0000] {processor.py:830} INFO - Processing file /opt/airflow/dags/minio_to_snowflake_dag.py for tasks to queue
[2026-08-05T06:00:52.118+0000] {logging_mixin.py:188} INFO - [2026-08-05T06:00:52.117+0000] {dagbag.py:545} INFO - Filling up the DagBag from /opt/airflow/dags/minio_to_snowflake_dag.py
[2026-08-05T06:00:52.774+0000] {processor.py:840} INFO - DAG(s) 'minio_to_snowflake_banking' retrieved from /opt/airflow/dags/minio_to_snowflake_dag.py
[2026-08-05T06:00:52.799+0000] {logging_mixin.py:188} INFO - [2026-08-05T06:00:52.798+0000] {dag.py:3089} INFO - Sync 1 DAGs
[2026-08-05T06:00:52.821+0000] {logging_mixin.py:188} INFO - [2026-08-05T06:00:52.820+0000] {dag.py:3947} INFO - Setting next_dagrun for minio_to_snowflake_banking to 2026-08-05 05:59:00+00:00, run_after=2026-08-05 06:00:00+00:00
[2026-08-05T06:00:52.837+0000] {processor.py:183} INFO - Processing /opt/airflow/dags/minio_to_snowflake_dag.py took 0.733 seconds
[2026-08-05T06:01:23.008+0000] {processor.py:161} INFO - Started process (PID=230) to work on /opt/airflow/dags/minio_to_snowflake_dag.py
[2026-08-05T06:01:23.010+0000] {processor.py:830} INFO - Processing file /opt/airflow/dags/minio_to_snowflake_dag.py for tasks to queue
[2026-08-05T06:01:23.013+0000] {logging_mixin.py:188} INFO - [2026-08-05T06:01:23.012+0000] {dagbag.py:545} INFO - Filling up the DagBag from /opt/airflow/dags/minio_to_snowflake_dag.py
[2026-08-05T06:01:23.695+0000] {processor.py:840} INFO - DAG(s) 'minio_to_snowflake_banking' retrieved from /opt/airflow/dags/minio_to_snowflake_dag.py
[2026-08-05T06:01:23.722+0000] {logging_mixin.py:188} INFO - [2026-08-05T06:01:23.722+0000] {dag.py:3089} INFO - Sync 1 DAGs
[2026-08-05T06:01:23.742+0000] {logging_mixin.py:188} INFO - [2026-08-05T06:01:23.742+0000] {dag.py:3947} INFO - Setting next_dagrun for minio_to_snowflake_banking to 2026-08-05 06:00:00+00:00, run_after=2026-08-05 06:01:00+00:00
[2026-08-05T06:01:23.759+0000] {processor.py:183} INFO - Processing /opt/airflow/dags/minio_to_snowflake_dag.py took 0.757 seconds
[2026-08-05T06:01:53.911+0000] {processor.py:161} INFO - Started process (PID=234) to work on /opt/airflow/dags/minio_to_snowflake_dag.py
[2026-08-05T06:01:53.912+0000] {processor.py:830} INFO - Processing file /opt/airflow/dags/minio_to_snowflake_dag.py for tasks to queue
[2026-08-05T06:01:53.914+0000] {logging_mixin.py:188} INFO - [2026-08-05T06:01:53.914+0000] {dagbag.py:545} INFO - Filling up the DagBag from /opt/airflow/dags/minio_to_snowflake_dag.py
[2026-08-05T06:01:54.529+0000] {processor.py:840} INFO - DAG(s) 'minio_to_snowflake_banking' retrieved from /opt/airflow/dags/minio_to_snowflake_dag.py
[2026-08-05T06:01:54.556+0000] {logging_mixin.py:188} INFO - [2026-08-05T06:01:54.556+0000] {dag.py:3089} INFO - Sync 1 DAGs
[2026-08-05T06:01:54.575+0000] {logging_mixin.py:188} INFO - [2026-08-05T06:01:54.575+0000] {dag.py:3947} INFO - Setting next_dagrun for minio_to_snowflake_banking to 2026-08-05 06:00:00+00:00, run_after=2026-08-05 06:01:00+00:00
[2026-08-05T06:01:54.591+0000] {processor.py:183} INFO - Processing /opt/airflow/dags/minio_to_snowflake_dag.py took 0.691 seconds
[2026-08-05T06:02:24.765+0000] {processor.py:161} INFO - Started process (PID=238) to work on /opt/airflow/dags/minio_to_snowflake_dag.py
[2026-08-05T06:02:24.766+0000] {processor.py:830} INFO - Processing file /opt/airflow/dags/minio_to_snowflake_dag.py for tasks to queue
[2026-08-05T06:02:24.768+0000] {logging_mixin.py:188} INFO - [2026-08-05T06:02:24.768+0000] {dagbag.py:545} INFO - Filling up the DagBag from /opt/airflow/dags/minio_to_snowflake_dag.py
[2026-08-05T06:02:25.420+0000] {processor.py:840} INFO - DAG(s) 'minio_to_snowflake_banking' retrieved from /opt/airflow/dags/minio_to_snowflake_dag.py
[2026-08-05T06:02:25.445+0000] {logging_mixin.py:188} INFO - [2026-08-05T06:02:25.445+0000] {dag.py:3089} INFO - Sync 1 DAGs
[2026-08-05T06:02:25.465+0000] {logging_mixin.py:188} INFO - [2026-08-05T06:02:25.465+0000] {dag.py:3947} INFO - Setting next_dagrun for minio_to_snowflake_banking to 2026-08-05 06:01:00+00:00, run_after=2026-08-05 06:02:00+00:00
[2026-08-05T06:02:25.482+0000] {processor.py:183} INFO - Processing /opt/airflow/dags/minio_to_snowflake_dag.py took 0.725 seconds
[2026-08-05T06:02:55.643+0000] {processor.py:161} INFO - Started process (PID=242) to work on /opt/airflow/dags/minio_to_snowflake_dag.py
[2026-08-05T06:02:55.644+0000] {processor.py:830} INFO - Processing file /opt/airflow/dags/minio_to_snowflake_dag.py for tasks to queue
[2026-08-05T06:02:55.647+0000] {logging_mixin.py:188} INFO - [2026-08-05T06:02:55.646+0000] {dagbag.py:545} INFO - Filling up the DagBag from /opt/airflow/dags/minio_to_snowflake_dag.py
[2026-08-05T06:02:56.317+0000] {processor.py:840} INFO - DAG(s) 'minio_to_snowflake_banking' retrieved from /opt/airflow/dags/minio_to_snowflake_dag.py
[2026-08-05T06:02:56.384+0000] {logging_mixin.py:188} INFO - [2026-08-05T06:02:56.384+0000] {dag.py:3089} INFO - Sync 1 DAGs
[2026-08-05T06:02:56.404+0000] {logging_mixin.py:188} INFO - [2026-08-05T06:02:56.404+0000] {dag.py:3947} INFO - Setting next_dagrun for minio_to_snowflake_banking to 2026-08-05 06:01:00+00:00, run_after=2026-08-05 06:02:00+00:00
[2026-08-05T06:02:56.420+0000] {processor.py:183} INFO - Processing /opt/airflow/dags/minio_to_snowflake_dag.py took 0.786 seconds
[2026-08-05T06:03:26.574+0000] {processor.py:161} INFO - Started process (PID=246) to work on /opt/airflow/dags/minio_to_snowflake_dag.py
[2026-08-05T06:03:26.575+0000] {processor.py:830} INFO - Processing file /opt/airflow/dags/minio_to_snowflake_dag.py for tasks to queue
[2026-08-05T06:03:26.577+0000] {logging_mixin.py:188} INFO - [2026-08-05T06:03:26.577+0000] {dagbag.py:545} INFO - Filling up the DagBag from /opt/airflow/dags/minio_to_snowflake_dag.py
[2026-08-05T06:03:27.239+0000] {processor.py:840} INFO - DAG(s) 'minio_to_snowflake_banking' retrieved from /opt/airflow/dags/minio_to_snowflake_dag.py
[2026-08-05T06:03:27.267+0000] {logging_mixin.py:188} INFO - [2026-08-05T06:03:27.267+0000] {dag.py:3089} INFO - Sync 1 DAGs
[2026-08-05T06:03:27.288+0000] {logging_mixin.py:188} INFO - [2026-08-05T06:03:27.288+0000] {dag.py:3947} INFO - Setting next_dagrun for minio_to_snowflake_banking to 2026-08-05 06:02:00+00:00, run_after=2026-08-05 06:03:00+00:00
[2026-08-05T06:03:27.305+0000] {processor.py:183} INFO - Processing /opt/airflow/dags/minio_to_snowflake_dag.py took 0.738 seconds
[2026-08-05T06:03:57.435+0000] {processor.py:161} INFO - Started process (PID=250) to work on /opt/airflow/dags/minio_to_snowflake_dag.py
[2026-08-05T06:03:57.436+0000] {processor.py:830} INFO - Processing file /opt/airflow/dags/minio_to_snowflake_dag.py for tasks to queue
[2026-08-05T06:03:57.439+0000] {logging_mixin.py:188} INFO - [2026-08-05T06:03:57.438+0000] {dagbag.py:545} INFO - Filling up the DagBag from /opt/airflow/dags/minio_to_snowflake_dag.py
[2026-08-05T06:03:58.082+0000] {processor.py:840} INFO - DAG(s) 'minio_to_snowflake_banking' retrieved from /opt/airflow/dags/minio_to_snowflake_dag.py
[2026-08-05T06:03:58.107+0000] {logging_mixin.py:188} INFO - [2026-08-05T06:03:58.107+0000] {dag.py:3089} INFO - Sync 1 DAGs
[2026-08-05T06:03:58.126+0000] {logging_mixin.py:188} INFO - [2026-08-05T06:03:58.126+0000] {dag.py:3947} INFO - Setting next_dagrun for minio_to_snowflake_banking to 2026-08-05 06:02:00+00:00, run_after=2026-08-05 06:03:00+00:00
[2026-08-05T06:03:58.142+0000] {processor.py:183} INFO - Processing /opt/airflow/dags/minio_to_snowflake_dag.py took 0.714 seconds
[2026-08-05T06:04:28.334+0000] {processor.py:161} INFO - Started process (PID=254) to work on /opt/airflow/dags/minio_to_snowflake_dag.py
[2026-08-05T06:04:28.336+0000] {processor.py:830} INFO - Processing file /opt/airflow/dags/minio_to_snowflake_dag.py for tasks to queue
[2026-08-05T06:04:28.339+0000] {logging_mixin.py:188} INFO - [2026-08-05T06:04:28.339+0000] {dagbag.py:545} INFO - Filling up the DagBag from /opt/airflow/dags/minio_to_snowflake_dag.py
[2026-08-05T06:04:29.134+0000] {processor.py:840} INFO - DAG(s) 'minio_to_snowflake_banking' retrieved from /opt/airflow/dags/minio_to_snowflake_dag.py
[2026-08-05T06:04:29.164+0000] {logging_mixin.py:188} INFO - [2026-08-05T06:04:29.164+0000] {dag.py:3089} INFO - Sync 1 DAGs
[2026-08-05T06:04:29.184+0000] {logging_mixin.py:188} INFO - [2026-08-05T06:04:29.184+0000] {dag.py:3947} INFO - Setting next_dagrun for minio_to_snowflake_banking to 2026-08-05 06:03:00+00:00, run_after=2026-08-05 06:04:00+00:00
[2026-08-05T06:04:29.201+0000] {processor.py:183} INFO - Processing /opt/airflow/dags/minio_to_snowflake_dag.py took 0.876 seconds
[2026-08-05T06:04:59.412+0000] {processor.py:161} INFO - Started process (PID=258) to work on /opt/airflow/dags/minio_to_snowflake_dag.py
[2026-08-05T06:04:59.415+0000] {processor.py:830} INFO - Processing file /opt/airflow/dags/minio_to_snowflake_dag.py for tasks to queue
[2026-08-05T06:04:59.420+0000] {logging_mixin.py:188} INFO - [2026-08-05T06:04:59.419+0000] {dagbag.py:545} INFO - Filling up the DagBag from /opt/airflow/dags/minio_to_snowflake_dag.py
[2026-08-05T06:05:00.182+0000] {processor.py:840} INFO - DAG(s) 'minio_to_snowflake_banking' retrieved from /opt/airflow/dags/minio_to_snowflake_dag.py
[2026-08-05T06:05:00.208+0000] {logging_mixin.py:188} INFO - [2026-08-05T06:05:00.208+0000] {dag.py:3089} INFO - Sync 1 DAGs
[2026-08-05T06:05:00.228+0000] {logging_mixin.py:188} INFO - [2026-08-05T06:05:00.228+0000] {dag.py:3947} INFO - Setting next_dagrun for minio_to_snowflake_banking to 2026-08-05 06:04:00+00:00, run_after=2026-08-05 06:05:00+00:00
[2026-08-05T06:05:00.247+0000] {processor.py:183} INFO - Processing /opt/airflow/dags/minio_to_snowflake_dag.py took 0.849 seconds
[2026-08-05T06:05:30.428+0000] {processor.py:161} INFO - Started process (PID=262) to work on /opt/airflow/dags/minio_to_snowflake_dag.py
[2026-08-05T06:05:30.429+0000] {processor.py:830} INFO - Processing file /opt/airflow/dags/minio_to_snowflake_dag.py for tasks to queue
[2026-08-05T06:05:30.431+0000] {logging_mixin.py:188} INFO - [2026-08-05T06:05:30.431+0000] {dagbag.py:545} INFO - Filling up the DagBag from /opt/airflow/dags/minio_to_snowflake_dag.py
[2026-08-05T06:05:31.134+0000] {processor.py:840} INFO - DAG(s) 'minio_to_snowflake_banking' retrieved from /opt/airflow/dags/minio_to_snowflake_dag.py
[2026-08-05T06:05:31.162+0000] {logging_mixin.py:188} INFO - [2026-08-05T06:05:31.161+0000] {dag.py:3089} INFO - Sync 1 DAGs
[2026-08-05T06:05:31.183+0000] {logging_mixin.py:188} INFO - [2026-08-05T06:05:31.183+0000] {dag.py:3947} INFO - Setting next_dagrun for minio_to_snowflake_banking to 2026-08-05 06:04:00+00:00, run_after=2026-08-05 06:05:00+00:00
[2026-08-05T06:05:31.200+0000] {processor.py:183} INFO - Processing /opt/airflow/dags/minio_to_snowflake_dag.py took 0.779 seconds
[2026-08-05T06:06:01.369+0000] {processor.py:161} INFO - Started process (PID=266) to work on /opt/airflow/dags/minio_to_snowflake_dag.py
[2026-08-05T06:06:01.370+0000] {processor.py:830} INFO - Processing file /opt/airflow/dags/minio_to_snowflake_dag.py for tasks to queue
[2026-08-05T06:06:01.374+0000] {logging_mixin.py:188} INFO - [2026-08-05T06:06:01.373+0000] {dagbag.py:545} INFO - Filling up the DagBag from /opt/airflow/dags/minio_to_snowflake_dag.py
[2026-08-05T06:06:02.061+0000] {processor.py:840} INFO - DAG(s) 'minio_to_snowflake_banking' retrieved from /opt/airflow/dags/minio_to_snowflake_dag.py
[2026-08-05T06:06:02.086+0000] {logging_mixin.py:188} INFO - [2026-08-05T06:06:02.086+0000] {dag.py:3089} INFO - Sync 1 DAGs
[2026-08-05T06:06:02.106+0000] {logging_mixin.py:188} INFO - [2026-08-05T06:06:02.106+0000] {dag.py:3947} INFO - Setting next_dagrun for minio_to_snowflake_banking to 2026-08-05 06:05:00+00:00, run_after=2026-08-05 06:06:00+00:00
[2026-08-05T06:06:02.125+0000] {processor.py:183} INFO - Processing /opt/airflow/dags/minio_to_snowflake_dag.py took 0.762 seconds
[2026-08-05T06:06:36.345+0000] {processor.py:161} INFO - Started process (PID=270) to work on /opt/airflow/dags/minio_to_snowflake_dag.py
[2026-08-05T06:06:36.346+0000] {processor.py:830} INFO - Processing file /opt/airflow/dags/minio_to_snowflake_dag.py for tasks to queue
[2026-08-05T06:06:36.349+0000] {logging_mixin.py:188} INFO - [2026-08-05T06:06:36.349+0000] {dagbag.py:545} INFO - Filling up the DagBag from /opt/airflow/dags/minio_to_snowflake_dag.py
[2026-08-05T06:07:10.781+0000] {logging_mixin.py:188} INFO - [2026-08-05T06:07:10.705+0000] {timeout.py:68} ERROR - Process timed out, PID: 270
[2026-08-05T06:07:52.908+0000] {processor.py:161} INFO - Started process (PID=273) to work on /opt/airflow/dags/minio_to_snowflake_dag.py
[2026-08-05T06:07:52.909+0000] {processor.py:830} INFO - Processing file /opt/airflow/dags/minio_to_snowflake_dag.py for tasks to queue
[2026-08-05T06:07:52.912+0000] {logging_mixin.py:188} INFO - [2026-08-05T06:07:52.912+0000] {dagbag.py:545} INFO - Filling up the DagBag from /opt/airflow/dags/minio_to_snowflake_dag.py
[2026-08-05T06:09:14.094+0000] {processor.py:161} INFO - Started process (PID=276) to work on /opt/airflow/dags/minio_to_snowflake_dag.py
[2026-08-05T06:09:14.095+0000] {processor.py:830} INFO - Processing file /opt/airflow/dags/minio_to_snowflake_dag.py for tasks to queue
[2026-08-05T06:09:14.097+0000] {logging_mixin.py:188} INFO - [2026-08-05T06:09:14.097+0000] {dagbag.py:545} INFO - Filling up the DagBag from /opt/airflow/dags/minio_to_snowflake_dag.py
[2026-08-05T06:10:35.621+0000] {processor.py:161} INFO - Started process (PID=279) to work on /opt/airflow/dags/minio_to_snowflake_dag.py
[2026-08-05T06:10:35.622+0000] {processor.py:830} INFO - Processing file /opt/airflow/dags/minio_to_snowflake_dag.py for tasks to queue
[2026-08-05T06:10:35.624+0000] {logging_mixin.py:188} INFO - [2026-08-05T06:10:35.623+0000] {dagbag.py:545} INFO - Filling up the DagBag from /opt/airflow/dags/minio_to_snowflake_dag.py
[2026-08-05T06:11:17.738+0000] {logging_mixin.py:188} INFO - [2026-08-05T06:11:06.724+0000] {timeout.py:68} ERROR - Process timed out, PID: 279
[2026-08-05T06:12:15.248+0000] {processor.py:161} INFO - Started process (PID=282) to work on /opt/airflow/dags/minio_to_snowflake_dag.py
[2026-08-05T06:12:16.875+0000] {processor.py:830} INFO - Processing file /opt/airflow/dags/minio_to_snowflake_dag.py for tasks to queue
[2026-08-05T06:12:16.956+0000] {logging_mixin.py:188} INFO - [2026-08-05T06:12:16.955+0000] {dagbag.py:545} INFO - Filling up the DagBag from /opt/airflow/dags/minio_to_snowflake_dag.py
[2026-08-05T06:12:50.272+0000] {logging_mixin.py:188} INFO - [2026-08-05T06:12:50.266+0000] {timeout.py:68} ERROR - Process timed out, PID: 282
[2026-08-05T06:12:50.558+0000] {logging_mixin.py:188} WARNING - Exception ignored in: <module 'collections.abc' from '/usr/local/lib/python3.12/collections/abc.py'>
[2026-08-05T06:12:51.045+0000] {logging_mixin.py:188} WARNING - Traceback (most recent call last):
[2026-08-05T06:12:51.275+0000] {logging_mixin.py:188} WARNING -   File "<string>", line 0, in <module>
[2026-08-05T06:12:51.371+0000] {logging_mixin.py:188} WARNING -   File "/home/airflow/.local/lib/python3.12/site-packages/airflow/utils/timeout.py", line 69, in handle_timeout
[2026-08-05T06:12:51.395+0000] {logging_mixin.py:188} WARNING -     raise AirflowTaskTimeout(self.error_message)
[2026-08-05T06:12:51.638+0000] {logging_mixin.py:188} WARNING - airflow.exceptions.AirflowTaskTimeout: DagBag import timeout for /opt/airflow/dags/minio_to_snowflake_dag.py after 30.0s.
Please take a look at these docs to improve your DAG import time:
* https://airflow.apache.org/docs/apache-airflow/2.9.3/best-practices.html#top-level-python-code
* https://airflow.apache.org/docs/apache-airflow/2.9.3/best-practices.html#reducing-dag-complexity, PID: 282
[2026-08-05T06:12:54.112+0000] {logging_mixin.py:188} WARNING - <frozen importlib._bootstrap>:488 RuntimeWarning: Cython module failed to patch module with custom type
[2026-08-05T06:13:37.882+0000] {processor.py:161} INFO - Started process (PID=285) to work on /opt/airflow/dags/minio_to_snowflake_dag.py
[2026-08-05T06:13:39.407+0000] {processor.py:830} INFO - Processing file /opt/airflow/dags/minio_to_snowflake_dag.py for tasks to queue
[2026-08-05T06:13:42.125+0000] {logging_mixin.py:188} INFO - [2026-08-05T06:13:41.211+0000] {dagbag.py:545} INFO - Filling up the DagBag from /opt/airflow/dags/minio_to_snowflake_dag.py
[2026-08-05T06:14:55.355+0000] {processor.py:161} INFO - Started process (PID=287) to work on /opt/airflow/dags/minio_to_snowflake_dag.py
[2026-08-05T06:14:56.834+0000] {processor.py:830} INFO - Processing file /opt/airflow/dags/minio_to_snowflake_dag.py for tasks to queue
[2026-08-05T06:14:59.591+0000] {logging_mixin.py:188} INFO - [2026-08-05T06:14:57.979+0000] {dagbag.py:545} INFO - Filling up the DagBag from /opt/airflow/dags/minio_to_snowflake_dag.py
[2026-08-05T06:15:32.547+0000] {logging_mixin.py:188} INFO - [2026-08-05T06:15:32.546+0000] {timeout.py:68} ERROR - Process timed out, PID: 287
[2026-08-05T06:16:09.262+0000] {processor.py:161} INFO - Started process (PID=290) to work on /opt/airflow/dags/minio_to_snowflake_dag.py
[2026-08-05T06:16:10.157+0000] {processor.py:830} INFO - Processing file /opt/airflow/dags/minio_to_snowflake_dag.py for tasks to queue
[2026-08-05T06:16:10.168+0000] {logging_mixin.py:188} INFO - [2026-08-05T06:16:10.168+0000] {dagbag.py:545} INFO - Filling up the DagBag from /opt/airflow/dags/minio_to_snowflake_dag.py
[2026-08-05T06:16:40.083+0000] {logging_mixin.py:188} INFO - [2026-08-05T06:16:40.082+0000] {timeout.py:68} ERROR - Process timed out, PID: 290
[2026-08-05T06:17:20.681+0000] {processor.py:161} INFO - Started process (PID=292) to work on /opt/airflow/dags/minio_to_snowflake_dag.py
[2026-08-05T06:17:20.689+0000] {processor.py:830} INFO - Processing file /opt/airflow/dags/minio_to_snowflake_dag.py for tasks to queue
[2026-08-05T06:17:20.691+0000] {logging_mixin.py:188} INFO - [2026-08-05T06:17:20.691+0000] {dagbag.py:545} INFO - Filling up the DagBag from /opt/airflow/dags/minio_to_snowflake_dag.py
[2026-08-05T06:17:57.381+0000] {logging_mixin.py:188} INFO - [2026-08-05T06:17:57.291+0000] {timeout.py:68} ERROR - Process timed out, PID: 292
[2026-08-05T06:18:48.076+0000] {processor.py:161} INFO - Started process (PID=295) to work on /opt/airflow/dags/minio_to_snowflake_dag.py
[2026-08-05T06:18:50.749+0000] {processor.py:830} INFO - Processing file /opt/airflow/dags/minio_to_snowflake_dag.py for tasks to queue
[2026-08-05T06:18:51.503+0000] {logging_mixin.py:188} INFO - [2026-08-05T06:18:51.095+0000] {dagbag.py:545} INFO - Filling up the DagBag from /opt/airflow/dags/minio_to_snowflake_dag.py
[2026-08-05T06:19:25.641+0000] {logging_mixin.py:188} INFO - [2026-08-05T06:19:25.528+0000] {timeout.py:68} ERROR - Process timed out, PID: 295
[2026-08-05T06:20:08.104+0000] {processor.py:161} INFO - Started process (PID=296) to work on /opt/airflow/dags/minio_to_snowflake_dag.py
[2026-08-05T06:20:08.202+0000] {processor.py:830} INFO - Processing file /opt/airflow/dags/minio_to_snowflake_dag.py for tasks to queue
[2026-08-05T06:20:08.205+0000] {logging_mixin.py:188} INFO - [2026-08-05T06:20:08.204+0000] {dagbag.py:545} INFO - Filling up the DagBag from /opt/airflow/dags/minio_to_snowflake_dag.py
[2026-08-05T06:20:46.156+0000] {logging_mixin.py:188} INFO - [2026-08-05T06:20:42.259+0000] {timeout.py:68} ERROR - Process timed out, PID: 296
[2026-08-05T06:21:25.405+0000] {processor.py:161} INFO - Started process (PID=299) to work on /opt/airflow/dags/minio_to_snowflake_dag.py
[2026-08-05T06:21:26.173+0000] {processor.py:830} INFO - Processing file /opt/airflow/dags/minio_to_snowflake_dag.py for tasks to queue
[2026-08-05T06:21:27.498+0000] {logging_mixin.py:188} INFO - [2026-08-05T06:21:26.793+0000] {dagbag.py:545} INFO - Filling up the DagBag from /opt/airflow/dags/minio_to_snowflake_dag.py
[2026-08-05T06:22:00.825+0000] {logging_mixin.py:188} INFO - [2026-08-05T06:22:00.824+0000] {timeout.py:68} ERROR - Process timed out, PID: 299
[2026-08-05T06:22:37.332+0000] {processor.py:161} INFO - Started process (PID=300) to work on /opt/airflow/dags/minio_to_snowflake_dag.py
[2026-08-05T06:22:37.333+0000] {processor.py:830} INFO - Processing file /opt/airflow/dags/minio_to_snowflake_dag.py for tasks to queue
[2026-08-05T06:22:37.334+0000] {logging_mixin.py:188} INFO - [2026-08-05T06:22:37.334+0000] {dagbag.py:545} INFO - Filling up the DagBag from /opt/airflow/dags/minio_to_snowflake_dag.py
[2026-08-05T06:23:08.036+0000] {logging_mixin.py:188} INFO - [2026-08-05T06:23:08.033+0000] {timeout.py:68} ERROR - Process timed out, PID: 300
[2026-08-05T06:23:42.223+0000] {processor.py:161} INFO - Started process (PID=303) to work on /opt/airflow/dags/minio_to_snowflake_dag.py
[2026-08-05T06:23:42.225+0000] {processor.py:830} INFO - Processing file /opt/airflow/dags/minio_to_snowflake_dag.py for tasks to queue
[2026-08-05T06:23:42.227+0000] {logging_mixin.py:188} INFO - [2026-08-05T06:23:42.226+0000] {dagbag.py:545} INFO - Filling up the DagBag from /opt/airflow/dags/minio_to_snowflake_dag.py
[2026-08-05T06:25:03.043+0000] {processor.py:161} INFO - Started process (PID=306) to work on /opt/airflow/dags/minio_to_snowflake_dag.py
[2026-08-05T06:25:03.046+0000] {processor.py:830} INFO - Processing file /opt/airflow/dags/minio_to_snowflake_dag.py for tasks to queue
[2026-08-05T06:25:06.956+0000] {logging_mixin.py:188} INFO - [2026-08-05T06:25:03.048+0000] {dagbag.py:545} INFO - Filling up the DagBag from /opt/airflow/dags/minio_to_snowflake_dag.py
[2026-08-05T06:26:28.205+0000] {processor.py:161} INFO - Started process (PID=309) to work on /opt/airflow/dags/minio_to_snowflake_dag.py
[2026-08-05T06:26:28.358+0000] {processor.py:830} INFO - Processing file /opt/airflow/dags/minio_to_snowflake_dag.py for tasks to queue
[2026-08-05T06:26:28.361+0000] {logging_mixin.py:188} INFO - [2026-08-05T06:26:28.361+0000] {dagbag.py:545} INFO - Filling up the DagBag from /opt/airflow/dags/minio_to_snowflake_dag.py
[2026-08-05T06:41:10.832+0000] {processor.py:161} INFO - Started process (PID=25) to work on /opt/airflow/dags/minio_to_snowflake_dag.py
[2026-08-05T06:41:10.835+0000] {processor.py:830} INFO - Processing file /opt/airflow/dags/minio_to_snowflake_dag.py for tasks to queue
[2026-08-05T06:41:10.841+0000] {logging_mixin.py:188} INFO - [2026-08-05T06:41:10.840+0000] {dagbag.py:545} INFO - Filling up the DagBag from /opt/airflow/dags/minio_to_snowflake_dag.py
[2026-08-05T06:41:14.854+0000] {processor.py:840} INFO - DAG(s) 'minio_to_snowflake_banking' retrieved from /opt/airflow/dags/minio_to_snowflake_dag.py
[2026-08-05T06:41:15.439+0000] {logging_mixin.py:188} INFO - [2026-08-05T06:41:15.438+0000] {dag.py:3089} INFO - Sync 1 DAGs
[2026-08-05T06:41:15.576+0000] {logging_mixin.py:188} INFO - [2026-08-05T06:41:15.575+0000] {dag.py:3947} INFO - Setting next_dagrun for minio_to_snowflake_banking to 2026-08-05 06:40:00+00:00, run_after=2026-08-05 06:41:00+00:00
[2026-08-05T06:41:15.690+0000] {processor.py:183} INFO - Processing /opt/airflow/dags/minio_to_snowflake_dag.py took 5.404 seconds
[2026-08-05T06:41:52.143+0000] {processor.py:161} INFO - Started process (PID=29) to work on /opt/airflow/dags/minio_to_snowflake_dag.py
[2026-08-05T06:41:52.512+0000] {processor.py:830} INFO - Processing file /opt/airflow/dags/minio_to_snowflake_dag.py for tasks to queue
[2026-08-05T06:41:52.626+0000] {logging_mixin.py:188} INFO - [2026-08-05T06:41:52.622+0000] {dagbag.py:545} INFO - Filling up the DagBag from /opt/airflow/dags/minio_to_snowflake_dag.py
[2026-08-05T06:43:23.909+0000] {processor.py:161} INFO - Started process (PID=32) to work on /opt/airflow/dags/minio_to_snowflake_dag.py
[2026-08-05T06:43:24.575+0000] {processor.py:830} INFO - Processing file /opt/airflow/dags/minio_to_snowflake_dag.py for tasks to queue
[2026-08-05T06:43:25.413+0000] {logging_mixin.py:188} INFO - [2026-08-05T06:43:25.113+0000] {dagbag.py:545} INFO - Filling up the DagBag from /opt/airflow/dags/minio_to_snowflake_dag.py
[2026-08-05T06:44:33.641+0000] {processor.py:161} INFO - Started process (PID=35) to work on /opt/airflow/dags/minio_to_snowflake_dag.py
[2026-08-05T06:44:33.644+0000] {processor.py:830} INFO - Processing file /opt/airflow/dags/minio_to_snowflake_dag.py for tasks to queue
[2026-08-05T06:44:33.647+0000] {logging_mixin.py:188} INFO - [2026-08-05T06:44:33.646+0000] {dagbag.py:545} INFO - Filling up the DagBag from /opt/airflow/dags/minio_to_snowflake_dag.py
[2026-08-05T06:48:18.665+0000] {processor.py:161} INFO - Started process (PID=26) to work on /opt/airflow/dags/minio_to_snowflake_dag.py
[2026-08-05T06:48:18.759+0000] {processor.py:830} INFO - Processing file /opt/airflow/dags/minio_to_snowflake_dag.py for tasks to queue
[2026-08-05T06:48:18.837+0000] {logging_mixin.py:188} INFO - [2026-08-05T06:48:18.835+0000] {dagbag.py:545} INFO - Filling up the DagBag from /opt/airflow/dags/minio_to_snowflake_dag.py
[2026-08-05T06:48:41.896+0000] {processor.py:840} INFO - DAG(s) 'minio_to_snowflake_banking' retrieved from /opt/airflow/dags/minio_to_snowflake_dag.py
[2026-08-05T06:48:44.429+0000] {logging_mixin.py:188} INFO - [2026-08-05T06:48:44.428+0000] {dag.py:3089} INFO - Sync 1 DAGs
[2026-08-05T06:48:45.555+0000] {logging_mixin.py:188} INFO - [2026-08-05T06:48:45.554+0000] {dag.py:3947} INFO - Setting next_dagrun for minio_to_snowflake_banking to 2026-08-05 06:47:00+00:00, run_after=2026-08-05 06:48:00+00:00
[2026-08-05T06:48:47.321+0000] {processor.py:183} INFO - Processing /opt/airflow/dags/minio_to_snowflake_dag.py took 28.919 seconds
[2026-08-05T06:49:19.592+0000] {processor.py:161} INFO - Started process (PID=30) to work on /opt/airflow/dags/minio_to_snowflake_dag.py
[2026-08-05T06:49:19.598+0000] {processor.py:830} INFO - Processing file /opt/airflow/dags/minio_to_snowflake_dag.py for tasks to queue
[2026-08-05T06:49:19.755+0000] {logging_mixin.py:188} INFO - [2026-08-05T06:49:19.621+0000] {dagbag.py:545} INFO - Filling up the DagBag from /opt/airflow/dags/minio_to_snowflake_dag.py
[2026-08-05T06:49:36.524+0000] {processor.py:840} INFO - DAG(s) 'minio_to_snowflake_banking' retrieved from /opt/airflow/dags/minio_to_snowflake_dag.py
[2026-08-05T06:49:38.345+0000] {logging_mixin.py:188} INFO - [2026-08-05T06:49:38.344+0000] {dag.py:3089} INFO - Sync 1 DAGs
[2026-08-05T06:49:39.382+0000] {logging_mixin.py:188} INFO - [2026-08-05T06:49:39.382+0000] {dag.py:3947} INFO - Setting next_dagrun for minio_to_snowflake_banking to 2026-08-05 06:48:00+00:00, run_after=2026-08-05 06:49:00+00:00
[2026-08-05T06:49:39.475+0000] {processor.py:183} INFO - Processing /opt/airflow/dags/minio_to_snowflake_dag.py took 20.412 seconds
[2026-08-05T06:50:09.666+0000] {processor.py:161} INFO - Started process (PID=34) to work on /opt/airflow/dags/minio_to_snowflake_dag.py
[2026-08-05T06:50:09.693+0000] {processor.py:830} INFO - Processing file /opt/airflow/dags/minio_to_snowflake_dag.py for tasks to queue
[2026-08-05T06:50:09.698+0000] {logging_mixin.py:188} INFO - [2026-08-05T06:50:09.697+0000] {dagbag.py:545} INFO - Filling up the DagBag from /opt/airflow/dags/minio_to_snowflake_dag.py
[2026-08-05T06:50:48.980+0000] {logging_mixin.py:188} INFO - [2026-08-05T06:50:48.979+0000] {timeout.py:68} ERROR - Process timed out, PID: 34
[2026-08-05T06:50:48.982+0000] {logging_mixin.py:188} WARNING - Exception ignored in: <function WeakKeyDictionary.__init__.<locals>.remove at 0x7f6f1d536340>
[2026-08-05T06:50:48.996+0000] {logging_mixin.py:188} WARNING - Traceback (most recent call last):
[2026-08-05T06:50:48.997+0000] {logging_mixin.py:188} WARNING -   File "/usr/local/lib/python3.12/weakref.py", line 369, in remove
[2026-08-05T06:50:48.999+0000] {logging_mixin.py:188} WARNING -     def remove(k, selfref=ref(self)):
[2026-08-05T06:50:49.002+0000] {logging_mixin.py:188} WARNING -   File "/home/airflow/.local/lib/python3.12/site-packages/airflow/utils/timeout.py", line 69, in handle_timeout
[2026-08-05T06:50:49.004+0000] {logging_mixin.py:188} WARNING -     raise AirflowTaskTimeout(self.error_message)
[2026-08-05T06:50:49.005+0000] {logging_mixin.py:188} WARNING - airflow.exceptions.AirflowTaskTimeout: DagBag import timeout for /opt/airflow/dags/minio_to_snowflake_dag.py after 30.0s.
Please take a look at these docs to improve your DAG import time:
* https://airflow.apache.org/docs/apache-airflow/2.9.3/best-practices.html#top-level-python-code
* https://airflow.apache.org/docs/apache-airflow/2.9.3/best-practices.html#reducing-dag-complexity, PID: 34
[2026-08-05T06:50:49.415+0000] {processor.py:840} INFO - DAG(s) 'minio_to_snowflake_banking' retrieved from /opt/airflow/dags/minio_to_snowflake_dag.py
[2026-08-05T06:50:49.567+0000] {logging_mixin.py:188} INFO - [2026-08-05T06:50:49.567+0000] {dag.py:3089} INFO - Sync 1 DAGs
[2026-08-05T06:50:49.896+0000] {logging_mixin.py:188} INFO - [2026-08-05T06:50:49.896+0000] {dag.py:3947} INFO - Setting next_dagrun for minio_to_snowflake_banking to 2026-08-05 06:49:00+00:00, run_after=2026-08-05 06:50:00+00:00
[2026-08-05T06:50:50.252+0000] {processor.py:183} INFO - Processing /opt/airflow/dags/minio_to_snowflake_dag.py took 40.597 seconds
[2026-08-05T06:51:20.728+0000] {processor.py:161} INFO - Started process (PID=38) to work on /opt/airflow/dags/minio_to_snowflake_dag.py
[2026-08-05T06:51:20.731+0000] {processor.py:830} INFO - Processing file /opt/airflow/dags/minio_to_snowflake_dag.py for tasks to queue
[2026-08-05T06:51:20.736+0000] {logging_mixin.py:188} INFO - [2026-08-05T06:51:20.735+0000] {dagbag.py:545} INFO - Filling up the DagBag from /opt/airflow/dags/minio_to_snowflake_dag.py
[2026-08-05T06:51:22.606+0000] {processor.py:840} INFO - DAG(s) 'minio_to_snowflake_banking' retrieved from /opt/airflow/dags/minio_to_snowflake_dag.py
[2026-08-05T06:51:22.764+0000] {logging_mixin.py:188} INFO - [2026-08-05T06:51:22.763+0000] {dag.py:3089} INFO - Sync 1 DAGs
[2026-08-05T06:51:22.805+0000] {logging_mixin.py:188} INFO - [2026-08-05T06:51:22.804+0000] {dag.py:3947} INFO - Setting next_dagrun for minio_to_snowflake_banking to 2026-08-05 06:50:00+00:00, run_after=2026-08-05 06:51:00+00:00
[2026-08-05T06:51:22.836+0000] {processor.py:183} INFO - Processing /opt/airflow/dags/minio_to_snowflake_dag.py took 2.123 seconds
[2026-08-05T06:51:52.967+0000] {processor.py:161} INFO - Started process (PID=42) to work on /opt/airflow/dags/minio_to_snowflake_dag.py
[2026-08-05T06:51:52.969+0000] {processor.py:830} INFO - Processing file /opt/airflow/dags/minio_to_snowflake_dag.py for tasks to queue
[2026-08-05T06:51:52.974+0000] {logging_mixin.py:188} INFO - [2026-08-05T06:51:52.973+0000] {dagbag.py:545} INFO - Filling up the DagBag from /opt/airflow/dags/minio_to_snowflake_dag.py
[2026-08-05T06:51:54.322+0000] {processor.py:840} INFO - DAG(s) 'minio_to_snowflake_banking' retrieved from /opt/airflow/dags/minio_to_snowflake_dag.py
[2026-08-05T06:51:54.379+0000] {logging_mixin.py:188} INFO - [2026-08-05T06:51:54.378+0000] {dag.py:3089} INFO - Sync 1 DAGs
[2026-08-05T06:51:54.420+0000] {logging_mixin.py:188} INFO - [2026-08-05T06:51:54.420+0000] {dag.py:3947} INFO - Setting next_dagrun for minio_to_snowflake_banking to 2026-08-05 06:50:00+00:00, run_after=2026-08-05 06:51:00+00:00
[2026-08-05T06:51:54.453+0000] {processor.py:183} INFO - Processing /opt/airflow/dags/minio_to_snowflake_dag.py took 1.499 seconds
[2026-08-05T06:52:24.728+0000] {processor.py:161} INFO - Started process (PID=46) to work on /opt/airflow/dags/minio_to_snowflake_dag.py
[2026-08-05T06:52:24.731+0000] {processor.py:830} INFO - Processing file /opt/airflow/dags/minio_to_snowflake_dag.py for tasks to queue
[2026-08-05T06:52:24.736+0000] {logging_mixin.py:188} INFO - [2026-08-05T06:52:24.735+0000] {dagbag.py:545} INFO - Filling up the DagBag from /opt/airflow/dags/minio_to_snowflake_dag.py
[2026-08-05T06:52:25.979+0000] {processor.py:840} INFO - DAG(s) 'minio_to_snowflake_banking' retrieved from /opt/airflow/dags/minio_to_snowflake_dag.py
[2026-08-05T06:52:26.027+0000] {logging_mixin.py:188} INFO - [2026-08-05T06:52:26.026+0000] {dag.py:3089} INFO - Sync 1 DAGs
[2026-08-05T06:52:26.063+0000] {logging_mixin.py:188} INFO - [2026-08-05T06:52:26.063+0000] {dag.py:3947} INFO - Setting next_dagrun for minio_to_snowflake_banking to 2026-08-05 06:51:00+00:00, run_after=2026-08-05 06:52:00+00:00
[2026-08-05T06:52:26.094+0000] {processor.py:183} INFO - Processing /opt/airflow/dags/minio_to_snowflake_dag.py took 1.380 seconds
[2026-08-05T06:52:56.533+0000] {processor.py:161} INFO - Started process (PID=50) to work on /opt/airflow/dags/minio_to_snowflake_dag.py
[2026-08-05T06:52:56.536+0000] {processor.py:830} INFO - Processing file /opt/airflow/dags/minio_to_snowflake_dag.py for tasks to queue
[2026-08-05T06:52:56.539+0000] {logging_mixin.py:188} INFO - [2026-08-05T06:52:56.539+0000] {dagbag.py:545} INFO - Filling up the DagBag from /opt/airflow/dags/minio_to_snowflake_dag.py
[2026-08-05T06:52:57.721+0000] {processor.py:840} INFO - DAG(s) 'minio_to_snowflake_banking' retrieved from /opt/airflow/dags/minio_to_snowflake_dag.py
[2026-08-05T06:52:58.391+0000] {logging_mixin.py:188} INFO - [2026-08-05T06:52:58.390+0000] {dag.py:3089} INFO - Sync 1 DAGs
[2026-08-05T06:52:58.426+0000] {logging_mixin.py:188} INFO - [2026-08-05T06:52:58.426+0000] {dag.py:3947} INFO - Setting next_dagrun for minio_to_snowflake_banking to 2026-08-05 06:51:00+00:00, run_after=2026-08-05 06:52:00+00:00
[2026-08-05T06:52:58.455+0000] {processor.py:183} INFO - Processing /opt/airflow/dags/minio_to_snowflake_dag.py took 1.932 seconds
[2026-08-05T06:53:28.734+0000] {processor.py:161} INFO - Started process (PID=54) to work on /opt/airflow/dags/minio_to_snowflake_dag.py
[2026-08-05T06:53:28.737+0000] {processor.py:830} INFO - Processing file /opt/airflow/dags/minio_to_snowflake_dag.py for tasks to queue
[2026-08-05T06:53:28.741+0000] {logging_mixin.py:188} INFO - [2026-08-05T06:53:28.741+0000] {dagbag.py:545} INFO - Filling up the DagBag from /opt/airflow/dags/minio_to_snowflake_dag.py
[2026-08-05T06:53:30.174+0000] {processor.py:840} INFO - DAG(s) 'minio_to_snowflake_banking' retrieved from /opt/airflow/dags/minio_to_snowflake_dag.py
[2026-08-05T06:53:30.219+0000] {logging_mixin.py:188} INFO - [2026-08-05T06:53:30.218+0000] {dag.py:3089} INFO - Sync 1 DAGs
[2026-08-05T06:53:30.257+0000] {logging_mixin.py:188} INFO - [2026-08-05T06:53:30.257+0000] {dag.py:3947} INFO - Setting next_dagrun for minio_to_snowflake_banking to 2026-08-05 06:52:00+00:00, run_after=2026-08-05 06:53:00+00:00
[2026-08-05T06:53:30.289+0000] {processor.py:183} INFO - Processing /opt/airflow/dags/minio_to_snowflake_dag.py took 1.566 seconds
[2026-08-05T06:54:08.189+0000] {processor.py:161} INFO - Started process (PID=58) to work on /opt/airflow/dags/minio_to_snowflake_dag.py
[2026-08-05T06:54:08.194+0000] {processor.py:830} INFO - Processing file /opt/airflow/dags/minio_to_snowflake_dag.py for tasks to queue
[2026-08-05T06:54:08.206+0000] {logging_mixin.py:188} INFO - [2026-08-05T06:54:08.205+0000] {dagbag.py:545} INFO - Filling up the DagBag from /opt/airflow/dags/minio_to_snowflake_dag.py
[2026-08-05T06:54:40.022+0000] {logging_mixin.py:188} INFO - [2026-08-05T06:54:39.987+0000] {timeout.py:68} ERROR - Process timed out, PID: 58
[2026-08-05T06:55:22.626+0000] {processor.py:161} INFO - Started process (PID=61) to work on /opt/airflow/dags/minio_to_snowflake_dag.py
[2026-08-05T06:55:22.832+0000] {processor.py:830} INFO - Processing file /opt/airflow/dags/minio_to_snowflake_dag.py for tasks to queue
[2026-08-05T06:55:23.335+0000] {logging_mixin.py:188} INFO - [2026-08-05T06:55:23.039+0000] {dagbag.py:545} INFO - Filling up the DagBag from /opt/airflow/dags/minio_to_snowflake_dag.py
[2026-08-05T06:55:51.177+0000] {processor.py:840} INFO - DAG(s) 'minio_to_snowflake_banking' retrieved from /opt/airflow/dags/minio_to_snowflake_dag.py
[2026-08-05T06:55:54.206+0000] {logging_mixin.py:188} INFO - [2026-08-05T06:55:54.205+0000] {dag.py:3089} INFO - Sync 1 DAGs
[2026-08-05T06:55:54.360+0000] {logging_mixin.py:188} INFO - [2026-08-05T06:55:54.360+0000] {dag.py:3947} INFO - Setting next_dagrun for minio_to_snowflake_banking to 2026-08-05 06:54:00+00:00, run_after=2026-08-05 06:55:00+00:00
[2026-08-05T06:55:54.502+0000] {processor.py:183} INFO - Processing /opt/airflow/dags/minio_to_snowflake_dag.py took 33.047 seconds
[2026-08-05T06:56:25.467+0000] {processor.py:161} INFO - Started process (PID=65) to work on /opt/airflow/dags/minio_to_snowflake_dag.py
[2026-08-05T06:56:25.471+0000] {processor.py:830} INFO - Processing file /opt/airflow/dags/minio_to_snowflake_dag.py for tasks to queue
[2026-08-05T06:56:25.474+0000] {logging_mixin.py:188} INFO - [2026-08-05T06:56:25.473+0000] {dagbag.py:545} INFO - Filling up the DagBag from /opt/airflow/dags/minio_to_snowflake_dag.py
[2026-08-05T06:56:27.629+0000] {processor.py:840} INFO - DAG(s) 'minio_to_snowflake_banking' retrieved from /opt/airflow/dags/minio_to_snowflake_dag.py
[2026-08-05T06:56:28.195+0000] {logging_mixin.py:188} INFO - [2026-08-05T06:56:28.194+0000] {dag.py:3089} INFO - Sync 1 DAGs
[2026-08-05T06:56:28.251+0000] {logging_mixin.py:188} INFO - [2026-08-05T06:56:28.251+0000] {dag.py:3947} INFO - Setting next_dagrun for minio_to_snowflake_banking to 2026-08-05 06:55:00+00:00, run_after=2026-08-05 06:56:00+00:00
[2026-08-05T06:56:28.284+0000] {processor.py:183} INFO - Processing /opt/airflow/dags/minio_to_snowflake_dag.py took 2.829 seconds
[2026-08-05T06:56:59.090+0000] {processor.py:161} INFO - Started process (PID=69) to work on /opt/airflow/dags/minio_to_snowflake_dag.py
[2026-08-05T06:56:59.092+0000] {processor.py:830} INFO - Processing file /opt/airflow/dags/minio_to_snowflake_dag.py for tasks to queue
[2026-08-05T06:56:59.095+0000] {logging_mixin.py:188} INFO - [2026-08-05T06:56:59.094+0000] {dagbag.py:545} INFO - Filling up the DagBag from /opt/airflow/dags/minio_to_snowflake_dag.py
[2026-08-05T06:57:00.737+0000] {processor.py:840} INFO - DAG(s) 'minio_to_snowflake_banking' retrieved from /opt/airflow/dags/minio_to_snowflake_dag.py
[2026-08-05T06:57:00.921+0000] {logging_mixin.py:188} INFO - [2026-08-05T06:57:00.920+0000] {dag.py:3089} INFO - Sync 1 DAGs
[2026-08-05T06:57:01.078+0000] {logging_mixin.py:188} INFO - [2026-08-05T06:57:01.078+0000] {dag.py:3947} INFO - Setting next_dagrun for minio_to_snowflake_banking to 2026-08-05 06:56:00+00:00, run_after=2026-08-05 06:57:00+00:00
[2026-08-05T06:57:01.173+0000] {processor.py:183} INFO - Processing /opt/airflow/dags/minio_to_snowflake_dag.py took 2.094 seconds
[2026-08-05T06:57:32.710+0000] {processor.py:161} INFO - Started process (PID=73) to work on /opt/airflow/dags/minio_to_snowflake_dag.py
[2026-08-05T06:57:32.713+0000] {processor.py:830} INFO - Processing file /opt/airflow/dags/minio_to_snowflake_dag.py for tasks to queue
[2026-08-05T06:57:32.716+0000] {logging_mixin.py:188} INFO - [2026-08-05T06:57:32.715+0000] {dagbag.py:545} INFO - Filling up the DagBag from /opt/airflow/dags/minio_to_snowflake_dag.py
[2026-08-05T06:57:41.916+0000] {processor.py:840} INFO - DAG(s) 'minio_to_snowflake_banking' retrieved from /opt/airflow/dags/minio_to_snowflake_dag.py
[2026-08-05T06:57:42.099+0000] {logging_mixin.py:188} INFO - [2026-08-05T06:57:42.099+0000] {dag.py:3089} INFO - Sync 1 DAGs
[2026-08-05T06:57:42.137+0000] {logging_mixin.py:188} INFO - [2026-08-05T06:57:42.136+0000] {dag.py:3947} INFO - Setting next_dagrun for minio_to_snowflake_banking to 2026-08-05 06:56:00+00:00, run_after=2026-08-05 06:57:00+00:00
[2026-08-05T06:57:42.167+0000] {processor.py:183} INFO - Processing /opt/airflow/dags/minio_to_snowflake_dag.py took 9.470 seconds
[2026-08-05T06:58:13.059+0000] {processor.py:161} INFO - Started process (PID=77) to work on /opt/airflow/dags/minio_to_snowflake_dag.py
[2026-08-05T06:58:13.065+0000] {processor.py:830} INFO - Processing file /opt/airflow/dags/minio_to_snowflake_dag.py for tasks to queue
[2026-08-05T06:58:13.069+0000] {logging_mixin.py:188} INFO - [2026-08-05T06:58:13.068+0000] {dagbag.py:545} INFO - Filling up the DagBag from /opt/airflow/dags/minio_to_snowflake_dag.py
[2026-08-05T06:58:14.701+0000] {processor.py:840} INFO - DAG(s) 'minio_to_snowflake_banking' retrieved from /opt/airflow/dags/minio_to_snowflake_dag.py
[2026-08-05T06:58:14.883+0000] {logging_mixin.py:188} INFO - [2026-08-05T06:58:14.882+0000] {dag.py:3089} INFO - Sync 1 DAGs
[2026-08-05T06:58:14.934+0000] {logging_mixin.py:188} INFO - [2026-08-05T06:58:14.933+0000] {dag.py:3947} INFO - Setting next_dagrun for minio_to_snowflake_banking to 2026-08-05 06:57:00+00:00, run_after=2026-08-05 06:58:00+00:00
[2026-08-05T06:58:14.990+0000] {processor.py:183} INFO - Processing /opt/airflow/dags/minio_to_snowflake_dag.py took 1.956 seconds
[2026-08-05T06:58:45.389+0000] {processor.py:161} INFO - Started process (PID=81) to work on /opt/airflow/dags/minio_to_snowflake_dag.py
[2026-08-05T06:58:45.391+0000] {processor.py:830} INFO - Processing file /opt/airflow/dags/minio_to_snowflake_dag.py for tasks to queue
[2026-08-05T06:58:45.394+0000] {logging_mixin.py:188} INFO - [2026-08-05T06:58:45.393+0000] {dagbag.py:545} INFO - Filling up the DagBag from /opt/airflow/dags/minio_to_snowflake_dag.py
[2026-08-05T06:58:47.065+0000] {processor.py:840} INFO - DAG(s) 'minio_to_snowflake_banking' retrieved from /opt/airflow/dags/minio_to_snowflake_dag.py
[2026-08-05T06:58:47.172+0000] {logging_mixin.py:188} INFO - [2026-08-05T06:58:47.172+0000] {dag.py:3089} INFO - Sync 1 DAGs
[2026-08-05T06:58:47.226+0000] {logging_mixin.py:188} INFO - [2026-08-05T06:58:47.226+0000] {dag.py:3947} INFO - Setting next_dagrun for minio_to_snowflake_banking to 2026-08-05 06:57:00+00:00, run_after=2026-08-05 06:58:00+00:00
[2026-08-05T06:58:47.263+0000] {processor.py:183} INFO - Processing /opt/airflow/dags/minio_to_snowflake_dag.py took 1.894 seconds
[2026-08-05T06:59:17.627+0000] {processor.py:161} INFO - Started process (PID=85) to work on /opt/airflow/dags/minio_to_snowflake_dag.py
[2026-08-05T06:59:17.630+0000] {processor.py:830} INFO - Processing file /opt/airflow/dags/minio_to_snowflake_dag.py for tasks to queue
[2026-08-05T06:59:17.632+0000] {logging_mixin.py:188} INFO - [2026-08-05T06:59:17.632+0000] {dagbag.py:545} INFO - Filling up the DagBag from /opt/airflow/dags/minio_to_snowflake_dag.py
[2026-08-05T06:59:19.021+0000] {processor.py:840} INFO - DAG(s) 'minio_to_snowflake_banking' retrieved from /opt/airflow/dags/minio_to_snowflake_dag.py
[2026-08-05T06:59:19.352+0000] {logging_mixin.py:188} INFO - [2026-08-05T06:59:19.351+0000] {dag.py:3089} INFO - Sync 1 DAGs
[2026-08-05T06:59:19.432+0000] {logging_mixin.py:188} INFO - [2026-08-05T06:59:19.432+0000] {dag.py:3947} INFO - Setting next_dagrun for minio_to_snowflake_banking to 2026-08-05 06:58:00+00:00, run_after=2026-08-05 06:59:00+00:00
[2026-08-05T06:59:19.463+0000] {processor.py:183} INFO - Processing /opt/airflow/dags/minio_to_snowflake_dag.py took 1.852 seconds
[2026-08-05T06:59:49.897+0000] {processor.py:161} INFO - Started process (PID=89) to work on /opt/airflow/dags/minio_to_snowflake_dag.py
[2026-08-05T06:59:49.903+0000] {processor.py:830} INFO - Processing file /opt/airflow/dags/minio_to_snowflake_dag.py for tasks to queue
[2026-08-05T06:59:49.907+0000] {logging_mixin.py:188} INFO - [2026-08-05T06:59:49.906+0000] {dagbag.py:545} INFO - Filling up the DagBag from /opt/airflow/dags/minio_to_snowflake_dag.py
[2026-08-05T06:59:51.057+0000] {processor.py:840} INFO - DAG(s) 'minio_to_snowflake_banking' retrieved from /opt/airflow/dags/minio_to_snowflake_dag.py
[2026-08-05T06:59:51.430+0000] {logging_mixin.py:188} INFO - [2026-08-05T06:59:51.429+0000] {dag.py:3089} INFO - Sync 1 DAGs
[2026-08-05T06:59:51.872+0000] {logging_mixin.py:188} INFO - [2026-08-05T06:59:51.871+0000] {dag.py:3947} INFO - Setting next_dagrun for minio_to_snowflake_banking to 2026-08-05 06:58:00+00:00, run_after=2026-08-05 06:59:00+00:00
[2026-08-05T06:59:51.908+0000] {processor.py:183} INFO - Processing /opt/airflow/dags/minio_to_snowflake_dag.py took 2.031 seconds
[2026-08-05T07:00:22.412+0000] {processor.py:161} INFO - Started process (PID=93) to work on /opt/airflow/dags/minio_to_snowflake_dag.py
[2026-08-05T07:00:22.415+0000] {processor.py:830} INFO - Processing file /opt/airflow/dags/minio_to_snowflake_dag.py for tasks to queue
[2026-08-05T07:00:22.418+0000] {logging_mixin.py:188} INFO - [2026-08-05T07:00:22.417+0000] {dagbag.py:545} INFO - Filling up the DagBag from /opt/airflow/dags/minio_to_snowflake_dag.py
[2026-08-05T07:00:23.677+0000] {processor.py:840} INFO - DAG(s) 'minio_to_snowflake_banking' retrieved from /opt/airflow/dags/minio_to_snowflake_dag.py
[2026-08-05T07:00:23.729+0000] {logging_mixin.py:188} INFO - [2026-08-05T07:00:23.728+0000] {dag.py:3089} INFO - Sync 1 DAGs
[2026-08-05T07:00:23.764+0000] {logging_mixin.py:188} INFO - [2026-08-05T07:00:23.764+0000] {dag.py:3947} INFO - Setting next_dagrun for minio_to_snowflake_banking to 2026-08-05 06:59:00+00:00, run_after=2026-08-05 07:00:00+00:00
[2026-08-05T07:00:23.795+0000] {processor.py:183} INFO - Processing /opt/airflow/dags/minio_to_snowflake_dag.py took 1.398 seconds
[2026-08-05T07:00:54.130+0000] {processor.py:161} INFO - Started process (PID=97) to work on /opt/airflow/dags/minio_to_snowflake_dag.py
[2026-08-05T07:00:54.133+0000] {processor.py:830} INFO - Processing file /opt/airflow/dags/minio_to_snowflake_dag.py for tasks to queue
[2026-08-05T07:00:54.135+0000] {logging_mixin.py:188} INFO - [2026-08-05T07:00:54.135+0000] {dagbag.py:545} INFO - Filling up the DagBag from /opt/airflow/dags/minio_to_snowflake_dag.py
[2026-08-05T07:00:55.289+0000] {processor.py:840} INFO - DAG(s) 'minio_to_snowflake_banking' retrieved from /opt/airflow/dags/minio_to_snowflake_dag.py
[2026-08-05T07:00:55.644+0000] {logging_mixin.py:188} INFO - [2026-08-05T07:00:55.644+0000] {dag.py:3089} INFO - Sync 1 DAGs
[2026-08-05T07:00:55.680+0000] {logging_mixin.py:188} INFO - [2026-08-05T07:00:55.680+0000] {dag.py:3947} INFO - Setting next_dagrun for minio_to_snowflake_banking to 2026-08-05 06:59:00+00:00, run_after=2026-08-05 07:00:00+00:00
[2026-08-05T07:00:55.710+0000] {processor.py:183} INFO - Processing /opt/airflow/dags/minio_to_snowflake_dag.py took 1.600 seconds
[2026-08-05T07:01:25.964+0000] {processor.py:161} INFO - Started process (PID=101) to work on /opt/airflow/dags/minio_to_snowflake_dag.py
[2026-08-05T07:01:25.967+0000] {processor.py:830} INFO - Processing file /opt/airflow/dags/minio_to_snowflake_dag.py for tasks to queue
[2026-08-05T07:01:25.969+0000] {logging_mixin.py:188} INFO - [2026-08-05T07:01:25.968+0000] {dagbag.py:545} INFO - Filling up the DagBag from /opt/airflow/dags/minio_to_snowflake_dag.py
[2026-08-05T07:01:27.253+0000] {processor.py:840} INFO - DAG(s) 'minio_to_snowflake_banking' retrieved from /opt/airflow/dags/minio_to_snowflake_dag.py
[2026-08-05T07:01:27.296+0000] {logging_mixin.py:188} INFO - [2026-08-05T07:01:27.295+0000] {dag.py:3089} INFO - Sync 1 DAGs
[2026-08-05T07:01:27.332+0000] {logging_mixin.py:188} INFO - [2026-08-05T07:01:27.332+0000] {dag.py:3947} INFO - Setting next_dagrun for minio_to_snowflake_banking to 2026-08-05 07:00:00+00:00, run_after=2026-08-05 07:01:00+00:00
[2026-08-05T07:01:27.362+0000] {processor.py:183} INFO - Processing /opt/airflow/dags/minio_to_snowflake_dag.py took 1.408 seconds
[2026-08-05T07:01:57.823+0000] {processor.py:161} INFO - Started process (PID=105) to work on /opt/airflow/dags/minio_to_snowflake_dag.py
[2026-08-05T07:01:57.826+0000] {processor.py:830} INFO - Processing file /opt/airflow/dags/minio_to_snowflake_dag.py for tasks to queue
[2026-08-05T07:01:57.846+0000] {logging_mixin.py:188} INFO - [2026-08-05T07:01:57.845+0000] {dagbag.py:545} INFO - Filling up the DagBag from /opt/airflow/dags/minio_to_snowflake_dag.py
[2026-08-05T07:01:59.118+0000] {processor.py:840} INFO - DAG(s) 'minio_to_snowflake_banking' retrieved from /opt/airflow/dags/minio_to_snowflake_dag.py
[2026-08-05T07:01:59.184+0000] {logging_mixin.py:188} INFO - [2026-08-05T07:01:59.183+0000] {dag.py:3089} INFO - Sync 1 DAGs
[2026-08-05T07:01:59.218+0000] {logging_mixin.py:188} INFO - [2026-08-05T07:01:59.218+0000] {dag.py:3947} INFO - Setting next_dagrun for minio_to_snowflake_banking to 2026-08-05 07:00:00+00:00, run_after=2026-08-05 07:01:00+00:00
[2026-08-05T07:01:59.248+0000] {processor.py:183} INFO - Processing /opt/airflow/dags/minio_to_snowflake_dag.py took 1.437 seconds
[2026-08-05T07:02:29.410+0000] {processor.py:161} INFO - Started process (PID=109) to work on /opt/airflow/dags/minio_to_snowflake_dag.py
[2026-08-05T07:02:29.413+0000] {processor.py:830} INFO - Processing file /opt/airflow/dags/minio_to_snowflake_dag.py for tasks to queue
[2026-08-05T07:02:29.415+0000] {logging_mixin.py:188} INFO - [2026-08-05T07:02:29.415+0000] {dagbag.py:545} INFO - Filling up the DagBag from /opt/airflow/dags/minio_to_snowflake_dag.py
[2026-08-05T07:02:30.584+0000] {processor.py:840} INFO - DAG(s) 'minio_to_snowflake_banking' retrieved from /opt/airflow/dags/minio_to_snowflake_dag.py
[2026-08-05T07:02:30.628+0000] {logging_mixin.py:188} INFO - [2026-08-05T07:02:30.628+0000] {dag.py:3089} INFO - Sync 1 DAGs
[2026-08-05T07:02:30.663+0000] {logging_mixin.py:188} INFO - [2026-08-05T07:02:30.663+0000] {dag.py:3947} INFO - Setting next_dagrun for minio_to_snowflake_banking to 2026-08-05 07:01:00+00:00, run_after=2026-08-05 07:02:00+00:00
[2026-08-05T07:02:30.694+0000] {processor.py:183} INFO - Processing /opt/airflow/dags/minio_to_snowflake_dag.py took 1.295 seconds
[2026-08-05T07:03:00.949+0000] {processor.py:161} INFO - Started process (PID=113) to work on /opt/airflow/dags/minio_to_snowflake_dag.py
[2026-08-05T07:03:00.951+0000] {processor.py:830} INFO - Processing file /opt/airflow/dags/minio_to_snowflake_dag.py for tasks to queue
[2026-08-05T07:03:00.954+0000] {logging_mixin.py:188} INFO - [2026-08-05T07:03:00.953+0000] {dagbag.py:545} INFO - Filling up the DagBag from /opt/airflow/dags/minio_to_snowflake_dag.py
[2026-08-05T07:03:02.036+0000] {processor.py:840} INFO - DAG(s) 'minio_to_snowflake_banking' retrieved from /opt/airflow/dags/minio_to_snowflake_dag.py
[2026-08-05T07:03:02.079+0000] {logging_mixin.py:188} INFO - [2026-08-05T07:03:02.079+0000] {dag.py:3089} INFO - Sync 1 DAGs
[2026-08-05T07:03:02.115+0000] {logging_mixin.py:188} INFO - [2026-08-05T07:03:02.115+0000] {dag.py:3947} INFO - Setting next_dagrun for minio_to_snowflake_banking to 2026-08-05 07:02:00+00:00, run_after=2026-08-05 07:03:00+00:00
[2026-08-05T07:03:02.144+0000] {processor.py:183} INFO - Processing /opt/airflow/dags/minio_to_snowflake_dag.py took 1.205 seconds
[2026-08-05T07:03:32.515+0000] {processor.py:161} INFO - Started process (PID=117) to work on /opt/airflow/dags/minio_to_snowflake_dag.py
[2026-08-05T07:03:32.517+0000] {processor.py:830} INFO - Processing file /opt/airflow/dags/minio_to_snowflake_dag.py for tasks to queue
[2026-08-05T07:03:32.520+0000] {logging_mixin.py:188} INFO - [2026-08-05T07:03:32.519+0000] {dagbag.py:545} INFO - Filling up the DagBag from /opt/airflow/dags/minio_to_snowflake_dag.py
[2026-08-05T07:03:33.618+0000] {processor.py:840} INFO - DAG(s) 'minio_to_snowflake_banking' retrieved from /opt/airflow/dags/minio_to_snowflake_dag.py
[2026-08-05T07:03:33.662+0000] {logging_mixin.py:188} INFO - [2026-08-05T07:03:33.662+0000] {dag.py:3089} INFO - Sync 1 DAGs
[2026-08-05T07:03:33.698+0000] {logging_mixin.py:188} INFO - [2026-08-05T07:03:33.698+0000] {dag.py:3947} INFO - Setting next_dagrun for minio_to_snowflake_banking to 2026-08-05 07:02:00+00:00, run_after=2026-08-05 07:03:00+00:00
[2026-08-05T07:03:33.727+0000] {processor.py:183} INFO - Processing /opt/airflow/dags/minio_to_snowflake_dag.py took 1.222 seconds
[2026-08-05T07:04:03.984+0000] {processor.py:161} INFO - Started process (PID=121) to work on /opt/airflow/dags/minio_to_snowflake_dag.py
[2026-08-05T07:04:03.987+0000] {processor.py:830} INFO - Processing file /opt/airflow/dags/minio_to_snowflake_dag.py for tasks to queue
[2026-08-05T07:04:03.989+0000] {logging_mixin.py:188} INFO - [2026-08-05T07:04:03.988+0000] {dagbag.py:545} INFO - Filling up the DagBag from /opt/airflow/dags/minio_to_snowflake_dag.py
[2026-08-05T07:04:05.164+0000] {processor.py:840} INFO - DAG(s) 'minio_to_snowflake_banking' retrieved from /opt/airflow/dags/minio_to_snowflake_dag.py
[2026-08-05T07:04:05.225+0000] {logging_mixin.py:188} INFO - [2026-08-05T07:04:05.224+0000] {dag.py:3089} INFO - Sync 1 DAGs
[2026-08-05T07:04:05.262+0000] {logging_mixin.py:188} INFO - [2026-08-05T07:04:05.261+0000] {dag.py:3947} INFO - Setting next_dagrun for minio_to_snowflake_banking to 2026-08-05 07:03:00+00:00, run_after=2026-08-05 07:04:00+00:00
[2026-08-05T07:04:05.293+0000] {processor.py:183} INFO - Processing /opt/airflow/dags/minio_to_snowflake_dag.py took 1.319 seconds
[2026-08-05T07:04:35.565+0000] {processor.py:161} INFO - Started process (PID=125) to work on /opt/airflow/dags/minio_to_snowflake_dag.py
[2026-08-05T07:04:35.568+0000] {processor.py:830} INFO - Processing file /opt/airflow/dags/minio_to_snowflake_dag.py for tasks to queue
[2026-08-05T07:04:35.571+0000] {logging_mixin.py:188} INFO - [2026-08-05T07:04:35.570+0000] {dagbag.py:545} INFO - Filling up the DagBag from /opt/airflow/dags/minio_to_snowflake_dag.py
[2026-08-05T07:04:37.430+0000] {processor.py:840} INFO - DAG(s) 'minio_to_snowflake_banking' retrieved from /opt/airflow/dags/minio_to_snowflake_dag.py
[2026-08-05T07:04:37.474+0000] {logging_mixin.py:188} INFO - [2026-08-05T07:04:37.473+0000] {dag.py:3089} INFO - Sync 1 DAGs
[2026-08-05T07:04:37.507+0000] {logging_mixin.py:188} INFO - [2026-08-05T07:04:37.507+0000] {dag.py:3947} INFO - Setting next_dagrun for minio_to_snowflake_banking to 2026-08-05 07:03:00+00:00, run_after=2026-08-05 07:04:00+00:00
[2026-08-05T07:04:37.536+0000] {processor.py:183} INFO - Processing /opt/airflow/dags/minio_to_snowflake_dag.py took 1.983 seconds
[2026-08-05T07:05:07.891+0000] {processor.py:161} INFO - Started process (PID=129) to work on /opt/airflow/dags/minio_to_snowflake_dag.py
[2026-08-05T07:05:07.894+0000] {processor.py:830} INFO - Processing file /opt/airflow/dags/minio_to_snowflake_dag.py for tasks to queue
[2026-08-05T07:05:07.896+0000] {logging_mixin.py:188} INFO - [2026-08-05T07:05:07.896+0000] {dagbag.py:545} INFO - Filling up the DagBag from /opt/airflow/dags/minio_to_snowflake_dag.py
[2026-08-05T07:05:09.093+0000] {processor.py:840} INFO - DAG(s) 'minio_to_snowflake_banking' retrieved from /opt/airflow/dags/minio_to_snowflake_dag.py
[2026-08-05T07:05:09.140+0000] {logging_mixin.py:188} INFO - [2026-08-05T07:05:09.139+0000] {dag.py:3089} INFO - Sync 1 DAGs
[2026-08-05T07:05:09.178+0000] {logging_mixin.py:188} INFO - [2026-08-05T07:05:09.177+0000] {dag.py:3947} INFO - Setting next_dagrun for minio_to_snowflake_banking to 2026-08-05 07:04:00+00:00, run_after=2026-08-05 07:05:00+00:00
[2026-08-05T07:05:09.208+0000] {processor.py:183} INFO - Processing /opt/airflow/dags/minio_to_snowflake_dag.py took 1.328 seconds
[2026-08-05T07:05:39.310+0000] {processor.py:161} INFO - Started process (PID=133) to work on /opt/airflow/dags/minio_to_snowflake_dag.py
[2026-08-05T07:05:39.313+0000] {processor.py:830} INFO - Processing file /opt/airflow/dags/minio_to_snowflake_dag.py for tasks to queue
[2026-08-05T07:05:39.315+0000] {logging_mixin.py:188} INFO - [2026-08-05T07:05:39.315+0000] {dagbag.py:545} INFO - Filling up the DagBag from /opt/airflow/dags/minio_to_snowflake_dag.py
[2026-08-05T07:05:40.423+0000] {processor.py:840} INFO - DAG(s) 'minio_to_snowflake_banking' retrieved from /opt/airflow/dags/minio_to_snowflake_dag.py
[2026-08-05T07:05:40.473+0000] {logging_mixin.py:188} INFO - [2026-08-05T07:05:40.472+0000] {dag.py:3089} INFO - Sync 1 DAGs
[2026-08-05T07:05:40.508+0000] {logging_mixin.py:188} INFO - [2026-08-05T07:05:40.508+0000] {dag.py:3947} INFO - Setting next_dagrun for minio_to_snowflake_banking to 2026-08-05 07:04:00+00:00, run_after=2026-08-05 07:05:00+00:00
[2026-08-05T07:05:40.536+0000] {processor.py:183} INFO - Processing /opt/airflow/dags/minio_to_snowflake_dag.py took 1.239 seconds
[2026-08-05T07:06:10.674+0000] {processor.py:161} INFO - Started process (PID=137) to work on /opt/airflow/dags/minio_to_snowflake_dag.py
[2026-08-05T07:06:10.677+0000] {processor.py:830} INFO - Processing file /opt/airflow/dags/minio_to_snowflake_dag.py for tasks to queue
[2026-08-05T07:06:10.679+0000] {logging_mixin.py:188} INFO - [2026-08-05T07:06:10.678+0000] {dagbag.py:545} INFO - Filling up the DagBag from /opt/airflow/dags/minio_to_snowflake_dag.py
[2026-08-05T07:06:11.764+0000] {processor.py:840} INFO - DAG(s) 'minio_to_snowflake_banking' retrieved from /opt/airflow/dags/minio_to_snowflake_dag.py
[2026-08-05T07:06:11.833+0000] {logging_mixin.py:188} INFO - [2026-08-05T07:06:11.833+0000] {dag.py:3089} INFO - Sync 1 DAGs
[2026-08-05T07:06:11.869+0000] {logging_mixin.py:188} INFO - [2026-08-05T07:06:11.868+0000] {dag.py:3947} INFO - Setting next_dagrun for minio_to_snowflake_banking to 2026-08-05 07:05:00+00:00, run_after=2026-08-05 07:06:00+00:00
[2026-08-05T07:06:11.899+0000] {processor.py:183} INFO - Processing /opt/airflow/dags/minio_to_snowflake_dag.py took 1.235 seconds
[2026-08-05T07:06:42.093+0000] {processor.py:161} INFO - Started process (PID=141) to work on /opt/airflow/dags/minio_to_snowflake_dag.py
[2026-08-05T07:06:42.096+0000] {processor.py:830} INFO - Processing file /opt/airflow/dags/minio_to_snowflake_dag.py for tasks to queue
[2026-08-05T07:06:42.098+0000] {logging_mixin.py:188} INFO - [2026-08-05T07:06:42.098+0000] {dagbag.py:545} INFO - Filling up the DagBag from /opt/airflow/dags/minio_to_snowflake_dag.py
[2026-08-05T07:06:43.523+0000] {processor.py:840} INFO - DAG(s) 'minio_to_snowflake_banking' retrieved from /opt/airflow/dags/minio_to_snowflake_dag.py
[2026-08-05T07:06:43.578+0000] {logging_mixin.py:188} INFO - [2026-08-05T07:06:43.577+0000] {dag.py:3089} INFO - Sync 1 DAGs
[2026-08-05T07:06:43.614+0000] {logging_mixin.py:188} INFO - [2026-08-05T07:06:43.613+0000] {dag.py:3947} INFO - Setting next_dagrun for minio_to_snowflake_banking to 2026-08-05 07:05:00+00:00, run_after=2026-08-05 07:06:00+00:00
[2026-08-05T07:06:43.643+0000] {processor.py:183} INFO - Processing /opt/airflow/dags/minio_to_snowflake_dag.py took 1.559 seconds
[2026-08-05T07:07:14.236+0000] {processor.py:161} INFO - Started process (PID=145) to work on /opt/airflow/dags/minio_to_snowflake_dag.py
[2026-08-05T07:07:14.238+0000] {processor.py:830} INFO - Processing file /opt/airflow/dags/minio_to_snowflake_dag.py for tasks to queue
[2026-08-05T07:07:14.241+0000] {logging_mixin.py:188} INFO - [2026-08-05T07:07:14.240+0000] {dagbag.py:545} INFO - Filling up the DagBag from /opt/airflow/dags/minio_to_snowflake_dag.py
[2026-08-05T07:07:15.358+0000] {processor.py:840} INFO - DAG(s) 'minio_to_snowflake_banking' retrieved from /opt/airflow/dags/minio_to_snowflake_dag.py
[2026-08-05T07:07:15.401+0000] {logging_mixin.py:188} INFO - [2026-08-05T07:07:15.401+0000] {dag.py:3089} INFO - Sync 1 DAGs
[2026-08-05T07:07:15.437+0000] {logging_mixin.py:188} INFO - [2026-08-05T07:07:15.437+0000] {dag.py:3947} INFO - Setting next_dagrun for minio_to_snowflake_banking to 2026-08-05 07:06:00+00:00, run_after=2026-08-05 07:07:00+00:00
[2026-08-05T07:07:15.466+0000] {processor.py:183} INFO - Processing /opt/airflow/dags/minio_to_snowflake_dag.py took 1.240 seconds
[2026-08-05T07:07:45.734+0000] {processor.py:161} INFO - Started process (PID=149) to work on /opt/airflow/dags/minio_to_snowflake_dag.py
[2026-08-05T07:07:45.737+0000] {processor.py:830} INFO - Processing file /opt/airflow/dags/minio_to_snowflake_dag.py for tasks to queue
[2026-08-05T07:07:45.740+0000] {logging_mixin.py:188} INFO - [2026-08-05T07:07:45.739+0000] {dagbag.py:545} INFO - Filling up the DagBag from /opt/airflow/dags/minio_to_snowflake_dag.py
[2026-08-05T07:07:47.128+0000] {processor.py:840} INFO - DAG(s) 'minio_to_snowflake_banking' retrieved from /opt/airflow/dags/minio_to_snowflake_dag.py
[2026-08-05T07:07:47.171+0000] {logging_mixin.py:188} INFO - [2026-08-05T07:07:47.171+0000] {dag.py:3089} INFO - Sync 1 DAGs
[2026-08-05T07:07:47.208+0000] {logging_mixin.py:188} INFO - [2026-08-05T07:07:47.208+0000] {dag.py:3947} INFO - Setting next_dagrun for minio_to_snowflake_banking to 2026-08-05 07:06:00+00:00, run_after=2026-08-05 07:07:00+00:00
[2026-08-05T07:07:47.238+0000] {processor.py:183} INFO - Processing /opt/airflow/dags/minio_to_snowflake_dag.py took 1.518 seconds
[2026-08-05T07:08:17.579+0000] {processor.py:161} INFO - Started process (PID=153) to work on /opt/airflow/dags/minio_to_snowflake_dag.py
[2026-08-05T07:08:17.582+0000] {processor.py:830} INFO - Processing file /opt/airflow/dags/minio_to_snowflake_dag.py for tasks to queue
[2026-08-05T07:08:17.584+0000] {logging_mixin.py:188} INFO - [2026-08-05T07:08:17.584+0000] {dagbag.py:545} INFO - Filling up the DagBag from /opt/airflow/dags/minio_to_snowflake_dag.py
[2026-08-05T07:08:18.700+0000] {processor.py:840} INFO - DAG(s) 'minio_to_snowflake_banking' retrieved from /opt/airflow/dags/minio_to_snowflake_dag.py
[2026-08-05T07:08:18.745+0000] {logging_mixin.py:188} INFO - [2026-08-05T07:08:18.745+0000] {dag.py:3089} INFO - Sync 1 DAGs
[2026-08-05T07:08:18.781+0000] {logging_mixin.py:188} INFO - [2026-08-05T07:08:18.781+0000] {dag.py:3947} INFO - Setting next_dagrun for minio_to_snowflake_banking to 2026-08-05 07:07:00+00:00, run_after=2026-08-05 07:08:00+00:00
[2026-08-05T07:08:18.813+0000] {processor.py:183} INFO - Processing /opt/airflow/dags/minio_to_snowflake_dag.py took 1.251 seconds
[2026-08-05T07:08:49.127+0000] {processor.py:161} INFO - Started process (PID=157) to work on /opt/airflow/dags/minio_to_snowflake_dag.py
[2026-08-05T07:08:49.129+0000] {processor.py:830} INFO - Processing file /opt/airflow/dags/minio_to_snowflake_dag.py for tasks to queue
[2026-08-05T07:08:49.132+0000] {logging_mixin.py:188} INFO - [2026-08-05T07:08:49.131+0000] {dagbag.py:545} INFO - Filling up the DagBag from /opt/airflow/dags/minio_to_snowflake_dag.py
[2026-08-05T07:08:50.972+0000] {processor.py:840} INFO - DAG(s) 'minio_to_snowflake_banking' retrieved from /opt/airflow/dags/minio_to_snowflake_dag.py
[2026-08-05T07:08:51.434+0000] {logging_mixin.py:188} INFO - [2026-08-05T07:08:51.432+0000] {dag.py:3089} INFO - Sync 1 DAGs
[2026-08-05T07:08:51.559+0000] {logging_mixin.py:188} INFO - [2026-08-05T07:08:51.559+0000] {dag.py:3947} INFO - Setting next_dagrun for minio_to_snowflake_banking to 2026-08-05 07:07:00+00:00, run_after=2026-08-05 07:08:00+00:00
[2026-08-05T07:08:51.587+0000] {processor.py:183} INFO - Processing /opt/airflow/dags/minio_to_snowflake_dag.py took 2.472 seconds
[2026-08-05T07:09:21.855+0000] {processor.py:161} INFO - Started process (PID=161) to work on /opt/airflow/dags/minio_to_snowflake_dag.py
[2026-08-05T07:09:21.858+0000] {processor.py:830} INFO - Processing file /opt/airflow/dags/minio_to_snowflake_dag.py for tasks to queue
[2026-08-05T07:09:21.860+0000] {logging_mixin.py:188} INFO - [2026-08-05T07:09:21.860+0000] {dagbag.py:545} INFO - Filling up the DagBag from /opt/airflow/dags/minio_to_snowflake_dag.py
[2026-08-05T07:09:23.349+0000] {processor.py:840} INFO - DAG(s) 'minio_to_snowflake_banking' retrieved from /opt/airflow/dags/minio_to_snowflake_dag.py
[2026-08-05T07:09:23.430+0000] {logging_mixin.py:188} INFO - [2026-08-05T07:09:23.429+0000] {dag.py:3089} INFO - Sync 1 DAGs
[2026-08-05T07:09:23.467+0000] {logging_mixin.py:188} INFO - [2026-08-05T07:09:23.466+0000] {dag.py:3947} INFO - Setting next_dagrun for minio_to_snowflake_banking to 2026-08-05 07:08:00+00:00, run_after=2026-08-05 07:09:00+00:00
[2026-08-05T07:09:23.496+0000] {processor.py:183} INFO - Processing /opt/airflow/dags/minio_to_snowflake_dag.py took 1.654 seconds
[2026-08-05T07:09:53.764+0000] {processor.py:161} INFO - Started process (PID=165) to work on /opt/airflow/dags/minio_to_snowflake_dag.py
[2026-08-05T07:09:53.767+0000] {processor.py:830} INFO - Processing file /opt/airflow/dags/minio_to_snowflake_dag.py for tasks to queue
[2026-08-05T07:09:53.769+0000] {logging_mixin.py:188} INFO - [2026-08-05T07:09:53.768+0000] {dagbag.py:545} INFO - Filling up the DagBag from /opt/airflow/dags/minio_to_snowflake_dag.py
[2026-08-05T07:09:55.037+0000] {processor.py:840} INFO - DAG(s) 'minio_to_snowflake_banking' retrieved from /opt/airflow/dags/minio_to_snowflake_dag.py
[2026-08-05T07:09:55.079+0000] {logging_mixin.py:188} INFO - [2026-08-05T07:09:55.079+0000] {dag.py:3089} INFO - Sync 1 DAGs
[2026-08-05T07:09:55.116+0000] {logging_mixin.py:188} INFO - [2026-08-05T07:09:55.116+0000] {dag.py:3947} INFO - Setting next_dagrun for minio_to_snowflake_banking to 2026-08-05 07:08:00+00:00, run_after=2026-08-05 07:09:00+00:00
[2026-08-05T07:09:55.144+0000] {processor.py:183} INFO - Processing /opt/airflow/dags/minio_to_snowflake_dag.py took 1.391 seconds
[2026-08-05T07:10:25.310+0000] {processor.py:161} INFO - Started process (PID=169) to work on /opt/airflow/dags/minio_to_snowflake_dag.py
[2026-08-05T07:10:25.313+0000] {processor.py:830} INFO - Processing file /opt/airflow/dags/minio_to_snowflake_dag.py for tasks to queue
[2026-08-05T07:10:25.315+0000] {logging_mixin.py:188} INFO - [2026-08-05T07:10:25.315+0000] {dagbag.py:545} INFO - Filling up the DagBag from /opt/airflow/dags/minio_to_snowflake_dag.py
[2026-08-05T07:10:26.422+0000] {processor.py:840} INFO - DAG(s) 'minio_to_snowflake_banking' retrieved from /opt/airflow/dags/minio_to_snowflake_dag.py
[2026-08-05T07:10:26.473+0000] {logging_mixin.py:188} INFO - [2026-08-05T07:10:26.472+0000] {dag.py:3089} INFO - Sync 1 DAGs
[2026-08-05T07:10:26.507+0000] {logging_mixin.py:188} INFO - [2026-08-05T07:10:26.507+0000] {dag.py:3947} INFO - Setting next_dagrun for minio_to_snowflake_banking to 2026-08-05 07:09:00+00:00, run_after=2026-08-05 07:10:00+00:00
[2026-08-05T07:10:26.536+0000] {processor.py:183} INFO - Processing /opt/airflow/dags/minio_to_snowflake_dag.py took 1.237 seconds
[2026-08-05T07:10:56.825+0000] {processor.py:161} INFO - Started process (PID=173) to work on /opt/airflow/dags/minio_to_snowflake_dag.py
[2026-08-05T07:10:56.829+0000] {processor.py:830} INFO - Processing file /opt/airflow/dags/minio_to_snowflake_dag.py for tasks to queue
[2026-08-05T07:10:56.833+0000] {logging_mixin.py:188} INFO - [2026-08-05T07:10:56.832+0000] {dagbag.py:545} INFO - Filling up the DagBag from /opt/airflow/dags/minio_to_snowflake_dag.py
[2026-08-05T07:10:58.036+0000] {processor.py:840} INFO - DAG(s) 'minio_to_snowflake_banking' retrieved from /opt/airflow/dags/minio_to_snowflake_dag.py
[2026-08-05T07:10:58.081+0000] {logging_mixin.py:188} INFO - [2026-08-05T07:10:58.080+0000] {dag.py:3089} INFO - Sync 1 DAGs
[2026-08-05T07:10:58.114+0000] {logging_mixin.py:188} INFO - [2026-08-05T07:10:58.113+0000] {dag.py:3947} INFO - Setting next_dagrun for minio_to_snowflake_banking to 2026-08-05 07:09:00+00:00, run_after=2026-08-05 07:10:00+00:00
[2026-08-05T07:10:58.143+0000] {processor.py:183} INFO - Processing /opt/airflow/dags/minio_to_snowflake_dag.py took 1.341 seconds
[2026-08-05T07:11:28.398+0000] {processor.py:161} INFO - Started process (PID=177) to work on /opt/airflow/dags/minio_to_snowflake_dag.py
[2026-08-05T07:11:28.401+0000] {processor.py:830} INFO - Processing file /opt/airflow/dags/minio_to_snowflake_dag.py for tasks to queue
[2026-08-05T07:11:28.404+0000] {logging_mixin.py:188} INFO - [2026-08-05T07:11:28.403+0000] {dagbag.py:545} INFO - Filling up the DagBag from /opt/airflow/dags/minio_to_snowflake_dag.py
[2026-08-05T07:11:30.450+0000] {processor.py:840} INFO - DAG(s) 'minio_to_snowflake_banking' retrieved from /opt/airflow/dags/minio_to_snowflake_dag.py
[2026-08-05T07:11:30.672+0000] {logging_mixin.py:188} INFO - [2026-08-05T07:11:30.671+0000] {dag.py:3089} INFO - Sync 1 DAGs
[2026-08-05T07:11:30.713+0000] {logging_mixin.py:188} INFO - [2026-08-05T07:11:30.712+0000] {dag.py:3947} INFO - Setting next_dagrun for minio_to_snowflake_banking to 2026-08-05 07:10:00+00:00, run_after=2026-08-05 07:11:00+00:00
[2026-08-05T07:11:30.742+0000] {processor.py:183} INFO - Processing /opt/airflow/dags/minio_to_snowflake_dag.py took 2.356 seconds
[2026-08-05T07:12:01.041+0000] {processor.py:161} INFO - Started process (PID=181) to work on /opt/airflow/dags/minio_to_snowflake_dag.py
[2026-08-05T07:12:01.044+0000] {processor.py:830} INFO - Processing file /opt/airflow/dags/minio_to_snowflake_dag.py for tasks to queue
[2026-08-05T07:12:01.046+0000] {logging_mixin.py:188} INFO - [2026-08-05T07:12:01.046+0000] {dagbag.py:545} INFO - Filling up the DagBag from /opt/airflow/dags/minio_to_snowflake_dag.py
[2026-08-05T07:12:02.583+0000] {processor.py:840} INFO - DAG(s) 'minio_to_snowflake_banking' retrieved from /opt/airflow/dags/minio_to_snowflake_dag.py
[2026-08-05T07:12:02.628+0000] {logging_mixin.py:188} INFO - [2026-08-05T07:12:02.628+0000] {dag.py:3089} INFO - Sync 1 DAGs
[2026-08-05T07:12:02.665+0000] {logging_mixin.py:188} INFO - [2026-08-05T07:12:02.665+0000] {dag.py:3947} INFO - Setting next_dagrun for minio_to_snowflake_banking to 2026-08-05 07:11:00+00:00, run_after=2026-08-05 07:12:00+00:00
[2026-08-05T07:12:02.695+0000] {processor.py:183} INFO - Processing /opt/airflow/dags/minio_to_snowflake_dag.py took 1.665 seconds
[2026-08-05T07:12:32.831+0000] {processor.py:161} INFO - Started process (PID=185) to work on /opt/airflow/dags/minio_to_snowflake_dag.py
[2026-08-05T07:12:32.834+0000] {processor.py:830} INFO - Processing file /opt/airflow/dags/minio_to_snowflake_dag.py for tasks to queue
[2026-08-05T07:12:32.836+0000] {logging_mixin.py:188} INFO - [2026-08-05T07:12:32.835+0000] {dagbag.py:545} INFO - Filling up the DagBag from /opt/airflow/dags/minio_to_snowflake_dag.py
[2026-08-05T07:12:33.965+0000] {processor.py:840} INFO - DAG(s) 'minio_to_snowflake_banking' retrieved from /opt/airflow/dags/minio_to_snowflake_dag.py
[2026-08-05T07:12:34.096+0000] {logging_mixin.py:188} INFO - [2026-08-05T07:12:34.095+0000] {dag.py:3089} INFO - Sync 1 DAGs
[2026-08-05T07:12:34.130+0000] {logging_mixin.py:188} INFO - [2026-08-05T07:12:34.130+0000] {dag.py:3947} INFO - Setting next_dagrun for minio_to_snowflake_banking to 2026-08-05 07:11:00+00:00, run_after=2026-08-05 07:12:00+00:00
[2026-08-05T07:12:34.158+0000] {processor.py:183} INFO - Processing /opt/airflow/dags/minio_to_snowflake_dag.py took 1.341 seconds
[2026-08-05T07:13:04.410+0000] {processor.py:161} INFO - Started process (PID=189) to work on /opt/airflow/dags/minio_to_snowflake_dag.py
[2026-08-05T07:13:04.414+0000] {processor.py:830} INFO - Processing file /opt/airflow/dags/minio_to_snowflake_dag.py for tasks to queue
[2026-08-05T07:13:04.417+0000] {logging_mixin.py:188} INFO - [2026-08-05T07:13:04.416+0000] {dagbag.py:545} INFO - Filling up the DagBag from /opt/airflow/dags/minio_to_snowflake_dag.py
[2026-08-05T07:13:05.597+0000] {processor.py:840} INFO - DAG(s) 'minio_to_snowflake_banking' retrieved from /opt/airflow/dags/minio_to_snowflake_dag.py
[2026-08-05T07:13:05.644+0000] {logging_mixin.py:188} INFO - [2026-08-05T07:13:05.643+0000] {dag.py:3089} INFO - Sync 1 DAGs
[2026-08-05T07:13:05.678+0000] {logging_mixin.py:188} INFO - [2026-08-05T07:13:05.678+0000] {dag.py:3947} INFO - Setting next_dagrun for minio_to_snowflake_banking to 2026-08-05 07:12:00+00:00, run_after=2026-08-05 07:13:00+00:00
[2026-08-05T07:13:05.708+0000] {processor.py:183} INFO - Processing /opt/airflow/dags/minio_to_snowflake_dag.py took 1.309 seconds
[2026-08-05T07:13:35.973+0000] {processor.py:161} INFO - Started process (PID=193) to work on /opt/airflow/dags/minio_to_snowflake_dag.py
[2026-08-05T07:13:35.976+0000] {processor.py:830} INFO - Processing file /opt/airflow/dags/minio_to_snowflake_dag.py for tasks to queue
[2026-08-05T07:13:35.978+0000] {logging_mixin.py:188} INFO - [2026-08-05T07:13:35.978+0000] {dagbag.py:545} INFO - Filling up the DagBag from /opt/airflow/dags/minio_to_snowflake_dag.py
[2026-08-05T07:13:37.329+0000] {processor.py:840} INFO - DAG(s) 'minio_to_snowflake_banking' retrieved from /opt/airflow/dags/minio_to_snowflake_dag.py
[2026-08-05T07:13:37.371+0000] {logging_mixin.py:188} INFO - [2026-08-05T07:13:37.371+0000] {dag.py:3089} INFO - Sync 1 DAGs
[2026-08-05T07:13:37.406+0000] {logging_mixin.py:188} INFO - [2026-08-05T07:13:37.406+0000] {dag.py:3947} INFO - Setting next_dagrun for minio_to_snowflake_banking to 2026-08-05 07:12:00+00:00, run_after=2026-08-05 07:13:00+00:00
[2026-08-05T07:13:37.434+0000] {processor.py:183} INFO - Processing /opt/airflow/dags/minio_to_snowflake_dag.py took 1.472 seconds
[2026-08-05T07:14:07.696+0000] {processor.py:161} INFO - Started process (PID=197) to work on /opt/airflow/dags/minio_to_snowflake_dag.py
[2026-08-05T07:14:07.699+0000] {processor.py:830} INFO - Processing file /opt/airflow/dags/minio_to_snowflake_dag.py for tasks to queue
[2026-08-05T07:14:07.702+0000] {logging_mixin.py:188} INFO - [2026-08-05T07:14:07.701+0000] {dagbag.py:545} INFO - Filling up the DagBag from /opt/airflow/dags/minio_to_snowflake_dag.py
[2026-08-05T07:14:08.892+0000] {processor.py:840} INFO - DAG(s) 'minio_to_snowflake_banking' retrieved from /opt/airflow/dags/minio_to_snowflake_dag.py
[2026-08-05T07:14:08.971+0000] {logging_mixin.py:188} INFO - [2026-08-05T07:14:08.971+0000] {dag.py:3089} INFO - Sync 1 DAGs
[2026-08-05T07:14:09.156+0000] {logging_mixin.py:188} INFO - [2026-08-05T07:14:09.156+0000] {dag.py:3947} INFO - Setting next_dagrun for minio_to_snowflake_banking to 2026-08-05 07:13:00+00:00, run_after=2026-08-05 07:14:00+00:00
[2026-08-05T07:14:09.325+0000] {processor.py:183} INFO - Processing /opt/airflow/dags/minio_to_snowflake_dag.py took 1.640 seconds
[2026-08-05T07:14:39.599+0000] {processor.py:161} INFO - Started process (PID=201) to work on /opt/airflow/dags/minio_to_snowflake_dag.py
[2026-08-05T07:14:39.602+0000] {processor.py:830} INFO - Processing file /opt/airflow/dags/minio_to_snowflake_dag.py for tasks to queue
[2026-08-05T07:14:39.606+0000] {logging_mixin.py:188} INFO - [2026-08-05T07:14:39.605+0000] {dagbag.py:545} INFO - Filling up the DagBag from /opt/airflow/dags/minio_to_snowflake_dag.py
[2026-08-05T07:14:41.371+0000] {processor.py:840} INFO - DAG(s) 'minio_to_snowflake_banking' retrieved from /opt/airflow/dags/minio_to_snowflake_dag.py
[2026-08-05T07:14:41.423+0000] {logging_mixin.py:188} INFO - [2026-08-05T07:14:41.423+0000] {dag.py:3089} INFO - Sync 1 DAGs
[2026-08-05T07:14:41.460+0000] {logging_mixin.py:188} INFO - [2026-08-05T07:14:41.460+0000] {dag.py:3947} INFO - Setting next_dagrun for minio_to_snowflake_banking to 2026-08-05 07:13:00+00:00, run_after=2026-08-05 07:14:00+00:00
[2026-08-05T07:14:41.489+0000] {processor.py:183} INFO - Processing /opt/airflow/dags/minio_to_snowflake_dag.py took 1.909 seconds
[2026-08-05T07:15:11.613+0000] {processor.py:161} INFO - Started process (PID=205) to work on /opt/airflow/dags/minio_to_snowflake_dag.py
[2026-08-05T07:15:11.616+0000] {processor.py:830} INFO - Processing file /opt/airflow/dags/minio_to_snowflake_dag.py for tasks to queue
[2026-08-05T07:15:11.619+0000] {logging_mixin.py:188} INFO - [2026-08-05T07:15:11.618+0000] {dagbag.py:545} INFO - Filling up the DagBag from /opt/airflow/dags/minio_to_snowflake_dag.py
[2026-08-05T07:15:12.722+0000] {processor.py:840} INFO - DAG(s) 'minio_to_snowflake_banking' retrieved from /opt/airflow/dags/minio_to_snowflake_dag.py
[2026-08-05T07:15:12.771+0000] {logging_mixin.py:188} INFO - [2026-08-05T07:15:12.771+0000] {dag.py:3089} INFO - Sync 1 DAGs
[2026-08-05T07:15:12.808+0000] {logging_mixin.py:188} INFO - [2026-08-05T07:15:12.807+0000] {dag.py:3947} INFO - Setting next_dagrun for minio_to_snowflake_banking to 2026-08-05 07:14:00+00:00, run_after=2026-08-05 07:15:00+00:00
[2026-08-05T07:15:12.837+0000] {processor.py:183} INFO - Processing /opt/airflow/dags/minio_to_snowflake_dag.py took 1.235 seconds
[2026-08-05T07:15:42.946+0000] {processor.py:161} INFO - Started process (PID=209) to work on /opt/airflow/dags/minio_to_snowflake_dag.py
[2026-08-05T07:15:42.948+0000] {processor.py:830} INFO - Processing file /opt/airflow/dags/minio_to_snowflake_dag.py for tasks to queue
[2026-08-05T07:15:42.950+0000] {logging_mixin.py:188} INFO - [2026-08-05T07:15:42.949+0000] {dagbag.py:545} INFO - Filling up the DagBag from /opt/airflow/dags/minio_to_snowflake_dag.py
[2026-08-05T07:15:44.017+0000] {processor.py:840} INFO - DAG(s) 'minio_to_snowflake_banking' retrieved from /opt/airflow/dags/minio_to_snowflake_dag.py
[2026-08-05T07:15:44.066+0000] {logging_mixin.py:188} INFO - [2026-08-05T07:15:44.065+0000] {dag.py:3089} INFO - Sync 1 DAGs
[2026-08-05T07:15:44.103+0000] {logging_mixin.py:188} INFO - [2026-08-05T07:15:44.102+0000] {dag.py:3947} INFO - Setting next_dagrun for minio_to_snowflake_banking to 2026-08-05 07:14:00+00:00, run_after=2026-08-05 07:15:00+00:00
[2026-08-05T07:15:44.132+0000] {processor.py:183} INFO - Processing /opt/airflow/dags/minio_to_snowflake_dag.py took 1.196 seconds
[2026-08-05T07:16:14.318+0000] {processor.py:161} INFO - Started process (PID=213) to work on /opt/airflow/dags/minio_to_snowflake_dag.py
[2026-08-05T07:16:14.320+0000] {processor.py:830} INFO - Processing file /opt/airflow/dags/minio_to_snowflake_dag.py for tasks to queue
[2026-08-05T07:16:14.323+0000] {logging_mixin.py:188} INFO - [2026-08-05T07:16:14.322+0000] {dagbag.py:545} INFO - Filling up the DagBag from /opt/airflow/dags/minio_to_snowflake_dag.py
[2026-08-05T07:16:15.437+0000] {processor.py:840} INFO - DAG(s) 'minio_to_snowflake_banking' retrieved from /opt/airflow/dags/minio_to_snowflake_dag.py
[2026-08-05T07:16:15.482+0000] {logging_mixin.py:188} INFO - [2026-08-05T07:16:15.481+0000] {dag.py:3089} INFO - Sync 1 DAGs
[2026-08-05T07:16:15.518+0000] {logging_mixin.py:188} INFO - [2026-08-05T07:16:15.518+0000] {dag.py:3947} INFO - Setting next_dagrun for minio_to_snowflake_banking to 2026-08-05 07:15:00+00:00, run_after=2026-08-05 07:16:00+00:00
[2026-08-05T07:16:15.548+0000] {processor.py:183} INFO - Processing /opt/airflow/dags/minio_to_snowflake_dag.py took 1.243 seconds
[2026-08-05T07:16:45.810+0000] {processor.py:161} INFO - Started process (PID=217) to work on /opt/airflow/dags/minio_to_snowflake_dag.py
[2026-08-05T07:16:45.812+0000] {processor.py:830} INFO - Processing file /opt/airflow/dags/minio_to_snowflake_dag.py for tasks to queue
[2026-08-05T07:16:45.815+0000] {logging_mixin.py:188} INFO - [2026-08-05T07:16:45.814+0000] {dagbag.py:545} INFO - Filling up the DagBag from /opt/airflow/dags/minio_to_snowflake_dag.py
[2026-08-05T07:16:47.146+0000] {processor.py:840} INFO - DAG(s) 'minio_to_snowflake_banking' retrieved from /opt/airflow/dags/minio_to_snowflake_dag.py
[2026-08-05T07:16:47.216+0000] {logging_mixin.py:188} INFO - [2026-08-05T07:16:47.215+0000] {dag.py:3089} INFO - Sync 1 DAGs
[2026-08-05T07:16:47.286+0000] {logging_mixin.py:188} INFO - [2026-08-05T07:16:47.285+0000] {dag.py:3947} INFO - Setting next_dagrun for minio_to_snowflake_banking to 2026-08-05 07:15:00+00:00, run_after=2026-08-05 07:16:00+00:00
[2026-08-05T07:16:47.335+0000] {processor.py:183} INFO - Processing /opt/airflow/dags/minio_to_snowflake_dag.py took 1.537 seconds
[2026-08-05T07:17:17.637+0000] {processor.py:161} INFO - Started process (PID=221) to work on /opt/airflow/dags/minio_to_snowflake_dag.py
[2026-08-05T07:17:17.641+0000] {processor.py:830} INFO - Processing file /opt/airflow/dags/minio_to_snowflake_dag.py for tasks to queue
[2026-08-05T07:17:17.645+0000] {logging_mixin.py:188} INFO - [2026-08-05T07:17:17.644+0000] {dagbag.py:545} INFO - Filling up the DagBag from /opt/airflow/dags/minio_to_snowflake_dag.py
[2026-08-05T07:17:18.727+0000] {processor.py:840} INFO - DAG(s) 'minio_to_snowflake_banking' retrieved from /opt/airflow/dags/minio_to_snowflake_dag.py
[2026-08-05T07:17:18.774+0000] {logging_mixin.py:188} INFO - [2026-08-05T07:17:18.774+0000] {dag.py:3089} INFO - Sync 1 DAGs
[2026-08-05T07:17:18.813+0000] {logging_mixin.py:188} INFO - [2026-08-05T07:17:18.813+0000] {dag.py:3947} INFO - Setting next_dagrun for minio_to_snowflake_banking to 2026-08-05 07:16:00+00:00, run_after=2026-08-05 07:17:00+00:00
[2026-08-05T07:17:18.845+0000] {processor.py:183} INFO - Processing /opt/airflow/dags/minio_to_snowflake_dag.py took 1.235 seconds
[2026-08-05T07:17:49.104+0000] {processor.py:161} INFO - Started process (PID=225) to work on /opt/airflow/dags/minio_to_snowflake_dag.py
[2026-08-05T07:17:49.107+0000] {processor.py:830} INFO - Processing file /opt/airflow/dags/minio_to_snowflake_dag.py for tasks to queue
[2026-08-05T07:17:49.109+0000] {logging_mixin.py:188} INFO - [2026-08-05T07:17:49.108+0000] {dagbag.py:545} INFO - Filling up the DagBag from /opt/airflow/dags/minio_to_snowflake_dag.py
[2026-08-05T07:17:50.318+0000] {processor.py:840} INFO - DAG(s) 'minio_to_snowflake_banking' retrieved from /opt/airflow/dags/minio_to_snowflake_dag.py
[2026-08-05T07:17:50.364+0000] {logging_mixin.py:188} INFO - [2026-08-05T07:17:50.363+0000] {dag.py:3089} INFO - Sync 1 DAGs
[2026-08-05T07:17:50.401+0000] {logging_mixin.py:188} INFO - [2026-08-05T07:17:50.400+0000] {dag.py:3947} INFO - Setting next_dagrun for minio_to_snowflake_banking to 2026-08-05 07:16:00+00:00, run_after=2026-08-05 07:17:00+00:00
[2026-08-05T07:17:50.430+0000] {processor.py:183} INFO - Processing /opt/airflow/dags/minio_to_snowflake_dag.py took 1.336 seconds
[2026-08-05T07:18:20.775+0000] {processor.py:161} INFO - Started process (PID=229) to work on /opt/airflow/dags/minio_to_snowflake_dag.py
[2026-08-05T07:18:20.777+0000] {processor.py:830} INFO - Processing file /opt/airflow/dags/minio_to_snowflake_dag.py for tasks to queue
[2026-08-05T07:18:20.779+0000] {logging_mixin.py:188} INFO - [2026-08-05T07:18:20.779+0000] {dagbag.py:545} INFO - Filling up the DagBag from /opt/airflow/dags/minio_to_snowflake_dag.py
[2026-08-05T07:18:21.863+0000] {processor.py:840} INFO - DAG(s) 'minio_to_snowflake_banking' retrieved from /opt/airflow/dags/minio_to_snowflake_dag.py
[2026-08-05T07:18:21.910+0000] {logging_mixin.py:188} INFO - [2026-08-05T07:18:21.909+0000] {dag.py:3089} INFO - Sync 1 DAGs
[2026-08-05T07:18:21.944+0000] {logging_mixin.py:188} INFO - [2026-08-05T07:18:21.944+0000] {dag.py:3947} INFO - Setting next_dagrun for minio_to_snowflake_banking to 2026-08-05 07:17:00+00:00, run_after=2026-08-05 07:18:00+00:00
[2026-08-05T07:18:21.972+0000] {processor.py:183} INFO - Processing /opt/airflow/dags/minio_to_snowflake_dag.py took 1.209 seconds
[2026-08-05T07:18:52.238+0000] {processor.py:161} INFO - Started process (PID=233) to work on /opt/airflow/dags/minio_to_snowflake_dag.py
[2026-08-05T07:18:52.240+0000] {processor.py:830} INFO - Processing file /opt/airflow/dags/minio_to_snowflake_dag.py for tasks to queue
[2026-08-05T07:18:52.243+0000] {logging_mixin.py:188} INFO - [2026-08-05T07:18:52.242+0000] {dagbag.py:545} INFO - Filling up the DagBag from /opt/airflow/dags/minio_to_snowflake_dag.py
[2026-08-05T07:18:53.332+0000] {processor.py:840} INFO - DAG(s) 'minio_to_snowflake_banking' retrieved from /opt/airflow/dags/minio_to_snowflake_dag.py
[2026-08-05T07:18:53.379+0000] {logging_mixin.py:188} INFO - [2026-08-05T07:18:53.378+0000] {dag.py:3089} INFO - Sync 1 DAGs
[2026-08-05T07:18:53.416+0000] {logging_mixin.py:188} INFO - [2026-08-05T07:18:53.415+0000] {dag.py:3947} INFO - Setting next_dagrun for minio_to_snowflake_banking to 2026-08-05 07:17:00+00:00, run_after=2026-08-05 07:18:00+00:00
[2026-08-05T07:18:53.446+0000] {processor.py:183} INFO - Processing /opt/airflow/dags/minio_to_snowflake_dag.py took 1.220 seconds
[2026-08-05T07:19:23.705+0000] {processor.py:161} INFO - Started process (PID=237) to work on /opt/airflow/dags/minio_to_snowflake_dag.py
[2026-08-05T07:19:23.708+0000] {processor.py:830} INFO - Processing file /opt/airflow/dags/minio_to_snowflake_dag.py for tasks to queue
[2026-08-05T07:19:23.710+0000] {logging_mixin.py:188} INFO - [2026-08-05T07:19:23.710+0000] {dagbag.py:545} INFO - Filling up the DagBag from /opt/airflow/dags/minio_to_snowflake_dag.py
[2026-08-05T07:19:25.209+0000] {processor.py:840} INFO - DAG(s) 'minio_to_snowflake_banking' retrieved from /opt/airflow/dags/minio_to_snowflake_dag.py
[2026-08-05T07:19:25.303+0000] {logging_mixin.py:188} INFO - [2026-08-05T07:19:25.303+0000] {dag.py:3089} INFO - Sync 1 DAGs
[2026-08-05T07:19:25.398+0000] {logging_mixin.py:188} INFO - [2026-08-05T07:19:25.397+0000] {dag.py:3947} INFO - Setting next_dagrun for minio_to_snowflake_banking to 2026-08-05 07:18:00+00:00, run_after=2026-08-05 07:19:00+00:00
[2026-08-05T07:19:25.489+0000] {processor.py:183} INFO - Processing /opt/airflow/dags/minio_to_snowflake_dag.py took 1.798 seconds
[2026-08-05T07:19:55.666+0000] {processor.py:161} INFO - Started process (PID=241) to work on /opt/airflow/dags/minio_to_snowflake_dag.py
[2026-08-05T07:19:55.668+0000] {processor.py:830} INFO - Processing file /opt/airflow/dags/minio_to_snowflake_dag.py for tasks to queue
[2026-08-05T07:19:55.670+0000] {logging_mixin.py:188} INFO - [2026-08-05T07:19:55.670+0000] {dagbag.py:545} INFO - Filling up the DagBag from /opt/airflow/dags/minio_to_snowflake_dag.py
[2026-08-05T07:19:56.843+0000] {processor.py:840} INFO - DAG(s) 'minio_to_snowflake_banking' retrieved from /opt/airflow/dags/minio_to_snowflake_dag.py
[2026-08-05T07:19:56.887+0000] {logging_mixin.py:188} INFO - [2026-08-05T07:19:56.886+0000] {dag.py:3089} INFO - Sync 1 DAGs
[2026-08-05T07:19:56.923+0000] {logging_mixin.py:188} INFO - [2026-08-05T07:19:56.923+0000] {dag.py:3947} INFO - Setting next_dagrun for minio_to_snowflake_banking to 2026-08-05 07:18:00+00:00, run_after=2026-08-05 07:19:00+00:00
[2026-08-05T07:19:56.953+0000] {processor.py:183} INFO - Processing /opt/airflow/dags/minio_to_snowflake_dag.py took 1.299 seconds
[2026-08-05T07:20:27.250+0000] {processor.py:161} INFO - Started process (PID=245) to work on /opt/airflow/dags/minio_to_snowflake_dag.py
[2026-08-05T07:20:27.257+0000] {processor.py:830} INFO - Processing file /opt/airflow/dags/minio_to_snowflake_dag.py for tasks to queue
[2026-08-05T07:20:27.261+0000] {logging_mixin.py:188} INFO - [2026-08-05T07:20:27.260+0000] {dagbag.py:545} INFO - Filling up the DagBag from /opt/airflow/dags/minio_to_snowflake_dag.py
[2026-08-05T07:20:28.501+0000] {processor.py:840} INFO - DAG(s) 'minio_to_snowflake_banking' retrieved from /opt/airflow/dags/minio_to_snowflake_dag.py
[2026-08-05T07:20:28.545+0000] {logging_mixin.py:188} INFO - [2026-08-05T07:20:28.544+0000] {dag.py:3089} INFO - Sync 1 DAGs
[2026-08-05T07:20:28.581+0000] {logging_mixin.py:188} INFO - [2026-08-05T07:20:28.580+0000] {dag.py:3947} INFO - Setting next_dagrun for minio_to_snowflake_banking to 2026-08-05 07:19:00+00:00, run_after=2026-08-05 07:20:00+00:00
[2026-08-05T07:20:28.609+0000] {processor.py:183} INFO - Processing /opt/airflow/dags/minio_to_snowflake_dag.py took 1.391 seconds
[2026-08-05T07:20:58.872+0000] {processor.py:161} INFO - Started process (PID=249) to work on /opt/airflow/dags/minio_to_snowflake_dag.py
[2026-08-05T07:20:58.875+0000] {processor.py:830} INFO - Processing file /opt/airflow/dags/minio_to_snowflake_dag.py for tasks to queue
[2026-08-05T07:20:58.877+0000] {logging_mixin.py:188} INFO - [2026-08-05T07:20:58.876+0000] {dagbag.py:545} INFO - Filling up the DagBag from /opt/airflow/dags/minio_to_snowflake_dag.py
[2026-08-05T07:21:00.002+0000] {processor.py:840} INFO - DAG(s) 'minio_to_snowflake_banking' retrieved from /opt/airflow/dags/minio_to_snowflake_dag.py
[2026-08-05T07:21:00.052+0000] {logging_mixin.py:188} INFO - [2026-08-05T07:21:00.052+0000] {dag.py:3089} INFO - Sync 1 DAGs
[2026-08-05T07:21:00.086+0000] {logging_mixin.py:188} INFO - [2026-08-05T07:21:00.086+0000] {dag.py:3947} INFO - Setting next_dagrun for minio_to_snowflake_banking to 2026-08-05 07:20:00+00:00, run_after=2026-08-05 07:21:00+00:00
[2026-08-05T07:21:00.117+0000] {processor.py:183} INFO - Processing /opt/airflow/dags/minio_to_snowflake_dag.py took 1.259 seconds
[2026-08-05T07:21:30.383+0000] {processor.py:161} INFO - Started process (PID=253) to work on /opt/airflow/dags/minio_to_snowflake_dag.py
[2026-08-05T07:21:30.385+0000] {processor.py:830} INFO - Processing file /opt/airflow/dags/minio_to_snowflake_dag.py for tasks to queue
[2026-08-05T07:21:30.387+0000] {logging_mixin.py:188} INFO - [2026-08-05T07:21:30.387+0000] {dagbag.py:545} INFO - Filling up the DagBag from /opt/airflow/dags/minio_to_snowflake_dag.py
[2026-08-05T07:21:31.534+0000] {processor.py:840} INFO - DAG(s) 'minio_to_snowflake_banking' retrieved from /opt/airflow/dags/minio_to_snowflake_dag.py
[2026-08-05T07:21:31.578+0000] {logging_mixin.py:188} INFO - [2026-08-05T07:21:31.577+0000] {dag.py:3089} INFO - Sync 1 DAGs
[2026-08-05T07:21:31.613+0000] {logging_mixin.py:188} INFO - [2026-08-05T07:21:31.613+0000] {dag.py:3947} INFO - Setting next_dagrun for minio_to_snowflake_banking to 2026-08-05 07:20:00+00:00, run_after=2026-08-05 07:21:00+00:00
[2026-08-05T07:21:31.643+0000] {processor.py:183} INFO - Processing /opt/airflow/dags/minio_to_snowflake_dag.py took 1.271 seconds
[2026-08-05T07:22:01.972+0000] {processor.py:161} INFO - Started process (PID=257) to work on /opt/airflow/dags/minio_to_snowflake_dag.py
[2026-08-05T07:22:01.975+0000] {processor.py:830} INFO - Processing file /opt/airflow/dags/minio_to_snowflake_dag.py for tasks to queue
[2026-08-05T07:22:01.978+0000] {logging_mixin.py:188} INFO - [2026-08-05T07:22:01.977+0000] {dagbag.py:545} INFO - Filling up the DagBag from /opt/airflow/dags/minio_to_snowflake_dag.py
[2026-08-05T07:22:03.091+0000] {processor.py:840} INFO - DAG(s) 'minio_to_snowflake_banking' retrieved from /opt/airflow/dags/minio_to_snowflake_dag.py
[2026-08-05T07:22:03.136+0000] {logging_mixin.py:188} INFO - [2026-08-05T07:22:03.136+0000] {dag.py:3089} INFO - Sync 1 DAGs
[2026-08-05T07:22:03.173+0000] {logging_mixin.py:188} INFO - [2026-08-05T07:22:03.173+0000] {dag.py:3947} INFO - Setting next_dagrun for minio_to_snowflake_banking to 2026-08-05 07:21:00+00:00, run_after=2026-08-05 07:22:00+00:00
[2026-08-05T07:22:03.202+0000] {processor.py:183} INFO - Processing /opt/airflow/dags/minio_to_snowflake_dag.py took 1.242 seconds
[2026-08-05T07:22:33.458+0000] {processor.py:161} INFO - Started process (PID=261) to work on /opt/airflow/dags/minio_to_snowflake_dag.py
[2026-08-05T07:22:33.461+0000] {processor.py:830} INFO - Processing file /opt/airflow/dags/minio_to_snowflake_dag.py for tasks to queue
[2026-08-05T07:22:33.469+0000] {logging_mixin.py:188} INFO - [2026-08-05T07:22:33.468+0000] {dagbag.py:545} INFO - Filling up the DagBag from /opt/airflow/dags/minio_to_snowflake_dag.py
[2026-08-05T07:22:34.556+0000] {processor.py:840} INFO - DAG(s) 'minio_to_snowflake_banking' retrieved from /opt/airflow/dags/minio_to_snowflake_dag.py
[2026-08-05T07:22:34.665+0000] {logging_mixin.py:188} INFO - [2026-08-05T07:22:34.665+0000] {dag.py:3089} INFO - Sync 1 DAGs
[2026-08-05T07:22:34.700+0000] {logging_mixin.py:188} INFO - [2026-08-05T07:22:34.700+0000] {dag.py:3947} INFO - Setting next_dagrun for minio_to_snowflake_banking to 2026-08-05 07:21:00+00:00, run_after=2026-08-05 07:22:00+00:00
[2026-08-05T07:22:34.729+0000] {processor.py:183} INFO - Processing /opt/airflow/dags/minio_to_snowflake_dag.py took 1.282 seconds
[2026-08-05T07:23:04.997+0000] {processor.py:161} INFO - Started process (PID=265) to work on /opt/airflow/dags/minio_to_snowflake_dag.py
[2026-08-05T07:23:04.999+0000] {processor.py:830} INFO - Processing file /opt/airflow/dags/minio_to_snowflake_dag.py for tasks to queue
[2026-08-05T07:23:05.002+0000] {logging_mixin.py:188} INFO - [2026-08-05T07:23:05.001+0000] {dagbag.py:545} INFO - Filling up the DagBag from /opt/airflow/dags/minio_to_snowflake_dag.py
[2026-08-05T07:23:06.120+0000] {processor.py:840} INFO - DAG(s) 'minio_to_snowflake_banking' retrieved from /opt/airflow/dags/minio_to_snowflake_dag.py
[2026-08-05T07:23:06.734+0000] {logging_mixin.py:188} INFO - [2026-08-05T07:23:06.733+0000] {dag.py:3089} INFO - Sync 1 DAGs
[2026-08-05T07:23:06.886+0000] {logging_mixin.py:188} INFO - [2026-08-05T07:23:06.886+0000] {dag.py:3947} INFO - Setting next_dagrun for minio_to_snowflake_banking to 2026-08-05 07:22:00+00:00, run_after=2026-08-05 07:23:00+00:00
[2026-08-05T07:23:06.940+0000] {processor.py:183} INFO - Processing /opt/airflow/dags/minio_to_snowflake_dag.py took 1.954 seconds
[2026-08-05T07:23:37.196+0000] {processor.py:161} INFO - Started process (PID=269) to work on /opt/airflow/dags/minio_to_snowflake_dag.py
[2026-08-05T07:23:37.198+0000] {processor.py:830} INFO - Processing file /opt/airflow/dags/minio_to_snowflake_dag.py for tasks to queue
[2026-08-05T07:23:37.201+0000] {logging_mixin.py:188} INFO - [2026-08-05T07:23:37.200+0000] {dagbag.py:545} INFO - Filling up the DagBag from /opt/airflow/dags/minio_to_snowflake_dag.py
[2026-08-05T07:23:38.478+0000] {processor.py:840} INFO - DAG(s) 'minio_to_snowflake_banking' retrieved from /opt/airflow/dags/minio_to_snowflake_dag.py
[2026-08-05T07:23:38.542+0000] {logging_mixin.py:188} INFO - [2026-08-05T07:23:38.541+0000] {dag.py:3089} INFO - Sync 1 DAGs
[2026-08-05T07:23:38.584+0000] {logging_mixin.py:188} INFO - [2026-08-05T07:23:38.584+0000] {dag.py:3947} INFO - Setting next_dagrun for minio_to_snowflake_banking to 2026-08-05 07:22:00+00:00, run_after=2026-08-05 07:23:00+00:00
[2026-08-05T07:23:38.613+0000] {processor.py:183} INFO - Processing /opt/airflow/dags/minio_to_snowflake_dag.py took 1.429 seconds
[2026-08-05T07:24:08.870+0000] {processor.py:161} INFO - Started process (PID=273) to work on /opt/airflow/dags/minio_to_snowflake_dag.py
[2026-08-05T07:24:08.873+0000] {processor.py:830} INFO - Processing file /opt/airflow/dags/minio_to_snowflake_dag.py for tasks to queue
[2026-08-05T07:24:08.875+0000] {logging_mixin.py:188} INFO - [2026-08-05T07:24:08.875+0000] {dagbag.py:545} INFO - Filling up the DagBag from /opt/airflow/dags/minio_to_snowflake_dag.py
[2026-08-05T07:24:10.083+0000] {processor.py:840} INFO - DAG(s) 'minio_to_snowflake_banking' retrieved from /opt/airflow/dags/minio_to_snowflake_dag.py
[2026-08-05T07:24:10.125+0000] {logging_mixin.py:188} INFO - [2026-08-05T07:24:10.124+0000] {dag.py:3089} INFO - Sync 1 DAGs
[2026-08-05T07:24:10.164+0000] {logging_mixin.py:188} INFO - [2026-08-05T07:24:10.164+0000] {dag.py:3947} INFO - Setting next_dagrun for minio_to_snowflake_banking to 2026-08-05 07:23:00+00:00, run_after=2026-08-05 07:24:00+00:00
[2026-08-05T07:24:10.192+0000] {processor.py:183} INFO - Processing /opt/airflow/dags/minio_to_snowflake_dag.py took 1.333 seconds
[2026-08-05T07:24:40.457+0000] {processor.py:161} INFO - Started process (PID=277) to work on /opt/airflow/dags/minio_to_snowflake_dag.py
[2026-08-05T07:24:40.460+0000] {processor.py:830} INFO - Processing file /opt/airflow/dags/minio_to_snowflake_dag.py for tasks to queue
[2026-08-05T07:24:40.463+0000] {logging_mixin.py:188} INFO - [2026-08-05T07:24:40.462+0000] {dagbag.py:545} INFO - Filling up the DagBag from /opt/airflow/dags/minio_to_snowflake_dag.py
[2026-08-05T07:24:41.540+0000] {processor.py:840} INFO - DAG(s) 'minio_to_snowflake_banking' retrieved from /opt/airflow/dags/minio_to_snowflake_dag.py
[2026-08-05T07:24:41.582+0000] {logging_mixin.py:188} INFO - [2026-08-05T07:24:41.582+0000] {dag.py:3089} INFO - Sync 1 DAGs
[2026-08-05T07:24:41.623+0000] {logging_mixin.py:188} INFO - [2026-08-05T07:24:41.622+0000] {dag.py:3947} INFO - Setting next_dagrun for minio_to_snowflake_banking to 2026-08-05 07:23:00+00:00, run_after=2026-08-05 07:24:00+00:00
[2026-08-05T07:24:41.654+0000] {processor.py:183} INFO - Processing /opt/airflow/dags/minio_to_snowflake_dag.py took 1.208 seconds
[2026-08-05T07:25:11.910+0000] {processor.py:161} INFO - Started process (PID=281) to work on /opt/airflow/dags/minio_to_snowflake_dag.py
[2026-08-05T07:25:11.912+0000] {processor.py:830} INFO - Processing file /opt/airflow/dags/minio_to_snowflake_dag.py for tasks to queue
[2026-08-05T07:25:11.915+0000] {logging_mixin.py:188} INFO - [2026-08-05T07:25:11.914+0000] {dagbag.py:545} INFO - Filling up the DagBag from /opt/airflow/dags/minio_to_snowflake_dag.py
[2026-08-05T07:25:12.970+0000] {processor.py:840} INFO - DAG(s) 'minio_to_snowflake_banking' retrieved from /opt/airflow/dags/minio_to_snowflake_dag.py
[2026-08-05T07:25:13.012+0000] {logging_mixin.py:188} INFO - [2026-08-05T07:25:13.012+0000] {dag.py:3089} INFO - Sync 1 DAGs
[2026-08-05T07:25:13.046+0000] {logging_mixin.py:188} INFO - [2026-08-05T07:25:13.045+0000] {dag.py:3947} INFO - Setting next_dagrun for minio_to_snowflake_banking to 2026-08-05 07:24:00+00:00, run_after=2026-08-05 07:25:00+00:00
[2026-08-05T07:25:13.075+0000] {processor.py:183} INFO - Processing /opt/airflow/dags/minio_to_snowflake_dag.py took 1.175 seconds
[2026-08-05T07:25:43.329+0000] {processor.py:161} INFO - Started process (PID=285) to work on /opt/airflow/dags/minio_to_snowflake_dag.py
[2026-08-05T07:25:43.331+0000] {processor.py:830} INFO - Processing file /opt/airflow/dags/minio_to_snowflake_dag.py for tasks to queue
[2026-08-05T07:25:43.334+0000] {logging_mixin.py:188} INFO - [2026-08-05T07:25:43.333+0000] {dagbag.py:545} INFO - Filling up the DagBag from /opt/airflow/dags/minio_to_snowflake_dag.py
[2026-08-05T07:25:44.469+0000] {processor.py:840} INFO - DAG(s) 'minio_to_snowflake_banking' retrieved from /opt/airflow/dags/minio_to_snowflake_dag.py
[2026-08-05T07:25:44.515+0000] {logging_mixin.py:188} INFO - [2026-08-05T07:25:44.514+0000] {dag.py:3089} INFO - Sync 1 DAGs
[2026-08-05T07:25:44.550+0000] {logging_mixin.py:188} INFO - [2026-08-05T07:25:44.550+0000] {dag.py:3947} INFO - Setting next_dagrun for minio_to_snowflake_banking to 2026-08-05 07:24:00+00:00, run_after=2026-08-05 07:25:00+00:00
[2026-08-05T07:25:44.582+0000] {processor.py:183} INFO - Processing /opt/airflow/dags/minio_to_snowflake_dag.py took 1.264 seconds
[2026-08-05T07:26:14.856+0000] {processor.py:161} INFO - Started process (PID=289) to work on /opt/airflow/dags/minio_to_snowflake_dag.py
[2026-08-05T07:26:14.862+0000] {processor.py:830} INFO - Processing file /opt/airflow/dags/minio_to_snowflake_dag.py for tasks to queue
[2026-08-05T07:26:14.866+0000] {logging_mixin.py:188} INFO - [2026-08-05T07:26:14.865+0000] {dagbag.py:545} INFO - Filling up the DagBag from /opt/airflow/dags/minio_to_snowflake_dag.py
[2026-08-05T07:26:15.982+0000] {processor.py:840} INFO - DAG(s) 'minio_to_snowflake_banking' retrieved from /opt/airflow/dags/minio_to_snowflake_dag.py
[2026-08-05T07:26:16.024+0000] {logging_mixin.py:188} INFO - [2026-08-05T07:26:16.024+0000] {dag.py:3089} INFO - Sync 1 DAGs
[2026-08-05T07:26:16.059+0000] {logging_mixin.py:188} INFO - [2026-08-05T07:26:16.059+0000] {dag.py:3947} INFO - Setting next_dagrun for minio_to_snowflake_banking to 2026-08-05 07:25:00+00:00, run_after=2026-08-05 07:26:00+00:00
[2026-08-05T07:26:16.088+0000] {processor.py:183} INFO - Processing /opt/airflow/dags/minio_to_snowflake_dag.py took 1.246 seconds
[2026-08-05T07:26:46.349+0000] {processor.py:161} INFO - Started process (PID=293) to work on /opt/airflow/dags/minio_to_snowflake_dag.py
[2026-08-05T07:26:46.352+0000] {processor.py:830} INFO - Processing file /opt/airflow/dags/minio_to_snowflake_dag.py for tasks to queue
[2026-08-05T07:26:46.354+0000] {logging_mixin.py:188} INFO - [2026-08-05T07:26:46.353+0000] {dagbag.py:545} INFO - Filling up the DagBag from /opt/airflow/dags/minio_to_snowflake_dag.py
[2026-08-05T07:26:47.651+0000] {processor.py:840} INFO - DAG(s) 'minio_to_snowflake_banking' retrieved from /opt/airflow/dags/minio_to_snowflake_dag.py
[2026-08-05T07:26:47.740+0000] {logging_mixin.py:188} INFO - [2026-08-05T07:26:47.740+0000] {dag.py:3089} INFO - Sync 1 DAGs
[2026-08-05T07:26:47.777+0000] {logging_mixin.py:188} INFO - [2026-08-05T07:26:47.777+0000] {dag.py:3947} INFO - Setting next_dagrun for minio_to_snowflake_banking to 2026-08-05 07:25:00+00:00, run_after=2026-08-05 07:26:00+00:00
[2026-08-05T07:26:47.804+0000] {processor.py:183} INFO - Processing /opt/airflow/dags/minio_to_snowflake_dag.py took 1.466 seconds
[2026-08-05T07:27:18.065+0000] {processor.py:161} INFO - Started process (PID=297) to work on /opt/airflow/dags/minio_to_snowflake_dag.py
[2026-08-05T07:27:18.068+0000] {processor.py:830} INFO - Processing file /opt/airflow/dags/minio_to_snowflake_dag.py for tasks to queue
[2026-08-05T07:27:18.070+0000] {logging_mixin.py:188} INFO - [2026-08-05T07:27:18.070+0000] {dagbag.py:545} INFO - Filling up the DagBag from /opt/airflow/dags/minio_to_snowflake_dag.py
[2026-08-05T07:27:19.186+0000] {processor.py:840} INFO - DAG(s) 'minio_to_snowflake_banking' retrieved from /opt/airflow/dags/minio_to_snowflake_dag.py
[2026-08-05T07:27:19.229+0000] {logging_mixin.py:188} INFO - [2026-08-05T07:27:19.228+0000] {dag.py:3089} INFO - Sync 1 DAGs
[2026-08-05T07:27:19.263+0000] {logging_mixin.py:188} INFO - [2026-08-05T07:27:19.263+0000] {dag.py:3947} INFO - Setting next_dagrun for minio_to_snowflake_banking to 2026-08-05 07:26:00+00:00, run_after=2026-08-05 07:27:00+00:00
[2026-08-05T07:27:19.292+0000] {processor.py:183} INFO - Processing /opt/airflow/dags/minio_to_snowflake_dag.py took 1.238 seconds
[2026-08-05T07:27:49.559+0000] {processor.py:161} INFO - Started process (PID=301) to work on /opt/airflow/dags/minio_to_snowflake_dag.py
[2026-08-05T07:27:49.561+0000] {processor.py:830} INFO - Processing file /opt/airflow/dags/minio_to_snowflake_dag.py for tasks to queue
[2026-08-05T07:27:49.564+0000] {logging_mixin.py:188} INFO - [2026-08-05T07:27:49.563+0000] {dagbag.py:545} INFO - Filling up the DagBag from /opt/airflow/dags/minio_to_snowflake_dag.py
[2026-08-05T07:27:50.714+0000] {processor.py:840} INFO - DAG(s) 'minio_to_snowflake_banking' retrieved from /opt/airflow/dags/minio_to_snowflake_dag.py
[2026-08-05T07:27:50.756+0000] {logging_mixin.py:188} INFO - [2026-08-05T07:27:50.755+0000] {dag.py:3089} INFO - Sync 1 DAGs
[2026-08-05T07:27:50.791+0000] {logging_mixin.py:188} INFO - [2026-08-05T07:27:50.791+0000] {dag.py:3947} INFO - Setting next_dagrun for minio_to_snowflake_banking to 2026-08-05 07:26:00+00:00, run_after=2026-08-05 07:27:00+00:00
[2026-08-05T07:27:50.819+0000] {processor.py:183} INFO - Processing /opt/airflow/dags/minio_to_snowflake_dag.py took 1.271 seconds
[2026-08-05T07:28:21.072+0000] {processor.py:161} INFO - Started process (PID=305) to work on /opt/airflow/dags/minio_to_snowflake_dag.py
[2026-08-05T07:28:21.074+0000] {processor.py:830} INFO - Processing file /opt/airflow/dags/minio_to_snowflake_dag.py for tasks to queue
[2026-08-05T07:28:21.077+0000] {logging_mixin.py:188} INFO - [2026-08-05T07:28:21.076+0000] {dagbag.py:545} INFO - Filling up the DagBag from /opt/airflow/dags/minio_to_snowflake_dag.py
[2026-08-05T07:28:22.247+0000] {processor.py:840} INFO - DAG(s) 'minio_to_snowflake_banking' retrieved from /opt/airflow/dags/minio_to_snowflake_dag.py
[2026-08-05T07:28:22.290+0000] {logging_mixin.py:188} INFO - [2026-08-05T07:28:22.290+0000] {dag.py:3089} INFO - Sync 1 DAGs
[2026-08-05T07:28:22.326+0000] {logging_mixin.py:188} INFO - [2026-08-05T07:28:22.326+0000] {dag.py:3947} INFO - Setting next_dagrun for minio_to_snowflake_banking to 2026-08-05 07:27:00+00:00, run_after=2026-08-05 07:28:00+00:00
[2026-08-05T07:28:22.355+0000] {processor.py:183} INFO - Processing /opt/airflow/dags/minio_to_snowflake_dag.py took 1.295 seconds
[2026-08-05T07:28:52.624+0000] {processor.py:161} INFO - Started process (PID=309) to work on /opt/airflow/dags/minio_to_snowflake_dag.py
[2026-08-05T07:28:52.627+0000] {processor.py:830} INFO - Processing file /opt/airflow/dags/minio_to_snowflake_dag.py for tasks to queue
[2026-08-05T07:28:52.629+0000] {logging_mixin.py:188} INFO - [2026-08-05T07:28:52.629+0000] {dagbag.py:545} INFO - Filling up the DagBag from /opt/airflow/dags/minio_to_snowflake_dag.py
[2026-08-05T07:28:53.731+0000] {processor.py:840} INFO - DAG(s) 'minio_to_snowflake_banking' retrieved from /opt/airflow/dags/minio_to_snowflake_dag.py
[2026-08-05T07:28:53.775+0000] {logging_mixin.py:188} INFO - [2026-08-05T07:28:53.775+0000] {dag.py:3089} INFO - Sync 1 DAGs
[2026-08-05T07:28:53.818+0000] {logging_mixin.py:188} INFO - [2026-08-05T07:28:53.818+0000] {dag.py:3947} INFO - Setting next_dagrun for minio_to_snowflake_banking to 2026-08-05 07:27:00+00:00, run_after=2026-08-05 07:28:00+00:00
[2026-08-05T07:28:53.849+0000] {processor.py:183} INFO - Processing /opt/airflow/dags/minio_to_snowflake_dag.py took 1.236 seconds
[2026-08-05T07:29:24.113+0000] {processor.py:161} INFO - Started process (PID=313) to work on /opt/airflow/dags/minio_to_snowflake_dag.py
[2026-08-05T07:29:24.115+0000] {processor.py:830} INFO - Processing file /opt/airflow/dags/minio_to_snowflake_dag.py for tasks to queue
[2026-08-05T07:29:24.118+0000] {logging_mixin.py:188} INFO - [2026-08-05T07:29:24.117+0000] {dagbag.py:545} INFO - Filling up the DagBag from /opt/airflow/dags/minio_to_snowflake_dag.py
[2026-08-05T07:29:25.341+0000] {processor.py:840} INFO - DAG(s) 'minio_to_snowflake_banking' retrieved from /opt/airflow/dags/minio_to_snowflake_dag.py
[2026-08-05T07:29:25.388+0000] {logging_mixin.py:188} INFO - [2026-08-05T07:29:25.387+0000] {dag.py:3089} INFO - Sync 1 DAGs
[2026-08-05T07:29:25.424+0000] {logging_mixin.py:188} INFO - [2026-08-05T07:29:25.423+0000] {dag.py:3947} INFO - Setting next_dagrun for minio_to_snowflake_banking to 2026-08-05 07:28:00+00:00, run_after=2026-08-05 07:29:00+00:00
[2026-08-05T07:29:25.453+0000] {processor.py:183} INFO - Processing /opt/airflow/dags/minio_to_snowflake_dag.py took 1.355 seconds
[2026-08-05T07:29:55.720+0000] {processor.py:161} INFO - Started process (PID=317) to work on /opt/airflow/dags/minio_to_snowflake_dag.py
[2026-08-05T07:29:55.723+0000] {processor.py:830} INFO - Processing file /opt/airflow/dags/minio_to_snowflake_dag.py for tasks to queue
[2026-08-05T07:29:55.725+0000] {logging_mixin.py:188} INFO - [2026-08-05T07:29:55.725+0000] {dagbag.py:545} INFO - Filling up the DagBag from /opt/airflow/dags/minio_to_snowflake_dag.py
[2026-08-05T07:29:56.828+0000] {processor.py:840} INFO - DAG(s) 'minio_to_snowflake_banking' retrieved from /opt/airflow/dags/minio_to_snowflake_dag.py
[2026-08-05T07:29:56.879+0000] {logging_mixin.py:188} INFO - [2026-08-05T07:29:56.878+0000] {dag.py:3089} INFO - Sync 1 DAGs
[2026-08-05T07:29:56.923+0000] {logging_mixin.py:188} INFO - [2026-08-05T07:29:56.922+0000] {dag.py:3947} INFO - Setting next_dagrun for minio_to_snowflake_banking to 2026-08-05 07:28:00+00:00, run_after=2026-08-05 07:29:00+00:00
[2026-08-05T07:29:56.952+0000] {processor.py:183} INFO - Processing /opt/airflow/dags/minio_to_snowflake_dag.py took 1.241 seconds
[2026-08-05T07:30:27.204+0000] {processor.py:161} INFO - Started process (PID=321) to work on /opt/airflow/dags/minio_to_snowflake_dag.py
[2026-08-05T07:30:27.207+0000] {processor.py:830} INFO - Processing file /opt/airflow/dags/minio_to_snowflake_dag.py for tasks to queue
[2026-08-05T07:30:27.209+0000] {logging_mixin.py:188} INFO - [2026-08-05T07:30:27.209+0000] {dagbag.py:545} INFO - Filling up the DagBag from /opt/airflow/dags/minio_to_snowflake_dag.py
[2026-08-05T07:30:29.769+0000] {processor.py:840} INFO - DAG(s) 'minio_to_snowflake_banking' retrieved from /opt/airflow/dags/minio_to_snowflake_dag.py
[2026-08-05T07:30:30.134+0000] {logging_mixin.py:188} INFO - [2026-08-05T07:30:30.133+0000] {dag.py:3089} INFO - Sync 1 DAGs
[2026-08-05T07:30:30.253+0000] {logging_mixin.py:188} INFO - [2026-08-05T07:30:30.253+0000] {dag.py:3947} INFO - Setting next_dagrun for minio_to_snowflake_banking to 2026-08-05 07:29:00+00:00, run_after=2026-08-05 07:30:00+00:00
[2026-08-05T07:30:30.347+0000] {processor.py:183} INFO - Processing /opt/airflow/dags/minio_to_snowflake_dag.py took 3.153 seconds
[2026-08-05T07:31:00.438+0000] {processor.py:161} INFO - Started process (PID=325) to work on /opt/airflow/dags/minio_to_snowflake_dag.py
[2026-08-05T07:31:00.440+0000] {processor.py:830} INFO - Processing file /opt/airflow/dags/minio_to_snowflake_dag.py for tasks to queue
[2026-08-05T07:31:00.442+0000] {logging_mixin.py:188} INFO - [2026-08-05T07:31:00.441+0000] {dagbag.py:545} INFO - Filling up the DagBag from /opt/airflow/dags/minio_to_snowflake_dag.py
[2026-08-05T07:31:01.786+0000] {processor.py:840} INFO - DAG(s) 'minio_to_snowflake_banking' retrieved from /opt/airflow/dags/minio_to_snowflake_dag.py
[2026-08-05T07:31:01.920+0000] {logging_mixin.py:188} INFO - [2026-08-05T07:31:01.919+0000] {dag.py:3089} INFO - Sync 1 DAGs
[2026-08-05T07:31:02.021+0000] {logging_mixin.py:188} INFO - [2026-08-05T07:31:02.021+0000] {dag.py:3947} INFO - Setting next_dagrun for minio_to_snowflake_banking to 2026-08-05 07:30:00+00:00, run_after=2026-08-05 07:31:00+00:00
[2026-08-05T07:31:02.058+0000] {processor.py:183} INFO - Processing /opt/airflow/dags/minio_to_snowflake_dag.py took 1.631 seconds
[2026-08-05T07:31:32.327+0000] {processor.py:161} INFO - Started process (PID=329) to work on /opt/airflow/dags/minio_to_snowflake_dag.py
[2026-08-05T07:31:32.330+0000] {processor.py:830} INFO - Processing file /opt/airflow/dags/minio_to_snowflake_dag.py for tasks to queue
[2026-08-05T07:31:32.333+0000] {logging_mixin.py:188} INFO - [2026-08-05T07:31:32.332+0000] {dagbag.py:545} INFO - Filling up the DagBag from /opt/airflow/dags/minio_to_snowflake_dag.py
[2026-08-05T07:31:33.476+0000] {processor.py:840} INFO - DAG(s) 'minio_to_snowflake_banking' retrieved from /opt/airflow/dags/minio_to_snowflake_dag.py
[2026-08-05T07:31:33.524+0000] {logging_mixin.py:188} INFO - [2026-08-05T07:31:33.524+0000] {dag.py:3089} INFO - Sync 1 DAGs
[2026-08-05T07:31:33.561+0000] {logging_mixin.py:188} INFO - [2026-08-05T07:31:33.561+0000] {dag.py:3947} INFO - Setting next_dagrun for minio_to_snowflake_banking to 2026-08-05 07:30:00+00:00, run_after=2026-08-05 07:31:00+00:00
[2026-08-05T07:31:33.592+0000] {processor.py:183} INFO - Processing /opt/airflow/dags/minio_to_snowflake_dag.py took 1.279 seconds
[2026-08-05T07:32:03.889+0000] {processor.py:161} INFO - Started process (PID=333) to work on /opt/airflow/dags/minio_to_snowflake_dag.py
[2026-08-05T07:32:03.892+0000] {processor.py:830} INFO - Processing file /opt/airflow/dags/minio_to_snowflake_dag.py for tasks to queue
[2026-08-05T07:32:03.894+0000] {logging_mixin.py:188} INFO - [2026-08-05T07:32:03.893+0000] {dagbag.py:545} INFO - Filling up the DagBag from /opt/airflow/dags/minio_to_snowflake_dag.py
[2026-08-05T07:32:05.021+0000] {processor.py:840} INFO - DAG(s) 'minio_to_snowflake_banking' retrieved from /opt/airflow/dags/minio_to_snowflake_dag.py
[2026-08-05T07:32:05.067+0000] {logging_mixin.py:188} INFO - [2026-08-05T07:32:05.066+0000] {dag.py:3089} INFO - Sync 1 DAGs
[2026-08-05T07:32:05.103+0000] {logging_mixin.py:188} INFO - [2026-08-05T07:32:05.102+0000] {dag.py:3947} INFO - Setting next_dagrun for minio_to_snowflake_banking to 2026-08-05 07:31:00+00:00, run_after=2026-08-05 07:32:00+00:00
[2026-08-05T07:32:05.132+0000] {processor.py:183} INFO - Processing /opt/airflow/dags/minio_to_snowflake_dag.py took 1.253 seconds
[2026-08-05T07:32:35.402+0000] {processor.py:161} INFO - Started process (PID=337) to work on /opt/airflow/dags/minio_to_snowflake_dag.py
[2026-08-05T07:32:35.405+0000] {processor.py:830} INFO - Processing file /opt/airflow/dags/minio_to_snowflake_dag.py for tasks to queue
[2026-08-05T07:32:35.407+0000] {logging_mixin.py:188} INFO - [2026-08-05T07:32:35.406+0000] {dagbag.py:545} INFO - Filling up the DagBag from /opt/airflow/dags/minio_to_snowflake_dag.py
[2026-08-05T07:32:36.504+0000] {processor.py:840} INFO - DAG(s) 'minio_to_snowflake_banking' retrieved from /opt/airflow/dags/minio_to_snowflake_dag.py
[2026-08-05T07:32:36.549+0000] {logging_mixin.py:188} INFO - [2026-08-05T07:32:36.548+0000] {dag.py:3089} INFO - Sync 1 DAGs
[2026-08-05T07:32:36.588+0000] {logging_mixin.py:188} INFO - [2026-08-05T07:32:36.587+0000] {dag.py:3947} INFO - Setting next_dagrun for minio_to_snowflake_banking to 2026-08-05 07:31:00+00:00, run_after=2026-08-05 07:32:00+00:00
[2026-08-05T07:32:36.618+0000] {processor.py:183} INFO - Processing /opt/airflow/dags/minio_to_snowflake_dag.py took 1.229 seconds
[2026-08-05T07:33:06.883+0000] {processor.py:161} INFO - Started process (PID=341) to work on /opt/airflow/dags/minio_to_snowflake_dag.py
[2026-08-05T07:33:06.886+0000] {processor.py:830} INFO - Processing file /opt/airflow/dags/minio_to_snowflake_dag.py for tasks to queue
[2026-08-05T07:33:06.888+0000] {logging_mixin.py:188} INFO - [2026-08-05T07:33:06.888+0000] {dagbag.py:545} INFO - Filling up the DagBag from /opt/airflow/dags/minio_to_snowflake_dag.py
[2026-08-05T07:33:08.173+0000] {processor.py:840} INFO - DAG(s) 'minio_to_snowflake_banking' retrieved from /opt/airflow/dags/minio_to_snowflake_dag.py
[2026-08-05T07:33:08.229+0000] {logging_mixin.py:188} INFO - [2026-08-05T07:33:08.228+0000] {dag.py:3089} INFO - Sync 1 DAGs
[2026-08-05T07:33:08.267+0000] {logging_mixin.py:188} INFO - [2026-08-05T07:33:08.266+0000] {dag.py:3947} INFO - Setting next_dagrun for minio_to_snowflake_banking to 2026-08-05 07:32:00+00:00, run_after=2026-08-05 07:33:00+00:00
[2026-08-05T07:33:08.296+0000] {processor.py:183} INFO - Processing /opt/airflow/dags/minio_to_snowflake_dag.py took 1.424 seconds
[2026-08-05T07:33:38.561+0000] {processor.py:161} INFO - Started process (PID=345) to work on /opt/airflow/dags/minio_to_snowflake_dag.py
[2026-08-05T07:33:38.564+0000] {processor.py:830} INFO - Processing file /opt/airflow/dags/minio_to_snowflake_dag.py for tasks to queue
[2026-08-05T07:33:38.567+0000] {logging_mixin.py:188} INFO - [2026-08-05T07:33:38.566+0000] {dagbag.py:545} INFO - Filling up the DagBag from /opt/airflow/dags/minio_to_snowflake_dag.py
[2026-08-05T07:33:40.008+0000] {processor.py:840} INFO - DAG(s) 'minio_to_snowflake_banking' retrieved from /opt/airflow/dags/minio_to_snowflake_dag.py
[2026-08-05T07:33:40.506+0000] {logging_mixin.py:188} INFO - [2026-08-05T07:33:40.502+0000] {dag.py:3089} INFO - Sync 1 DAGs
[2026-08-05T07:33:40.789+0000] {logging_mixin.py:188} INFO - [2026-08-05T07:33:40.778+0000] {dag.py:3947} INFO - Setting next_dagrun for minio_to_snowflake_banking to 2026-08-05 07:32:00+00:00, run_after=2026-08-05 07:33:00+00:00
[2026-08-05T07:33:40.960+0000] {processor.py:183} INFO - Processing /opt/airflow/dags/minio_to_snowflake_dag.py took 2.409 seconds
[2026-08-05T07:34:11.282+0000] {processor.py:161} INFO - Started process (PID=349) to work on /opt/airflow/dags/minio_to_snowflake_dag.py
[2026-08-05T07:34:11.285+0000] {processor.py:830} INFO - Processing file /opt/airflow/dags/minio_to_snowflake_dag.py for tasks to queue
[2026-08-05T07:34:11.289+0000] {logging_mixin.py:188} INFO - [2026-08-05T07:34:11.287+0000] {dagbag.py:545} INFO - Filling up the DagBag from /opt/airflow/dags/minio_to_snowflake_dag.py
[2026-08-05T07:34:12.499+0000] {processor.py:840} INFO - DAG(s) 'minio_to_snowflake_banking' retrieved from /opt/airflow/dags/minio_to_snowflake_dag.py
[2026-08-05T07:34:12.542+0000] {logging_mixin.py:188} INFO - [2026-08-05T07:34:12.542+0000] {dag.py:3089} INFO - Sync 1 DAGs
[2026-08-05T07:34:12.577+0000] {logging_mixin.py:188} INFO - [2026-08-05T07:34:12.577+0000] {dag.py:3947} INFO - Setting next_dagrun for minio_to_snowflake_banking to 2026-08-05 07:33:00+00:00, run_after=2026-08-05 07:34:00+00:00
[2026-08-05T07:34:12.606+0000] {processor.py:183} INFO - Processing /opt/airflow/dags/minio_to_snowflake_dag.py took 1.337 seconds
[2026-08-05T07:34:42.873+0000] {processor.py:161} INFO - Started process (PID=353) to work on /opt/airflow/dags/minio_to_snowflake_dag.py
[2026-08-05T07:34:42.876+0000] {processor.py:830} INFO - Processing file /opt/airflow/dags/minio_to_snowflake_dag.py for tasks to queue
[2026-08-05T07:34:42.879+0000] {logging_mixin.py:188} INFO - [2026-08-05T07:34:42.878+0000] {dagbag.py:545} INFO - Filling up the DagBag from /opt/airflow/dags/minio_to_snowflake_dag.py
[2026-08-05T07:34:44.028+0000] {processor.py:840} INFO - DAG(s) 'minio_to_snowflake_banking' retrieved from /opt/airflow/dags/minio_to_snowflake_dag.py
[2026-08-05T07:34:44.072+0000] {logging_mixin.py:188} INFO - [2026-08-05T07:34:44.072+0000] {dag.py:3089} INFO - Sync 1 DAGs
[2026-08-05T07:34:44.112+0000] {logging_mixin.py:188} INFO - [2026-08-05T07:34:44.112+0000] {dag.py:3947} INFO - Setting next_dagrun for minio_to_snowflake_banking to 2026-08-05 07:33:00+00:00, run_after=2026-08-05 07:34:00+00:00
[2026-08-05T07:34:44.143+0000] {processor.py:183} INFO - Processing /opt/airflow/dags/minio_to_snowflake_dag.py took 1.286 seconds
[2026-08-05T07:35:14.403+0000] {processor.py:161} INFO - Started process (PID=357) to work on /opt/airflow/dags/minio_to_snowflake_dag.py
[2026-08-05T07:35:14.406+0000] {processor.py:830} INFO - Processing file /opt/airflow/dags/minio_to_snowflake_dag.py for tasks to queue
[2026-08-05T07:35:14.408+0000] {logging_mixin.py:188} INFO - [2026-08-05T07:35:14.408+0000] {dagbag.py:545} INFO - Filling up the DagBag from /opt/airflow/dags/minio_to_snowflake_dag.py
[2026-08-05T07:35:15.516+0000] {processor.py:840} INFO - DAG(s) 'minio_to_snowflake_banking' retrieved from /opt/airflow/dags/minio_to_snowflake_dag.py
[2026-08-05T07:35:15.559+0000] {logging_mixin.py:188} INFO - [2026-08-05T07:35:15.559+0000] {dag.py:3089} INFO - Sync 1 DAGs
[2026-08-05T07:35:15.596+0000] {logging_mixin.py:188} INFO - [2026-08-05T07:35:15.596+0000] {dag.py:3947} INFO - Setting next_dagrun for minio_to_snowflake_banking to 2026-08-05 07:34:00+00:00, run_after=2026-08-05 07:35:00+00:00
[2026-08-05T07:35:15.625+0000] {processor.py:183} INFO - Processing /opt/airflow/dags/minio_to_snowflake_dag.py took 1.235 seconds
[2026-08-05T07:35:45.880+0000] {processor.py:161} INFO - Started process (PID=361) to work on /opt/airflow/dags/minio_to_snowflake_dag.py
[2026-08-05T07:35:45.883+0000] {processor.py:830} INFO - Processing file /opt/airflow/dags/minio_to_snowflake_dag.py for tasks to queue
[2026-08-05T07:35:45.885+0000] {logging_mixin.py:188} INFO - [2026-08-05T07:35:45.884+0000] {dagbag.py:545} INFO - Filling up the DagBag from /opt/airflow/dags/minio_to_snowflake_dag.py
[2026-08-05T07:35:47.079+0000] {processor.py:840} INFO - DAG(s) 'minio_to_snowflake_banking' retrieved from /opt/airflow/dags/minio_to_snowflake_dag.py
[2026-08-05T07:35:47.136+0000] {logging_mixin.py:188} INFO - [2026-08-05T07:35:47.135+0000] {dag.py:3089} INFO - Sync 1 DAGs
[2026-08-05T07:35:47.195+0000] {logging_mixin.py:188} INFO - [2026-08-05T07:35:47.194+0000] {dag.py:3947} INFO - Setting next_dagrun for minio_to_snowflake_banking to 2026-08-05 07:34:00+00:00, run_after=2026-08-05 07:35:00+00:00
[2026-08-05T07:35:47.236+0000] {processor.py:183} INFO - Processing /opt/airflow/dags/minio_to_snowflake_dag.py took 1.369 seconds
[2026-08-05T07:36:17.496+0000] {processor.py:161} INFO - Started process (PID=365) to work on /opt/airflow/dags/minio_to_snowflake_dag.py
[2026-08-05T07:36:17.498+0000] {processor.py:830} INFO - Processing file /opt/airflow/dags/minio_to_snowflake_dag.py for tasks to queue
[2026-08-05T07:36:17.501+0000] {logging_mixin.py:188} INFO - [2026-08-05T07:36:17.500+0000] {dagbag.py:545} INFO - Filling up the DagBag from /opt/airflow/dags/minio_to_snowflake_dag.py
[2026-08-05T07:36:18.793+0000] {processor.py:840} INFO - DAG(s) 'minio_to_snowflake_banking' retrieved from /opt/airflow/dags/minio_to_snowflake_dag.py
[2026-08-05T07:36:18.837+0000] {logging_mixin.py:188} INFO - [2026-08-05T07:36:18.837+0000] {dag.py:3089} INFO - Sync 1 DAGs
[2026-08-05T07:36:18.872+0000] {logging_mixin.py:188} INFO - [2026-08-05T07:36:18.871+0000] {dag.py:3947} INFO - Setting next_dagrun for minio_to_snowflake_banking to 2026-08-05 07:35:00+00:00, run_after=2026-08-05 07:36:00+00:00
[2026-08-05T07:36:18.900+0000] {processor.py:183} INFO - Processing /opt/airflow/dags/minio_to_snowflake_dag.py took 1.422 seconds
[2026-08-05T07:36:49.203+0000] {processor.py:161} INFO - Started process (PID=369) to work on /opt/airflow/dags/minio_to_snowflake_dag.py
[2026-08-05T07:36:49.205+0000] {processor.py:830} INFO - Processing file /opt/airflow/dags/minio_to_snowflake_dag.py for tasks to queue
[2026-08-05T07:36:49.208+0000] {logging_mixin.py:188} INFO - [2026-08-05T07:36:49.207+0000] {dagbag.py:545} INFO - Filling up the DagBag from /opt/airflow/dags/minio_to_snowflake_dag.py
[2026-08-05T07:36:50.391+0000] {processor.py:840} INFO - DAG(s) 'minio_to_snowflake_banking' retrieved from /opt/airflow/dags/minio_to_snowflake_dag.py
[2026-08-05T07:36:50.467+0000] {logging_mixin.py:188} INFO - [2026-08-05T07:36:50.466+0000] {dag.py:3089} INFO - Sync 1 DAGs
[2026-08-05T07:36:50.505+0000] {logging_mixin.py:188} INFO - [2026-08-05T07:36:50.505+0000] {dag.py:3947} INFO - Setting next_dagrun for minio_to_snowflake_banking to 2026-08-05 07:35:00+00:00, run_after=2026-08-05 07:36:00+00:00
[2026-08-05T07:36:50.552+0000] {processor.py:183} INFO - Processing /opt/airflow/dags/minio_to_snowflake_dag.py took 1.366 seconds
[2026-08-05T07:37:20.817+0000] {processor.py:161} INFO - Started process (PID=373) to work on /opt/airflow/dags/minio_to_snowflake_dag.py
[2026-08-05T07:37:20.820+0000] {processor.py:830} INFO - Processing file /opt/airflow/dags/minio_to_snowflake_dag.py for tasks to queue
[2026-08-05T07:37:20.823+0000] {logging_mixin.py:188} INFO - [2026-08-05T07:37:20.822+0000] {dagbag.py:545} INFO - Filling up the DagBag from /opt/airflow/dags/minio_to_snowflake_dag.py
[2026-08-05T07:37:23.696+0000] {processor.py:840} INFO - DAG(s) 'minio_to_snowflake_banking' retrieved from /opt/airflow/dags/minio_to_snowflake_dag.py
[2026-08-05T07:37:23.887+0000] {logging_mixin.py:188} INFO - [2026-08-05T07:37:23.885+0000] {dag.py:3089} INFO - Sync 1 DAGs
[2026-08-05T07:37:24.009+0000] {logging_mixin.py:188} INFO - [2026-08-05T07:37:24.009+0000] {dag.py:3947} INFO - Setting next_dagrun for minio_to_snowflake_banking to 2026-08-05 07:36:00+00:00, run_after=2026-08-05 07:37:00+00:00
[2026-08-05T07:37:24.038+0000] {processor.py:183} INFO - Processing /opt/airflow/dags/minio_to_snowflake_dag.py took 3.231 seconds
[2026-08-05T07:37:54.301+0000] {processor.py:161} INFO - Started process (PID=377) to work on /opt/airflow/dags/minio_to_snowflake_dag.py
[2026-08-05T07:37:54.304+0000] {processor.py:830} INFO - Processing file /opt/airflow/dags/minio_to_snowflake_dag.py for tasks to queue
[2026-08-05T07:37:54.306+0000] {logging_mixin.py:188} INFO - [2026-08-05T07:37:54.305+0000] {dagbag.py:545} INFO - Filling up the DagBag from /opt/airflow/dags/minio_to_snowflake_dag.py
[2026-08-05T07:37:55.871+0000] {processor.py:840} INFO - DAG(s) 'minio_to_snowflake_banking' retrieved from /opt/airflow/dags/minio_to_snowflake_dag.py
[2026-08-05T07:37:55.916+0000] {logging_mixin.py:188} INFO - [2026-08-05T07:37:55.916+0000] {dag.py:3089} INFO - Sync 1 DAGs
[2026-08-05T07:37:55.952+0000] {logging_mixin.py:188} INFO - [2026-08-05T07:37:55.951+0000] {dag.py:3947} INFO - Setting next_dagrun for minio_to_snowflake_banking to 2026-08-05 07:36:00+00:00, run_after=2026-08-05 07:37:00+00:00
[2026-08-05T07:37:55.980+0000] {processor.py:183} INFO - Processing /opt/airflow/dags/minio_to_snowflake_dag.py took 1.692 seconds
[2026-08-05T07:38:26.322+0000] {processor.py:161} INFO - Started process (PID=381) to work on /opt/airflow/dags/minio_to_snowflake_dag.py
[2026-08-05T07:38:26.325+0000] {processor.py:830} INFO - Processing file /opt/airflow/dags/minio_to_snowflake_dag.py for tasks to queue
[2026-08-05T07:38:26.327+0000] {logging_mixin.py:188} INFO - [2026-08-05T07:38:26.326+0000] {dagbag.py:545} INFO - Filling up the DagBag from /opt/airflow/dags/minio_to_snowflake_dag.py
[2026-08-05T07:38:27.405+0000] {processor.py:840} INFO - DAG(s) 'minio_to_snowflake_banking' retrieved from /opt/airflow/dags/minio_to_snowflake_dag.py
[2026-08-05T07:38:27.450+0000] {logging_mixin.py:188} INFO - [2026-08-05T07:38:27.450+0000] {dag.py:3089} INFO - Sync 1 DAGs
[2026-08-05T07:38:27.958+0000] {logging_mixin.py:188} INFO - [2026-08-05T07:38:27.958+0000] {dag.py:3947} INFO - Setting next_dagrun for minio_to_snowflake_banking to 2026-08-05 07:37:00+00:00, run_after=2026-08-05 07:38:00+00:00
[2026-08-05T07:38:28.009+0000] {processor.py:183} INFO - Processing /opt/airflow/dags/minio_to_snowflake_dag.py took 1.698 seconds
[2026-08-05T07:38:58.387+0000] {processor.py:161} INFO - Started process (PID=385) to work on /opt/airflow/dags/minio_to_snowflake_dag.py
[2026-08-05T07:38:58.390+0000] {processor.py:830} INFO - Processing file /opt/airflow/dags/minio_to_snowflake_dag.py for tasks to queue
[2026-08-05T07:38:58.393+0000] {logging_mixin.py:188} INFO - [2026-08-05T07:38:58.392+0000] {dagbag.py:545} INFO - Filling up the DagBag from /opt/airflow/dags/minio_to_snowflake_dag.py
[2026-08-05T07:38:59.703+0000] {processor.py:840} INFO - DAG(s) 'minio_to_snowflake_banking' retrieved from /opt/airflow/dags/minio_to_snowflake_dag.py
[2026-08-05T07:38:59.749+0000] {logging_mixin.py:188} INFO - [2026-08-05T07:38:59.749+0000] {dag.py:3089} INFO - Sync 1 DAGs
[2026-08-05T07:38:59.788+0000] {logging_mixin.py:188} INFO - [2026-08-05T07:38:59.787+0000] {dag.py:3947} INFO - Setting next_dagrun for minio_to_snowflake_banking to 2026-08-05 07:37:00+00:00, run_after=2026-08-05 07:38:00+00:00
[2026-08-05T07:38:59.817+0000] {processor.py:183} INFO - Processing /opt/airflow/dags/minio_to_snowflake_dag.py took 1.447 seconds
[2026-08-05T07:39:29.913+0000] {processor.py:161} INFO - Started process (PID=389) to work on /opt/airflow/dags/minio_to_snowflake_dag.py
[2026-08-05T07:39:29.916+0000] {processor.py:830} INFO - Processing file /opt/airflow/dags/minio_to_snowflake_dag.py for tasks to queue
[2026-08-05T07:39:29.919+0000] {logging_mixin.py:188} INFO - [2026-08-05T07:39:29.918+0000] {dagbag.py:545} INFO - Filling up the DagBag from /opt/airflow/dags/minio_to_snowflake_dag.py
[2026-08-05T07:39:31.098+0000] {processor.py:840} INFO - DAG(s) 'minio_to_snowflake_banking' retrieved from /opt/airflow/dags/minio_to_snowflake_dag.py
[2026-08-05T07:39:31.144+0000] {logging_mixin.py:188} INFO - [2026-08-05T07:39:31.143+0000] {dag.py:3089} INFO - Sync 1 DAGs
[2026-08-05T07:39:31.182+0000] {logging_mixin.py:188} INFO - [2026-08-05T07:39:31.181+0000] {dag.py:3947} INFO - Setting next_dagrun for minio_to_snowflake_banking to 2026-08-05 07:38:00+00:00, run_after=2026-08-05 07:39:00+00:00
[2026-08-05T07:39:31.212+0000] {processor.py:183} INFO - Processing /opt/airflow/dags/minio_to_snowflake_dag.py took 1.313 seconds
[2026-08-05T07:40:01.484+0000] {processor.py:161} INFO - Started process (PID=393) to work on /opt/airflow/dags/minio_to_snowflake_dag.py
[2026-08-05T07:40:01.487+0000] {processor.py:830} INFO - Processing file /opt/airflow/dags/minio_to_snowflake_dag.py for tasks to queue
[2026-08-05T07:40:01.489+0000] {logging_mixin.py:188} INFO - [2026-08-05T07:40:01.489+0000] {dagbag.py:545} INFO - Filling up the DagBag from /opt/airflow/dags/minio_to_snowflake_dag.py
[2026-08-05T07:40:02.580+0000] {processor.py:840} INFO - DAG(s) 'minio_to_snowflake_banking' retrieved from /opt/airflow/dags/minio_to_snowflake_dag.py
[2026-08-05T07:40:02.626+0000] {logging_mixin.py:188} INFO - [2026-08-05T07:40:02.625+0000] {dag.py:3089} INFO - Sync 1 DAGs
[2026-08-05T07:40:02.683+0000] {logging_mixin.py:188} INFO - [2026-08-05T07:40:02.682+0000] {dag.py:3947} INFO - Setting next_dagrun for minio_to_snowflake_banking to 2026-08-05 07:39:00+00:00, run_after=2026-08-05 07:40:00+00:00
[2026-08-05T07:40:02.712+0000] {processor.py:183} INFO - Processing /opt/airflow/dags/minio_to_snowflake_dag.py took 1.240 seconds
[2026-08-05T07:40:32.991+0000] {processor.py:161} INFO - Started process (PID=397) to work on /opt/airflow/dags/minio_to_snowflake_dag.py
[2026-08-05T07:40:32.993+0000] {processor.py:830} INFO - Processing file /opt/airflow/dags/minio_to_snowflake_dag.py for tasks to queue
[2026-08-05T07:40:32.996+0000] {logging_mixin.py:188} INFO - [2026-08-05T07:40:32.995+0000] {dagbag.py:545} INFO - Filling up the DagBag from /opt/airflow/dags/minio_to_snowflake_dag.py
[2026-08-05T07:40:34.129+0000] {processor.py:840} INFO - DAG(s) 'minio_to_snowflake_banking' retrieved from /opt/airflow/dags/minio_to_snowflake_dag.py
[2026-08-05T07:40:34.173+0000] {logging_mixin.py:188} INFO - [2026-08-05T07:40:34.172+0000] {dag.py:3089} INFO - Sync 1 DAGs
[2026-08-05T07:40:34.208+0000] {logging_mixin.py:188} INFO - [2026-08-05T07:40:34.208+0000] {dag.py:3947} INFO - Setting next_dagrun for minio_to_snowflake_banking to 2026-08-05 07:39:00+00:00, run_after=2026-08-05 07:40:00+00:00
[2026-08-05T07:40:34.236+0000] {processor.py:183} INFO - Processing /opt/airflow/dags/minio_to_snowflake_dag.py took 1.260 seconds
[2026-08-05T07:41:04.496+0000] {processor.py:161} INFO - Started process (PID=401) to work on /opt/airflow/dags/minio_to_snowflake_dag.py
[2026-08-05T07:41:04.499+0000] {processor.py:830} INFO - Processing file /opt/airflow/dags/minio_to_snowflake_dag.py for tasks to queue
[2026-08-05T07:41:04.501+0000] {logging_mixin.py:188} INFO - [2026-08-05T07:41:04.500+0000] {dagbag.py:545} INFO - Filling up the DagBag from /opt/airflow/dags/minio_to_snowflake_dag.py
[2026-08-05T07:41:05.573+0000] {processor.py:840} INFO - DAG(s) 'minio_to_snowflake_banking' retrieved from /opt/airflow/dags/minio_to_snowflake_dag.py
[2026-08-05T07:41:05.617+0000] {logging_mixin.py:188} INFO - [2026-08-05T07:41:05.616+0000] {dag.py:3089} INFO - Sync 1 DAGs
[2026-08-05T07:41:05.656+0000] {logging_mixin.py:188} INFO - [2026-08-05T07:41:05.656+0000] {dag.py:3947} INFO - Setting next_dagrun for minio_to_snowflake_banking to 2026-08-05 07:40:00+00:00, run_after=2026-08-05 07:41:00+00:00
[2026-08-05T07:41:05.685+0000] {processor.py:183} INFO - Processing /opt/airflow/dags/minio_to_snowflake_dag.py took 1.199 seconds
[2026-08-05T07:41:35.954+0000] {processor.py:161} INFO - Started process (PID=405) to work on /opt/airflow/dags/minio_to_snowflake_dag.py
[2026-08-05T07:41:35.956+0000] {processor.py:830} INFO - Processing file /opt/airflow/dags/minio_to_snowflake_dag.py for tasks to queue
[2026-08-05T07:41:35.959+0000] {logging_mixin.py:188} INFO - [2026-08-05T07:41:35.958+0000] {dagbag.py:545} INFO - Filling up the DagBag from /opt/airflow/dags/minio_to_snowflake_dag.py
[2026-08-05T07:41:37.028+0000] {processor.py:840} INFO - DAG(s) 'minio_to_snowflake_banking' retrieved from /opt/airflow/dags/minio_to_snowflake_dag.py
[2026-08-05T07:41:37.072+0000] {logging_mixin.py:188} INFO - [2026-08-05T07:41:37.072+0000] {dag.py:3089} INFO - Sync 1 DAGs
[2026-08-05T07:41:37.110+0000] {logging_mixin.py:188} INFO - [2026-08-05T07:41:37.109+0000] {dag.py:3947} INFO - Setting next_dagrun for minio_to_snowflake_banking to 2026-08-05 07:40:00+00:00, run_after=2026-08-05 07:41:00+00:00
[2026-08-05T07:41:37.138+0000] {processor.py:183} INFO - Processing /opt/airflow/dags/minio_to_snowflake_dag.py took 1.196 seconds
[2026-08-05T07:42:07.420+0000] {processor.py:161} INFO - Started process (PID=409) to work on /opt/airflow/dags/minio_to_snowflake_dag.py
[2026-08-05T07:42:07.423+0000] {processor.py:830} INFO - Processing file /opt/airflow/dags/minio_to_snowflake_dag.py for tasks to queue
[2026-08-05T07:42:07.426+0000] {logging_mixin.py:188} INFO - [2026-08-05T07:42:07.425+0000] {dagbag.py:545} INFO - Filling up the DagBag from /opt/airflow/dags/minio_to_snowflake_dag.py
[2026-08-05T07:42:08.748+0000] {processor.py:840} INFO - DAG(s) 'minio_to_snowflake_banking' retrieved from /opt/airflow/dags/minio_to_snowflake_dag.py
[2026-08-05T07:42:08.792+0000] {logging_mixin.py:188} INFO - [2026-08-05T07:42:08.792+0000] {dag.py:3089} INFO - Sync 1 DAGs
[2026-08-05T07:42:08.828+0000] {logging_mixin.py:188} INFO - [2026-08-05T07:42:08.828+0000] {dag.py:3947} INFO - Setting next_dagrun for minio_to_snowflake_banking to 2026-08-05 07:41:00+00:00, run_after=2026-08-05 07:42:00+00:00
[2026-08-05T07:42:08.857+0000] {processor.py:183} INFO - Processing /opt/airflow/dags/minio_to_snowflake_dag.py took 1.451 seconds
[2026-08-05T07:42:39.122+0000] {processor.py:161} INFO - Started process (PID=413) to work on /opt/airflow/dags/minio_to_snowflake_dag.py
[2026-08-05T07:42:39.126+0000] {processor.py:830} INFO - Processing file /opt/airflow/dags/minio_to_snowflake_dag.py for tasks to queue
[2026-08-05T07:42:39.129+0000] {logging_mixin.py:188} INFO - [2026-08-05T07:42:39.128+0000] {dagbag.py:545} INFO - Filling up the DagBag from /opt/airflow/dags/minio_to_snowflake_dag.py
[2026-08-05T07:42:40.244+0000] {processor.py:840} INFO - DAG(s) 'minio_to_snowflake_banking' retrieved from /opt/airflow/dags/minio_to_snowflake_dag.py
[2026-08-05T07:42:40.288+0000] {logging_mixin.py:188} INFO - [2026-08-05T07:42:40.288+0000] {dag.py:3089} INFO - Sync 1 DAGs
[2026-08-05T07:42:40.324+0000] {logging_mixin.py:188} INFO - [2026-08-05T07:42:40.323+0000] {dag.py:3947} INFO - Setting next_dagrun for minio_to_snowflake_banking to 2026-08-05 07:41:00+00:00, run_after=2026-08-05 07:42:00+00:00
[2026-08-05T07:42:40.352+0000] {processor.py:183} INFO - Processing /opt/airflow/dags/minio_to_snowflake_dag.py took 1.246 seconds
[2026-08-05T07:43:10.618+0000] {processor.py:161} INFO - Started process (PID=417) to work on /opt/airflow/dags/minio_to_snowflake_dag.py
[2026-08-05T07:43:10.621+0000] {processor.py:830} INFO - Processing file /opt/airflow/dags/minio_to_snowflake_dag.py for tasks to queue
[2026-08-05T07:43:10.624+0000] {logging_mixin.py:188} INFO - [2026-08-05T07:43:10.623+0000] {dagbag.py:545} INFO - Filling up the DagBag from /opt/airflow/dags/minio_to_snowflake_dag.py
[2026-08-05T07:43:11.782+0000] {processor.py:840} INFO - DAG(s) 'minio_to_snowflake_banking' retrieved from /opt/airflow/dags/minio_to_snowflake_dag.py
[2026-08-05T07:43:11.825+0000] {logging_mixin.py:188} INFO - [2026-08-05T07:43:11.824+0000] {dag.py:3089} INFO - Sync 1 DAGs
[2026-08-05T07:43:11.862+0000] {logging_mixin.py:188} INFO - [2026-08-05T07:43:11.861+0000] {dag.py:3947} INFO - Setting next_dagrun for minio_to_snowflake_banking to 2026-08-05 07:42:00+00:00, run_after=2026-08-05 07:43:00+00:00
[2026-08-05T07:43:11.892+0000] {processor.py:183} INFO - Processing /opt/airflow/dags/minio_to_snowflake_dag.py took 1.287 seconds
[2026-08-05T07:43:42.153+0000] {processor.py:161} INFO - Started process (PID=421) to work on /opt/airflow/dags/minio_to_snowflake_dag.py
[2026-08-05T07:43:42.156+0000] {processor.py:830} INFO - Processing file /opt/airflow/dags/minio_to_snowflake_dag.py for tasks to queue
[2026-08-05T07:43:42.159+0000] {logging_mixin.py:188} INFO - [2026-08-05T07:43:42.158+0000] {dagbag.py:545} INFO - Filling up the DagBag from /opt/airflow/dags/minio_to_snowflake_dag.py
[2026-08-05T07:43:43.287+0000] {processor.py:840} INFO - DAG(s) 'minio_to_snowflake_banking' retrieved from /opt/airflow/dags/minio_to_snowflake_dag.py
[2026-08-05T07:43:43.330+0000] {logging_mixin.py:188} INFO - [2026-08-05T07:43:43.330+0000] {dag.py:3089} INFO - Sync 1 DAGs
[2026-08-05T07:43:43.367+0000] {logging_mixin.py:188} INFO - [2026-08-05T07:43:43.367+0000] {dag.py:3947} INFO - Setting next_dagrun for minio_to_snowflake_banking to 2026-08-05 07:42:00+00:00, run_after=2026-08-05 07:43:00+00:00
[2026-08-05T07:43:43.396+0000] {processor.py:183} INFO - Processing /opt/airflow/dags/minio_to_snowflake_dag.py took 1.254 seconds
[2026-08-05T07:44:13.682+0000] {processor.py:161} INFO - Started process (PID=425) to work on /opt/airflow/dags/minio_to_snowflake_dag.py
[2026-08-05T07:44:13.684+0000] {processor.py:830} INFO - Processing file /opt/airflow/dags/minio_to_snowflake_dag.py for tasks to queue
[2026-08-05T07:44:13.687+0000] {logging_mixin.py:188} INFO - [2026-08-05T07:44:13.686+0000] {dagbag.py:545} INFO - Filling up the DagBag from /opt/airflow/dags/minio_to_snowflake_dag.py
[2026-08-05T07:44:15.822+0000] {processor.py:840} INFO - DAG(s) 'minio_to_snowflake_banking' retrieved from /opt/airflow/dags/minio_to_snowflake_dag.py
[2026-08-05T07:44:15.896+0000] {logging_mixin.py:188} INFO - [2026-08-05T07:44:15.896+0000] {dag.py:3089} INFO - Sync 1 DAGs
[2026-08-05T07:44:15.939+0000] {logging_mixin.py:188} INFO - [2026-08-05T07:44:15.939+0000] {dag.py:3947} INFO - Setting next_dagrun for minio_to_snowflake_banking to 2026-08-05 07:43:00+00:00, run_after=2026-08-05 07:44:00+00:00
[2026-08-05T07:44:15.970+0000] {processor.py:183} INFO - Processing /opt/airflow/dags/minio_to_snowflake_dag.py took 2.298 seconds
[2026-08-05T07:44:46.259+0000] {processor.py:161} INFO - Started process (PID=429) to work on /opt/airflow/dags/minio_to_snowflake_dag.py
[2026-08-05T07:44:46.262+0000] {processor.py:830} INFO - Processing file /opt/airflow/dags/minio_to_snowflake_dag.py for tasks to queue
[2026-08-05T07:44:46.265+0000] {logging_mixin.py:188} INFO - [2026-08-05T07:44:46.264+0000] {dagbag.py:545} INFO - Filling up the DagBag from /opt/airflow/dags/minio_to_snowflake_dag.py
[2026-08-05T07:44:47.692+0000] {processor.py:840} INFO - DAG(s) 'minio_to_snowflake_banking' retrieved from /opt/airflow/dags/minio_to_snowflake_dag.py
[2026-08-05T07:44:47.741+0000] {logging_mixin.py:188} INFO - [2026-08-05T07:44:47.740+0000] {dag.py:3089} INFO - Sync 1 DAGs
[2026-08-05T07:44:47.776+0000] {logging_mixin.py:188} INFO - [2026-08-05T07:44:47.776+0000] {dag.py:3947} INFO - Setting next_dagrun for minio_to_snowflake_banking to 2026-08-05 07:43:00+00:00, run_after=2026-08-05 07:44:00+00:00
[2026-08-05T07:44:47.804+0000] {processor.py:183} INFO - Processing /opt/airflow/dags/minio_to_snowflake_dag.py took 1.565 seconds
[2026-08-05T07:45:18.070+0000] {processor.py:161} INFO - Started process (PID=433) to work on /opt/airflow/dags/minio_to_snowflake_dag.py
[2026-08-05T07:45:18.073+0000] {processor.py:830} INFO - Processing file /opt/airflow/dags/minio_to_snowflake_dag.py for tasks to queue
[2026-08-05T07:45:18.075+0000] {logging_mixin.py:188} INFO - [2026-08-05T07:45:18.074+0000] {dagbag.py:545} INFO - Filling up the DagBag from /opt/airflow/dags/minio_to_snowflake_dag.py
[2026-08-05T07:45:19.361+0000] {processor.py:840} INFO - DAG(s) 'minio_to_snowflake_banking' retrieved from /opt/airflow/dags/minio_to_snowflake_dag.py
[2026-08-05T07:45:19.414+0000] {logging_mixin.py:188} INFO - [2026-08-05T07:45:19.414+0000] {dag.py:3089} INFO - Sync 1 DAGs
[2026-08-05T07:45:19.458+0000] {logging_mixin.py:188} INFO - [2026-08-05T07:45:19.457+0000] {dag.py:3947} INFO - Setting next_dagrun for minio_to_snowflake_banking to 2026-08-05 07:44:00+00:00, run_after=2026-08-05 07:45:00+00:00
[2026-08-05T07:45:19.486+0000] {processor.py:183} INFO - Processing /opt/airflow/dags/minio_to_snowflake_dag.py took 1.426 seconds
[2026-08-05T07:45:49.705+0000] {processor.py:161} INFO - Started process (PID=437) to work on /opt/airflow/dags/minio_to_snowflake_dag.py
[2026-08-05T07:45:49.708+0000] {processor.py:830} INFO - Processing file /opt/airflow/dags/minio_to_snowflake_dag.py for tasks to queue
[2026-08-05T07:45:49.710+0000] {logging_mixin.py:188} INFO - [2026-08-05T07:45:49.709+0000] {dagbag.py:545} INFO - Filling up the DagBag from /opt/airflow/dags/minio_to_snowflake_dag.py
[2026-08-05T07:45:50.812+0000] {processor.py:840} INFO - DAG(s) 'minio_to_snowflake_banking' retrieved from /opt/airflow/dags/minio_to_snowflake_dag.py
[2026-08-05T07:45:50.858+0000] {logging_mixin.py:188} INFO - [2026-08-05T07:45:50.857+0000] {dag.py:3089} INFO - Sync 1 DAGs
[2026-08-05T07:45:50.896+0000] {logging_mixin.py:188} INFO - [2026-08-05T07:45:50.895+0000] {dag.py:3947} INFO - Setting next_dagrun for minio_to_snowflake_banking to 2026-08-05 07:44:00+00:00, run_after=2026-08-05 07:45:00+00:00
[2026-08-05T07:45:50.925+0000] {processor.py:183} INFO - Processing /opt/airflow/dags/minio_to_snowflake_dag.py took 1.232 seconds
[2026-08-05T07:46:21.182+0000] {processor.py:161} INFO - Started process (PID=441) to work on /opt/airflow/dags/minio_to_snowflake_dag.py
[2026-08-05T07:46:21.184+0000] {processor.py:830} INFO - Processing file /opt/airflow/dags/minio_to_snowflake_dag.py for tasks to queue
[2026-08-05T07:46:21.186+0000] {logging_mixin.py:188} INFO - [2026-08-05T07:46:21.186+0000] {dagbag.py:545} INFO - Filling up the DagBag from /opt/airflow/dags/minio_to_snowflake_dag.py
[2026-08-05T07:46:22.246+0000] {processor.py:840} INFO - DAG(s) 'minio_to_snowflake_banking' retrieved from /opt/airflow/dags/minio_to_snowflake_dag.py
[2026-08-05T07:46:22.291+0000] {logging_mixin.py:188} INFO - [2026-08-05T07:46:22.291+0000] {dag.py:3089} INFO - Sync 1 DAGs
[2026-08-05T07:46:22.326+0000] {logging_mixin.py:188} INFO - [2026-08-05T07:46:22.326+0000] {dag.py:3947} INFO - Setting next_dagrun for minio_to_snowflake_banking to 2026-08-05 07:45:00+00:00, run_after=2026-08-05 07:46:00+00:00
[2026-08-05T07:46:22.355+0000] {processor.py:183} INFO - Processing /opt/airflow/dags/minio_to_snowflake_dag.py took 1.184 seconds
[2026-08-05T07:46:52.614+0000] {processor.py:161} INFO - Started process (PID=445) to work on /opt/airflow/dags/minio_to_snowflake_dag.py
[2026-08-05T07:46:52.616+0000] {processor.py:830} INFO - Processing file /opt/airflow/dags/minio_to_snowflake_dag.py for tasks to queue
[2026-08-05T07:46:52.620+0000] {logging_mixin.py:188} INFO - [2026-08-05T07:46:52.619+0000] {dagbag.py:545} INFO - Filling up the DagBag from /opt/airflow/dags/minio_to_snowflake_dag.py
[2026-08-05T07:46:53.717+0000] {processor.py:840} INFO - DAG(s) 'minio_to_snowflake_banking' retrieved from /opt/airflow/dags/minio_to_snowflake_dag.py
[2026-08-05T07:46:53.760+0000] {logging_mixin.py:188} INFO - [2026-08-05T07:46:53.760+0000] {dag.py:3089} INFO - Sync 1 DAGs
[2026-08-05T07:46:53.798+0000] {logging_mixin.py:188} INFO - [2026-08-05T07:46:53.798+0000] {dag.py:3947} INFO - Setting next_dagrun for minio_to_snowflake_banking to 2026-08-05 07:45:00+00:00, run_after=2026-08-05 07:46:00+00:00
[2026-08-05T07:46:53.828+0000] {processor.py:183} INFO - Processing /opt/airflow/dags/minio_to_snowflake_dag.py took 1.226 seconds
[2026-08-05T07:47:24.106+0000] {processor.py:161} INFO - Started process (PID=449) to work on /opt/airflow/dags/minio_to_snowflake_dag.py
[2026-08-05T07:47:24.112+0000] {processor.py:830} INFO - Processing file /opt/airflow/dags/minio_to_snowflake_dag.py for tasks to queue
[2026-08-05T07:47:24.117+0000] {logging_mixin.py:188} INFO - [2026-08-05T07:47:24.116+0000] {dagbag.py:545} INFO - Filling up the DagBag from /opt/airflow/dags/minio_to_snowflake_dag.py
[2026-08-05T07:47:25.305+0000] {processor.py:840} INFO - DAG(s) 'minio_to_snowflake_banking' retrieved from /opt/airflow/dags/minio_to_snowflake_dag.py
[2026-08-05T07:47:25.346+0000] {logging_mixin.py:188} INFO - [2026-08-05T07:47:25.346+0000] {dag.py:3089} INFO - Sync 1 DAGs
[2026-08-05T07:47:25.380+0000] {logging_mixin.py:188} INFO - [2026-08-05T07:47:25.380+0000] {dag.py:3947} INFO - Setting next_dagrun for minio_to_snowflake_banking to 2026-08-05 07:46:00+00:00, run_after=2026-08-05 07:47:00+00:00
[2026-08-05T07:47:25.408+0000] {processor.py:183} INFO - Processing /opt/airflow/dags/minio_to_snowflake_dag.py took 1.337 seconds
[2026-08-05T07:47:55.931+0000] {processor.py:161} INFO - Started process (PID=453) to work on /opt/airflow/dags/minio_to_snowflake_dag.py
[2026-08-05T07:47:55.938+0000] {processor.py:830} INFO - Processing file /opt/airflow/dags/minio_to_snowflake_dag.py for tasks to queue
[2026-08-05T07:47:55.946+0000] {logging_mixin.py:188} INFO - [2026-08-05T07:47:55.944+0000] {dagbag.py:545} INFO - Filling up the DagBag from /opt/airflow/dags/minio_to_snowflake_dag.py
[2026-08-05T07:47:59.633+0000] {processor.py:840} INFO - DAG(s) 'minio_to_snowflake_banking' retrieved from /opt/airflow/dags/minio_to_snowflake_dag.py
[2026-08-05T07:47:59.748+0000] {logging_mixin.py:188} INFO - [2026-08-05T07:47:59.747+0000] {dag.py:3089} INFO - Sync 1 DAGs
[2026-08-05T07:47:59.847+0000] {logging_mixin.py:188} INFO - [2026-08-05T07:47:59.846+0000] {dag.py:3947} INFO - Setting next_dagrun for minio_to_snowflake_banking to 2026-08-05 07:46:00+00:00, run_after=2026-08-05 07:47:00+00:00
[2026-08-05T07:47:59.930+0000] {processor.py:183} INFO - Processing /opt/airflow/dags/minio_to_snowflake_dag.py took 4.043 seconds
[2026-08-05T07:48:30.721+0000] {processor.py:161} INFO - Started process (PID=457) to work on /opt/airflow/dags/minio_to_snowflake_dag.py
[2026-08-05T07:48:30.728+0000] {processor.py:830} INFO - Processing file /opt/airflow/dags/minio_to_snowflake_dag.py for tasks to queue
[2026-08-05T07:48:30.735+0000] {logging_mixin.py:188} INFO - [2026-08-05T07:48:30.733+0000] {dagbag.py:545} INFO - Filling up the DagBag from /opt/airflow/dags/minio_to_snowflake_dag.py
[2026-08-05T07:48:34.094+0000] {processor.py:840} INFO - DAG(s) 'minio_to_snowflake_banking' retrieved from /opt/airflow/dags/minio_to_snowflake_dag.py
[2026-08-05T07:48:34.213+0000] {logging_mixin.py:188} INFO - [2026-08-05T07:48:34.211+0000] {dag.py:3089} INFO - Sync 1 DAGs
[2026-08-05T07:48:34.319+0000] {logging_mixin.py:188} INFO - [2026-08-05T07:48:34.318+0000] {dag.py:3947} INFO - Setting next_dagrun for minio_to_snowflake_banking to 2026-08-05 07:47:00+00:00, run_after=2026-08-05 07:48:00+00:00
[2026-08-05T07:48:34.395+0000] {processor.py:183} INFO - Processing /opt/airflow/dags/minio_to_snowflake_dag.py took 3.704 seconds
[2026-08-05T07:49:05.070+0000] {processor.py:161} INFO - Started process (PID=461) to work on /opt/airflow/dags/minio_to_snowflake_dag.py
[2026-08-05T07:49:05.079+0000] {processor.py:830} INFO - Processing file /opt/airflow/dags/minio_to_snowflake_dag.py for tasks to queue
[2026-08-05T07:49:05.087+0000] {logging_mixin.py:188} INFO - [2026-08-05T07:49:05.085+0000] {dagbag.py:545} INFO - Filling up the DagBag from /opt/airflow/dags/minio_to_snowflake_dag.py
[2026-08-05T07:49:08.285+0000] {processor.py:840} INFO - DAG(s) 'minio_to_snowflake_banking' retrieved from /opt/airflow/dags/minio_to_snowflake_dag.py
[2026-08-05T07:49:08.401+0000] {logging_mixin.py:188} INFO - [2026-08-05T07:49:08.399+0000] {dag.py:3089} INFO - Sync 1 DAGs
[2026-08-05T07:49:08.545+0000] {logging_mixin.py:188} INFO - [2026-08-05T07:49:08.543+0000] {dag.py:3947} INFO - Setting next_dagrun for minio_to_snowflake_banking to 2026-08-05 07:48:00+00:00, run_after=2026-08-05 07:49:00+00:00
[2026-08-05T07:49:08.648+0000] {processor.py:183} INFO - Processing /opt/airflow/dags/minio_to_snowflake_dag.py took 3.620 seconds
[2026-08-05T07:49:39.496+0000] {processor.py:161} INFO - Started process (PID=465) to work on /opt/airflow/dags/minio_to_snowflake_dag.py
[2026-08-05T07:49:39.504+0000] {processor.py:830} INFO - Processing file /opt/airflow/dags/minio_to_snowflake_dag.py for tasks to queue
[2026-08-05T07:49:39.510+0000] {logging_mixin.py:188} INFO - [2026-08-05T07:49:39.508+0000] {dagbag.py:545} INFO - Filling up the DagBag from /opt/airflow/dags/minio_to_snowflake_dag.py
[2026-08-05T07:49:42.813+0000] {processor.py:840} INFO - DAG(s) 'minio_to_snowflake_banking' retrieved from /opt/airflow/dags/minio_to_snowflake_dag.py
[2026-08-05T07:49:42.928+0000] {logging_mixin.py:188} INFO - [2026-08-05T07:49:42.927+0000] {dag.py:3089} INFO - Sync 1 DAGs
[2026-08-05T07:49:43.026+0000] {logging_mixin.py:188} INFO - [2026-08-05T07:49:43.025+0000] {dag.py:3947} INFO - Setting next_dagrun for minio_to_snowflake_banking to 2026-08-05 07:48:00+00:00, run_after=2026-08-05 07:49:00+00:00
[2026-08-05T07:49:43.100+0000] {processor.py:183} INFO - Processing /opt/airflow/dags/minio_to_snowflake_dag.py took 3.644 seconds
[2026-08-05T07:50:13.809+0000] {processor.py:161} INFO - Started process (PID=469) to work on /opt/airflow/dags/minio_to_snowflake_dag.py
[2026-08-05T07:50:13.816+0000] {processor.py:830} INFO - Processing file /opt/airflow/dags/minio_to_snowflake_dag.py for tasks to queue
[2026-08-05T07:50:13.823+0000] {logging_mixin.py:188} INFO - [2026-08-05T07:50:13.821+0000] {dagbag.py:545} INFO - Filling up the DagBag from /opt/airflow/dags/minio_to_snowflake_dag.py
[2026-08-05T07:50:17.042+0000] {processor.py:840} INFO - DAG(s) 'minio_to_snowflake_banking' retrieved from /opt/airflow/dags/minio_to_snowflake_dag.py
[2026-08-05T07:50:17.160+0000] {logging_mixin.py:188} INFO - [2026-08-05T07:50:17.159+0000] {dag.py:3089} INFO - Sync 1 DAGs
[2026-08-05T07:50:17.260+0000] {logging_mixin.py:188} INFO - [2026-08-05T07:50:17.259+0000] {dag.py:3947} INFO - Setting next_dagrun for minio_to_snowflake_banking to 2026-08-05 07:49:00+00:00, run_after=2026-08-05 07:50:00+00:00
[2026-08-05T07:50:17.334+0000] {processor.py:183} INFO - Processing /opt/airflow/dags/minio_to_snowflake_dag.py took 3.557 seconds
[2026-08-05T07:50:47.798+0000] {processor.py:161} INFO - Started process (PID=473) to work on /opt/airflow/dags/minio_to_snowflake_dag.py
[2026-08-05T07:50:47.805+0000] {processor.py:830} INFO - Processing file /opt/airflow/dags/minio_to_snowflake_dag.py for tasks to queue
[2026-08-05T07:50:47.813+0000] {logging_mixin.py:188} INFO - [2026-08-05T07:50:47.810+0000] {dagbag.py:545} INFO - Filling up the DagBag from /opt/airflow/dags/minio_to_snowflake_dag.py
[2026-08-05T07:50:51.400+0000] {processor.py:840} INFO - DAG(s) 'minio_to_snowflake_banking' retrieved from /opt/airflow/dags/minio_to_snowflake_dag.py
[2026-08-05T07:50:51.624+0000] {logging_mixin.py:188} INFO - [2026-08-05T07:50:51.623+0000] {dag.py:3089} INFO - Sync 1 DAGs
[2026-08-05T07:50:51.725+0000] {logging_mixin.py:188} INFO - [2026-08-05T07:50:51.724+0000] {dag.py:3947} INFO - Setting next_dagrun for minio_to_snowflake_banking to 2026-08-05 07:49:00+00:00, run_after=2026-08-05 07:50:00+00:00
[2026-08-05T07:50:51.804+0000] {processor.py:183} INFO - Processing /opt/airflow/dags/minio_to_snowflake_dag.py took 4.046 seconds
[2026-08-05T07:51:22.350+0000] {processor.py:161} INFO - Started process (PID=477) to work on /opt/airflow/dags/minio_to_snowflake_dag.py
[2026-08-05T07:51:22.356+0000] {processor.py:830} INFO - Processing file /opt/airflow/dags/minio_to_snowflake_dag.py for tasks to queue
[2026-08-05T07:51:22.363+0000] {logging_mixin.py:188} INFO - [2026-08-05T07:51:22.361+0000] {dagbag.py:545} INFO - Filling up the DagBag from /opt/airflow/dags/minio_to_snowflake_dag.py
[2026-08-05T07:51:25.470+0000] {processor.py:840} INFO - DAG(s) 'minio_to_snowflake_banking' retrieved from /opt/airflow/dags/minio_to_snowflake_dag.py
[2026-08-05T07:51:25.584+0000] {logging_mixin.py:188} INFO - [2026-08-05T07:51:25.583+0000] {dag.py:3089} INFO - Sync 1 DAGs
[2026-08-05T07:51:25.676+0000] {logging_mixin.py:188} INFO - [2026-08-05T07:51:25.674+0000] {dag.py:3947} INFO - Setting next_dagrun for minio_to_snowflake_banking to 2026-08-05 07:50:00+00:00, run_after=2026-08-05 07:51:00+00:00
[2026-08-05T07:51:25.751+0000] {processor.py:183} INFO - Processing /opt/airflow/dags/minio_to_snowflake_dag.py took 3.434 seconds
[2026-08-05T07:51:56.005+0000] {processor.py:161} INFO - Started process (PID=481) to work on /opt/airflow/dags/minio_to_snowflake_dag.py
[2026-08-05T07:51:56.012+0000] {processor.py:830} INFO - Processing file /opt/airflow/dags/minio_to_snowflake_dag.py for tasks to queue
[2026-08-05T07:51:56.019+0000] {logging_mixin.py:188} INFO - [2026-08-05T07:51:56.017+0000] {dagbag.py:545} INFO - Filling up the DagBag from /opt/airflow/dags/minio_to_snowflake_dag.py
[2026-08-05T07:51:59.294+0000] {processor.py:840} INFO - DAG(s) 'minio_to_snowflake_banking' retrieved from /opt/airflow/dags/minio_to_snowflake_dag.py
[2026-08-05T07:51:59.561+0000] {logging_mixin.py:188} INFO - [2026-08-05T07:51:59.560+0000] {dag.py:3089} INFO - Sync 1 DAGs
[2026-08-05T07:51:59.668+0000] {logging_mixin.py:188} INFO - [2026-08-05T07:51:59.668+0000] {dag.py:3947} INFO - Setting next_dagrun for minio_to_snowflake_banking to 2026-08-05 07:50:00+00:00, run_after=2026-08-05 07:51:00+00:00
[2026-08-05T07:51:59.742+0000] {processor.py:183} INFO - Processing /opt/airflow/dags/minio_to_snowflake_dag.py took 3.772 seconds
[2026-08-05T07:52:30.367+0000] {processor.py:161} INFO - Started process (PID=485) to work on /opt/airflow/dags/minio_to_snowflake_dag.py
[2026-08-05T07:52:30.374+0000] {processor.py:830} INFO - Processing file /opt/airflow/dags/minio_to_snowflake_dag.py for tasks to queue
[2026-08-05T07:52:30.381+0000] {logging_mixin.py:188} INFO - [2026-08-05T07:52:30.379+0000] {dagbag.py:545} INFO - Filling up the DagBag from /opt/airflow/dags/minio_to_snowflake_dag.py
[2026-08-05T07:52:33.514+0000] {processor.py:840} INFO - DAG(s) 'minio_to_snowflake_banking' retrieved from /opt/airflow/dags/minio_to_snowflake_dag.py
[2026-08-05T07:52:33.624+0000] {logging_mixin.py:188} INFO - [2026-08-05T07:52:33.623+0000] {dag.py:3089} INFO - Sync 1 DAGs
[2026-08-05T07:52:33.717+0000] {logging_mixin.py:188} INFO - [2026-08-05T07:52:33.716+0000] {dag.py:3947} INFO - Setting next_dagrun for minio_to_snowflake_banking to 2026-08-05 07:51:00+00:00, run_after=2026-08-05 07:52:00+00:00
[2026-08-05T07:52:33.911+0000] {processor.py:183} INFO - Processing /opt/airflow/dags/minio_to_snowflake_dag.py took 3.584 seconds
[2026-08-05T07:53:04.416+0000] {processor.py:161} INFO - Started process (PID=489) to work on /opt/airflow/dags/minio_to_snowflake_dag.py
[2026-08-05T07:53:04.424+0000] {processor.py:830} INFO - Processing file /opt/airflow/dags/minio_to_snowflake_dag.py for tasks to queue
[2026-08-05T07:53:04.432+0000] {logging_mixin.py:188} INFO - [2026-08-05T07:53:04.430+0000] {dagbag.py:545} INFO - Filling up the DagBag from /opt/airflow/dags/minio_to_snowflake_dag.py
[2026-08-05T07:53:07.450+0000] {processor.py:840} INFO - DAG(s) 'minio_to_snowflake_banking' retrieved from /opt/airflow/dags/minio_to_snowflake_dag.py
[2026-08-05T07:53:07.571+0000] {logging_mixin.py:188} INFO - [2026-08-05T07:53:07.570+0000] {dag.py:3089} INFO - Sync 1 DAGs
[2026-08-05T07:53:07.795+0000] {logging_mixin.py:188} INFO - [2026-08-05T07:53:07.794+0000] {dag.py:3947} INFO - Setting next_dagrun for minio_to_snowflake_banking to 2026-08-05 07:52:00+00:00, run_after=2026-08-05 07:53:00+00:00
[2026-08-05T07:53:07.878+0000] {processor.py:183} INFO - Processing /opt/airflow/dags/minio_to_snowflake_dag.py took 3.495 seconds
[2026-08-05T07:53:38.240+0000] {processor.py:161} INFO - Started process (PID=493) to work on /opt/airflow/dags/minio_to_snowflake_dag.py
[2026-08-05T07:53:38.248+0000] {processor.py:830} INFO - Processing file /opt/airflow/dags/minio_to_snowflake_dag.py for tasks to queue
[2026-08-05T07:53:38.254+0000] {logging_mixin.py:188} INFO - [2026-08-05T07:53:38.252+0000] {dagbag.py:545} INFO - Filling up the DagBag from /opt/airflow/dags/minio_to_snowflake_dag.py
[2026-08-05T07:53:42.144+0000] {processor.py:840} INFO - DAG(s) 'minio_to_snowflake_banking' retrieved from /opt/airflow/dags/minio_to_snowflake_dag.py
[2026-08-05T07:53:42.284+0000] {logging_mixin.py:188} INFO - [2026-08-05T07:53:42.283+0000] {dag.py:3089} INFO - Sync 1 DAGs
[2026-08-05T07:53:42.385+0000] {logging_mixin.py:188} INFO - [2026-08-05T07:53:42.384+0000] {dag.py:3947} INFO - Setting next_dagrun for minio_to_snowflake_banking to 2026-08-05 07:52:00+00:00, run_after=2026-08-05 07:53:00+00:00
[2026-08-05T07:53:42.461+0000] {processor.py:183} INFO - Processing /opt/airflow/dags/minio_to_snowflake_dag.py took 4.251 seconds
[2026-08-05T07:54:13.024+0000] {processor.py:161} INFO - Started process (PID=497) to work on /opt/airflow/dags/minio_to_snowflake_dag.py
[2026-08-05T07:54:13.029+0000] {processor.py:830} INFO - Processing file /opt/airflow/dags/minio_to_snowflake_dag.py for tasks to queue
[2026-08-05T07:54:13.035+0000] {logging_mixin.py:188} INFO - [2026-08-05T07:54:13.033+0000] {dagbag.py:545} INFO - Filling up the DagBag from /opt/airflow/dags/minio_to_snowflake_dag.py
[2026-08-05T07:54:18.001+0000] {processor.py:840} INFO - DAG(s) 'minio_to_snowflake_banking' retrieved from /opt/airflow/dags/minio_to_snowflake_dag.py
[2026-08-05T07:54:18.150+0000] {logging_mixin.py:188} INFO - [2026-08-05T07:54:18.148+0000] {dag.py:3089} INFO - Sync 1 DAGs
[2026-08-05T07:54:18.315+0000] {logging_mixin.py:188} INFO - [2026-08-05T07:54:18.314+0000] {dag.py:3947} INFO - Setting next_dagrun for minio_to_snowflake_banking to 2026-08-05 07:53:00+00:00, run_after=2026-08-05 07:54:00+00:00
[2026-08-05T07:54:18.397+0000] {processor.py:183} INFO - Processing /opt/airflow/dags/minio_to_snowflake_dag.py took 5.406 seconds
[2026-08-05T08:00:54.290+0000] {processor.py:161} INFO - Started process (PID=501) to work on /opt/airflow/dags/minio_to_snowflake_dag.py
[2026-08-05T08:00:54.293+0000] {processor.py:830} INFO - Processing file /opt/airflow/dags/minio_to_snowflake_dag.py for tasks to queue
[2026-08-05T08:00:54.294+0000] {logging_mixin.py:188} INFO - [2026-08-05T08:00:54.294+0000] {dagbag.py:545} INFO - Filling up the DagBag from /opt/airflow/dags/minio_to_snowflake_dag.py
[2026-08-05T08:00:59.263+0000] {processor.py:840} INFO - DAG(s) 'minio_to_snowflake_banking' retrieved from /opt/airflow/dags/minio_to_snowflake_dag.py
[2026-08-05T08:00:59.434+0000] {logging_mixin.py:188} INFO - [2026-08-05T08:00:59.433+0000] {dag.py:3089} INFO - Sync 1 DAGs
[2026-08-05T08:01:00.324+0000] {logging_mixin.py:188} INFO - [2026-08-05T08:01:00.324+0000] {dag.py:3947} INFO - Setting next_dagrun for minio_to_snowflake_banking to 2026-08-05 08:00:00+00:00, run_after=2026-08-05 08:01:00+00:00
[2026-08-05T08:01:00.346+0000] {processor.py:183} INFO - Processing /opt/airflow/dags/minio_to_snowflake_dag.py took 6.067 seconds
[2026-08-05T08:01:30.706+0000] {processor.py:161} INFO - Started process (PID=505) to work on /opt/airflow/dags/minio_to_snowflake_dag.py
[2026-08-05T08:01:30.709+0000] {processor.py:830} INFO - Processing file /opt/airflow/dags/minio_to_snowflake_dag.py for tasks to queue
[2026-08-05T08:01:30.711+0000] {logging_mixin.py:188} INFO - [2026-08-05T08:01:30.710+0000] {dagbag.py:545} INFO - Filling up the DagBag from /opt/airflow/dags/minio_to_snowflake_dag.py
[2026-08-05T08:01:32.054+0000] {processor.py:840} INFO - DAG(s) 'minio_to_snowflake_banking' retrieved from /opt/airflow/dags/minio_to_snowflake_dag.py
[2026-08-05T08:01:32.102+0000] {logging_mixin.py:188} INFO - [2026-08-05T08:01:32.101+0000] {dag.py:3089} INFO - Sync 1 DAGs
[2026-08-05T08:01:32.149+0000] {logging_mixin.py:188} INFO - [2026-08-05T08:01:32.149+0000] {dag.py:3947} INFO - Setting next_dagrun for minio_to_snowflake_banking to 2026-08-05 08:00:00+00:00, run_after=2026-08-05 08:01:00+00:00
[2026-08-05T08:01:32.177+0000] {processor.py:183} INFO - Processing /opt/airflow/dags/minio_to_snowflake_dag.py took 1.479 seconds
[2026-08-05T08:02:02.395+0000] {processor.py:161} INFO - Started process (PID=509) to work on /opt/airflow/dags/minio_to_snowflake_dag.py
[2026-08-05T08:02:02.397+0000] {processor.py:830} INFO - Processing file /opt/airflow/dags/minio_to_snowflake_dag.py for tasks to queue
[2026-08-05T08:02:02.399+0000] {logging_mixin.py:188} INFO - [2026-08-05T08:02:02.399+0000] {dagbag.py:545} INFO - Filling up the DagBag from /opt/airflow/dags/minio_to_snowflake_dag.py
[2026-08-05T08:02:03.055+0000] {processor.py:840} INFO - DAG(s) 'minio_to_snowflake_banking' retrieved from /opt/airflow/dags/minio_to_snowflake_dag.py
[2026-08-05T08:02:03.083+0000] {logging_mixin.py:188} INFO - [2026-08-05T08:02:03.082+0000] {dag.py:3089} INFO - Sync 1 DAGs
[2026-08-05T08:02:03.103+0000] {logging_mixin.py:188} INFO - [2026-08-05T08:02:03.103+0000] {dag.py:3947} INFO - Setting next_dagrun for minio_to_snowflake_banking to 2026-08-05 08:01:00+00:00, run_after=2026-08-05 08:02:00+00:00
[2026-08-05T08:02:03.120+0000] {processor.py:183} INFO - Processing /opt/airflow/dags/minio_to_snowflake_dag.py took 0.735 seconds
[2026-08-05T08:02:33.324+0000] {processor.py:161} INFO - Started process (PID=513) to work on /opt/airflow/dags/minio_to_snowflake_dag.py
[2026-08-05T08:02:33.326+0000] {processor.py:830} INFO - Processing file /opt/airflow/dags/minio_to_snowflake_dag.py for tasks to queue
[2026-08-05T08:02:33.328+0000] {logging_mixin.py:188} INFO - [2026-08-05T08:02:33.327+0000] {dagbag.py:545} INFO - Filling up the DagBag from /opt/airflow/dags/minio_to_snowflake_dag.py
[2026-08-05T08:02:33.990+0000] {processor.py:840} INFO - DAG(s) 'minio_to_snowflake_banking' retrieved from /opt/airflow/dags/minio_to_snowflake_dag.py
[2026-08-05T08:02:34.016+0000] {logging_mixin.py:188} INFO - [2026-08-05T08:02:34.016+0000] {dag.py:3089} INFO - Sync 1 DAGs
[2026-08-05T08:02:34.035+0000] {logging_mixin.py:188} INFO - [2026-08-05T08:02:34.035+0000] {dag.py:3947} INFO - Setting next_dagrun for minio_to_snowflake_banking to 2026-08-05 08:01:00+00:00, run_after=2026-08-05 08:02:00+00:00
[2026-08-05T08:02:34.052+0000] {processor.py:183} INFO - Processing /opt/airflow/dags/minio_to_snowflake_dag.py took 0.738 seconds
[2026-08-05T08:03:04.759+0000] {processor.py:161} INFO - Started process (PID=517) to work on /opt/airflow/dags/minio_to_snowflake_dag.py
[2026-08-05T08:03:04.761+0000] {processor.py:830} INFO - Processing file /opt/airflow/dags/minio_to_snowflake_dag.py for tasks to queue
[2026-08-05T08:03:04.763+0000] {logging_mixin.py:188} INFO - [2026-08-05T08:03:04.762+0000] {dagbag.py:545} INFO - Filling up the DagBag from /opt/airflow/dags/minio_to_snowflake_dag.py
[2026-08-05T08:03:05.541+0000] {processor.py:840} INFO - DAG(s) 'minio_to_snowflake_banking' retrieved from /opt/airflow/dags/minio_to_snowflake_dag.py
[2026-08-05T08:03:05.636+0000] {logging_mixin.py:188} INFO - [2026-08-05T08:03:05.636+0000] {dag.py:3089} INFO - Sync 1 DAGs
[2026-08-05T08:03:05.658+0000] {logging_mixin.py:188} INFO - [2026-08-05T08:03:05.658+0000] {dag.py:3947} INFO - Setting next_dagrun for minio_to_snowflake_banking to 2026-08-05 08:02:00+00:00, run_after=2026-08-05 08:03:00+00:00
[2026-08-05T08:03:05.676+0000] {processor.py:183} INFO - Processing /opt/airflow/dags/minio_to_snowflake_dag.py took 0.924 seconds
[2026-08-05T08:03:35.867+0000] {processor.py:161} INFO - Started process (PID=521) to work on /opt/airflow/dags/minio_to_snowflake_dag.py
[2026-08-05T08:03:35.869+0000] {processor.py:830} INFO - Processing file /opt/airflow/dags/minio_to_snowflake_dag.py for tasks to queue
[2026-08-05T08:03:35.871+0000] {logging_mixin.py:188} INFO - [2026-08-05T08:03:35.870+0000] {dagbag.py:545} INFO - Filling up the DagBag from /opt/airflow/dags/minio_to_snowflake_dag.py
[2026-08-05T08:03:36.829+0000] {processor.py:840} INFO - DAG(s) 'minio_to_snowflake_banking' retrieved from /opt/airflow/dags/minio_to_snowflake_dag.py
[2026-08-05T08:03:36.865+0000] {logging_mixin.py:188} INFO - [2026-08-05T08:03:36.864+0000] {dag.py:3089} INFO - Sync 1 DAGs
[2026-08-05T08:03:36.937+0000] {logging_mixin.py:188} INFO - [2026-08-05T08:03:36.937+0000] {dag.py:3947} INFO - Setting next_dagrun for minio_to_snowflake_banking to 2026-08-05 08:02:00+00:00, run_after=2026-08-05 08:03:00+00:00
[2026-08-05T08:03:36.961+0000] {processor.py:183} INFO - Processing /opt/airflow/dags/minio_to_snowflake_dag.py took 1.100 seconds
[2026-08-05T08:04:07.808+0000] {processor.py:161} INFO - Started process (PID=525) to work on /opt/airflow/dags/minio_to_snowflake_dag.py
[2026-08-05T08:04:07.811+0000] {processor.py:830} INFO - Processing file /opt/airflow/dags/minio_to_snowflake_dag.py for tasks to queue
[2026-08-05T08:04:07.812+0000] {logging_mixin.py:188} INFO - [2026-08-05T08:04:07.812+0000] {dagbag.py:545} INFO - Filling up the DagBag from /opt/airflow/dags/minio_to_snowflake_dag.py
[2026-08-05T08:04:08.867+0000] {processor.py:840} INFO - DAG(s) 'minio_to_snowflake_banking' retrieved from /opt/airflow/dags/minio_to_snowflake_dag.py
[2026-08-05T08:04:08.897+0000] {logging_mixin.py:188} INFO - [2026-08-05T08:04:08.896+0000] {dag.py:3089} INFO - Sync 1 DAGs
[2026-08-05T08:04:08.918+0000] {logging_mixin.py:188} INFO - [2026-08-05T08:04:08.917+0000] {dag.py:3947} INFO - Setting next_dagrun for minio_to_snowflake_banking to 2026-08-05 08:03:00+00:00, run_after=2026-08-05 08:04:00+00:00
[2026-08-05T08:04:08.936+0000] {processor.py:183} INFO - Processing /opt/airflow/dags/minio_to_snowflake_dag.py took 1.136 seconds
[2026-08-05T08:04:39.188+0000] {processor.py:161} INFO - Started process (PID=529) to work on /opt/airflow/dags/minio_to_snowflake_dag.py
[2026-08-05T08:04:39.189+0000] {processor.py:830} INFO - Processing file /opt/airflow/dags/minio_to_snowflake_dag.py for tasks to queue
[2026-08-05T08:04:39.192+0000] {logging_mixin.py:188} INFO - [2026-08-05T08:04:39.191+0000] {dagbag.py:545} INFO - Filling up the DagBag from /opt/airflow/dags/minio_to_snowflake_dag.py
[2026-08-05T08:04:40.059+0000] {processor.py:840} INFO - DAG(s) 'minio_to_snowflake_banking' retrieved from /opt/airflow/dags/minio_to_snowflake_dag.py
[2026-08-05T08:04:40.091+0000] {logging_mixin.py:188} INFO - [2026-08-05T08:04:40.091+0000] {dag.py:3089} INFO - Sync 1 DAGs
[2026-08-05T08:04:40.113+0000] {logging_mixin.py:188} INFO - [2026-08-05T08:04:40.112+0000] {dag.py:3947} INFO - Setting next_dagrun for minio_to_snowflake_banking to 2026-08-05 08:03:00+00:00, run_after=2026-08-05 08:04:00+00:00
[2026-08-05T08:04:40.131+0000] {processor.py:183} INFO - Processing /opt/airflow/dags/minio_to_snowflake_dag.py took 0.950 seconds
[2026-08-05T08:05:13.043+0000] {processor.py:161} INFO - Started process (PID=533) to work on /opt/airflow/dags/minio_to_snowflake_dag.py
[2026-08-05T08:05:13.045+0000] {processor.py:830} INFO - Processing file /opt/airflow/dags/minio_to_snowflake_dag.py for tasks to queue
[2026-08-05T08:05:13.047+0000] {logging_mixin.py:188} INFO - [2026-08-05T08:05:13.046+0000] {dagbag.py:545} INFO - Filling up the DagBag from /opt/airflow/dags/minio_to_snowflake_dag.py
[2026-08-05T08:05:13.832+0000] {processor.py:840} INFO - DAG(s) 'minio_to_snowflake_banking' retrieved from /opt/airflow/dags/minio_to_snowflake_dag.py
[2026-08-05T08:05:16.354+0000] {logging_mixin.py:188} INFO - [2026-08-05T08:05:16.353+0000] {dag.py:3089} INFO - Sync 1 DAGs
[2026-08-05T08:05:17.365+0000] {logging_mixin.py:188} INFO - [2026-08-05T08:05:17.365+0000] {dag.py:3947} INFO - Setting next_dagrun for minio_to_snowflake_banking to 2026-08-05 08:04:00+00:00, run_after=2026-08-05 08:05:00+00:00
[2026-08-05T08:05:17.435+0000] {processor.py:183} INFO - Processing /opt/airflow/dags/minio_to_snowflake_dag.py took 4.399 seconds
[2026-08-05T08:05:48.278+0000] {processor.py:161} INFO - Started process (PID=537) to work on /opt/airflow/dags/minio_to_snowflake_dag.py
[2026-08-05T08:05:48.279+0000] {processor.py:830} INFO - Processing file /opt/airflow/dags/minio_to_snowflake_dag.py for tasks to queue
[2026-08-05T08:05:48.281+0000] {logging_mixin.py:188} INFO - [2026-08-05T08:05:48.280+0000] {dagbag.py:545} INFO - Filling up the DagBag from /opt/airflow/dags/minio_to_snowflake_dag.py
[2026-08-05T08:05:49.795+0000] {processor.py:840} INFO - DAG(s) 'minio_to_snowflake_banking' retrieved from /opt/airflow/dags/minio_to_snowflake_dag.py
[2026-08-05T08:05:49.818+0000] {logging_mixin.py:188} INFO - [2026-08-05T08:05:49.818+0000] {dag.py:3089} INFO - Sync 1 DAGs
[2026-08-05T08:05:49.839+0000] {logging_mixin.py:188} INFO - [2026-08-05T08:05:49.839+0000] {dag.py:3947} INFO - Setting next_dagrun for minio_to_snowflake_banking to 2026-08-05 08:04:00+00:00, run_after=2026-08-05 08:05:00+00:00
[2026-08-05T08:05:49.933+0000] {processor.py:183} INFO - Processing /opt/airflow/dags/minio_to_snowflake_dag.py took 1.665 seconds
[2026-08-05T08:06:20.986+0000] {processor.py:161} INFO - Started process (PID=541) to work on /opt/airflow/dags/minio_to_snowflake_dag.py
[2026-08-05T08:06:20.987+0000] {processor.py:830} INFO - Processing file /opt/airflow/dags/minio_to_snowflake_dag.py for tasks to queue
[2026-08-05T08:06:20.988+0000] {logging_mixin.py:188} INFO - [2026-08-05T08:06:20.988+0000] {dagbag.py:545} INFO - Filling up the DagBag from /opt/airflow/dags/minio_to_snowflake_dag.py
[2026-08-05T08:06:22.088+0000] {processor.py:840} INFO - DAG(s) 'minio_to_snowflake_banking' retrieved from /opt/airflow/dags/minio_to_snowflake_dag.py
[2026-08-05T08:06:22.178+0000] {logging_mixin.py:188} INFO - [2026-08-05T08:06:22.178+0000] {dag.py:3089} INFO - Sync 1 DAGs
[2026-08-05T08:06:22.202+0000] {logging_mixin.py:188} INFO - [2026-08-05T08:06:22.202+0000] {dag.py:3947} INFO - Setting next_dagrun for minio_to_snowflake_banking to 2026-08-05 08:05:00+00:00, run_after=2026-08-05 08:06:00+00:00
[2026-08-05T08:06:22.302+0000] {processor.py:183} INFO - Processing /opt/airflow/dags/minio_to_snowflake_dag.py took 1.376 seconds
[2026-08-05T08:06:53.222+0000] {processor.py:161} INFO - Started process (PID=545) to work on /opt/airflow/dags/minio_to_snowflake_dag.py
[2026-08-05T08:06:53.224+0000] {processor.py:830} INFO - Processing file /opt/airflow/dags/minio_to_snowflake_dag.py for tasks to queue
[2026-08-05T08:06:53.226+0000] {logging_mixin.py:188} INFO - [2026-08-05T08:06:53.225+0000] {dagbag.py:545} INFO - Filling up the DagBag from /opt/airflow/dags/minio_to_snowflake_dag.py
[2026-08-05T08:06:54.049+0000] {processor.py:840} INFO - DAG(s) 'minio_to_snowflake_banking' retrieved from /opt/airflow/dags/minio_to_snowflake_dag.py
[2026-08-05T08:06:54.073+0000] {logging_mixin.py:188} INFO - [2026-08-05T08:06:54.073+0000] {dag.py:3089} INFO - Sync 1 DAGs
[2026-08-05T08:06:54.092+0000] {logging_mixin.py:188} INFO - [2026-08-05T08:06:54.092+0000] {dag.py:3947} INFO - Setting next_dagrun for minio_to_snowflake_banking to 2026-08-05 08:06:00+00:00, run_after=2026-08-05 08:07:00+00:00
[2026-08-05T08:06:54.108+0000] {processor.py:183} INFO - Processing /opt/airflow/dags/minio_to_snowflake_dag.py took 0.892 seconds
[2026-08-05T08:07:25.747+0000] {processor.py:161} INFO - Started process (PID=550) to work on /opt/airflow/dags/minio_to_snowflake_dag.py
[2026-08-05T08:07:26.957+0000] {processor.py:830} INFO - Processing file /opt/airflow/dags/minio_to_snowflake_dag.py for tasks to queue
[2026-08-05T08:07:27.420+0000] {logging_mixin.py:188} INFO - [2026-08-05T08:07:27.376+0000] {dagbag.py:545} INFO - Filling up the DagBag from /opt/airflow/dags/minio_to_snowflake_dag.py
[2026-08-05T08:07:46.220+0000] {processor.py:840} INFO - DAG(s) 'minio_to_snowflake_banking' retrieved from /opt/airflow/dags/minio_to_snowflake_dag.py
[2026-08-05T08:07:48.044+0000] {logging_mixin.py:188} INFO - [2026-08-05T08:07:48.044+0000] {dag.py:3089} INFO - Sync 1 DAGs
[2026-08-05T08:07:49.078+0000] {logging_mixin.py:188} INFO - [2026-08-05T08:07:49.078+0000] {dag.py:3947} INFO - Setting next_dagrun for minio_to_snowflake_banking to 2026-08-05 08:06:00+00:00, run_after=2026-08-05 08:07:00+00:00
[2026-08-05T08:07:50.189+0000] {processor.py:183} INFO - Processing /opt/airflow/dags/minio_to_snowflake_dag.py took 25.851 seconds
[2026-08-05T08:08:27.750+0000] {processor.py:161} INFO - Started process (PID=554) to work on /opt/airflow/dags/minio_to_snowflake_dag.py
[2026-08-05T08:08:27.813+0000] {processor.py:830} INFO - Processing file /opt/airflow/dags/minio_to_snowflake_dag.py for tasks to queue
[2026-08-05T08:08:27.870+0000] {logging_mixin.py:188} INFO - [2026-08-05T08:08:27.870+0000] {dagbag.py:545} INFO - Filling up the DagBag from /opt/airflow/dags/minio_to_snowflake_dag.py
[2026-08-05T08:08:59.709+0000] {logging_mixin.py:188} INFO - [2026-08-05T08:08:59.398+0000] {timeout.py:68} ERROR - Process timed out, PID: 554
[2026-08-05T08:09:34.409+0000] {processor.py:161} INFO - Started process (PID=567) to work on /opt/airflow/dags/minio_to_snowflake_dag.py
[2026-08-05T08:09:34.444+0000] {processor.py:830} INFO - Processing file /opt/airflow/dags/minio_to_snowflake_dag.py for tasks to queue
[2026-08-05T08:09:34.489+0000] {logging_mixin.py:188} INFO - [2026-08-05T08:09:34.467+0000] {dagbag.py:545} INFO - Filling up the DagBag from /opt/airflow/dags/minio_to_snowflake_dag.py
[2026-08-05T08:10:04.797+0000] {logging_mixin.py:188} INFO - [2026-08-05T08:10:04.797+0000] {timeout.py:68} ERROR - Process timed out, PID: 567
[2026-08-05T08:10:41.264+0000] {processor.py:161} INFO - Started process (PID=572) to work on /opt/airflow/dags/minio_to_snowflake_dag.py
[2026-08-05T08:10:42.333+0000] {processor.py:830} INFO - Processing file /opt/airflow/dags/minio_to_snowflake_dag.py for tasks to queue
[2026-08-05T08:10:42.756+0000] {logging_mixin.py:188} INFO - [2026-08-05T08:10:42.450+0000] {dagbag.py:545} INFO - Filling up the DagBag from /opt/airflow/dags/minio_to_snowflake_dag.py
[2026-08-05T08:11:13.503+0000] {logging_mixin.py:188} INFO - [2026-08-05T08:11:13.502+0000] {timeout.py:68} ERROR - Process timed out, PID: 572
[2026-08-05T08:11:57.689+0000] {processor.py:161} INFO - Started process (PID=573) to work on /opt/airflow/dags/minio_to_snowflake_dag.py
[2026-08-05T08:11:57.691+0000] {processor.py:830} INFO - Processing file /opt/airflow/dags/minio_to_snowflake_dag.py for tasks to queue
[2026-08-05T08:11:57.693+0000] {logging_mixin.py:188} INFO - [2026-08-05T08:11:57.692+0000] {dagbag.py:545} INFO - Filling up the DagBag from /opt/airflow/dags/minio_to_snowflake_dag.py
[2026-08-05T08:12:28.079+0000] {logging_mixin.py:188} INFO - [2026-08-05T08:12:27.996+0000] {timeout.py:68} ERROR - Process timed out, PID: 573
[2026-08-05T08:12:59.114+0000] {processor.py:161} INFO - Started process (PID=640) to work on /opt/airflow/dags/minio_to_snowflake_dag.py
[2026-08-05T08:12:59.116+0000] {processor.py:830} INFO - Processing file /opt/airflow/dags/minio_to_snowflake_dag.py for tasks to queue
[2026-08-05T08:12:59.118+0000] {logging_mixin.py:188} INFO - [2026-08-05T08:12:59.117+0000] {dagbag.py:545} INFO - Filling up the DagBag from /opt/airflow/dags/minio_to_snowflake_dag.py
[2026-08-05T08:14:30.656+0000] {processor.py:161} INFO - Started process (PID=1124) to work on /opt/airflow/dags/minio_to_snowflake_dag.py
[2026-08-05T08:14:31.022+0000] {processor.py:830} INFO - Processing file /opt/airflow/dags/minio_to_snowflake_dag.py for tasks to queue
[2026-08-05T08:14:31.130+0000] {logging_mixin.py:188} INFO - [2026-08-05T08:14:31.068+0000] {dagbag.py:545} INFO - Filling up the DagBag from /opt/airflow/dags/minio_to_snowflake_dag.py
[2026-08-05T08:15:03.801+0000] {logging_mixin.py:188} INFO - [2026-08-05T08:15:01.764+0000] {timeout.py:68} ERROR - Process timed out, PID: 1124
[2026-08-05T08:15:46.342+0000] {processor.py:161} INFO - Started process (PID=1210) to work on /opt/airflow/dags/minio_to_snowflake_dag.py
[2026-08-05T08:15:48.982+0000] {processor.py:830} INFO - Processing file /opt/airflow/dags/minio_to_snowflake_dag.py for tasks to queue
[2026-08-05T08:15:50.507+0000] {logging_mixin.py:188} INFO - [2026-08-05T08:15:50.290+0000] {dagbag.py:545} INFO - Filling up the DagBag from /opt/airflow/dags/minio_to_snowflake_dag.py
[2026-08-05T08:17:01.405+0000] {processor.py:161} INFO - Started process (PID=1866) to work on /opt/airflow/dags/minio_to_snowflake_dag.py
[2026-08-05T08:17:01.407+0000] {processor.py:830} INFO - Processing file /opt/airflow/dags/minio_to_snowflake_dag.py for tasks to queue
[2026-08-05T08:17:01.409+0000] {logging_mixin.py:188} INFO - [2026-08-05T08:17:01.408+0000] {dagbag.py:545} INFO - Filling up the DagBag from /opt/airflow/dags/minio_to_snowflake_dag.py
[2026-08-05T08:17:04.846+0000] {processor.py:840} INFO - DAG(s) 'minio_to_snowflake_banking' retrieved from /opt/airflow/dags/minio_to_snowflake_dag.py
[2026-08-05T08:17:06.703+0000] {logging_mixin.py:188} INFO - [2026-08-05T08:17:06.703+0000] {dag.py:3089} INFO - Sync 1 DAGs
[2026-08-05T08:17:06.755+0000] {logging_mixin.py:188} INFO - [2026-08-05T08:17:06.755+0000] {dag.py:3947} INFO - Setting next_dagrun for minio_to_snowflake_banking to 2026-08-05 08:16:00+00:00, run_after=2026-08-05 08:17:00+00:00
[2026-08-05T08:17:06.888+0000] {processor.py:183} INFO - Processing /opt/airflow/dags/minio_to_snowflake_dag.py took 5.494 seconds
[2026-08-05T08:17:37.230+0000] {processor.py:161} INFO - Started process (PID=1870) to work on /opt/airflow/dags/minio_to_snowflake_dag.py
[2026-08-05T08:17:37.231+0000] {processor.py:830} INFO - Processing file /opt/airflow/dags/minio_to_snowflake_dag.py for tasks to queue
[2026-08-05T08:17:37.233+0000] {logging_mixin.py:188} INFO - [2026-08-05T08:17:37.232+0000] {dagbag.py:545} INFO - Filling up the DagBag from /opt/airflow/dags/minio_to_snowflake_dag.py
[2026-08-05T08:17:39.766+0000] {processor.py:840} INFO - DAG(s) 'minio_to_snowflake_banking' retrieved from /opt/airflow/dags/minio_to_snowflake_dag.py
[2026-08-05T08:17:39.798+0000] {logging_mixin.py:188} INFO - [2026-08-05T08:17:39.798+0000] {dag.py:3089} INFO - Sync 1 DAGs
[2026-08-05T08:17:39.824+0000] {logging_mixin.py:188} INFO - [2026-08-05T08:17:39.824+0000] {dag.py:3947} INFO - Setting next_dagrun for minio_to_snowflake_banking to 2026-08-05 08:16:00+00:00, run_after=2026-08-05 08:17:00+00:00
[2026-08-05T08:17:39.849+0000] {processor.py:183} INFO - Processing /opt/airflow/dags/minio_to_snowflake_dag.py took 2.626 seconds
[2026-08-05T08:18:10.160+0000] {processor.py:161} INFO - Started process (PID=1875) to work on /opt/airflow/dags/minio_to_snowflake_dag.py
[2026-08-05T08:18:10.162+0000] {processor.py:830} INFO - Processing file /opt/airflow/dags/minio_to_snowflake_dag.py for tasks to queue
[2026-08-05T08:18:10.164+0000] {logging_mixin.py:188} INFO - [2026-08-05T08:18:10.163+0000] {dagbag.py:545} INFO - Filling up the DagBag from /opt/airflow/dags/minio_to_snowflake_dag.py
[2026-08-05T08:18:40.482+0000] {logging_mixin.py:188} INFO - [2026-08-05T08:18:40.481+0000] {timeout.py:68} ERROR - Process timed out, PID: 1875
[2026-08-05T08:19:12.871+0000] {processor.py:161} INFO - Started process (PID=2923) to work on /opt/airflow/dags/minio_to_snowflake_dag.py
[2026-08-05T08:19:13.803+0000] {processor.py:830} INFO - Processing file /opt/airflow/dags/minio_to_snowflake_dag.py for tasks to queue
[2026-08-05T08:19:13.905+0000] {logging_mixin.py:188} INFO - [2026-08-05T08:19:13.901+0000] {dagbag.py:545} INFO - Filling up the DagBag from /opt/airflow/dags/minio_to_snowflake_dag.py
[2026-08-05T08:19:24.599+0000] {processor.py:840} INFO - DAG(s) 'minio_to_snowflake_banking' retrieved from /opt/airflow/dags/minio_to_snowflake_dag.py
[2026-08-05T08:19:24.931+0000] {logging_mixin.py:188} INFO - [2026-08-05T08:19:24.930+0000] {dag.py:3089} INFO - Sync 1 DAGs
[2026-08-05T08:19:24.960+0000] {logging_mixin.py:188} INFO - [2026-08-05T08:19:24.959+0000] {dag.py:3947} INFO - Setting next_dagrun for minio_to_snowflake_banking to 2026-08-05 08:18:00+00:00, run_after=2026-08-05 08:19:00+00:00
[2026-08-05T08:19:24.987+0000] {processor.py:183} INFO - Processing /opt/airflow/dags/minio_to_snowflake_dag.py took 12.909 seconds
[2026-08-05T08:19:55.179+0000] {processor.py:161} INFO - Started process (PID=3193) to work on /opt/airflow/dags/minio_to_snowflake_dag.py
[2026-08-05T08:19:55.181+0000] {processor.py:830} INFO - Processing file /opt/airflow/dags/minio_to_snowflake_dag.py for tasks to queue
[2026-08-05T08:19:55.185+0000] {logging_mixin.py:188} INFO - [2026-08-05T08:19:55.183+0000] {dagbag.py:545} INFO - Filling up the DagBag from /opt/airflow/dags/minio_to_snowflake_dag.py
[2026-08-05T08:20:19.312+0000] {processor.py:840} INFO - DAG(s) 'minio_to_snowflake_banking' retrieved from /opt/airflow/dags/minio_to_snowflake_dag.py
[2026-08-05T08:20:19.343+0000] {logging_mixin.py:188} INFO - [2026-08-05T08:20:19.342+0000] {dag.py:3089} INFO - Sync 1 DAGs
[2026-08-05T08:20:19.369+0000] {logging_mixin.py:188} INFO - [2026-08-05T08:20:19.369+0000] {dag.py:3947} INFO - Setting next_dagrun for minio_to_snowflake_banking to 2026-08-05 08:19:00+00:00, run_after=2026-08-05 08:20:00+00:00
[2026-08-05T08:20:19.393+0000] {processor.py:183} INFO - Processing /opt/airflow/dags/minio_to_snowflake_dag.py took 24.229 seconds
[2026-08-05T08:20:49.633+0000] {processor.py:161} INFO - Started process (PID=3542) to work on /opt/airflow/dags/minio_to_snowflake_dag.py
[2026-08-05T08:20:49.635+0000] {processor.py:830} INFO - Processing file /opt/airflow/dags/minio_to_snowflake_dag.py for tasks to queue
[2026-08-05T08:20:49.636+0000] {logging_mixin.py:188} INFO - [2026-08-05T08:20:49.636+0000] {dagbag.py:545} INFO - Filling up the DagBag from /opt/airflow/dags/minio_to_snowflake_dag.py
[2026-08-05T08:20:53.768+0000] {processor.py:840} INFO - DAG(s) 'minio_to_snowflake_banking' retrieved from /opt/airflow/dags/minio_to_snowflake_dag.py
[2026-08-05T08:20:53.801+0000] {logging_mixin.py:188} INFO - [2026-08-05T08:20:53.800+0000] {dag.py:3089} INFO - Sync 1 DAGs
[2026-08-05T08:20:53.825+0000] {logging_mixin.py:188} INFO - [2026-08-05T08:20:53.825+0000] {dag.py:3947} INFO - Setting next_dagrun for minio_to_snowflake_banking to 2026-08-05 08:19:00+00:00, run_after=2026-08-05 08:20:00+00:00
[2026-08-05T08:20:53.858+0000] {processor.py:183} INFO - Processing /opt/airflow/dags/minio_to_snowflake_dag.py took 4.241 seconds
[2026-08-05T08:21:24.077+0000] {processor.py:161} INFO - Started process (PID=3891) to work on /opt/airflow/dags/minio_to_snowflake_dag.py
[2026-08-05T08:21:24.080+0000] {processor.py:830} INFO - Processing file /opt/airflow/dags/minio_to_snowflake_dag.py for tasks to queue
[2026-08-05T08:21:24.082+0000] {logging_mixin.py:188} INFO - [2026-08-05T08:21:24.082+0000] {dagbag.py:545} INFO - Filling up the DagBag from /opt/airflow/dags/minio_to_snowflake_dag.py
[2026-08-05T08:21:29.938+0000] {processor.py:840} INFO - DAG(s) 'minio_to_snowflake_banking' retrieved from /opt/airflow/dags/minio_to_snowflake_dag.py
[2026-08-05T08:21:30.065+0000] {logging_mixin.py:188} INFO - [2026-08-05T08:21:30.065+0000] {dag.py:3089} INFO - Sync 1 DAGs
[2026-08-05T08:21:30.153+0000] {logging_mixin.py:188} INFO - [2026-08-05T08:21:30.153+0000] {dag.py:3947} INFO - Setting next_dagrun for minio_to_snowflake_banking to 2026-08-05 08:20:00+00:00, run_after=2026-08-05 08:21:00+00:00
[2026-08-05T08:21:30.173+0000] {processor.py:183} INFO - Processing /opt/airflow/dags/minio_to_snowflake_dag.py took 6.108 seconds
[2026-08-05T08:22:00.347+0000] {processor.py:161} INFO - Started process (PID=4247) to work on /opt/airflow/dags/minio_to_snowflake_dag.py
[2026-08-05T08:22:00.349+0000] {processor.py:830} INFO - Processing file /opt/airflow/dags/minio_to_snowflake_dag.py for tasks to queue
[2026-08-05T08:22:00.351+0000] {logging_mixin.py:188} INFO - [2026-08-05T08:22:00.351+0000] {dagbag.py:545} INFO - Filling up the DagBag from /opt/airflow/dags/minio_to_snowflake_dag.py
[2026-08-05T08:22:01.614+0000] {processor.py:840} INFO - DAG(s) 'minio_to_snowflake_banking' retrieved from /opt/airflow/dags/minio_to_snowflake_dag.py
[2026-08-05T08:22:01.642+0000] {logging_mixin.py:188} INFO - [2026-08-05T08:22:01.642+0000] {dag.py:3089} INFO - Sync 1 DAGs
[2026-08-05T08:22:01.668+0000] {logging_mixin.py:188} INFO - [2026-08-05T08:22:01.667+0000] {dag.py:3947} INFO - Setting next_dagrun for minio_to_snowflake_banking to 2026-08-05 08:21:00+00:00, run_after=2026-08-05 08:22:00+00:00
[2026-08-05T08:22:01.691+0000] {processor.py:183} INFO - Processing /opt/airflow/dags/minio_to_snowflake_dag.py took 1.355 seconds
[2026-08-05T08:22:32.990+0000] {processor.py:161} INFO - Started process (PID=4491) to work on /opt/airflow/dags/minio_to_snowflake_dag.py
[2026-08-05T08:22:32.991+0000] {processor.py:830} INFO - Processing file /opt/airflow/dags/minio_to_snowflake_dag.py for tasks to queue
[2026-08-05T08:22:32.992+0000] {logging_mixin.py:188} INFO - [2026-08-05T08:22:32.992+0000] {dagbag.py:545} INFO - Filling up the DagBag from /opt/airflow/dags/minio_to_snowflake_dag.py
[2026-08-05T08:22:33.645+0000] {processor.py:840} INFO - DAG(s) 'minio_to_snowflake_banking' retrieved from /opt/airflow/dags/minio_to_snowflake_dag.py
[2026-08-05T08:22:33.671+0000] {logging_mixin.py:188} INFO - [2026-08-05T08:22:33.671+0000] {dag.py:3089} INFO - Sync 1 DAGs
[2026-08-05T08:22:33.692+0000] {logging_mixin.py:188} INFO - [2026-08-05T08:22:33.692+0000] {dag.py:3947} INFO - Setting next_dagrun for minio_to_snowflake_banking to 2026-08-05 08:22:00+00:00, run_after=2026-08-05 08:23:00+00:00
[2026-08-05T08:22:33.710+0000] {processor.py:183} INFO - Processing /opt/airflow/dags/minio_to_snowflake_dag.py took 0.727 seconds
[2026-08-05T08:23:07.124+0000] {processor.py:161} INFO - Started process (PID=5451) to work on /opt/airflow/dags/minio_to_snowflake_dag.py
[2026-08-05T08:23:07.126+0000] {processor.py:830} INFO - Processing file /opt/airflow/dags/minio_to_snowflake_dag.py for tasks to queue
[2026-08-05T08:23:07.378+0000] {logging_mixin.py:188} INFO - [2026-08-05T08:23:07.303+0000] {dagbag.py:545} INFO - Filling up the DagBag from /opt/airflow/dags/minio_to_snowflake_dag.py
[2026-08-05T08:23:37.983+0000] {logging_mixin.py:188} INFO - [2026-08-05T08:23:37.819+0000] {timeout.py:68} ERROR - Process timed out, PID: 5451
[2026-08-05T08:24:29.277+0000] {processor.py:161} INFO - Started process (PID=5804) to work on /opt/airflow/dags/minio_to_snowflake_dag.py
[2026-08-05T08:24:29.280+0000] {processor.py:830} INFO - Processing file /opt/airflow/dags/minio_to_snowflake_dag.py for tasks to queue
[2026-08-05T08:24:29.569+0000] {logging_mixin.py:188} INFO - [2026-08-05T08:24:29.297+0000] {dagbag.py:545} INFO - Filling up the DagBag from /opt/airflow/dags/minio_to_snowflake_dag.py
[2026-08-05T08:25:01.056+0000] {logging_mixin.py:188} INFO - [2026-08-05T08:25:01.055+0000] {timeout.py:68} ERROR - Process timed out, PID: 5804
[2026-08-05T08:25:41.171+0000] {processor.py:161} INFO - Started process (PID=5932) to work on /opt/airflow/dags/minio_to_snowflake_dag.py
[2026-08-05T08:25:41.173+0000] {processor.py:830} INFO - Processing file /opt/airflow/dags/minio_to_snowflake_dag.py for tasks to queue
[2026-08-05T08:25:41.403+0000] {logging_mixin.py:188} INFO - [2026-08-05T08:25:41.215+0000] {dagbag.py:545} INFO - Filling up the DagBag from /opt/airflow/dags/minio_to_snowflake_dag.py
[2026-08-05T08:27:05.765+0000] {processor.py:161} INFO - Started process (PID=6128) to work on /opt/airflow/dags/minio_to_snowflake_dag.py
[2026-08-05T08:27:06.002+0000] {processor.py:830} INFO - Processing file /opt/airflow/dags/minio_to_snowflake_dag.py for tasks to queue
[2026-08-05T08:27:06.076+0000] {logging_mixin.py:188} INFO - [2026-08-05T08:27:06.076+0000] {dagbag.py:545} INFO - Filling up the DagBag from /opt/airflow/dags/minio_to_snowflake_dag.py
[2026-08-05T08:27:37.660+0000] {logging_mixin.py:188} INFO - [2026-08-05T08:27:37.660+0000] {timeout.py:68} ERROR - Process timed out, PID: 6128
[2026-08-05T08:28:09.193+0000] {processor.py:161} INFO - Started process (PID=6278) to work on /opt/airflow/dags/minio_to_snowflake_dag.py
[2026-08-05T08:28:09.195+0000] {processor.py:830} INFO - Processing file /opt/airflow/dags/minio_to_snowflake_dag.py for tasks to queue
[2026-08-05T08:28:09.258+0000] {logging_mixin.py:188} INFO - [2026-08-05T08:28:09.257+0000] {dagbag.py:545} INFO - Filling up the DagBag from /opt/airflow/dags/minio_to_snowflake_dag.py
[2026-08-05T08:28:31.719+0000] {processor.py:840} INFO - DAG(s) 'minio_to_snowflake_banking' retrieved from /opt/airflow/dags/minio_to_snowflake_dag.py
[2026-08-05T08:28:37.048+0000] {logging_mixin.py:188} INFO - [2026-08-05T08:28:37.047+0000] {dag.py:3089} INFO - Sync 1 DAGs
[2026-08-05T08:28:37.147+0000] {logging_mixin.py:188} INFO - [2026-08-05T08:28:37.147+0000] {dag.py:3947} INFO - Setting next_dagrun for minio_to_snowflake_banking to 2026-08-05 08:27:00+00:00, run_after=2026-08-05 08:28:00+00:00
[2026-08-05T08:28:37.275+0000] {processor.py:183} INFO - Processing /opt/airflow/dags/minio_to_snowflake_dag.py took 28.156 seconds
[2026-08-05T08:29:07.888+0000] {processor.py:161} INFO - Started process (PID=6956) to work on /opt/airflow/dags/minio_to_snowflake_dag.py
[2026-08-05T08:29:07.889+0000] {processor.py:830} INFO - Processing file /opt/airflow/dags/minio_to_snowflake_dag.py for tasks to queue
[2026-08-05T08:29:07.890+0000] {logging_mixin.py:188} INFO - [2026-08-05T08:29:07.890+0000] {dagbag.py:545} INFO - Filling up the DagBag from /opt/airflow/dags/minio_to_snowflake_dag.py
[2026-08-05T08:29:35.844+0000] {processor.py:840} INFO - DAG(s) 'minio_to_snowflake_banking' retrieved from /opt/airflow/dags/minio_to_snowflake_dag.py
[2026-08-05T08:29:35.962+0000] {logging_mixin.py:188} INFO - [2026-08-05T08:29:35.961+0000] {dag.py:3089} INFO - Sync 1 DAGs
[2026-08-05T08:29:35.996+0000] {logging_mixin.py:188} INFO - [2026-08-05T08:29:35.996+0000] {dag.py:3947} INFO - Setting next_dagrun for minio_to_snowflake_banking to 2026-08-05 08:28:00+00:00, run_after=2026-08-05 08:29:00+00:00
[2026-08-05T08:29:36.030+0000] {processor.py:183} INFO - Processing /opt/airflow/dags/minio_to_snowflake_dag.py took 28.173 seconds
[2026-08-05T08:30:07.103+0000] {processor.py:161} INFO - Started process (PID=7787) to work on /opt/airflow/dags/minio_to_snowflake_dag.py
[2026-08-05T08:30:07.104+0000] {processor.py:830} INFO - Processing file /opt/airflow/dags/minio_to_snowflake_dag.py for tasks to queue
[2026-08-05T08:30:07.105+0000] {logging_mixin.py:188} INFO - [2026-08-05T08:30:07.105+0000] {dagbag.py:545} INFO - Filling up the DagBag from /opt/airflow/dags/minio_to_snowflake_dag.py
[2026-08-05T08:30:13.987+0000] {processor.py:840} INFO - DAG(s) 'minio_to_snowflake_banking' retrieved from /opt/airflow/dags/minio_to_snowflake_dag.py
[2026-08-05T08:30:14.712+0000] {logging_mixin.py:188} INFO - [2026-08-05T08:30:14.712+0000] {dag.py:3089} INFO - Sync 1 DAGs
[2026-08-05T08:30:14.770+0000] {logging_mixin.py:188} INFO - [2026-08-05T08:30:14.770+0000] {dag.py:3947} INFO - Setting next_dagrun for minio_to_snowflake_banking to 2026-08-05 08:29:00+00:00, run_after=2026-08-05 08:30:00+00:00
[2026-08-05T08:30:14.940+0000] {processor.py:183} INFO - Processing /opt/airflow/dags/minio_to_snowflake_dag.py took 7.843 seconds
[2026-08-05T08:30:45.277+0000] {processor.py:161} INFO - Started process (PID=8030) to work on /opt/airflow/dags/minio_to_snowflake_dag.py
[2026-08-05T08:30:45.278+0000] {processor.py:830} INFO - Processing file /opt/airflow/dags/minio_to_snowflake_dag.py for tasks to queue
[2026-08-05T08:30:45.280+0000] {logging_mixin.py:188} INFO - [2026-08-05T08:30:45.279+0000] {dagbag.py:545} INFO - Filling up the DagBag from /opt/airflow/dags/minio_to_snowflake_dag.py
[2026-08-05T08:30:46.442+0000] {processor.py:840} INFO - DAG(s) 'minio_to_snowflake_banking' retrieved from /opt/airflow/dags/minio_to_snowflake_dag.py
[2026-08-05T08:30:46.483+0000] {logging_mixin.py:188} INFO - [2026-08-05T08:30:46.483+0000] {dag.py:3089} INFO - Sync 1 DAGs
[2026-08-05T08:30:46.507+0000] {logging_mixin.py:188} INFO - [2026-08-05T08:30:46.507+0000] {dag.py:3947} INFO - Setting next_dagrun for minio_to_snowflake_banking to 2026-08-05 08:29:00+00:00, run_after=2026-08-05 08:30:00+00:00
[2026-08-05T08:30:46.526+0000] {processor.py:183} INFO - Processing /opt/airflow/dags/minio_to_snowflake_dag.py took 1.257 seconds
[2026-08-05T08:31:16.869+0000] {processor.py:161} INFO - Started process (PID=8268) to work on /opt/airflow/dags/minio_to_snowflake_dag.py
[2026-08-05T08:31:16.871+0000] {processor.py:830} INFO - Processing file /opt/airflow/dags/minio_to_snowflake_dag.py for tasks to queue
[2026-08-05T08:31:16.872+0000] {logging_mixin.py:188} INFO - [2026-08-05T08:31:16.872+0000] {dagbag.py:545} INFO - Filling up the DagBag from /opt/airflow/dags/minio_to_snowflake_dag.py
[2026-08-05T08:31:17.571+0000] {processor.py:840} INFO - DAG(s) 'minio_to_snowflake_banking' retrieved from /opt/airflow/dags/minio_to_snowflake_dag.py
[2026-08-05T08:31:17.597+0000] {logging_mixin.py:188} INFO - [2026-08-05T08:31:17.596+0000] {dag.py:3089} INFO - Sync 1 DAGs
[2026-08-05T08:31:17.620+0000] {logging_mixin.py:188} INFO - [2026-08-05T08:31:17.620+0000] {dag.py:3947} INFO - Setting next_dagrun for minio_to_snowflake_banking to 2026-08-05 08:30:00+00:00, run_after=2026-08-05 08:31:00+00:00
[2026-08-05T08:31:17.640+0000] {processor.py:183} INFO - Processing /opt/airflow/dags/minio_to_snowflake_dag.py took 0.777 seconds
[2026-08-05T08:31:47.827+0000] {processor.py:161} INFO - Started process (PID=8946) to work on /opt/airflow/dags/minio_to_snowflake_dag.py
[2026-08-05T08:31:47.830+0000] {processor.py:830} INFO - Processing file /opt/airflow/dags/minio_to_snowflake_dag.py for tasks to queue
[2026-08-05T08:31:47.832+0000] {logging_mixin.py:188} INFO - [2026-08-05T08:31:47.831+0000] {dagbag.py:545} INFO - Filling up the DagBag from /opt/airflow/dags/minio_to_snowflake_dag.py
[2026-08-05T08:31:48.696+0000] {processor.py:840} INFO - DAG(s) 'minio_to_snowflake_banking' retrieved from /opt/airflow/dags/minio_to_snowflake_dag.py
[2026-08-05T08:31:48.726+0000] {logging_mixin.py:188} INFO - [2026-08-05T08:31:48.726+0000] {dag.py:3089} INFO - Sync 1 DAGs
[2026-08-05T08:31:48.751+0000] {logging_mixin.py:188} INFO - [2026-08-05T08:31:48.751+0000] {dag.py:3947} INFO - Setting next_dagrun for minio_to_snowflake_banking to 2026-08-05 08:31:00+00:00, run_after=2026-08-05 08:32:00+00:00
[2026-08-05T08:31:48.771+0000] {processor.py:183} INFO - Processing /opt/airflow/dags/minio_to_snowflake_dag.py took 0.954 seconds
[2026-08-05T08:32:19.157+0000] {processor.py:161} INFO - Started process (PID=9873) to work on /opt/airflow/dags/minio_to_snowflake_dag.py
[2026-08-05T08:32:19.159+0000] {processor.py:830} INFO - Processing file /opt/airflow/dags/minio_to_snowflake_dag.py for tasks to queue
[2026-08-05T08:32:19.160+0000] {logging_mixin.py:188} INFO - [2026-08-05T08:32:19.160+0000] {dagbag.py:545} INFO - Filling up the DagBag from /opt/airflow/dags/minio_to_snowflake_dag.py
[2026-08-05T08:32:19.922+0000] {processor.py:840} INFO - DAG(s) 'minio_to_snowflake_banking' retrieved from /opt/airflow/dags/minio_to_snowflake_dag.py
[2026-08-05T08:32:19.946+0000] {logging_mixin.py:188} INFO - [2026-08-05T08:32:19.945+0000] {dag.py:3089} INFO - Sync 1 DAGs
[2026-08-05T08:32:19.966+0000] {logging_mixin.py:188} INFO - [2026-08-05T08:32:19.965+0000] {dag.py:3947} INFO - Setting next_dagrun for minio_to_snowflake_banking to 2026-08-05 08:31:00+00:00, run_after=2026-08-05 08:32:00+00:00
[2026-08-05T08:32:19.983+0000] {processor.py:183} INFO - Processing /opt/airflow/dags/minio_to_snowflake_dag.py took 0.834 seconds
[2026-08-05T08:32:50.889+0000] {processor.py:161} INFO - Started process (PID=10106) to work on /opt/airflow/dags/minio_to_snowflake_dag.py
[2026-08-05T08:32:50.890+0000] {processor.py:830} INFO - Processing file /opt/airflow/dags/minio_to_snowflake_dag.py for tasks to queue
[2026-08-05T08:32:50.892+0000] {logging_mixin.py:188} INFO - [2026-08-05T08:32:50.891+0000] {dagbag.py:545} INFO - Filling up the DagBag from /opt/airflow/dags/minio_to_snowflake_dag.py
[2026-08-05T08:32:53.797+0000] {processor.py:840} INFO - DAG(s) 'minio_to_snowflake_banking' retrieved from /opt/airflow/dags/minio_to_snowflake_dag.py
[2026-08-05T08:32:53.822+0000] {logging_mixin.py:188} INFO - [2026-08-05T08:32:53.822+0000] {dag.py:3089} INFO - Sync 1 DAGs
[2026-08-05T08:32:53.845+0000] {logging_mixin.py:188} INFO - [2026-08-05T08:32:53.844+0000] {dag.py:3947} INFO - Setting next_dagrun for minio_to_snowflake_banking to 2026-08-05 08:31:00+00:00, run_after=2026-08-05 08:32:00+00:00
[2026-08-05T08:32:53.865+0000] {processor.py:183} INFO - Processing /opt/airflow/dags/minio_to_snowflake_dag.py took 2.983 seconds
[2026-08-05T08:33:24.083+0000] {processor.py:161} INFO - Started process (PID=10348) to work on /opt/airflow/dags/minio_to_snowflake_dag.py
[2026-08-05T08:33:24.085+0000] {processor.py:830} INFO - Processing file /opt/airflow/dags/minio_to_snowflake_dag.py for tasks to queue
[2026-08-05T08:33:24.086+0000] {logging_mixin.py:188} INFO - [2026-08-05T08:33:24.086+0000] {dagbag.py:545} INFO - Filling up the DagBag from /opt/airflow/dags/minio_to_snowflake_dag.py
[2026-08-05T08:33:32.282+0000] {processor.py:840} INFO - DAG(s) 'minio_to_snowflake_banking' retrieved from /opt/airflow/dags/minio_to_snowflake_dag.py
[2026-08-05T08:33:32.613+0000] {logging_mixin.py:188} INFO - [2026-08-05T08:33:32.612+0000] {dag.py:3089} INFO - Sync 1 DAGs
[2026-08-05T08:33:32.657+0000] {logging_mixin.py:188} INFO - [2026-08-05T08:33:32.657+0000] {dag.py:3947} INFO - Setting next_dagrun for minio_to_snowflake_banking to 2026-08-05 08:32:00+00:00, run_after=2026-08-05 08:33:00+00:00
[2026-08-05T08:33:32.742+0000] {processor.py:183} INFO - Processing /opt/airflow/dags/minio_to_snowflake_dag.py took 8.672 seconds
[2026-08-05T08:34:03.847+0000] {processor.py:161} INFO - Started process (PID=11715) to work on /opt/airflow/dags/minio_to_snowflake_dag.py
[2026-08-05T08:34:03.948+0000] {processor.py:830} INFO - Processing file /opt/airflow/dags/minio_to_snowflake_dag.py for tasks to queue
[2026-08-05T08:34:04.193+0000] {logging_mixin.py:188} INFO - [2026-08-05T08:34:04.191+0000] {dagbag.py:545} INFO - Filling up the DagBag from /opt/airflow/dags/minio_to_snowflake_dag.py
[2026-08-05T08:34:25.635+0000] {processor.py:840} INFO - DAG(s) 'minio_to_snowflake_banking' retrieved from /opt/airflow/dags/minio_to_snowflake_dag.py
[2026-08-05T08:34:27.174+0000] {logging_mixin.py:188} INFO - [2026-08-05T08:34:27.174+0000] {dag.py:3089} INFO - Sync 1 DAGs
[2026-08-05T08:34:27.194+0000] {logging_mixin.py:188} INFO - [2026-08-05T08:34:27.194+0000] {dag.py:3947} INFO - Setting next_dagrun for minio_to_snowflake_banking to 2026-08-05 08:33:00+00:00, run_after=2026-08-05 08:34:00+00:00
[2026-08-05T08:34:27.212+0000] {processor.py:183} INFO - Processing /opt/airflow/dags/minio_to_snowflake_dag.py took 24.189 seconds
[2026-08-05T08:34:57.574+0000] {processor.py:161} INFO - Started process (PID=12031) to work on /opt/airflow/dags/minio_to_snowflake_dag.py
[2026-08-05T08:34:57.658+0000] {processor.py:830} INFO - Processing file /opt/airflow/dags/minio_to_snowflake_dag.py for tasks to queue
[2026-08-05T08:34:57.659+0000] {logging_mixin.py:188} INFO - [2026-08-05T08:34:57.659+0000] {dagbag.py:545} INFO - Filling up the DagBag from /opt/airflow/dags/minio_to_snowflake_dag.py
[2026-08-05T08:35:31.072+0000] {logging_mixin.py:188} INFO - [2026-08-05T08:35:31.072+0000] {timeout.py:68} ERROR - Process timed out, PID: 12031
[2026-08-05T08:35:31.073+0000] {logging_mixin.py:188} WARNING - Exception ignored in: <function WeakKeyDictionary.__init__.<locals>.remove at 0x7f6f1d536340>
[2026-08-05T08:35:31.096+0000] {logging_mixin.py:188} WARNING - Traceback (most recent call last):
[2026-08-05T08:35:31.097+0000] {logging_mixin.py:188} WARNING -   File "/usr/local/lib/python3.12/weakref.py", line 369, in remove
[2026-08-05T08:35:31.114+0000] {logging_mixin.py:188} WARNING -     def remove(k, selfref=ref(self)):
[2026-08-05T08:35:31.116+0000] {logging_mixin.py:188} WARNING -   File "/home/airflow/.local/lib/python3.12/site-packages/airflow/utils/timeout.py", line 69, in handle_timeout
[2026-08-05T08:35:31.116+0000] {logging_mixin.py:188} WARNING -     raise AirflowTaskTimeout(self.error_message)
[2026-08-05T08:35:31.117+0000] {logging_mixin.py:188} WARNING - airflow.exceptions.AirflowTaskTimeout: DagBag import timeout for /opt/airflow/dags/minio_to_snowflake_dag.py after 30.0s.
Please take a look at these docs to improve your DAG import time:
* https://airflow.apache.org/docs/apache-airflow/2.9.3/best-practices.html#top-level-python-code
* https://airflow.apache.org/docs/apache-airflow/2.9.3/best-practices.html#reducing-dag-complexity, PID: 12031
[2026-08-05T08:35:41.268+0000] {processor.py:840} INFO - DAG(s) 'minio_to_snowflake_banking' retrieved from /opt/airflow/dags/minio_to_snowflake_dag.py
[2026-08-05T08:35:44.412+0000] {logging_mixin.py:188} INFO - [2026-08-05T08:35:44.411+0000] {dag.py:3089} INFO - Sync 1 DAGs
[2026-08-05T08:35:44.522+0000] {logging_mixin.py:188} INFO - [2026-08-05T08:35:44.522+0000] {dag.py:3947} INFO - Setting next_dagrun for minio_to_snowflake_banking to 2026-08-05 08:34:00+00:00, run_after=2026-08-05 08:35:00+00:00
[2026-08-05T08:35:44.769+0000] {processor.py:183} INFO - Processing /opt/airflow/dags/minio_to_snowflake_dag.py took 47.203 seconds
[2026-08-05T08:36:15.515+0000] {processor.py:161} INFO - Started process (PID=12328) to work on /opt/airflow/dags/minio_to_snowflake_dag.py
[2026-08-05T08:36:15.517+0000] {processor.py:830} INFO - Processing file /opt/airflow/dags/minio_to_snowflake_dag.py for tasks to queue
[2026-08-05T08:36:15.519+0000] {logging_mixin.py:188} INFO - [2026-08-05T08:36:15.518+0000] {dagbag.py:545} INFO - Filling up the DagBag from /opt/airflow/dags/minio_to_snowflake_dag.py
[2026-08-05T08:36:19.196+0000] {processor.py:840} INFO - DAG(s) 'minio_to_snowflake_banking' retrieved from /opt/airflow/dags/minio_to_snowflake_dag.py
[2026-08-05T08:36:19.223+0000] {logging_mixin.py:188} INFO - [2026-08-05T08:36:19.223+0000] {dag.py:3089} INFO - Sync 1 DAGs
[2026-08-05T08:36:19.250+0000] {logging_mixin.py:188} INFO - [2026-08-05T08:36:19.250+0000] {dag.py:3947} INFO - Setting next_dagrun for minio_to_snowflake_banking to 2026-08-05 08:35:00+00:00, run_after=2026-08-05 08:36:00+00:00
[2026-08-05T08:36:19.268+0000] {processor.py:183} INFO - Processing /opt/airflow/dags/minio_to_snowflake_dag.py took 3.770 seconds
[2026-08-05T08:36:49.447+0000] {processor.py:161} INFO - Started process (PID=13714) to work on /opt/airflow/dags/minio_to_snowflake_dag.py
[2026-08-05T08:36:49.449+0000] {processor.py:830} INFO - Processing file /opt/airflow/dags/minio_to_snowflake_dag.py for tasks to queue
[2026-08-05T08:36:49.451+0000] {logging_mixin.py:188} INFO - [2026-08-05T08:36:49.450+0000] {dagbag.py:545} INFO - Filling up the DagBag from /opt/airflow/dags/minio_to_snowflake_dag.py
[2026-08-05T08:36:50.290+0000] {processor.py:840} INFO - DAG(s) 'minio_to_snowflake_banking' retrieved from /opt/airflow/dags/minio_to_snowflake_dag.py
[2026-08-05T08:36:50.320+0000] {logging_mixin.py:188} INFO - [2026-08-05T08:36:50.320+0000] {dag.py:3089} INFO - Sync 1 DAGs
[2026-08-05T08:36:50.345+0000] {logging_mixin.py:188} INFO - [2026-08-05T08:36:50.345+0000] {dag.py:3947} INFO - Setting next_dagrun for minio_to_snowflake_banking to 2026-08-05 08:36:00+00:00, run_after=2026-08-05 08:37:00+00:00
[2026-08-05T08:36:50.364+0000] {processor.py:183} INFO - Processing /opt/airflow/dags/minio_to_snowflake_dag.py took 0.925 seconds
[2026-08-05T08:37:20.556+0000] {processor.py:161} INFO - Started process (PID=13927) to work on /opt/airflow/dags/minio_to_snowflake_dag.py
[2026-08-05T08:37:20.558+0000] {processor.py:830} INFO - Processing file /opt/airflow/dags/minio_to_snowflake_dag.py for tasks to queue
[2026-08-05T08:37:20.560+0000] {logging_mixin.py:188} INFO - [2026-08-05T08:37:20.559+0000] {dagbag.py:545} INFO - Filling up the DagBag from /opt/airflow/dags/minio_to_snowflake_dag.py
[2026-08-05T08:37:21.231+0000] {processor.py:840} INFO - DAG(s) 'minio_to_snowflake_banking' retrieved from /opt/airflow/dags/minio_to_snowflake_dag.py
[2026-08-05T08:37:21.255+0000] {logging_mixin.py:188} INFO - [2026-08-05T08:37:21.255+0000] {dag.py:3089} INFO - Sync 1 DAGs
[2026-08-05T08:37:21.277+0000] {logging_mixin.py:188} INFO - [2026-08-05T08:37:21.277+0000] {dag.py:3947} INFO - Setting next_dagrun for minio_to_snowflake_banking to 2026-08-05 08:36:00+00:00, run_after=2026-08-05 08:37:00+00:00
[2026-08-05T08:37:21.295+0000] {processor.py:183} INFO - Processing /opt/airflow/dags/minio_to_snowflake_dag.py took 0.747 seconds
[2026-08-05T08:37:51.476+0000] {processor.py:161} INFO - Started process (PID=14168) to work on /opt/airflow/dags/minio_to_snowflake_dag.py
[2026-08-05T08:37:51.478+0000] {processor.py:830} INFO - Processing file /opt/airflow/dags/minio_to_snowflake_dag.py for tasks to queue
[2026-08-05T08:37:51.479+0000] {logging_mixin.py:188} INFO - [2026-08-05T08:37:51.479+0000] {dagbag.py:545} INFO - Filling up the DagBag from /opt/airflow/dags/minio_to_snowflake_dag.py
[2026-08-05T08:37:52.224+0000] {processor.py:840} INFO - DAG(s) 'minio_to_snowflake_banking' retrieved from /opt/airflow/dags/minio_to_snowflake_dag.py
[2026-08-05T08:37:52.258+0000] {logging_mixin.py:188} INFO - [2026-08-05T08:37:52.258+0000] {dag.py:3089} INFO - Sync 1 DAGs
[2026-08-05T08:37:52.281+0000] {logging_mixin.py:188} INFO - [2026-08-05T08:37:52.280+0000] {dag.py:3947} INFO - Setting next_dagrun for minio_to_snowflake_banking to 2026-08-05 08:36:00+00:00, run_after=2026-08-05 08:37:00+00:00
[2026-08-05T08:37:52.301+0000] {processor.py:183} INFO - Processing /opt/airflow/dags/minio_to_snowflake_dag.py took 0.832 seconds
[2026-08-05T08:38:22.478+0000] {processor.py:161} INFO - Started process (PID=14628) to work on /opt/airflow/dags/minio_to_snowflake_dag.py
[2026-08-05T08:38:22.480+0000] {processor.py:830} INFO - Processing file /opt/airflow/dags/minio_to_snowflake_dag.py for tasks to queue
[2026-08-05T08:38:22.482+0000] {logging_mixin.py:188} INFO - [2026-08-05T08:38:22.482+0000] {dagbag.py:545} INFO - Filling up the DagBag from /opt/airflow/dags/minio_to_snowflake_dag.py
[2026-08-05T08:38:23.331+0000] {processor.py:840} INFO - DAG(s) 'minio_to_snowflake_banking' retrieved from /opt/airflow/dags/minio_to_snowflake_dag.py
[2026-08-05T08:38:23.363+0000] {logging_mixin.py:188} INFO - [2026-08-05T08:38:23.362+0000] {dag.py:3089} INFO - Sync 1 DAGs
[2026-08-05T08:38:23.389+0000] {logging_mixin.py:188} INFO - [2026-08-05T08:38:23.389+0000] {dag.py:3947} INFO - Setting next_dagrun for minio_to_snowflake_banking to 2026-08-05 08:37:00+00:00, run_after=2026-08-05 08:38:00+00:00
[2026-08-05T08:38:23.410+0000] {processor.py:183} INFO - Processing /opt/airflow/dags/minio_to_snowflake_dag.py took 0.940 seconds
[2026-08-05T08:38:53.849+0000] {processor.py:161} INFO - Started process (PID=15757) to work on /opt/airflow/dags/minio_to_snowflake_dag.py
[2026-08-05T08:38:53.851+0000] {processor.py:830} INFO - Processing file /opt/airflow/dags/minio_to_snowflake_dag.py for tasks to queue
[2026-08-05T08:38:53.853+0000] {logging_mixin.py:188} INFO - [2026-08-05T08:38:53.852+0000] {dagbag.py:545} INFO - Filling up the DagBag from /opt/airflow/dags/minio_to_snowflake_dag.py
[2026-08-05T08:38:54.536+0000] {processor.py:840} INFO - DAG(s) 'minio_to_snowflake_banking' retrieved from /opt/airflow/dags/minio_to_snowflake_dag.py
[2026-08-05T08:38:54.565+0000] {logging_mixin.py:188} INFO - [2026-08-05T08:38:54.565+0000] {dag.py:3089} INFO - Sync 1 DAGs
[2026-08-05T08:38:54.586+0000] {logging_mixin.py:188} INFO - [2026-08-05T08:38:54.585+0000] {dag.py:3947} INFO - Setting next_dagrun for minio_to_snowflake_banking to 2026-08-05 08:37:00+00:00, run_after=2026-08-05 08:38:00+00:00
[2026-08-05T08:38:54.603+0000] {processor.py:183} INFO - Processing /opt/airflow/dags/minio_to_snowflake_dag.py took 0.760 seconds
[2026-08-05T08:39:24.781+0000] {processor.py:161} INFO - Started process (PID=15966) to work on /opt/airflow/dags/minio_to_snowflake_dag.py
[2026-08-05T08:39:24.782+0000] {processor.py:830} INFO - Processing file /opt/airflow/dags/minio_to_snowflake_dag.py for tasks to queue
[2026-08-05T08:39:24.784+0000] {logging_mixin.py:188} INFO - [2026-08-05T08:39:24.783+0000] {dagbag.py:545} INFO - Filling up the DagBag from /opt/airflow/dags/minio_to_snowflake_dag.py
[2026-08-05T08:39:25.530+0000] {processor.py:840} INFO - DAG(s) 'minio_to_snowflake_banking' retrieved from /opt/airflow/dags/minio_to_snowflake_dag.py
[2026-08-05T08:39:25.558+0000] {logging_mixin.py:188} INFO - [2026-08-05T08:39:25.557+0000] {dag.py:3089} INFO - Sync 1 DAGs
[2026-08-05T08:39:25.581+0000] {logging_mixin.py:188} INFO - [2026-08-05T08:39:25.581+0000] {dag.py:3947} INFO - Setting next_dagrun for minio_to_snowflake_banking to 2026-08-05 08:38:00+00:00, run_after=2026-08-05 08:39:00+00:00
[2026-08-05T08:39:25.602+0000] {processor.py:183} INFO - Processing /opt/airflow/dags/minio_to_snowflake_dag.py took 0.827 seconds
[2026-08-05T08:39:55.772+0000] {processor.py:161} INFO - Started process (PID=16194) to work on /opt/airflow/dags/minio_to_snowflake_dag.py
[2026-08-05T08:39:55.774+0000] {processor.py:830} INFO - Processing file /opt/airflow/dags/minio_to_snowflake_dag.py for tasks to queue
[2026-08-05T08:39:55.775+0000] {logging_mixin.py:188} INFO - [2026-08-05T08:39:55.775+0000] {dagbag.py:545} INFO - Filling up the DagBag from /opt/airflow/dags/minio_to_snowflake_dag.py
[2026-08-05T08:39:56.494+0000] {processor.py:840} INFO - DAG(s) 'minio_to_snowflake_banking' retrieved from /opt/airflow/dags/minio_to_snowflake_dag.py
[2026-08-05T08:39:56.522+0000] {logging_mixin.py:188} INFO - [2026-08-05T08:39:56.521+0000] {dag.py:3089} INFO - Sync 1 DAGs
[2026-08-05T08:39:56.544+0000] {logging_mixin.py:188} INFO - [2026-08-05T08:39:56.544+0000] {dag.py:3947} INFO - Setting next_dagrun for minio_to_snowflake_banking to 2026-08-05 08:38:00+00:00, run_after=2026-08-05 08:39:00+00:00
[2026-08-05T08:39:56.562+0000] {processor.py:183} INFO - Processing /opt/airflow/dags/minio_to_snowflake_dag.py took 0.798 seconds
[2026-08-05T08:40:26.617+0000] {processor.py:161} INFO - Started process (PID=16689) to work on /opt/airflow/dags/minio_to_snowflake_dag.py
[2026-08-05T08:40:26.619+0000] {processor.py:830} INFO - Processing file /opt/airflow/dags/minio_to_snowflake_dag.py for tasks to queue
[2026-08-05T08:40:26.621+0000] {logging_mixin.py:188} INFO - [2026-08-05T08:40:26.620+0000] {dagbag.py:545} INFO - Filling up the DagBag from /opt/airflow/dags/minio_to_snowflake_dag.py
[2026-08-05T08:40:27.497+0000] {processor.py:840} INFO - DAG(s) 'minio_to_snowflake_banking' retrieved from /opt/airflow/dags/minio_to_snowflake_dag.py
[2026-08-05T08:40:27.527+0000] {logging_mixin.py:188} INFO - [2026-08-05T08:40:27.526+0000] {dag.py:3089} INFO - Sync 1 DAGs
[2026-08-05T08:40:27.558+0000] {logging_mixin.py:188} INFO - [2026-08-05T08:40:27.557+0000] {dag.py:3947} INFO - Setting next_dagrun for minio_to_snowflake_banking to 2026-08-05 08:39:00+00:00, run_after=2026-08-05 08:40:00+00:00
[2026-08-05T08:40:27.577+0000] {processor.py:183} INFO - Processing /opt/airflow/dags/minio_to_snowflake_dag.py took 0.967 seconds
[2026-08-05T08:40:57.791+0000] {processor.py:161} INFO - Started process (PID=17737) to work on /opt/airflow/dags/minio_to_snowflake_dag.py
[2026-08-05T08:40:57.792+0000] {processor.py:830} INFO - Processing file /opt/airflow/dags/minio_to_snowflake_dag.py for tasks to queue
[2026-08-05T08:40:57.793+0000] {logging_mixin.py:188} INFO - [2026-08-05T08:40:57.793+0000] {dagbag.py:545} INFO - Filling up the DagBag from /opt/airflow/dags/minio_to_snowflake_dag.py
[2026-08-05T08:40:58.505+0000] {processor.py:840} INFO - DAG(s) 'minio_to_snowflake_banking' retrieved from /opt/airflow/dags/minio_to_snowflake_dag.py
[2026-08-05T08:40:58.535+0000] {logging_mixin.py:188} INFO - [2026-08-05T08:40:58.535+0000] {dag.py:3089} INFO - Sync 1 DAGs
[2026-08-05T08:40:58.559+0000] {logging_mixin.py:188} INFO - [2026-08-05T08:40:58.558+0000] {dag.py:3947} INFO - Setting next_dagrun for minio_to_snowflake_banking to 2026-08-05 08:39:00+00:00, run_after=2026-08-05 08:40:00+00:00
[2026-08-05T08:40:58.577+0000] {processor.py:183} INFO - Processing /opt/airflow/dags/minio_to_snowflake_dag.py took 0.793 seconds
[2026-08-05T08:41:28.749+0000] {processor.py:161} INFO - Started process (PID=18001) to work on /opt/airflow/dags/minio_to_snowflake_dag.py
[2026-08-05T08:41:28.751+0000] {processor.py:830} INFO - Processing file /opt/airflow/dags/minio_to_snowflake_dag.py for tasks to queue
[2026-08-05T08:41:28.753+0000] {logging_mixin.py:188} INFO - [2026-08-05T08:41:28.752+0000] {dagbag.py:545} INFO - Filling up the DagBag from /opt/airflow/dags/minio_to_snowflake_dag.py
[2026-08-05T08:41:29.496+0000] {processor.py:840} INFO - DAG(s) 'minio_to_snowflake_banking' retrieved from /opt/airflow/dags/minio_to_snowflake_dag.py
[2026-08-05T08:41:29.532+0000] {logging_mixin.py:188} INFO - [2026-08-05T08:41:29.532+0000] {dag.py:3089} INFO - Sync 1 DAGs
[2026-08-05T08:41:29.559+0000] {logging_mixin.py:188} INFO - [2026-08-05T08:41:29.559+0000] {dag.py:3947} INFO - Setting next_dagrun for minio_to_snowflake_banking to 2026-08-05 08:40:00+00:00, run_after=2026-08-05 08:41:00+00:00
[2026-08-05T08:41:29.578+0000] {processor.py:183} INFO - Processing /opt/airflow/dags/minio_to_snowflake_dag.py took 0.836 seconds
[2026-08-05T08:41:59.815+0000] {processor.py:161} INFO - Started process (PID=18233) to work on /opt/airflow/dags/minio_to_snowflake_dag.py
[2026-08-05T08:41:59.820+0000] {processor.py:830} INFO - Processing file /opt/airflow/dags/minio_to_snowflake_dag.py for tasks to queue
[2026-08-05T08:41:59.821+0000] {logging_mixin.py:188} INFO - [2026-08-05T08:41:59.821+0000] {dagbag.py:545} INFO - Filling up the DagBag from /opt/airflow/dags/minio_to_snowflake_dag.py
[2026-08-05T08:42:00.553+0000] {processor.py:840} INFO - DAG(s) 'minio_to_snowflake_banking' retrieved from /opt/airflow/dags/minio_to_snowflake_dag.py
[2026-08-05T08:42:00.579+0000] {logging_mixin.py:188} INFO - [2026-08-05T08:42:00.578+0000] {dag.py:3089} INFO - Sync 1 DAGs
[2026-08-05T08:42:00.602+0000] {logging_mixin.py:188} INFO - [2026-08-05T08:42:00.602+0000] {dag.py:3947} INFO - Setting next_dagrun for minio_to_snowflake_banking to 2026-08-05 08:41:00+00:00, run_after=2026-08-05 08:42:00+00:00
[2026-08-05T08:42:00.627+0000] {processor.py:183} INFO - Processing /opt/airflow/dags/minio_to_snowflake_dag.py took 0.840 seconds
[2026-08-05T08:42:30.896+0000] {processor.py:161} INFO - Started process (PID=19583) to work on /opt/airflow/dags/minio_to_snowflake_dag.py
[2026-08-05T08:42:30.898+0000] {processor.py:830} INFO - Processing file /opt/airflow/dags/minio_to_snowflake_dag.py for tasks to queue
[2026-08-05T08:42:30.899+0000] {logging_mixin.py:188} INFO - [2026-08-05T08:42:30.899+0000] {dagbag.py:545} INFO - Filling up the DagBag from /opt/airflow/dags/minio_to_snowflake_dag.py
[2026-08-05T08:42:31.968+0000] {processor.py:840} INFO - DAG(s) 'minio_to_snowflake_banking' retrieved from /opt/airflow/dags/minio_to_snowflake_dag.py
[2026-08-05T08:42:31.994+0000] {logging_mixin.py:188} INFO - [2026-08-05T08:42:31.994+0000] {dag.py:3089} INFO - Sync 1 DAGs
[2026-08-05T08:42:32.017+0000] {logging_mixin.py:188} INFO - [2026-08-05T08:42:32.017+0000] {dag.py:3947} INFO - Setting next_dagrun for minio_to_snowflake_banking to 2026-08-05 08:42:00+00:00, run_after=2026-08-05 08:43:00+00:00
[2026-08-05T08:42:32.034+0000] {processor.py:183} INFO - Processing /opt/airflow/dags/minio_to_snowflake_dag.py took 1.145 seconds
[2026-08-05T08:43:02.192+0000] {processor.py:161} INFO - Started process (PID=19852) to work on /opt/airflow/dags/minio_to_snowflake_dag.py
[2026-08-05T08:43:02.194+0000] {processor.py:830} INFO - Processing file /opt/airflow/dags/minio_to_snowflake_dag.py for tasks to queue
[2026-08-05T08:43:02.195+0000] {logging_mixin.py:188} INFO - [2026-08-05T08:43:02.195+0000] {dagbag.py:545} INFO - Filling up the DagBag from /opt/airflow/dags/minio_to_snowflake_dag.py
[2026-08-05T08:43:02.920+0000] {processor.py:840} INFO - DAG(s) 'minio_to_snowflake_banking' retrieved from /opt/airflow/dags/minio_to_snowflake_dag.py
[2026-08-05T08:43:02.948+0000] {logging_mixin.py:188} INFO - [2026-08-05T08:43:02.948+0000] {dag.py:3089} INFO - Sync 1 DAGs
[2026-08-05T08:43:02.972+0000] {logging_mixin.py:188} INFO - [2026-08-05T08:43:02.972+0000] {dag.py:3947} INFO - Setting next_dagrun for minio_to_snowflake_banking to 2026-08-05 08:42:00+00:00, run_after=2026-08-05 08:43:00+00:00
[2026-08-05T08:43:02.990+0000] {processor.py:183} INFO - Processing /opt/airflow/dags/minio_to_snowflake_dag.py took 0.806 seconds
[2026-08-05T08:43:33.190+0000] {processor.py:161} INFO - Started process (PID=20080) to work on /opt/airflow/dags/minio_to_snowflake_dag.py
[2026-08-05T08:43:33.192+0000] {processor.py:830} INFO - Processing file /opt/airflow/dags/minio_to_snowflake_dag.py for tasks to queue
[2026-08-05T08:43:33.194+0000] {logging_mixin.py:188} INFO - [2026-08-05T08:43:33.193+0000] {dagbag.py:545} INFO - Filling up the DagBag from /opt/airflow/dags/minio_to_snowflake_dag.py
[2026-08-05T08:43:33.935+0000] {processor.py:840} INFO - DAG(s) 'minio_to_snowflake_banking' retrieved from /opt/airflow/dags/minio_to_snowflake_dag.py
[2026-08-05T08:43:33.958+0000] {logging_mixin.py:188} INFO - [2026-08-05T08:43:33.958+0000] {dag.py:3089} INFO - Sync 1 DAGs
[2026-08-05T08:43:33.980+0000] {logging_mixin.py:188} INFO - [2026-08-05T08:43:33.980+0000] {dag.py:3947} INFO - Setting next_dagrun for minio_to_snowflake_banking to 2026-08-05 08:42:00+00:00, run_after=2026-08-05 08:43:00+00:00
[2026-08-05T08:43:33.998+0000] {processor.py:183} INFO - Processing /opt/airflow/dags/minio_to_snowflake_dag.py took 0.814 seconds
[2026-08-05T08:44:04.565+0000] {processor.py:161} INFO - Started process (PID=20543) to work on /opt/airflow/dags/minio_to_snowflake_dag.py
[2026-08-05T08:44:04.567+0000] {processor.py:830} INFO - Processing file /opt/airflow/dags/minio_to_snowflake_dag.py for tasks to queue
[2026-08-05T08:44:04.568+0000] {logging_mixin.py:188} INFO - [2026-08-05T08:44:04.568+0000] {dagbag.py:545} INFO - Filling up the DagBag from /opt/airflow/dags/minio_to_snowflake_dag.py
[2026-08-05T08:44:05.400+0000] {processor.py:840} INFO - DAG(s) 'minio_to_snowflake_banking' retrieved from /opt/airflow/dags/minio_to_snowflake_dag.py
[2026-08-05T08:44:05.430+0000] {logging_mixin.py:188} INFO - [2026-08-05T08:44:05.430+0000] {dag.py:3089} INFO - Sync 1 DAGs
[2026-08-05T08:44:05.458+0000] {logging_mixin.py:188} INFO - [2026-08-05T08:44:05.457+0000] {dag.py:3947} INFO - Setting next_dagrun for minio_to_snowflake_banking to 2026-08-05 08:43:00+00:00, run_after=2026-08-05 08:44:00+00:00
[2026-08-05T08:44:05.477+0000] {processor.py:183} INFO - Processing /opt/airflow/dags/minio_to_snowflake_dag.py took 0.920 seconds
[2026-08-05T08:44:35.749+0000] {processor.py:161} INFO - Started process (PID=21668) to work on /opt/airflow/dags/minio_to_snowflake_dag.py
[2026-08-05T08:44:35.751+0000] {processor.py:830} INFO - Processing file /opt/airflow/dags/minio_to_snowflake_dag.py for tasks to queue
[2026-08-05T08:44:35.753+0000] {logging_mixin.py:188} INFO - [2026-08-05T08:44:35.752+0000] {dagbag.py:545} INFO - Filling up the DagBag from /opt/airflow/dags/minio_to_snowflake_dag.py
[2026-08-05T08:44:36.454+0000] {processor.py:840} INFO - DAG(s) 'minio_to_snowflake_banking' retrieved from /opt/airflow/dags/minio_to_snowflake_dag.py
[2026-08-05T08:44:36.479+0000] {logging_mixin.py:188} INFO - [2026-08-05T08:44:36.479+0000] {dag.py:3089} INFO - Sync 1 DAGs
[2026-08-05T08:44:36.500+0000] {logging_mixin.py:188} INFO - [2026-08-05T08:44:36.500+0000] {dag.py:3947} INFO - Setting next_dagrun for minio_to_snowflake_banking to 2026-08-05 08:43:00+00:00, run_after=2026-08-05 08:44:00+00:00
[2026-08-05T08:44:36.518+0000] {processor.py:183} INFO - Processing /opt/airflow/dags/minio_to_snowflake_dag.py took 0.777 seconds
[2026-08-05T08:45:06.711+0000] {processor.py:161} INFO - Started process (PID=21873) to work on /opt/airflow/dags/minio_to_snowflake_dag.py
[2026-08-05T08:45:06.712+0000] {processor.py:830} INFO - Processing file /opt/airflow/dags/minio_to_snowflake_dag.py for tasks to queue
[2026-08-05T08:45:06.714+0000] {logging_mixin.py:188} INFO - [2026-08-05T08:45:06.713+0000] {dagbag.py:545} INFO - Filling up the DagBag from /opt/airflow/dags/minio_to_snowflake_dag.py
[2026-08-05T08:45:07.388+0000] {processor.py:840} INFO - DAG(s) 'minio_to_snowflake_banking' retrieved from /opt/airflow/dags/minio_to_snowflake_dag.py
[2026-08-05T08:45:07.414+0000] {logging_mixin.py:188} INFO - [2026-08-05T08:45:07.413+0000] {dag.py:3089} INFO - Sync 1 DAGs
[2026-08-05T08:45:07.435+0000] {logging_mixin.py:188} INFO - [2026-08-05T08:45:07.435+0000] {dag.py:3947} INFO - Setting next_dagrun for minio_to_snowflake_banking to 2026-08-05 08:44:00+00:00, run_after=2026-08-05 08:45:00+00:00
[2026-08-05T08:45:07.452+0000] {processor.py:183} INFO - Processing /opt/airflow/dags/minio_to_snowflake_dag.py took 0.750 seconds
[2026-08-05T08:45:37.881+0000] {processor.py:161} INFO - Started process (PID=22090) to work on /opt/airflow/dags/minio_to_snowflake_dag.py
[2026-08-05T08:45:37.884+0000] {processor.py:830} INFO - Processing file /opt/airflow/dags/minio_to_snowflake_dag.py for tasks to queue
[2026-08-05T08:45:37.887+0000] {logging_mixin.py:188} INFO - [2026-08-05T08:45:37.886+0000] {dagbag.py:545} INFO - Filling up the DagBag from /opt/airflow/dags/minio_to_snowflake_dag.py
[2026-08-05T08:45:39.304+0000] {processor.py:840} INFO - DAG(s) 'minio_to_snowflake_banking' retrieved from /opt/airflow/dags/minio_to_snowflake_dag.py
[2026-08-05T08:45:39.351+0000] {logging_mixin.py:188} INFO - [2026-08-05T08:45:39.350+0000] {dag.py:3089} INFO - Sync 1 DAGs
[2026-08-05T08:45:39.393+0000] {logging_mixin.py:188} INFO - [2026-08-05T08:45:39.393+0000] {dag.py:3947} INFO - Setting next_dagrun for minio_to_snowflake_banking to 2026-08-05 08:44:00+00:00, run_after=2026-08-05 08:45:00+00:00
[2026-08-05T08:45:39.426+0000] {processor.py:183} INFO - Processing /opt/airflow/dags/minio_to_snowflake_dag.py took 1.561 seconds
[2026-08-05T08:46:09.695+0000] {processor.py:161} INFO - Started process (PID=22694) to work on /opt/airflow/dags/minio_to_snowflake_dag.py
[2026-08-05T08:46:09.698+0000] {processor.py:830} INFO - Processing file /opt/airflow/dags/minio_to_snowflake_dag.py for tasks to queue
[2026-08-05T08:46:09.701+0000] {logging_mixin.py:188} INFO - [2026-08-05T08:46:09.700+0000] {dagbag.py:545} INFO - Filling up the DagBag from /opt/airflow/dags/minio_to_snowflake_dag.py
[2026-08-05T08:46:11.159+0000] {processor.py:840} INFO - DAG(s) 'minio_to_snowflake_banking' retrieved from /opt/airflow/dags/minio_to_snowflake_dag.py
[2026-08-05T08:46:11.209+0000] {logging_mixin.py:188} INFO - [2026-08-05T08:46:11.208+0000] {dag.py:3089} INFO - Sync 1 DAGs
[2026-08-05T08:46:11.255+0000] {logging_mixin.py:188} INFO - [2026-08-05T08:46:11.255+0000] {dag.py:3947} INFO - Setting next_dagrun for minio_to_snowflake_banking to 2026-08-05 08:45:00+00:00, run_after=2026-08-05 08:46:00+00:00
[2026-08-05T08:46:11.291+0000] {processor.py:183} INFO - Processing /opt/airflow/dags/minio_to_snowflake_dag.py took 1.610 seconds
[2026-08-05T08:46:41.571+0000] {processor.py:161} INFO - Started process (PID=23579) to work on /opt/airflow/dags/minio_to_snowflake_dag.py
[2026-08-05T08:46:41.574+0000] {processor.py:830} INFO - Processing file /opt/airflow/dags/minio_to_snowflake_dag.py for tasks to queue
[2026-08-05T08:46:41.577+0000] {logging_mixin.py:188} INFO - [2026-08-05T08:46:41.576+0000] {dagbag.py:545} INFO - Filling up the DagBag from /opt/airflow/dags/minio_to_snowflake_dag.py
[2026-08-05T08:46:42.785+0000] {processor.py:840} INFO - DAG(s) 'minio_to_snowflake_banking' retrieved from /opt/airflow/dags/minio_to_snowflake_dag.py
[2026-08-05T08:46:42.877+0000] {logging_mixin.py:188} INFO - [2026-08-05T08:46:42.876+0000] {dag.py:3089} INFO - Sync 1 DAGs
[2026-08-05T08:46:42.959+0000] {logging_mixin.py:188} INFO - [2026-08-05T08:46:42.959+0000] {dag.py:3947} INFO - Setting next_dagrun for minio_to_snowflake_banking to 2026-08-05 08:45:00+00:00, run_after=2026-08-05 08:46:00+00:00
[2026-08-05T08:46:43.005+0000] {processor.py:183} INFO - Processing /opt/airflow/dags/minio_to_snowflake_dag.py took 1.446 seconds
[2026-08-05T08:47:13.187+0000] {processor.py:161} INFO - Started process (PID=23787) to work on /opt/airflow/dags/minio_to_snowflake_dag.py
[2026-08-05T08:47:13.192+0000] {processor.py:830} INFO - Processing file /opt/airflow/dags/minio_to_snowflake_dag.py for tasks to queue
[2026-08-05T08:47:13.196+0000] {logging_mixin.py:188} INFO - [2026-08-05T08:47:13.195+0000] {dagbag.py:545} INFO - Filling up the DagBag from /opt/airflow/dags/minio_to_snowflake_dag.py
[2026-08-05T08:47:14.370+0000] {processor.py:840} INFO - DAG(s) 'minio_to_snowflake_banking' retrieved from /opt/airflow/dags/minio_to_snowflake_dag.py
[2026-08-05T08:47:14.416+0000] {logging_mixin.py:188} INFO - [2026-08-05T08:47:14.415+0000] {dag.py:3089} INFO - Sync 1 DAGs
[2026-08-05T08:47:14.454+0000] {logging_mixin.py:188} INFO - [2026-08-05T08:47:14.454+0000] {dag.py:3947} INFO - Setting next_dagrun for minio_to_snowflake_banking to 2026-08-05 08:46:00+00:00, run_after=2026-08-05 08:47:00+00:00
[2026-08-05T08:47:14.485+0000] {processor.py:183} INFO - Processing /opt/airflow/dags/minio_to_snowflake_dag.py took 1.318 seconds
[2026-08-05T08:47:44.747+0000] {processor.py:161} INFO - Started process (PID=24055) to work on /opt/airflow/dags/minio_to_snowflake_dag.py
[2026-08-05T08:47:44.750+0000] {processor.py:830} INFO - Processing file /opt/airflow/dags/minio_to_snowflake_dag.py for tasks to queue
[2026-08-05T08:47:44.753+0000] {logging_mixin.py:188} INFO - [2026-08-05T08:47:44.752+0000] {dagbag.py:545} INFO - Filling up the DagBag from /opt/airflow/dags/minio_to_snowflake_dag.py
[2026-08-05T08:47:46.085+0000] {processor.py:840} INFO - DAG(s) 'minio_to_snowflake_banking' retrieved from /opt/airflow/dags/minio_to_snowflake_dag.py
[2026-08-05T08:47:46.128+0000] {logging_mixin.py:188} INFO - [2026-08-05T08:47:46.127+0000] {dag.py:3089} INFO - Sync 1 DAGs
[2026-08-05T08:47:46.171+0000] {logging_mixin.py:188} INFO - [2026-08-05T08:47:46.171+0000] {dag.py:3947} INFO - Setting next_dagrun for minio_to_snowflake_banking to 2026-08-05 08:46:00+00:00, run_after=2026-08-05 08:47:00+00:00
[2026-08-05T08:47:46.211+0000] {processor.py:183} INFO - Processing /opt/airflow/dags/minio_to_snowflake_dag.py took 1.476 seconds
[2026-08-05T08:48:16.482+0000] {processor.py:161} INFO - Started process (PID=24661) to work on /opt/airflow/dags/minio_to_snowflake_dag.py
[2026-08-05T08:48:16.484+0000] {processor.py:830} INFO - Processing file /opt/airflow/dags/minio_to_snowflake_dag.py for tasks to queue
[2026-08-05T08:48:16.487+0000] {logging_mixin.py:188} INFO - [2026-08-05T08:48:16.486+0000] {dagbag.py:545} INFO - Filling up the DagBag from /opt/airflow/dags/minio_to_snowflake_dag.py
[2026-08-05T08:48:17.744+0000] {processor.py:840} INFO - DAG(s) 'minio_to_snowflake_banking' retrieved from /opt/airflow/dags/minio_to_snowflake_dag.py
[2026-08-05T08:48:17.793+0000] {logging_mixin.py:188} INFO - [2026-08-05T08:48:17.792+0000] {dag.py:3089} INFO - Sync 1 DAGs
[2026-08-05T08:48:17.832+0000] {logging_mixin.py:188} INFO - [2026-08-05T08:48:17.831+0000] {dag.py:3947} INFO - Setting next_dagrun for minio_to_snowflake_banking to 2026-08-05 08:47:00+00:00, run_after=2026-08-05 08:48:00+00:00
[2026-08-05T08:48:17.862+0000] {processor.py:183} INFO - Processing /opt/airflow/dags/minio_to_snowflake_dag.py took 1.391 seconds
[2026-08-05T08:48:48.320+0000] {processor.py:161} INFO - Started process (PID=25539) to work on /opt/airflow/dags/minio_to_snowflake_dag.py
[2026-08-05T08:48:48.323+0000] {processor.py:830} INFO - Processing file /opt/airflow/dags/minio_to_snowflake_dag.py for tasks to queue
[2026-08-05T08:48:48.325+0000] {logging_mixin.py:188} INFO - [2026-08-05T08:48:48.324+0000] {dagbag.py:545} INFO - Filling up the DagBag from /opt/airflow/dags/minio_to_snowflake_dag.py
[2026-08-05T08:48:49.532+0000] {processor.py:840} INFO - DAG(s) 'minio_to_snowflake_banking' retrieved from /opt/airflow/dags/minio_to_snowflake_dag.py
[2026-08-05T08:48:49.590+0000] {logging_mixin.py:188} INFO - [2026-08-05T08:48:49.589+0000] {dag.py:3089} INFO - Sync 1 DAGs
[2026-08-05T08:48:49.635+0000] {logging_mixin.py:188} INFO - [2026-08-05T08:48:49.634+0000] {dag.py:3947} INFO - Setting next_dagrun for minio_to_snowflake_banking to 2026-08-05 08:47:00+00:00, run_after=2026-08-05 08:48:00+00:00
[2026-08-05T08:48:49.666+0000] {processor.py:183} INFO - Processing /opt/airflow/dags/minio_to_snowflake_dag.py took 1.358 seconds
[2026-08-05T08:49:19.928+0000] {processor.py:161} INFO - Started process (PID=25734) to work on /opt/airflow/dags/minio_to_snowflake_dag.py
[2026-08-05T08:49:19.930+0000] {processor.py:830} INFO - Processing file /opt/airflow/dags/minio_to_snowflake_dag.py for tasks to queue
[2026-08-05T08:49:19.932+0000] {logging_mixin.py:188} INFO - [2026-08-05T08:49:19.932+0000] {dagbag.py:545} INFO - Filling up the DagBag from /opt/airflow/dags/minio_to_snowflake_dag.py
[2026-08-05T08:49:21.113+0000] {processor.py:840} INFO - DAG(s) 'minio_to_snowflake_banking' retrieved from /opt/airflow/dags/minio_to_snowflake_dag.py
[2026-08-05T08:49:21.158+0000] {logging_mixin.py:188} INFO - [2026-08-05T08:49:21.157+0000] {dag.py:3089} INFO - Sync 1 DAGs
[2026-08-05T08:49:21.194+0000] {logging_mixin.py:188} INFO - [2026-08-05T08:49:21.193+0000] {dag.py:3947} INFO - Setting next_dagrun for minio_to_snowflake_banking to 2026-08-05 08:48:00+00:00, run_after=2026-08-05 08:49:00+00:00
[2026-08-05T08:49:21.329+0000] {processor.py:183} INFO - Processing /opt/airflow/dags/minio_to_snowflake_dag.py took 1.414 seconds
[2026-08-05T08:49:51.590+0000] {processor.py:161} INFO - Started process (PID=25966) to work on /opt/airflow/dags/minio_to_snowflake_dag.py
[2026-08-05T08:49:51.594+0000] {processor.py:830} INFO - Processing file /opt/airflow/dags/minio_to_snowflake_dag.py for tasks to queue
[2026-08-05T08:49:51.598+0000] {logging_mixin.py:188} INFO - [2026-08-05T08:49:51.597+0000] {dagbag.py:545} INFO - Filling up the DagBag from /opt/airflow/dags/minio_to_snowflake_dag.py
[2026-08-05T08:49:52.793+0000] {processor.py:840} INFO - DAG(s) 'minio_to_snowflake_banking' retrieved from /opt/airflow/dags/minio_to_snowflake_dag.py
[2026-08-05T08:49:52.844+0000] {logging_mixin.py:188} INFO - [2026-08-05T08:49:52.843+0000] {dag.py:3089} INFO - Sync 1 DAGs
[2026-08-05T08:49:52.905+0000] {logging_mixin.py:188} INFO - [2026-08-05T08:49:52.905+0000] {dag.py:3947} INFO - Setting next_dagrun for minio_to_snowflake_banking to 2026-08-05 08:48:00+00:00, run_after=2026-08-05 08:49:00+00:00
[2026-08-05T08:49:52.957+0000] {processor.py:183} INFO - Processing /opt/airflow/dags/minio_to_snowflake_dag.py took 1.379 seconds
[2026-08-05T08:50:23.329+0000] {processor.py:161} INFO - Started process (PID=26147) to work on /opt/airflow/dags/minio_to_snowflake_dag.py
[2026-08-05T08:50:23.332+0000] {processor.py:830} INFO - Processing file /opt/airflow/dags/minio_to_snowflake_dag.py for tasks to queue
[2026-08-05T08:50:23.336+0000] {logging_mixin.py:188} INFO - [2026-08-05T08:50:23.334+0000] {dagbag.py:545} INFO - Filling up the DagBag from /opt/airflow/dags/minio_to_snowflake_dag.py
[2026-08-05T08:50:24.678+0000] {processor.py:840} INFO - DAG(s) 'minio_to_snowflake_banking' retrieved from /opt/airflow/dags/minio_to_snowflake_dag.py
[2026-08-05T08:50:24.724+0000] {logging_mixin.py:188} INFO - [2026-08-05T08:50:24.723+0000] {dag.py:3089} INFO - Sync 1 DAGs
[2026-08-05T08:50:24.767+0000] {logging_mixin.py:188} INFO - [2026-08-05T08:50:24.766+0000] {dag.py:3947} INFO - Setting next_dagrun for minio_to_snowflake_banking to 2026-08-05 08:49:00+00:00, run_after=2026-08-05 08:50:00+00:00
[2026-08-05T08:50:24.799+0000] {processor.py:183} INFO - Processing /opt/airflow/dags/minio_to_snowflake_dag.py took 1.489 seconds
[2026-08-05T08:50:55.041+0000] {processor.py:161} INFO - Started process (PID=27460) to work on /opt/airflow/dags/minio_to_snowflake_dag.py
[2026-08-05T08:50:55.044+0000] {processor.py:830} INFO - Processing file /opt/airflow/dags/minio_to_snowflake_dag.py for tasks to queue
[2026-08-05T08:50:55.047+0000] {logging_mixin.py:188} INFO - [2026-08-05T08:50:55.046+0000] {dagbag.py:545} INFO - Filling up the DagBag from /opt/airflow/dags/minio_to_snowflake_dag.py
[2026-08-05T08:50:56.399+0000] {processor.py:840} INFO - DAG(s) 'minio_to_snowflake_banking' retrieved from /opt/airflow/dags/minio_to_snowflake_dag.py
[2026-08-05T08:50:56.453+0000] {logging_mixin.py:188} INFO - [2026-08-05T08:50:56.452+0000] {dag.py:3089} INFO - Sync 1 DAGs
[2026-08-05T08:50:56.502+0000] {logging_mixin.py:188} INFO - [2026-08-05T08:50:56.502+0000] {dag.py:3947} INFO - Setting next_dagrun for minio_to_snowflake_banking to 2026-08-05 08:49:00+00:00, run_after=2026-08-05 08:50:00+00:00
[2026-08-05T08:50:56.536+0000] {processor.py:183} INFO - Processing /opt/airflow/dags/minio_to_snowflake_dag.py took 1.511 seconds
[2026-08-05T08:51:26.902+0000] {processor.py:161} INFO - Started process (PID=27699) to work on /opt/airflow/dags/minio_to_snowflake_dag.py
[2026-08-05T08:51:26.905+0000] {processor.py:830} INFO - Processing file /opt/airflow/dags/minio_to_snowflake_dag.py for tasks to queue
[2026-08-05T08:51:26.908+0000] {logging_mixin.py:188} INFO - [2026-08-05T08:51:26.907+0000] {dagbag.py:545} INFO - Filling up the DagBag from /opt/airflow/dags/minio_to_snowflake_dag.py
[2026-08-05T08:51:28.130+0000] {processor.py:840} INFO - DAG(s) 'minio_to_snowflake_banking' retrieved from /opt/airflow/dags/minio_to_snowflake_dag.py
[2026-08-05T08:51:28.180+0000] {logging_mixin.py:188} INFO - [2026-08-05T08:51:28.179+0000] {dag.py:3089} INFO - Sync 1 DAGs
[2026-08-05T08:51:28.218+0000] {logging_mixin.py:188} INFO - [2026-08-05T08:51:28.217+0000] {dag.py:3947} INFO - Setting next_dagrun for minio_to_snowflake_banking to 2026-08-05 08:50:00+00:00, run_after=2026-08-05 08:51:00+00:00
[2026-08-05T08:51:28.250+0000] {processor.py:183} INFO - Processing /opt/airflow/dags/minio_to_snowflake_dag.py took 1.368 seconds
[2026-08-05T08:51:58.501+0000] {processor.py:161} INFO - Started process (PID=27965) to work on /opt/airflow/dags/minio_to_snowflake_dag.py
[2026-08-05T08:51:58.504+0000] {processor.py:830} INFO - Processing file /opt/airflow/dags/minio_to_snowflake_dag.py for tasks to queue
[2026-08-05T08:51:58.506+0000] {logging_mixin.py:188} INFO - [2026-08-05T08:51:58.506+0000] {dagbag.py:545} INFO - Filling up the DagBag from /opt/airflow/dags/minio_to_snowflake_dag.py
[2026-08-05T08:51:59.710+0000] {processor.py:840} INFO - DAG(s) 'minio_to_snowflake_banking' retrieved from /opt/airflow/dags/minio_to_snowflake_dag.py
[2026-08-05T08:51:59.754+0000] {logging_mixin.py:188} INFO - [2026-08-05T08:51:59.753+0000] {dag.py:3089} INFO - Sync 1 DAGs
[2026-08-05T08:51:59.797+0000] {logging_mixin.py:188} INFO - [2026-08-05T08:51:59.797+0000] {dag.py:3947} INFO - Setting next_dagrun for minio_to_snowflake_banking to 2026-08-05 08:50:00+00:00, run_after=2026-08-05 08:51:00+00:00
[2026-08-05T08:51:59.828+0000] {processor.py:183} INFO - Processing /opt/airflow/dags/minio_to_snowflake_dag.py took 1.340 seconds
[2026-08-05T08:52:30.101+0000] {processor.py:161} INFO - Started process (PID=28238) to work on /opt/airflow/dags/minio_to_snowflake_dag.py
[2026-08-05T08:52:30.105+0000] {processor.py:830} INFO - Processing file /opt/airflow/dags/minio_to_snowflake_dag.py for tasks to queue
[2026-08-05T08:52:30.107+0000] {logging_mixin.py:188} INFO - [2026-08-05T08:52:30.106+0000] {dagbag.py:545} INFO - Filling up the DagBag from /opt/airflow/dags/minio_to_snowflake_dag.py
[2026-08-05T08:52:31.444+0000] {processor.py:840} INFO - DAG(s) 'minio_to_snowflake_banking' retrieved from /opt/airflow/dags/minio_to_snowflake_dag.py
[2026-08-05T08:52:31.496+0000] {logging_mixin.py:188} INFO - [2026-08-05T08:52:31.495+0000] {dag.py:3089} INFO - Sync 1 DAGs
[2026-08-05T08:52:31.554+0000] {logging_mixin.py:188} INFO - [2026-08-05T08:52:31.553+0000] {dag.py:3947} INFO - Setting next_dagrun for minio_to_snowflake_banking to 2026-08-05 08:51:00+00:00, run_after=2026-08-05 08:52:00+00:00
[2026-08-05T08:52:31.590+0000] {processor.py:183} INFO - Processing /opt/airflow/dags/minio_to_snowflake_dag.py took 1.508 seconds
[2026-08-05T08:53:01.868+0000] {processor.py:161} INFO - Started process (PID=29435) to work on /opt/airflow/dags/minio_to_snowflake_dag.py
[2026-08-05T08:53:01.871+0000] {processor.py:830} INFO - Processing file /opt/airflow/dags/minio_to_snowflake_dag.py for tasks to queue
[2026-08-05T08:53:01.874+0000] {logging_mixin.py:188} INFO - [2026-08-05T08:53:01.873+0000] {dagbag.py:545} INFO - Filling up the DagBag from /opt/airflow/dags/minio_to_snowflake_dag.py
[2026-08-05T08:53:03.222+0000] {processor.py:840} INFO - DAG(s) 'minio_to_snowflake_banking' retrieved from /opt/airflow/dags/minio_to_snowflake_dag.py
[2026-08-05T08:53:03.322+0000] {logging_mixin.py:188} INFO - [2026-08-05T08:53:03.321+0000] {dag.py:3089} INFO - Sync 1 DAGs
[2026-08-05T08:53:03.366+0000] {logging_mixin.py:188} INFO - [2026-08-05T08:53:03.366+0000] {dag.py:3947} INFO - Setting next_dagrun for minio_to_snowflake_banking to 2026-08-05 08:52:00+00:00, run_after=2026-08-05 08:53:00+00:00
[2026-08-05T08:53:03.397+0000] {processor.py:183} INFO - Processing /opt/airflow/dags/minio_to_snowflake_dag.py took 1.544 seconds
[2026-08-05T08:53:33.553+0000] {processor.py:161} INFO - Started process (PID=29647) to work on /opt/airflow/dags/minio_to_snowflake_dag.py
[2026-08-05T08:53:33.556+0000] {processor.py:830} INFO - Processing file /opt/airflow/dags/minio_to_snowflake_dag.py for tasks to queue
[2026-08-05T08:53:33.559+0000] {logging_mixin.py:188} INFO - [2026-08-05T08:53:33.558+0000] {dagbag.py:545} INFO - Filling up the DagBag from /opt/airflow/dags/minio_to_snowflake_dag.py
[2026-08-05T08:53:34.755+0000] {processor.py:840} INFO - DAG(s) 'minio_to_snowflake_banking' retrieved from /opt/airflow/dags/minio_to_snowflake_dag.py
[2026-08-05T08:53:34.802+0000] {logging_mixin.py:188} INFO - [2026-08-05T08:53:34.801+0000] {dag.py:3089} INFO - Sync 1 DAGs
[2026-08-05T08:53:34.843+0000] {logging_mixin.py:188} INFO - [2026-08-05T08:53:34.843+0000] {dag.py:3947} INFO - Setting next_dagrun for minio_to_snowflake_banking to 2026-08-05 08:52:00+00:00, run_after=2026-08-05 08:53:00+00:00
[2026-08-05T08:53:34.874+0000] {processor.py:183} INFO - Processing /opt/airflow/dags/minio_to_snowflake_dag.py took 1.334 seconds
[2026-08-05T08:54:05.147+0000] {processor.py:161} INFO - Started process (PID=29870) to work on /opt/airflow/dags/minio_to_snowflake_dag.py
[2026-08-05T08:54:05.149+0000] {processor.py:830} INFO - Processing file /opt/airflow/dags/minio_to_snowflake_dag.py for tasks to queue
[2026-08-05T08:54:05.152+0000] {logging_mixin.py:188} INFO - [2026-08-05T08:54:05.151+0000] {dagbag.py:545} INFO - Filling up the DagBag from /opt/airflow/dags/minio_to_snowflake_dag.py
[2026-08-05T08:54:06.391+0000] {processor.py:840} INFO - DAG(s) 'minio_to_snowflake_banking' retrieved from /opt/airflow/dags/minio_to_snowflake_dag.py
[2026-08-05T08:54:06.437+0000] {logging_mixin.py:188} INFO - [2026-08-05T08:54:06.436+0000] {dag.py:3089} INFO - Sync 1 DAGs
[2026-08-05T08:54:06.481+0000] {logging_mixin.py:188} INFO - [2026-08-05T08:54:06.481+0000] {dag.py:3947} INFO - Setting next_dagrun for minio_to_snowflake_banking to 2026-08-05 08:53:00+00:00, run_after=2026-08-05 08:54:00+00:00
[2026-08-05T08:54:06.513+0000] {processor.py:183} INFO - Processing /opt/airflow/dags/minio_to_snowflake_dag.py took 1.379 seconds
[2026-08-05T08:54:36.770+0000] {processor.py:161} INFO - Started process (PID=30079) to work on /opt/airflow/dags/minio_to_snowflake_dag.py
[2026-08-05T08:54:36.772+0000] {processor.py:830} INFO - Processing file /opt/airflow/dags/minio_to_snowflake_dag.py for tasks to queue
[2026-08-05T08:54:36.775+0000] {logging_mixin.py:188} INFO - [2026-08-05T08:54:36.774+0000] {dagbag.py:545} INFO - Filling up the DagBag from /opt/airflow/dags/minio_to_snowflake_dag.py
[2026-08-05T08:54:38.044+0000] {processor.py:840} INFO - DAG(s) 'minio_to_snowflake_banking' retrieved from /opt/airflow/dags/minio_to_snowflake_dag.py
[2026-08-05T08:54:38.251+0000] {logging_mixin.py:188} INFO - [2026-08-05T08:54:38.250+0000] {dag.py:3089} INFO - Sync 1 DAGs
[2026-08-05T08:54:38.326+0000] {logging_mixin.py:188} INFO - [2026-08-05T08:54:38.326+0000] {dag.py:3947} INFO - Setting next_dagrun for minio_to_snowflake_banking to 2026-08-05 08:54:00+00:00, run_after=2026-08-05 08:55:00+00:00
[2026-08-05T08:54:38.368+0000] {processor.py:183} INFO - Processing /opt/airflow/dags/minio_to_snowflake_dag.py took 1.610 seconds
[2026-08-05T08:55:08.940+0000] {processor.py:161} INFO - Started process (PID=31379) to work on /opt/airflow/dags/minio_to_snowflake_dag.py
[2026-08-05T08:55:08.943+0000] {processor.py:830} INFO - Processing file /opt/airflow/dags/minio_to_snowflake_dag.py for tasks to queue
[2026-08-05T08:55:08.947+0000] {logging_mixin.py:188} INFO - [2026-08-05T08:55:08.946+0000] {dagbag.py:545} INFO - Filling up the DagBag from /opt/airflow/dags/minio_to_snowflake_dag.py
[2026-08-05T08:55:10.740+0000] {processor.py:840} INFO - DAG(s) 'minio_to_snowflake_banking' retrieved from /opt/airflow/dags/minio_to_snowflake_dag.py
[2026-08-05T08:55:10.805+0000] {logging_mixin.py:188} INFO - [2026-08-05T08:55:10.804+0000] {dag.py:3089} INFO - Sync 1 DAGs
[2026-08-05T08:55:10.909+0000] {logging_mixin.py:188} INFO - [2026-08-05T08:55:10.905+0000] {dag.py:3947} INFO - Setting next_dagrun for minio_to_snowflake_banking to 2026-08-05 08:54:00+00:00, run_after=2026-08-05 08:55:00+00:00
[2026-08-05T08:55:10.991+0000] {processor.py:183} INFO - Processing /opt/airflow/dags/minio_to_snowflake_dag.py took 2.070 seconds
[2026-08-05T08:55:41.397+0000] {processor.py:161} INFO - Started process (PID=31601) to work on /opt/airflow/dags/minio_to_snowflake_dag.py
[2026-08-05T08:55:41.403+0000] {processor.py:830} INFO - Processing file /opt/airflow/dags/minio_to_snowflake_dag.py for tasks to queue
[2026-08-05T08:55:41.413+0000] {logging_mixin.py:188} INFO - [2026-08-05T08:55:41.409+0000] {dagbag.py:545} INFO - Filling up the DagBag from /opt/airflow/dags/minio_to_snowflake_dag.py
[2026-08-05T08:55:42.946+0000] {processor.py:840} INFO - DAG(s) 'minio_to_snowflake_banking' retrieved from /opt/airflow/dags/minio_to_snowflake_dag.py
[2026-08-05T08:55:42.998+0000] {logging_mixin.py:188} INFO - [2026-08-05T08:55:42.997+0000] {dag.py:3089} INFO - Sync 1 DAGs
[2026-08-05T08:55:43.040+0000] {logging_mixin.py:188} INFO - [2026-08-05T08:55:43.040+0000] {dag.py:3947} INFO - Setting next_dagrun for minio_to_snowflake_banking to 2026-08-05 08:54:00+00:00, run_after=2026-08-05 08:55:00+00:00
[2026-08-05T08:55:43.105+0000] {processor.py:183} INFO - Processing /opt/airflow/dags/minio_to_snowflake_dag.py took 1.743 seconds
[2026-08-05T08:56:13.635+0000] {processor.py:161} INFO - Started process (PID=31882) to work on /opt/airflow/dags/minio_to_snowflake_dag.py
[2026-08-05T08:56:13.640+0000] {processor.py:830} INFO - Processing file /opt/airflow/dags/minio_to_snowflake_dag.py for tasks to queue
[2026-08-05T08:56:13.644+0000] {logging_mixin.py:188} INFO - [2026-08-05T08:56:13.644+0000] {dagbag.py:545} INFO - Filling up the DagBag from /opt/airflow/dags/minio_to_snowflake_dag.py
[2026-08-05T08:56:15.158+0000] {processor.py:840} INFO - DAG(s) 'minio_to_snowflake_banking' retrieved from /opt/airflow/dags/minio_to_snowflake_dag.py
[2026-08-05T08:56:15.207+0000] {logging_mixin.py:188} INFO - [2026-08-05T08:56:15.206+0000] {dag.py:3089} INFO - Sync 1 DAGs
[2026-08-05T08:56:15.244+0000] {logging_mixin.py:188} INFO - [2026-08-05T08:56:15.244+0000] {dag.py:3947} INFO - Setting next_dagrun for minio_to_snowflake_banking to 2026-08-05 08:55:00+00:00, run_after=2026-08-05 08:56:00+00:00
[2026-08-05T08:56:15.274+0000] {processor.py:183} INFO - Processing /opt/airflow/dags/minio_to_snowflake_dag.py took 1.662 seconds
[2026-08-05T08:56:45.739+0000] {processor.py:161} INFO - Started process (PID=32163) to work on /opt/airflow/dags/minio_to_snowflake_dag.py
[2026-08-05T08:56:45.743+0000] {processor.py:830} INFO - Processing file /opt/airflow/dags/minio_to_snowflake_dag.py for tasks to queue
[2026-08-05T08:56:45.746+0000] {logging_mixin.py:188} INFO - [2026-08-05T08:56:45.745+0000] {dagbag.py:545} INFO - Filling up the DagBag from /opt/airflow/dags/minio_to_snowflake_dag.py
[2026-08-05T08:56:47.732+0000] {processor.py:840} INFO - DAG(s) 'minio_to_snowflake_banking' retrieved from /opt/airflow/dags/minio_to_snowflake_dag.py
[2026-08-05T08:56:47.792+0000] {logging_mixin.py:188} INFO - [2026-08-05T08:56:47.791+0000] {dag.py:3089} INFO - Sync 1 DAGs
[2026-08-05T08:56:47.858+0000] {logging_mixin.py:188} INFO - [2026-08-05T08:56:47.857+0000] {dag.py:3947} INFO - Setting next_dagrun for minio_to_snowflake_banking to 2026-08-05 08:56:00+00:00, run_after=2026-08-05 08:57:00+00:00
[2026-08-05T08:56:47.899+0000] {processor.py:183} INFO - Processing /opt/airflow/dags/minio_to_snowflake_dag.py took 2.183 seconds
[2026-08-05T08:57:18.525+0000] {processor.py:161} INFO - Started process (PID=33357) to work on /opt/airflow/dags/minio_to_snowflake_dag.py
[2026-08-05T08:57:18.527+0000] {processor.py:830} INFO - Processing file /opt/airflow/dags/minio_to_snowflake_dag.py for tasks to queue
[2026-08-05T08:57:18.530+0000] {logging_mixin.py:188} INFO - [2026-08-05T08:57:18.529+0000] {dagbag.py:545} INFO - Filling up the DagBag from /opt/airflow/dags/minio_to_snowflake_dag.py
[2026-08-05T08:57:19.856+0000] {processor.py:840} INFO - DAG(s) 'minio_to_snowflake_banking' retrieved from /opt/airflow/dags/minio_to_snowflake_dag.py
[2026-08-05T08:57:19.907+0000] {logging_mixin.py:188} INFO - [2026-08-05T08:57:19.906+0000] {dag.py:3089} INFO - Sync 1 DAGs
[2026-08-05T08:57:19.954+0000] {logging_mixin.py:188} INFO - [2026-08-05T08:57:19.954+0000] {dag.py:3947} INFO - Setting next_dagrun for minio_to_snowflake_banking to 2026-08-05 08:56:00+00:00, run_after=2026-08-05 08:57:00+00:00
[2026-08-05T08:57:19.985+0000] {processor.py:183} INFO - Processing /opt/airflow/dags/minio_to_snowflake_dag.py took 1.474 seconds
[2026-08-05T08:57:50.452+0000] {processor.py:161} INFO - Started process (PID=33554) to work on /opt/airflow/dags/minio_to_snowflake_dag.py
[2026-08-05T08:57:50.456+0000] {processor.py:830} INFO - Processing file /opt/airflow/dags/minio_to_snowflake_dag.py for tasks to queue
[2026-08-05T08:57:50.459+0000] {logging_mixin.py:188} INFO - [2026-08-05T08:57:50.458+0000] {dagbag.py:545} INFO - Filling up the DagBag from /opt/airflow/dags/minio_to_snowflake_dag.py
[2026-08-05T08:57:51.761+0000] {processor.py:840} INFO - DAG(s) 'minio_to_snowflake_banking' retrieved from /opt/airflow/dags/minio_to_snowflake_dag.py
[2026-08-05T08:57:51.807+0000] {logging_mixin.py:188} INFO - [2026-08-05T08:57:51.807+0000] {dag.py:3089} INFO - Sync 1 DAGs
[2026-08-05T08:57:51.846+0000] {logging_mixin.py:188} INFO - [2026-08-05T08:57:51.846+0000] {dag.py:3947} INFO - Setting next_dagrun for minio_to_snowflake_banking to 2026-08-05 08:56:00+00:00, run_after=2026-08-05 08:57:00+00:00
[2026-08-05T08:57:51.875+0000] {processor.py:183} INFO - Processing /opt/airflow/dags/minio_to_snowflake_dag.py took 1.442 seconds
[2026-08-05T08:58:22.524+0000] {processor.py:161} INFO - Started process (PID=33757) to work on /opt/airflow/dags/minio_to_snowflake_dag.py
[2026-08-05T08:58:22.526+0000] {processor.py:830} INFO - Processing file /opt/airflow/dags/minio_to_snowflake_dag.py for tasks to queue
[2026-08-05T08:58:22.528+0000] {logging_mixin.py:188} INFO - [2026-08-05T08:58:22.527+0000] {dagbag.py:545} INFO - Filling up the DagBag from /opt/airflow/dags/minio_to_snowflake_dag.py
[2026-08-05T08:58:24.264+0000] {processor.py:840} INFO - DAG(s) 'minio_to_snowflake_banking' retrieved from /opt/airflow/dags/minio_to_snowflake_dag.py
[2026-08-05T08:58:27.298+0000] {logging_mixin.py:188} INFO - [2026-08-05T08:58:27.298+0000] {dag.py:3089} INFO - Sync 1 DAGs
[2026-08-05T08:58:27.346+0000] {logging_mixin.py:188} INFO - [2026-08-05T08:58:27.345+0000] {dag.py:3947} INFO - Setting next_dagrun for minio_to_snowflake_banking to 2026-08-05 08:57:00+00:00, run_after=2026-08-05 08:58:00+00:00
[2026-08-05T08:58:27.636+0000] {processor.py:183} INFO - Processing /opt/airflow/dags/minio_to_snowflake_dag.py took 5.125 seconds
[2026-08-05T08:59:02.491+0000] {processor.py:161} INFO - Started process (PID=33897) to work on /opt/airflow/dags/minio_to_snowflake_dag.py
[2026-08-05T08:59:02.937+0000] {processor.py:830} INFO - Processing file /opt/airflow/dags/minio_to_snowflake_dag.py for tasks to queue
[2026-08-05T08:59:03.248+0000] {logging_mixin.py:188} INFO - [2026-08-05T08:59:03.246+0000] {dagbag.py:545} INFO - Filling up the DagBag from /opt/airflow/dags/minio_to_snowflake_dag.py
[2026-08-05T08:59:39.493+0000] {logging_mixin.py:188} INFO - [2026-08-05T08:59:39.308+0000] {timeout.py:68} ERROR - Process timed out, PID: 33897
